-- Generated seed data from Tipování hokej (1).xlsx
-- Generated at 2026-03-29T10:39:44.358570

-- Teams
INSERT INTO team (id, name, code, flag_emoji) VALUES (1, 'Rakousko', 'AUS', '🇦🇹');
INSERT INTO team (id, name, code, flag_emoji) VALUES (2, 'Belgie', 'BEL', '🇧🇪');
INSERT INTO team (id, name, code, flag_emoji) VALUES (3, 'Bělorusko', 'BLR', '🇧🇾');
INSERT INTO team (id, name, code, flag_emoji) VALUES (4, 'Kanada', 'CAN', '🇨🇦');
INSERT INTO team (id, name, code, flag_emoji) VALUES (5, 'Čína', 'CHN', '🇨🇳');
INSERT INTO team (id, name, code, flag_emoji) VALUES (6, 'Česko', 'CZE', '🇨🇿');
INSERT INTO team (id, name, code, flag_emoji) VALUES (7, 'Dánsko', 'DEN', '🇩🇰');
INSERT INTO team (id, name, code, flag_emoji) VALUES (8, 'Finsko', 'FIN', '🇫🇮');
INSERT INTO team (id, name, code, flag_emoji) VALUES (9, 'Francie', 'FRA', '🇫🇷');
INSERT INTO team (id, name, code, flag_emoji) VALUES (10, 'Velká Británie', 'GBR', '🇬🇧');
INSERT INTO team (id, name, code, flag_emoji) VALUES (11, 'Německo', 'GER', '🇩🇪');
INSERT INTO team (id, name, code, flag_emoji) VALUES (12, 'Maďarsko', 'HUN', '🇭🇺');
INSERT INTO team (id, name, code, flag_emoji) VALUES (13, 'Itálie', 'ITA', '🇮🇹');
INSERT INTO team (id, name, code, flag_emoji) VALUES (14, 'Kazachstán', 'KAZ', '🇰🇿');
INSERT INTO team (id, name, code, flag_emoji) VALUES (15, 'Lotyšsko', 'LAT', '🇱🇻');
INSERT INTO team (id, name, code, flag_emoji) VALUES (16, 'Norsko', 'NOR', '🇳🇴');
INSERT INTO team (id, name, code, flag_emoji) VALUES (17, 'Polsko', 'POL', '🇵🇱');
INSERT INTO team (id, name, code, flag_emoji) VALUES (18, 'Jižní Korea', 'ROK', '🇰🇷');
INSERT INTO team (id, name, code, flag_emoji) VALUES (19, 'Rusko', 'RUS', '🇷🇺');
INSERT INTO team (id, name, code, flag_emoji) VALUES (20, 'Slovinsko', 'SLO', '🇸🇮');
INSERT INTO team (id, name, code, flag_emoji) VALUES (21, 'Švýcarsko', 'SUI', '🇨🇭');
INSERT INTO team (id, name, code, flag_emoji) VALUES (22, 'Slovensko', 'SVK', '🇸🇰');
INSERT INTO team (id, name, code, flag_emoji) VALUES (23, 'Švédsko', 'SWE', '🇸🇪');
INSERT INTO team (id, name, code, flag_emoji) VALUES (24, 'USA', 'USA', '🇺🇸');
SELECT setval('team_id_seq', 24);

-- Users
INSERT INTO "user" (id, username, email, password, roles) VALUES (1, 'Adrian', NULL, '$2y$10$rhqXo82K6JO8aILwrBxkteC0WCA7Pe.4Gt6bjKhDzN8fE/9KnMR9W', '["ROLE_USER"]');
INSERT INTO "user" (id, username, email, password, roles) VALUES (2, 'Fanda', NULL, '$2y$10$rhqXo82K6JO8aILwrBxkteC0WCA7Pe.4Gt6bjKhDzN8fE/9KnMR9W', '["ROLE_USER"]');
INSERT INTO "user" (id, username, email, password, roles) VALUES (3, 'Honza D', NULL, '$2y$10$rhqXo82K6JO8aILwrBxkteC0WCA7Pe.4Gt6bjKhDzN8fE/9KnMR9W', '["ROLE_USER"]');
INSERT INTO "user" (id, username, email, password, roles) VALUES (4, 'Honza K', NULL, '$2y$10$rhqXo82K6JO8aILwrBxkteC0WCA7Pe.4Gt6bjKhDzN8fE/9KnMR9W', '["ROLE_USER"]');
INSERT INTO "user" (id, username, email, password, roles) VALUES (5, 'Honza S', NULL, '$2y$10$rhqXo82K6JO8aILwrBxkteC0WCA7Pe.4Gt6bjKhDzN8fE/9KnMR9W', '["ROLE_USER","ROLE_ADMIN"]');
INSERT INTO "user" (id, username, email, password, roles) VALUES (6, 'Kuba', NULL, '$2y$10$rhqXo82K6JO8aILwrBxkteC0WCA7Pe.4Gt6bjKhDzN8fE/9KnMR9W', '["ROLE_USER"]');
INSERT INTO "user" (id, username, email, password, roles) VALUES (7, 'Lukáš', NULL, '$2y$10$rhqXo82K6JO8aILwrBxkteC0WCA7Pe.4Gt6bjKhDzN8fE/9KnMR9W', '["ROLE_USER"]');
INSERT INTO "user" (id, username, email, password, roles) VALUES (8, 'Martin', NULL, '$2y$10$rhqXo82K6JO8aILwrBxkteC0WCA7Pe.4Gt6bjKhDzN8fE/9KnMR9W', '["ROLE_USER"]');
INSERT INTO "user" (id, username, email, password, roles) VALUES (9, 'Mates', NULL, '$2y$10$rhqXo82K6JO8aILwrBxkteC0WCA7Pe.4Gt6bjKhDzN8fE/9KnMR9W', '["ROLE_USER"]');
INSERT INTO "user" (id, username, email, password, roles) VALUES (10, 'Mééča', NULL, '$2y$10$rhqXo82K6JO8aILwrBxkteC0WCA7Pe.4Gt6bjKhDzN8fE/9KnMR9W', '["ROLE_USER"]');
INSERT INTO "user" (id, username, email, password, roles) VALUES (11, 'Ondra', NULL, '$2y$10$rhqXo82K6JO8aILwrBxkteC0WCA7Pe.4Gt6bjKhDzN8fE/9KnMR9W', '["ROLE_USER","ROLE_ADMIN"]');
INSERT INTO "user" (id, username, email, password, roles) VALUES (12, 'Pavel', NULL, '$2y$10$rhqXo82K6JO8aILwrBxkteC0WCA7Pe.4Gt6bjKhDzN8fE/9KnMR9W', '["ROLE_USER"]');
INSERT INTO "user" (id, username, email, password, roles) VALUES (13, 'Radek', NULL, '$2y$10$rhqXo82K6JO8aILwrBxkteC0WCA7Pe.4Gt6bjKhDzN8fE/9KnMR9W', '["ROLE_USER"]');
INSERT INTO "user" (id, username, email, password, roles) VALUES (14, 'Táda', NULL, '$2y$10$rhqXo82K6JO8aILwrBxkteC0WCA7Pe.4Gt6bjKhDzN8fE/9KnMR9W', '["ROLE_USER","ROLE_ADMIN"]');
INSERT INTO "user" (id, username, email, password, roles) VALUES (15, 'Vojta', NULL, '$2y$10$rhqXo82K6JO8aILwrBxkteC0WCA7Pe.4Gt6bjKhDzN8fE/9KnMR9W', '["ROLE_USER"]');
INSERT INTO "user" (id, username, email, password, roles) VALUES (16, 'Váca', NULL, '$2y$10$rhqXo82K6JO8aILwrBxkteC0WCA7Pe.4Gt6bjKhDzN8fE/9KnMR9W', '["ROLE_USER"]');
INSERT INTO "user" (id, username, email, password, roles) VALUES (17, 'Vítek', NULL, '$2y$10$rhqXo82K6JO8aILwrBxkteC0WCA7Pe.4Gt6bjKhDzN8fE/9KnMR9W', '["ROLE_USER"]');
SELECT setval('user_id_seq', 17);

-- Tournament: MS 2017
INSERT INTO tournament (id, name, year, slug, status, created_at) VALUES (1, 'MS 2017', 2017, 'ms-2017', 'finished', '2024-01-01 00:00:00');
INSERT INTO rule_set (id, tournament_id, winner_base_points, wrong_opponent_bonus, exact_score_bonus, prizes) VALUES (1, 1, 1.0, 0.25, 2.0, '{"1": 300, "2": 150, "3": 50}');
INSERT INTO "match" (id, tournament_id, home_team_id, away_team_id, phase, played_at, home_score, away_score, is_finished) VALUES (1, 1, 23, 19, 'group_stage', '2021-05-05 16:15:00', 1, 2, true);
INSERT INTO "match" (id, tournament_id, home_team_id, away_team_id, phase, played_at, home_score, away_score, is_finished) VALUES (2, 1, 8, 3, 'group_stage', '2021-05-05 16:15:00', 3, 2, true);
INSERT INTO "match" (id, tournament_id, home_team_id, away_team_id, phase, played_at, home_score, away_score, is_finished) VALUES (3, 1, 24, 11, 'group_stage', '2021-05-05 20:15:00', 1, 2, true);
INSERT INTO "match" (id, tournament_id, home_team_id, away_team_id, phase, played_at, home_score, away_score, is_finished) VALUES (4, 1, 6, 4, 'group_stage', '2021-05-05 20:15:00', 1, 4, true);
INSERT INTO "match" (id, tournament_id, home_team_id, away_team_id, phase, played_at, home_score, away_score, is_finished) VALUES (5, 1, 15, 7, 'group_stage', '2021-05-06 12:15:00', 3, 0, true);
INSERT INTO "match" (id, tournament_id, home_team_id, away_team_id, phase, played_at, home_score, away_score, is_finished) VALUES (6, 1, 21, 20, 'group_stage', '2021-05-06 12:15:00', 5, 4, true);
INSERT INTO "match" (id, tournament_id, home_team_id, away_team_id, phase, played_at, home_score, away_score, is_finished) VALUES (7, 1, 22, 13, 'group_stage', '2021-05-06 16:15:00', 3, 2, true);
INSERT INTO "match" (id, tournament_id, home_team_id, away_team_id, phase, played_at, home_score, away_score, is_finished) VALUES (8, 1, 3, 6, 'group_stage', '2021-05-06 16:15:00', 1, 6, true);
INSERT INTO "match" (id, tournament_id, home_team_id, away_team_id, phase, played_at, home_score, away_score, is_finished) VALUES (9, 1, 11, 23, 'group_stage', '2021-05-06 20:15:00', 2, 7, true);
INSERT INTO "match" (id, tournament_id, home_team_id, away_team_id, phase, played_at, home_score, away_score, is_finished) VALUES (10, 1, 16, 9, 'group_stage', '2021-05-06 20:15:00', 3, 2, true);
INSERT INTO "match" (id, tournament_id, home_team_id, away_team_id, phase, played_at, home_score, away_score, is_finished) VALUES (11, 1, 13, 19, 'group_stage', '2021-05-07 12:15:00', NULL, NULL, false);
INSERT INTO "match" (id, tournament_id, home_team_id, away_team_id, phase, played_at, home_score, away_score, is_finished) VALUES (12, 1, 20, 4, 'group_stage', '2021-05-07 12:15:00', 2, 7, true);
INSERT INTO "match" (id, tournament_id, home_team_id, away_team_id, phase, played_at, home_score, away_score, is_finished) VALUES (13, 1, 24, 7, 'group_stage', '2021-05-07 16:15:00', 7, 2, true);
INSERT INTO "match" (id, tournament_id, home_team_id, away_team_id, phase, played_at, home_score, away_score, is_finished) VALUES (14, 1, 8, 9, 'group_stage', '2021-05-07 16:15:00', 1, 5, true);
INSERT INTO "match" (id, tournament_id, home_team_id, away_team_id, phase, played_at, home_score, away_score, is_finished) VALUES (15, 1, 15, 22, 'group_stage', '2021-05-07 20:15:00', 3, 1, true);
INSERT INTO "match" (id, tournament_id, home_team_id, away_team_id, phase, played_at, home_score, away_score, is_finished) VALUES (16, 1, 16, 21, 'group_stage', '2021-05-07 20:15:00', 0, 3, true);
INSERT INTO "match" (id, tournament_id, home_team_id, away_team_id, phase, played_at, home_score, away_score, is_finished) VALUES (17, 1, 3, 4, 'group_stage', '2021-05-08 16:15:00', 0, 6, true);
INSERT INTO "match" (id, tournament_id, home_team_id, away_team_id, phase, played_at, home_score, away_score, is_finished) VALUES (18, 1, 11, 19, 'group_stage', '2021-05-08 16:15:00', 3, 6, true);
INSERT INTO "match" (id, tournament_id, home_team_id, away_team_id, phase, played_at, home_score, away_score, is_finished) VALUES (19, 1, 8, 6, 'group_stage', '2021-05-08 20:15:00', 3, 4, true);
INSERT INTO "match" (id, tournament_id, home_team_id, away_team_id, phase, played_at, home_score, away_score, is_finished) VALUES (20, 1, 24, 23, 'group_stage', '2021-05-08 20:15:00', 4, 3, true);
INSERT INTO "match" (id, tournament_id, home_team_id, away_team_id, phase, played_at, home_score, away_score, is_finished) VALUES (21, 1, 13, 15, 'group_stage', '2021-05-09 16:15:00', 1, 2, true);
INSERT INTO "match" (id, tournament_id, home_team_id, away_team_id, phase, played_at, home_score, away_score, is_finished) VALUES (22, 1, 20, 16, 'group_stage', '2021-05-09 16:15:00', 1, 5, true);
INSERT INTO "match" (id, tournament_id, home_team_id, away_team_id, phase, played_at, home_score, away_score, is_finished) VALUES (23, 1, 22, 7, 'group_stage', '2021-05-09 20:15:00', 3, 4, true);
INSERT INTO "match" (id, tournament_id, home_team_id, away_team_id, phase, played_at, home_score, away_score, is_finished) VALUES (24, 1, 21, 9, 'group_stage', '2021-05-09 20:15:00', 3, 4, true);
INSERT INTO "match" (id, tournament_id, home_team_id, away_team_id, phase, played_at, home_score, away_score, is_finished) VALUES (25, 1, 24, 13, 'group_stage', '2021-05-10 16:15:00', 3, 0, true);
INSERT INTO "match" (id, tournament_id, home_team_id, away_team_id, phase, played_at, home_score, away_score, is_finished) VALUES (26, 1, 21, 3, 'group_stage', '2021-05-10 16:15:00', 3, 0, true);
INSERT INTO "match" (id, tournament_id, home_team_id, away_team_id, phase, played_at, home_score, away_score, is_finished) VALUES (27, 1, 22, 11, 'group_stage', '2021-05-10 20:15:00', 2, 3, true);
INSERT INTO "match" (id, tournament_id, home_team_id, away_team_id, phase, played_at, home_score, away_score, is_finished) VALUES (28, 1, 8, 20, 'group_stage', '2021-05-10 20:15:00', 5, 2, true);
INSERT INTO "match" (id, tournament_id, home_team_id, away_team_id, phase, played_at, home_score, away_score, is_finished) VALUES (29, 1, 19, 7, 'group_stage', '2021-05-11 16:15:00', 3, 0, true);
INSERT INTO "match" (id, tournament_id, home_team_id, away_team_id, phase, played_at, home_score, away_score, is_finished) VALUES (30, 1, 6, 16, 'group_stage', '2021-05-11 16:15:00', 1, 0, true);
INSERT INTO "match" (id, tournament_id, home_team_id, away_team_id, phase, played_at, home_score, away_score, is_finished) VALUES (31, 1, 23, 15, 'group_stage', '2021-05-11 20:15:00', 2, 0, true);
INSERT INTO "match" (id, tournament_id, home_team_id, away_team_id, phase, played_at, home_score, away_score, is_finished) VALUES (32, 1, 4, 9, 'group_stage', '2021-05-11 20:15:00', 3, 2, true);
INSERT INTO "match" (id, tournament_id, home_team_id, away_team_id, phase, played_at, home_score, away_score, is_finished) VALUES (33, 1, 23, 13, 'group_stage', '2021-05-12 16:15:00', 8, 1, true);
INSERT INTO "match" (id, tournament_id, home_team_id, away_team_id, phase, played_at, home_score, away_score, is_finished) VALUES (34, 1, 6, 20, 'group_stage', '2021-05-12 16:15:00', 5, 1, true);
INSERT INTO "match" (id, tournament_id, home_team_id, away_team_id, phase, played_at, home_score, away_score, is_finished) VALUES (35, 1, 7, 11, 'group_stage', '2021-05-12 20:15:00', 3, 2, true);
INSERT INTO "match" (id, tournament_id, home_team_id, away_team_id, phase, played_at, home_score, away_score, is_finished) VALUES (36, 1, 9, 3, 'group_stage', '2021-05-12 20:15:00', 4, 3, true);
INSERT INTO "match" (id, tournament_id, home_team_id, away_team_id, phase, played_at, home_score, away_score, is_finished) VALUES (37, 1, 15, 24, 'group_stage', '2021-05-13 12:15:00', 3, 5, true);
INSERT INTO "match" (id, tournament_id, home_team_id, away_team_id, phase, played_at, home_score, away_score, is_finished) VALUES (38, 1, 16, 8, 'group_stage', '2021-05-13 12:15:00', 2, 3, true);
INSERT INTO "match" (id, tournament_id, home_team_id, away_team_id, phase, played_at, home_score, away_score, is_finished) VALUES (39, 1, 19, 22, 'group_stage', '2021-05-13 16:15:00', 6, 0, true);
INSERT INTO "match" (id, tournament_id, home_team_id, away_team_id, phase, played_at, home_score, away_score, is_finished) VALUES (40, 1, 20, 3, 'group_stage', '2021-05-13 16:15:00', 2, 5, true);
INSERT INTO "match" (id, tournament_id, home_team_id, away_team_id, phase, played_at, home_score, away_score, is_finished) VALUES (41, 1, 13, 11, 'group_stage', '2021-05-13 20:15:00', 1, 4, true);
INSERT INTO "match" (id, tournament_id, home_team_id, away_team_id, phase, played_at, home_score, away_score, is_finished) VALUES (42, 1, 4, 21, 'group_stage', '2021-05-13 20:15:00', 2, 3, true);
INSERT INTO "match" (id, tournament_id, home_team_id, away_team_id, phase, played_at, home_score, away_score, is_finished) VALUES (43, 1, 22, 24, 'group_stage', '2021-05-14 16:15:00', 1, 6, true);
INSERT INTO "match" (id, tournament_id, home_team_id, away_team_id, phase, played_at, home_score, away_score, is_finished) VALUES (44, 1, 9, 6, 'group_stage', '2021-05-14 16:15:00', 2, 5, true);
INSERT INTO "match" (id, tournament_id, home_team_id, away_team_id, phase, played_at, home_score, away_score, is_finished) VALUES (45, 1, 7, 23, 'group_stage', '2021-05-14 20:15:00', 2, 4, true);
INSERT INTO "match" (id, tournament_id, home_team_id, away_team_id, phase, played_at, home_score, away_score, is_finished) VALUES (46, 1, 21, 8, 'group_stage', '2021-05-14 20:15:00', 2, 3, true);
INSERT INTO "match" (id, tournament_id, home_team_id, away_team_id, phase, played_at, home_score, away_score, is_finished) VALUES (47, 1, 7, 13, 'group_stage', '2021-05-15 16:15:00', 2, 0, true);
INSERT INTO "match" (id, tournament_id, home_team_id, away_team_id, phase, played_at, home_score, away_score, is_finished) VALUES (48, 1, 4, 16, 'group_stage', '2021-05-15 16:15:00', 5, 0, true);
INSERT INTO "match" (id, tournament_id, home_team_id, away_team_id, phase, played_at, home_score, away_score, is_finished) VALUES (49, 1, 19, 15, 'group_stage', '2021-05-15 20:15:00', 5, 0, true);
INSERT INTO "match" (id, tournament_id, home_team_id, away_team_id, phase, played_at, home_score, away_score, is_finished) VALUES (50, 1, 9, 20, 'group_stage', '2021-05-15 20:15:00', 4, 1, true);
INSERT INTO "match" (id, tournament_id, home_team_id, away_team_id, phase, played_at, home_score, away_score, is_finished) VALUES (51, 1, 23, 22, 'group_stage', '2021-05-16 12:15:00', 4, 2, true);
INSERT INTO "match" (id, tournament_id, home_team_id, away_team_id, phase, played_at, home_score, away_score, is_finished) VALUES (52, 1, 3, 16, 'group_stage', '2021-05-16 12:15:00', 4, 3, true);
INSERT INTO "match" (id, tournament_id, home_team_id, away_team_id, phase, played_at, home_score, away_score, is_finished) VALUES (53, 1, 19, 24, 'group_stage', '2021-05-16 16:15:00', 3, 5, true);
INSERT INTO "match" (id, tournament_id, home_team_id, away_team_id, phase, played_at, home_score, away_score, is_finished) VALUES (54, 1, 6, 21, 'group_stage', '2021-05-16 16:15:00', 1, 3, true);
INSERT INTO "match" (id, tournament_id, home_team_id, away_team_id, phase, played_at, home_score, away_score, is_finished) VALUES (55, 1, 11, 15, 'group_stage', '2021-05-16 20:15:00', 4, 3, true);
INSERT INTO "match" (id, tournament_id, home_team_id, away_team_id, phase, played_at, home_score, away_score, is_finished) VALUES (56, 1, 4, 8, 'group_stage', '2021-05-16 20:15:00', 5, 2, true);
INSERT INTO "match" (id, tournament_id, home_team_id, away_team_id, phase, played_at, home_score, away_score, is_finished) VALUES (57, 1, 24, 8, 'group_stage', '2021-05-18 16:15:00', 0, 2, true);
INSERT INTO "match" (id, tournament_id, home_team_id, away_team_id, phase, played_at, home_score, away_score, is_finished) VALUES (58, 1, 19, 6, 'group_stage', '2021-05-18 16:15:00', 3, 0, true);
INSERT INTO "match" (id, tournament_id, home_team_id, away_team_id, phase, played_at, home_score, away_score, is_finished) VALUES (59, 1, 4, 11, 'group_stage', '2021-05-18 20:15:00', 2, 1, true);
INSERT INTO "match" (id, tournament_id, home_team_id, away_team_id, phase, played_at, home_score, away_score, is_finished) VALUES (60, 1, 21, 23, 'group_stage', '2021-05-18 20:15:00', 1, 3, true);
INSERT INTO "match" (id, tournament_id, home_team_id, away_team_id, phase, played_at, home_score, away_score, is_finished) VALUES (61, 1, 4, 19, 'group_stage', '2021-05-20 15:15:00', 4, 2, true);
INSERT INTO "match" (id, tournament_id, home_team_id, away_team_id, phase, played_at, home_score, away_score, is_finished) VALUES (62, 1, 8, 23, 'group_stage', '2021-05-20 19:15:00', 1, 4, true);
INSERT INTO "match" (id, tournament_id, home_team_id, away_team_id, phase, played_at, home_score, away_score, is_finished) VALUES (63, 1, 19, 8, 'group_stage', '2021-05-21 16:15:00', 5, 3, true);
INSERT INTO "match" (id, tournament_id, home_team_id, away_team_id, phase, played_at, home_score, away_score, is_finished) VALUES (64, 1, 4, 23, 'group_stage', '2021-05-21 20:45:00', 1, 2, true);
INSERT INTO prediction (id, user_id, game_id, home_score, away_score, created_at, updated_at) VALUES (1, 11, 1, 3, 1, '2024-01-01 00:00:00', NULL);
INSERT INTO prediction (id, user_id, game_id, home_score, away_score, created_at, updated_at) VALUES (2, 7, 1, 1, 2, '2024-01-01 00:00:00', NULL);
INSERT INTO prediction (id, user_id, game_id, home_score, away_score, created_at, updated_at) VALUES (3, 14, 1, 3, 2, '2024-01-01 00:00:00', NULL);
INSERT INTO prediction (id, user_id, game_id, home_score, away_score, created_at, updated_at) VALUES (4, 8, 1, 4, 3, '2024-01-01 00:00:00', NULL);
INSERT INTO prediction (id, user_id, game_id, home_score, away_score, created_at, updated_at) VALUES (5, 17, 1, 4, 3, '2024-01-01 00:00:00', NULL);
INSERT INTO prediction (id, user_id, game_id, home_score, away_score, created_at, updated_at) VALUES (6, 11, 2, 4, 3, '2024-01-01 00:00:00', NULL);
INSERT INTO prediction (id, user_id, game_id, home_score, away_score, created_at, updated_at) VALUES (7, 7, 2, 3, 1, '2024-01-01 00:00:00', NULL);
INSERT INTO prediction (id, user_id, game_id, home_score, away_score, created_at, updated_at) VALUES (8, 14, 2, 4, 2, '2024-01-01 00:00:00', NULL);
INSERT INTO prediction (id, user_id, game_id, home_score, away_score, created_at, updated_at) VALUES (9, 8, 2, 7, 1, '2024-01-01 00:00:00', NULL);
INSERT INTO prediction (id, user_id, game_id, home_score, away_score, created_at, updated_at) VALUES (10, 17, 2, 3, 1, '2024-01-01 00:00:00', NULL);
INSERT INTO prediction (id, user_id, game_id, home_score, away_score, created_at, updated_at) VALUES (11, 11, 3, 5, 2, '2024-01-01 00:00:00', NULL);
INSERT INTO prediction (id, user_id, game_id, home_score, away_score, created_at, updated_at) VALUES (12, 7, 3, 3, 0, '2024-01-01 00:00:00', NULL);
INSERT INTO prediction (id, user_id, game_id, home_score, away_score, created_at, updated_at) VALUES (13, 14, 3, 6, 1, '2024-01-01 00:00:00', NULL);
INSERT INTO prediction (id, user_id, game_id, home_score, away_score, created_at, updated_at) VALUES (14, 8, 3, 3, 1, '2024-01-01 00:00:00', NULL);
INSERT INTO prediction (id, user_id, game_id, home_score, away_score, created_at, updated_at) VALUES (15, 17, 3, 4, 1, '2024-01-01 00:00:00', NULL);
INSERT INTO prediction (id, user_id, game_id, home_score, away_score, created_at, updated_at) VALUES (16, 11, 4, 3, 2, '2024-01-01 00:00:00', NULL);
INSERT INTO prediction (id, user_id, game_id, home_score, away_score, created_at, updated_at) VALUES (17, 7, 4, 1, 0, '2024-01-01 00:00:00', NULL);
INSERT INTO prediction (id, user_id, game_id, home_score, away_score, created_at, updated_at) VALUES (18, 14, 4, 4, 3, '2024-01-01 00:00:00', NULL);
INSERT INTO prediction (id, user_id, game_id, home_score, away_score, created_at, updated_at) VALUES (19, 8, 4, 5, 3, '2024-01-01 00:00:00', NULL);
INSERT INTO prediction (id, user_id, game_id, home_score, away_score, created_at, updated_at) VALUES (20, 17, 4, 3, 5, '2024-01-01 00:00:00', NULL);
INSERT INTO prediction (id, user_id, game_id, home_score, away_score, created_at, updated_at) VALUES (21, 11, 5, 3, 2, '2024-01-01 00:00:00', NULL);
INSERT INTO prediction (id, user_id, game_id, home_score, away_score, created_at, updated_at) VALUES (22, 7, 5, 2, 3, '2024-01-01 00:00:00', NULL);
INSERT INTO prediction (id, user_id, game_id, home_score, away_score, created_at, updated_at) VALUES (23, 14, 5, 1, 2, '2024-01-01 00:00:00', NULL);
INSERT INTO prediction (id, user_id, game_id, home_score, away_score, created_at, updated_at) VALUES (24, 8, 5, 3, 2, '2024-01-01 00:00:00', NULL);
INSERT INTO prediction (id, user_id, game_id, home_score, away_score, created_at, updated_at) VALUES (25, 17, 5, 3, 2, '2024-01-01 00:00:00', NULL);
INSERT INTO prediction (id, user_id, game_id, home_score, away_score, created_at, updated_at) VALUES (26, 11, 6, 4, 1, '2024-01-01 00:00:00', NULL);
INSERT INTO prediction (id, user_id, game_id, home_score, away_score, created_at, updated_at) VALUES (27, 7, 6, 3, 0, '2024-01-01 00:00:00', NULL);
INSERT INTO prediction (id, user_id, game_id, home_score, away_score, created_at, updated_at) VALUES (28, 14, 6, 2, 0, '2024-01-01 00:00:00', NULL);
INSERT INTO prediction (id, user_id, game_id, home_score, away_score, created_at, updated_at) VALUES (29, 8, 6, 2, 0, '2024-01-01 00:00:00', NULL);
INSERT INTO prediction (id, user_id, game_id, home_score, away_score, created_at, updated_at) VALUES (30, 17, 6, 3, 1, '2024-01-01 00:00:00', NULL);
INSERT INTO prediction (id, user_id, game_id, home_score, away_score, created_at, updated_at) VALUES (31, 11, 7, 4, 3, '2024-01-01 00:00:00', NULL);
INSERT INTO prediction (id, user_id, game_id, home_score, away_score, created_at, updated_at) VALUES (32, 7, 7, 3, 1, '2024-01-01 00:00:00', NULL);
INSERT INTO prediction (id, user_id, game_id, home_score, away_score, created_at, updated_at) VALUES (33, 14, 7, 5, 2, '2024-01-01 00:00:00', NULL);
INSERT INTO prediction (id, user_id, game_id, home_score, away_score, created_at, updated_at) VALUES (34, 8, 7, 1, 2, '2024-01-01 00:00:00', NULL);
INSERT INTO prediction (id, user_id, game_id, home_score, away_score, created_at, updated_at) VALUES (35, 17, 7, 4, 2, '2024-01-01 00:00:00', NULL);
INSERT INTO prediction (id, user_id, game_id, home_score, away_score, created_at, updated_at) VALUES (36, 11, 8, 2, 4, '2024-01-01 00:00:00', NULL);
INSERT INTO prediction (id, user_id, game_id, home_score, away_score, created_at, updated_at) VALUES (37, 7, 8, 2, 3, '2024-01-01 00:00:00', NULL);
INSERT INTO prediction (id, user_id, game_id, home_score, away_score, created_at, updated_at) VALUES (38, 14, 8, 1, 4, '2024-01-01 00:00:00', NULL);
INSERT INTO prediction (id, user_id, game_id, home_score, away_score, created_at, updated_at) VALUES (39, 8, 8, 1, 3, '2024-01-01 00:00:00', NULL);
INSERT INTO prediction (id, user_id, game_id, home_score, away_score, created_at, updated_at) VALUES (40, 17, 8, 1, 3, '2024-01-01 00:00:00', NULL);
INSERT INTO prediction (id, user_id, game_id, home_score, away_score, created_at, updated_at) VALUES (41, 11, 9, 2, 3, '2024-01-01 00:00:00', NULL);
INSERT INTO prediction (id, user_id, game_id, home_score, away_score, created_at, updated_at) VALUES (42, 7, 9, 1, 2, '2024-01-01 00:00:00', NULL);
INSERT INTO prediction (id, user_id, game_id, home_score, away_score, created_at, updated_at) VALUES (43, 14, 9, 2, 5, '2024-01-01 00:00:00', NULL);
INSERT INTO prediction (id, user_id, game_id, home_score, away_score, created_at, updated_at) VALUES (44, 8, 9, 0, 2, '2024-01-01 00:00:00', NULL);
INSERT INTO prediction (id, user_id, game_id, home_score, away_score, created_at, updated_at) VALUES (45, 17, 9, 1, 3, '2024-01-01 00:00:00', NULL);
INSERT INTO prediction (id, user_id, game_id, home_score, away_score, created_at, updated_at) VALUES (46, 11, 10, 1, 3, '2024-01-01 00:00:00', NULL);
INSERT INTO prediction (id, user_id, game_id, home_score, away_score, created_at, updated_at) VALUES (47, 7, 10, 3, 2, '2024-01-01 00:00:00', NULL);
INSERT INTO prediction (id, user_id, game_id, home_score, away_score, created_at, updated_at) VALUES (48, 14, 10, 2, 1, '2024-01-01 00:00:00', NULL);
INSERT INTO prediction (id, user_id, game_id, home_score, away_score, created_at, updated_at) VALUES (49, 8, 10, 1, 3, '2024-01-01 00:00:00', NULL);
INSERT INTO prediction (id, user_id, game_id, home_score, away_score, created_at, updated_at) VALUES (50, 17, 10, 3, 2, '2024-01-01 00:00:00', NULL);
INSERT INTO prediction (id, user_id, game_id, home_score, away_score, created_at, updated_at) VALUES (51, 11, 11, 2, 5, '2024-01-01 00:00:00', NULL);
INSERT INTO prediction (id, user_id, game_id, home_score, away_score, created_at, updated_at) VALUES (52, 7, 11, 0, 4, '2024-01-01 00:00:00', NULL);
INSERT INTO prediction (id, user_id, game_id, home_score, away_score, created_at, updated_at) VALUES (53, 14, 11, 1, 5, '2024-01-01 00:00:00', NULL);
INSERT INTO prediction (id, user_id, game_id, home_score, away_score, created_at, updated_at) VALUES (54, 8, 11, 1, 6, '2024-01-01 00:00:00', NULL);
INSERT INTO prediction (id, user_id, game_id, home_score, away_score, created_at, updated_at) VALUES (55, 17, 11, 1, 5, '2024-01-01 00:00:00', NULL);
INSERT INTO prediction (id, user_id, game_id, home_score, away_score, created_at, updated_at) VALUES (56, 11, 12, 1, 7, '2024-01-01 00:00:00', NULL);
INSERT INTO prediction (id, user_id, game_id, home_score, away_score, created_at, updated_at) VALUES (57, 7, 12, 0, 6, '2024-01-01 00:00:00', NULL);
INSERT INTO prediction (id, user_id, game_id, home_score, away_score, created_at, updated_at) VALUES (58, 14, 12, 1, 6, '2024-01-01 00:00:00', NULL);
INSERT INTO prediction (id, user_id, game_id, home_score, away_score, created_at, updated_at) VALUES (59, 8, 12, 2, 6, '2024-01-01 00:00:00', NULL);
INSERT INTO prediction (id, user_id, game_id, home_score, away_score, created_at, updated_at) VALUES (60, 17, 12, 1, 6, '2024-01-01 00:00:00', NULL);
INSERT INTO prediction (id, user_id, game_id, home_score, away_score, created_at, updated_at) VALUES (61, 11, 13, 4, 0, '2024-01-01 00:00:00', NULL);
INSERT INTO prediction (id, user_id, game_id, home_score, away_score, created_at, updated_at) VALUES (62, 7, 13, 4, 0, '2024-01-01 00:00:00', NULL);
INSERT INTO prediction (id, user_id, game_id, home_score, away_score, created_at, updated_at) VALUES (63, 14, 13, 3, 1, '2024-01-01 00:00:00', NULL);
INSERT INTO prediction (id, user_id, game_id, home_score, away_score, created_at, updated_at) VALUES (64, 8, 13, 3, 2, '2024-01-01 00:00:00', NULL);
INSERT INTO prediction (id, user_id, game_id, home_score, away_score, created_at, updated_at) VALUES (65, 17, 13, 3, 2, '2024-01-01 00:00:00', NULL);
INSERT INTO prediction (id, user_id, game_id, home_score, away_score, created_at, updated_at) VALUES (66, 11, 14, 3, 1, '2024-01-01 00:00:00', NULL);
INSERT INTO prediction (id, user_id, game_id, home_score, away_score, created_at, updated_at) VALUES (67, 7, 14, 3, 1, '2024-01-01 00:00:00', NULL);
INSERT INTO prediction (id, user_id, game_id, home_score, away_score, created_at, updated_at) VALUES (68, 14, 14, 4, 2, '2024-01-01 00:00:00', NULL);
INSERT INTO prediction (id, user_id, game_id, home_score, away_score, created_at, updated_at) VALUES (69, 8, 14, 3, 1, '2024-01-01 00:00:00', NULL);
INSERT INTO prediction (id, user_id, game_id, home_score, away_score, created_at, updated_at) VALUES (70, 17, 14, 4, 1, '2024-01-01 00:00:00', NULL);
INSERT INTO prediction (id, user_id, game_id, home_score, away_score, created_at, updated_at) VALUES (71, 11, 15, 3, 2, '2024-01-01 00:00:00', NULL);
INSERT INTO prediction (id, user_id, game_id, home_score, away_score, created_at, updated_at) VALUES (72, 7, 15, 4, 3, '2024-01-01 00:00:00', NULL);
INSERT INTO prediction (id, user_id, game_id, home_score, away_score, created_at, updated_at) VALUES (73, 14, 15, 2, 3, '2024-01-01 00:00:00', NULL);
INSERT INTO prediction (id, user_id, game_id, home_score, away_score, created_at, updated_at) VALUES (74, 8, 15, 3, 2, '2024-01-01 00:00:00', NULL);
INSERT INTO prediction (id, user_id, game_id, home_score, away_score, created_at, updated_at) VALUES (75, 17, 15, 2, 3, '2024-01-01 00:00:00', NULL);
INSERT INTO prediction (id, user_id, game_id, home_score, away_score, created_at, updated_at) VALUES (76, 11, 16, 1, 3, '2024-01-01 00:00:00', NULL);
INSERT INTO prediction (id, user_id, game_id, home_score, away_score, created_at, updated_at) VALUES (77, 7, 16, 1, 4, '2024-01-01 00:00:00', NULL);
INSERT INTO prediction (id, user_id, game_id, home_score, away_score, created_at, updated_at) VALUES (78, 14, 16, 3, 1, '2024-01-01 00:00:00', NULL);
INSERT INTO prediction (id, user_id, game_id, home_score, away_score, created_at, updated_at) VALUES (79, 8, 16, 2, 3, '2024-01-01 00:00:00', NULL);
INSERT INTO prediction (id, user_id, game_id, home_score, away_score, created_at, updated_at) VALUES (80, 17, 16, 2, 3, '2024-01-01 00:00:00', NULL);
INSERT INTO prediction (id, user_id, game_id, home_score, away_score, created_at, updated_at) VALUES (81, 11, 17, 1, 5, '2024-01-01 00:00:00', NULL);
INSERT INTO prediction (id, user_id, game_id, home_score, away_score, created_at, updated_at) VALUES (82, 7, 17, 2, 5, '2024-01-01 00:00:00', NULL);
INSERT INTO prediction (id, user_id, game_id, home_score, away_score, created_at, updated_at) VALUES (83, 14, 17, 1, 7, '2024-01-01 00:00:00', NULL);
INSERT INTO prediction (id, user_id, game_id, home_score, away_score, created_at, updated_at) VALUES (84, 8, 17, 2, 6, '2024-01-01 00:00:00', NULL);
INSERT INTO prediction (id, user_id, game_id, home_score, away_score, created_at, updated_at) VALUES (85, 17, 17, 1, 7, '2024-01-01 00:00:00', NULL);
INSERT INTO prediction (id, user_id, game_id, home_score, away_score, created_at, updated_at) VALUES (86, 11, 18, 1, 3, '2024-01-01 00:00:00', NULL);
INSERT INTO prediction (id, user_id, game_id, home_score, away_score, created_at, updated_at) VALUES (87, 7, 18, 2, 4, '2024-01-01 00:00:00', NULL);
INSERT INTO prediction (id, user_id, game_id, home_score, away_score, created_at, updated_at) VALUES (88, 14, 18, 1, 4, '2024-01-01 00:00:00', NULL);
INSERT INTO prediction (id, user_id, game_id, home_score, away_score, created_at, updated_at) VALUES (89, 8, 18, 2, 4, '2024-01-01 00:00:00', NULL);
INSERT INTO prediction (id, user_id, game_id, home_score, away_score, created_at, updated_at) VALUES (90, 17, 18, 2, 5, '2024-01-01 00:00:00', NULL);
INSERT INTO prediction (id, user_id, game_id, home_score, away_score, created_at, updated_at) VALUES (91, 11, 19, 2, 5, '2024-01-01 00:00:00', NULL);
INSERT INTO prediction (id, user_id, game_id, home_score, away_score, created_at, updated_at) VALUES (92, 7, 19, 2, 5, '2024-01-01 00:00:00', NULL);
INSERT INTO prediction (id, user_id, game_id, home_score, away_score, created_at, updated_at) VALUES (93, 14, 19, 2, 4, '2024-01-01 00:00:00', NULL);
INSERT INTO prediction (id, user_id, game_id, home_score, away_score, created_at, updated_at) VALUES (94, 8, 19, 2, 4, '2024-01-01 00:00:00', NULL);
INSERT INTO prediction (id, user_id, game_id, home_score, away_score, created_at, updated_at) VALUES (95, 17, 19, 2, 4, '2024-01-01 00:00:00', NULL);
INSERT INTO prediction (id, user_id, game_id, home_score, away_score, created_at, updated_at) VALUES (96, 11, 20, 1, 4, '2024-01-01 00:00:00', NULL);
INSERT INTO prediction (id, user_id, game_id, home_score, away_score, created_at, updated_at) VALUES (97, 7, 20, 2, 4, '2024-01-01 00:00:00', NULL);
INSERT INTO prediction (id, user_id, game_id, home_score, away_score, created_at, updated_at) VALUES (98, 14, 20, 2, 4, '2024-01-01 00:00:00', NULL);
INSERT INTO prediction (id, user_id, game_id, home_score, away_score, created_at, updated_at) VALUES (99, 8, 20, 1, 3, '2024-01-01 00:00:00', NULL);
INSERT INTO prediction (id, user_id, game_id, home_score, away_score, created_at, updated_at) VALUES (100, 17, 20, 1, 3, '2024-01-01 00:00:00', NULL);
INSERT INTO prediction (id, user_id, game_id, home_score, away_score, created_at, updated_at) VALUES (101, 11, 21, 1, 2, '2024-01-01 00:00:00', NULL);
INSERT INTO prediction (id, user_id, game_id, home_score, away_score, created_at, updated_at) VALUES (102, 7, 21, 2, 4, '2024-01-01 00:00:00', NULL);
INSERT INTO prediction (id, user_id, game_id, home_score, away_score, created_at, updated_at) VALUES (103, 14, 21, 1, 4, '2024-01-01 00:00:00', NULL);
INSERT INTO prediction (id, user_id, game_id, home_score, away_score, created_at, updated_at) VALUES (104, 8, 21, 1, 4, '2024-01-01 00:00:00', NULL);
INSERT INTO prediction (id, user_id, game_id, home_score, away_score, created_at, updated_at) VALUES (105, 17, 21, 1, 3, '2024-01-01 00:00:00', NULL);
INSERT INTO prediction (id, user_id, game_id, home_score, away_score, created_at, updated_at) VALUES (106, 11, 22, 5, 4, '2024-01-01 00:00:00', NULL);
INSERT INTO prediction (id, user_id, game_id, home_score, away_score, created_at, updated_at) VALUES (107, 7, 22, 2, 3, '2024-01-01 00:00:00', NULL);
INSERT INTO prediction (id, user_id, game_id, home_score, away_score, created_at, updated_at) VALUES (108, 14, 22, 2, 4, '2024-01-01 00:00:00', NULL);
INSERT INTO prediction (id, user_id, game_id, home_score, away_score, created_at, updated_at) VALUES (109, 8, 22, 3, 2, '2024-01-01 00:00:00', NULL);
INSERT INTO prediction (id, user_id, game_id, home_score, away_score, created_at, updated_at) VALUES (110, 17, 22, 2, 3, '2024-01-01 00:00:00', NULL);
INSERT INTO prediction (id, user_id, game_id, home_score, away_score, created_at, updated_at) VALUES (111, 11, 23, 3, 2, '2024-01-01 00:00:00', NULL);
INSERT INTO prediction (id, user_id, game_id, home_score, away_score, created_at, updated_at) VALUES (112, 7, 23, 3, 1, '2024-01-01 00:00:00', NULL);
INSERT INTO prediction (id, user_id, game_id, home_score, away_score, created_at, updated_at) VALUES (113, 14, 23, 3, 2, '2024-01-01 00:00:00', NULL);
INSERT INTO prediction (id, user_id, game_id, home_score, away_score, created_at, updated_at) VALUES (114, 8, 23, 3, 1, '2024-01-01 00:00:00', NULL);
INSERT INTO prediction (id, user_id, game_id, home_score, away_score, created_at, updated_at) VALUES (115, 17, 23, 3, 2, '2024-01-01 00:00:00', NULL);
INSERT INTO prediction (id, user_id, game_id, home_score, away_score, created_at, updated_at) VALUES (116, 11, 24, 4, 2, '2024-01-01 00:00:00', NULL);
INSERT INTO prediction (id, user_id, game_id, home_score, away_score, created_at, updated_at) VALUES (117, 7, 24, 4, 3, '2024-01-01 00:00:00', NULL);
INSERT INTO prediction (id, user_id, game_id, home_score, away_score, created_at, updated_at) VALUES (118, 14, 24, 4, 3, '2024-01-01 00:00:00', NULL);
INSERT INTO prediction (id, user_id, game_id, home_score, away_score, created_at, updated_at) VALUES (119, 8, 24, 4, 2, '2024-01-01 00:00:00', NULL);
INSERT INTO prediction (id, user_id, game_id, home_score, away_score, created_at, updated_at) VALUES (120, 17, 24, 3, 2, '2024-01-01 00:00:00', NULL);
INSERT INTO prediction (id, user_id, game_id, home_score, away_score, created_at, updated_at) VALUES (121, 11, 25, 4, 1, '2024-01-01 00:00:00', NULL);
INSERT INTO prediction (id, user_id, game_id, home_score, away_score, created_at, updated_at) VALUES (122, 7, 25, 6, 1, '2024-01-01 00:00:00', NULL);
INSERT INTO prediction (id, user_id, game_id, home_score, away_score, created_at, updated_at) VALUES (123, 14, 25, 5, 1, '2024-01-01 00:00:00', NULL);
INSERT INTO prediction (id, user_id, game_id, home_score, away_score, created_at, updated_at) VALUES (124, 8, 25, 5, 1, '2024-01-01 00:00:00', NULL);
INSERT INTO prediction (id, user_id, game_id, home_score, away_score, created_at, updated_at) VALUES (125, 17, 25, 6, 1, '2024-01-01 00:00:00', NULL);
INSERT INTO prediction (id, user_id, game_id, home_score, away_score, created_at, updated_at) VALUES (126, 11, 26, 3, 2, '2024-01-01 00:00:00', NULL);
INSERT INTO prediction (id, user_id, game_id, home_score, away_score, created_at, updated_at) VALUES (127, 7, 26, 3, 2, '2024-01-01 00:00:00', NULL);
INSERT INTO prediction (id, user_id, game_id, home_score, away_score, created_at, updated_at) VALUES (128, 14, 26, 3, 2, '2024-01-01 00:00:00', NULL);
INSERT INTO prediction (id, user_id, game_id, home_score, away_score, created_at, updated_at) VALUES (129, 8, 26, 2, 3, '2024-01-01 00:00:00', NULL);
INSERT INTO prediction (id, user_id, game_id, home_score, away_score, created_at, updated_at) VALUES (130, 17, 26, 3, 2, '2024-01-01 00:00:00', NULL);
INSERT INTO prediction (id, user_id, game_id, home_score, away_score, created_at, updated_at) VALUES (131, 11, 27, 1, 3, '2024-01-01 00:00:00', NULL);
INSERT INTO prediction (id, user_id, game_id, home_score, away_score, created_at, updated_at) VALUES (132, 7, 27, 2, 4, '2024-01-01 00:00:00', NULL);
INSERT INTO prediction (id, user_id, game_id, home_score, away_score, created_at, updated_at) VALUES (133, 14, 27, 3, 2, '2024-01-01 00:00:00', NULL);
INSERT INTO prediction (id, user_id, game_id, home_score, away_score, created_at, updated_at) VALUES (134, 8, 27, 2, 3, '2024-01-01 00:00:00', NULL);
INSERT INTO prediction (id, user_id, game_id, home_score, away_score, created_at, updated_at) VALUES (135, 17, 27, 2, 3, '2024-01-01 00:00:00', NULL);
INSERT INTO prediction (id, user_id, game_id, home_score, away_score, created_at, updated_at) VALUES (136, 11, 28, 3, 0, '2024-01-01 00:00:00', NULL);
INSERT INTO prediction (id, user_id, game_id, home_score, away_score, created_at, updated_at) VALUES (137, 7, 28, 3, 1, '2024-01-01 00:00:00', NULL);
INSERT INTO prediction (id, user_id, game_id, home_score, away_score, created_at, updated_at) VALUES (138, 14, 28, 4, 0, '2024-01-01 00:00:00', NULL);
INSERT INTO prediction (id, user_id, game_id, home_score, away_score, created_at, updated_at) VALUES (139, 8, 28, 3, 1, '2024-01-01 00:00:00', NULL);
INSERT INTO prediction (id, user_id, game_id, home_score, away_score, created_at, updated_at) VALUES (140, 17, 28, 4, 1, '2024-01-01 00:00:00', NULL);
INSERT INTO prediction (id, user_id, game_id, home_score, away_score, created_at, updated_at) VALUES (141, 11, 29, 5, 2, '2024-01-01 00:00:00', NULL);
INSERT INTO prediction (id, user_id, game_id, home_score, away_score, created_at, updated_at) VALUES (142, 7, 29, 8, 1, '2024-01-01 00:00:00', NULL);
INSERT INTO prediction (id, user_id, game_id, home_score, away_score, created_at, updated_at) VALUES (143, 14, 29, 7, 2, '2024-01-01 00:00:00', NULL);
INSERT INTO prediction (id, user_id, game_id, home_score, away_score, created_at, updated_at) VALUES (144, 8, 29, 6, 0, '2024-01-01 00:00:00', NULL);
INSERT INTO prediction (id, user_id, game_id, home_score, away_score, created_at, updated_at) VALUES (145, 17, 29, 5, 1, '2024-01-01 00:00:00', NULL);
INSERT INTO prediction (id, user_id, game_id, home_score, away_score, created_at, updated_at) VALUES (146, 11, 30, 3, 2, '2024-01-01 00:00:00', NULL);
INSERT INTO prediction (id, user_id, game_id, home_score, away_score, created_at, updated_at) VALUES (147, 7, 30, 4, 2, '2024-01-01 00:00:00', NULL);
INSERT INTO prediction (id, user_id, game_id, home_score, away_score, created_at, updated_at) VALUES (148, 14, 30, 5, 2, '2024-01-01 00:00:00', NULL);
INSERT INTO prediction (id, user_id, game_id, home_score, away_score, created_at, updated_at) VALUES (149, 8, 30, 4, 2, '2024-01-01 00:00:00', NULL);
INSERT INTO prediction (id, user_id, game_id, home_score, away_score, created_at, updated_at) VALUES (150, 17, 30, 5, 1, '2024-01-01 00:00:00', NULL);
INSERT INTO prediction (id, user_id, game_id, home_score, away_score, created_at, updated_at) VALUES (151, 11, 31, 3, 2, '2024-01-01 00:00:00', NULL);
INSERT INTO prediction (id, user_id, game_id, home_score, away_score, created_at, updated_at) VALUES (152, 7, 31, 4, 1, '2024-01-01 00:00:00', NULL);
INSERT INTO prediction (id, user_id, game_id, home_score, away_score, created_at, updated_at) VALUES (153, 14, 31, 5, 1, '2024-01-01 00:00:00', NULL);
INSERT INTO prediction (id, user_id, game_id, home_score, away_score, created_at, updated_at) VALUES (154, 8, 31, 4, 2, '2024-01-01 00:00:00', NULL);
INSERT INTO prediction (id, user_id, game_id, home_score, away_score, created_at, updated_at) VALUES (155, 17, 31, 4, 2, '2024-01-01 00:00:00', NULL);
INSERT INTO prediction (id, user_id, game_id, home_score, away_score, created_at, updated_at) VALUES (156, 11, 32, 4, 1, '2024-01-01 00:00:00', NULL);
INSERT INTO prediction (id, user_id, game_id, home_score, away_score, created_at, updated_at) VALUES (157, 7, 32, 5, 1, '2024-01-01 00:00:00', NULL);
INSERT INTO prediction (id, user_id, game_id, home_score, away_score, created_at, updated_at) VALUES (158, 14, 32, 5, 0, '2024-01-01 00:00:00', NULL);
INSERT INTO prediction (id, user_id, game_id, home_score, away_score, created_at, updated_at) VALUES (159, 8, 32, 6, 1, '2024-01-01 00:00:00', NULL);
INSERT INTO prediction (id, user_id, game_id, home_score, away_score, created_at, updated_at) VALUES (160, 17, 32, 7, 1, '2024-01-01 00:00:00', NULL);
INSERT INTO prediction (id, user_id, game_id, home_score, away_score, created_at, updated_at) VALUES (161, 11, 33, 4, 1, '2024-01-01 00:00:00', NULL);
INSERT INTO prediction (id, user_id, game_id, home_score, away_score, created_at, updated_at) VALUES (162, 7, 33, 3, 0, '2024-01-01 00:00:00', NULL);
INSERT INTO prediction (id, user_id, game_id, home_score, away_score, created_at, updated_at) VALUES (163, 14, 33, 3, 1, '2024-01-01 00:00:00', NULL);
INSERT INTO prediction (id, user_id, game_id, home_score, away_score, created_at, updated_at) VALUES (164, 8, 33, 5, 1, '2024-01-01 00:00:00', NULL);
INSERT INTO prediction (id, user_id, game_id, home_score, away_score, created_at, updated_at) VALUES (165, 17, 33, 4, 1, '2024-01-01 00:00:00', NULL);
INSERT INTO prediction (id, user_id, game_id, home_score, away_score, created_at, updated_at) VALUES (166, 11, 34, 5, 1, '2024-01-01 00:00:00', NULL);
INSERT INTO prediction (id, user_id, game_id, home_score, away_score, created_at, updated_at) VALUES (167, 7, 34, 4, 1, '2024-01-01 00:00:00', NULL);
INSERT INTO prediction (id, user_id, game_id, home_score, away_score, created_at, updated_at) VALUES (168, 14, 34, 6, 2, '2024-01-01 00:00:00', NULL);
INSERT INTO prediction (id, user_id, game_id, home_score, away_score, created_at, updated_at) VALUES (169, 8, 34, 4, 2, '2024-01-01 00:00:00', NULL);
INSERT INTO prediction (id, user_id, game_id, home_score, away_score, created_at, updated_at) VALUES (170, 17, 34, 5, 2, '2024-01-01 00:00:00', NULL);
INSERT INTO prediction (id, user_id, game_id, home_score, away_score, created_at, updated_at) VALUES (171, 11, 35, 2, 3, '2024-01-01 00:00:00', NULL);
INSERT INTO prediction (id, user_id, game_id, home_score, away_score, created_at, updated_at) VALUES (172, 7, 35, 1, 3, '2024-01-01 00:00:00', NULL);
INSERT INTO prediction (id, user_id, game_id, home_score, away_score, created_at, updated_at) VALUES (173, 14, 35, 2, 3, '2024-01-01 00:00:00', NULL);
INSERT INTO prediction (id, user_id, game_id, home_score, away_score, created_at, updated_at) VALUES (174, 8, 35, 2, 3, '2024-01-01 00:00:00', NULL);
INSERT INTO prediction (id, user_id, game_id, home_score, away_score, created_at, updated_at) VALUES (175, 17, 35, 2, 3, '2024-01-01 00:00:00', NULL);
INSERT INTO prediction (id, user_id, game_id, home_score, away_score, created_at, updated_at) VALUES (176, 11, 36, 4, 3, '2024-01-01 00:00:00', NULL);
INSERT INTO prediction (id, user_id, game_id, home_score, away_score, created_at, updated_at) VALUES (177, 7, 36, 3, 2, '2024-01-01 00:00:00', NULL);
INSERT INTO prediction (id, user_id, game_id, home_score, away_score, created_at, updated_at) VALUES (178, 14, 36, 3, 1, '2024-01-01 00:00:00', NULL);
INSERT INTO prediction (id, user_id, game_id, home_score, away_score, created_at, updated_at) VALUES (179, 8, 36, 3, 2, '2024-01-01 00:00:00', NULL);
INSERT INTO prediction (id, user_id, game_id, home_score, away_score, created_at, updated_at) VALUES (180, 17, 36, 3, 2, '2024-01-01 00:00:00', NULL);
INSERT INTO prediction (id, user_id, game_id, home_score, away_score, created_at, updated_at) VALUES (181, 11, 37, 2, 4, '2024-01-01 00:00:00', NULL);
INSERT INTO prediction (id, user_id, game_id, home_score, away_score, created_at, updated_at) VALUES (182, 7, 37, 2, 4, '2024-01-01 00:00:00', NULL);
INSERT INTO prediction (id, user_id, game_id, home_score, away_score, created_at, updated_at) VALUES (183, 8, 37, 1, 3, '2024-01-01 00:00:00', NULL);
INSERT INTO prediction (id, user_id, game_id, home_score, away_score, created_at, updated_at) VALUES (184, 17, 37, 1, 3, '2024-01-01 00:00:00', NULL);
INSERT INTO prediction (id, user_id, game_id, home_score, away_score, created_at, updated_at) VALUES (185, 11, 38, 2, 3, '2024-01-01 00:00:00', NULL);
INSERT INTO prediction (id, user_id, game_id, home_score, away_score, created_at, updated_at) VALUES (186, 7, 38, 1, 2, '2024-01-01 00:00:00', NULL);
INSERT INTO prediction (id, user_id, game_id, home_score, away_score, created_at, updated_at) VALUES (187, 8, 38, 1, 2, '2024-01-01 00:00:00', NULL);
INSERT INTO prediction (id, user_id, game_id, home_score, away_score, created_at, updated_at) VALUES (188, 17, 38, 1, 2, '2024-01-01 00:00:00', NULL);
INSERT INTO prediction (id, user_id, game_id, home_score, away_score, created_at, updated_at) VALUES (189, 11, 39, 4, 2, '2024-01-01 00:00:00', NULL);
INSERT INTO prediction (id, user_id, game_id, home_score, away_score, created_at, updated_at) VALUES (190, 7, 39, 4, 1, '2024-01-01 00:00:00', NULL);
INSERT INTO prediction (id, user_id, game_id, home_score, away_score, created_at, updated_at) VALUES (191, 14, 39, 6, 2, '2024-01-01 00:00:00', NULL);
INSERT INTO prediction (id, user_id, game_id, home_score, away_score, created_at, updated_at) VALUES (192, 8, 39, 6, 1, '2024-01-01 00:00:00', NULL);
INSERT INTO prediction (id, user_id, game_id, home_score, away_score, created_at, updated_at) VALUES (193, 17, 39, 4, 1, '2024-01-01 00:00:00', NULL);
INSERT INTO prediction (id, user_id, game_id, home_score, away_score, created_at, updated_at) VALUES (194, 11, 40, 2, 1, '2024-01-01 00:00:00', NULL);
INSERT INTO prediction (id, user_id, game_id, home_score, away_score, created_at, updated_at) VALUES (195, 7, 40, 2, 3, '2024-01-01 00:00:00', NULL);
INSERT INTO prediction (id, user_id, game_id, home_score, away_score, created_at, updated_at) VALUES (196, 14, 40, 2, 1, '2024-01-01 00:00:00', NULL);
INSERT INTO prediction (id, user_id, game_id, home_score, away_score, created_at, updated_at) VALUES (197, 8, 40, 3, 2, '2024-01-01 00:00:00', NULL);
INSERT INTO prediction (id, user_id, game_id, home_score, away_score, created_at, updated_at) VALUES (198, 17, 40, 2, 3, '2024-01-01 00:00:00', NULL);
INSERT INTO prediction (id, user_id, game_id, home_score, away_score, created_at, updated_at) VALUES (199, 11, 41, 2, 5, '2024-01-01 00:00:00', NULL);
INSERT INTO prediction (id, user_id, game_id, home_score, away_score, created_at, updated_at) VALUES (200, 7, 41, 1, 4, '2024-01-01 00:00:00', NULL);
INSERT INTO prediction (id, user_id, game_id, home_score, away_score, created_at, updated_at) VALUES (201, 14, 41, 1, 3, '2024-01-01 00:00:00', NULL);
INSERT INTO prediction (id, user_id, game_id, home_score, away_score, created_at, updated_at) VALUES (202, 8, 41, 1, 3, '2024-01-01 00:00:00', NULL);
INSERT INTO prediction (id, user_id, game_id, home_score, away_score, created_at, updated_at) VALUES (203, 17, 41, 1, 3, '2024-01-01 00:00:00', NULL);
INSERT INTO prediction (id, user_id, game_id, home_score, away_score, created_at, updated_at) VALUES (204, 11, 42, 6, 2, '2024-01-01 00:00:00', NULL);
INSERT INTO prediction (id, user_id, game_id, home_score, away_score, created_at, updated_at) VALUES (205, 7, 42, 5, 1, '2024-01-01 00:00:00', NULL);
INSERT INTO prediction (id, user_id, game_id, home_score, away_score, created_at, updated_at) VALUES (206, 14, 42, 5, 2, '2024-01-01 00:00:00', NULL);
INSERT INTO prediction (id, user_id, game_id, home_score, away_score, created_at, updated_at) VALUES (207, 8, 42, 5, 1, '2024-01-01 00:00:00', NULL);
INSERT INTO prediction (id, user_id, game_id, home_score, away_score, created_at, updated_at) VALUES (208, 17, 42, 4, 1, '2024-01-01 00:00:00', NULL);
INSERT INTO prediction (id, user_id, game_id, home_score, away_score, created_at, updated_at) VALUES (209, 11, 43, 2, 3, '2024-01-01 00:00:00', NULL);
INSERT INTO prediction (id, user_id, game_id, home_score, away_score, created_at, updated_at) VALUES (210, 7, 43, 1, 4, '2024-01-01 00:00:00', NULL);
INSERT INTO prediction (id, user_id, game_id, home_score, away_score, created_at, updated_at) VALUES (211, 14, 43, 2, 5, '2024-01-01 00:00:00', NULL);
INSERT INTO prediction (id, user_id, game_id, home_score, away_score, created_at, updated_at) VALUES (212, 8, 43, 1, 4, '2024-01-01 00:00:00', NULL);
INSERT INTO prediction (id, user_id, game_id, home_score, away_score, created_at, updated_at) VALUES (213, 17, 43, 1, 3, '2024-01-01 00:00:00', NULL);
INSERT INTO prediction (id, user_id, game_id, home_score, away_score, created_at, updated_at) VALUES (214, 11, 44, 3, 5, '2024-01-01 00:00:00', NULL);
INSERT INTO prediction (id, user_id, game_id, home_score, away_score, created_at, updated_at) VALUES (215, 7, 44, 2, 3, '2024-01-01 00:00:00', NULL);
INSERT INTO prediction (id, user_id, game_id, home_score, away_score, created_at, updated_at) VALUES (216, 14, 44, 1, 4, '2024-01-01 00:00:00', NULL);
INSERT INTO prediction (id, user_id, game_id, home_score, away_score, created_at, updated_at) VALUES (217, 8, 44, 2, 4, '2024-01-01 00:00:00', NULL);
INSERT INTO prediction (id, user_id, game_id, home_score, away_score, created_at, updated_at) VALUES (218, 17, 44, 2, 4, '2024-01-01 00:00:00', NULL);
INSERT INTO prediction (id, user_id, game_id, home_score, away_score, created_at, updated_at) VALUES (219, 11, 45, 1, 4, '2024-01-01 00:00:00', NULL);
INSERT INTO prediction (id, user_id, game_id, home_score, away_score, created_at, updated_at) VALUES (220, 7, 45, 1, 4, '2024-01-01 00:00:00', NULL);
INSERT INTO prediction (id, user_id, game_id, home_score, away_score, created_at, updated_at) VALUES (221, 14, 45, 0, 3, '2024-01-01 00:00:00', NULL);
INSERT INTO prediction (id, user_id, game_id, home_score, away_score, created_at, updated_at) VALUES (222, 8, 45, 0, 5, '2024-01-01 00:00:00', NULL);
INSERT INTO prediction (id, user_id, game_id, home_score, away_score, created_at, updated_at) VALUES (223, 17, 45, 2, 4, '2024-01-01 00:00:00', NULL);
INSERT INTO prediction (id, user_id, game_id, home_score, away_score, created_at, updated_at) VALUES (224, 11, 46, 1, 3, '2024-01-01 00:00:00', NULL);
INSERT INTO prediction (id, user_id, game_id, home_score, away_score, created_at, updated_at) VALUES (225, 7, 46, 3, 1, '2024-01-01 00:00:00', NULL);
INSERT INTO prediction (id, user_id, game_id, home_score, away_score, created_at, updated_at) VALUES (226, 14, 46, 3, 2, '2024-01-01 00:00:00', NULL);
INSERT INTO prediction (id, user_id, game_id, home_score, away_score, created_at, updated_at) VALUES (227, 8, 46, 2, 3, '2024-01-01 00:00:00', NULL);
INSERT INTO prediction (id, user_id, game_id, home_score, away_score, created_at, updated_at) VALUES (228, 17, 46, 2, 3, '2024-01-01 00:00:00', NULL);
INSERT INTO prediction (id, user_id, game_id, home_score, away_score, created_at, updated_at) VALUES (229, 11, 47, 4, 2, '2024-01-01 00:00:00', NULL);
INSERT INTO prediction (id, user_id, game_id, home_score, away_score, created_at, updated_at) VALUES (230, 7, 47, 3, 1, '2024-01-01 00:00:00', NULL);
INSERT INTO prediction (id, user_id, game_id, home_score, away_score, created_at, updated_at) VALUES (231, 14, 47, 3, 1, '2024-01-01 00:00:00', NULL);
INSERT INTO prediction (id, user_id, game_id, home_score, away_score, created_at, updated_at) VALUES (232, 8, 47, 4, 2, '2024-01-01 00:00:00', NULL);
INSERT INTO prediction (id, user_id, game_id, home_score, away_score, created_at, updated_at) VALUES (233, 17, 47, 3, 1, '2024-01-01 00:00:00', NULL);
INSERT INTO prediction (id, user_id, game_id, home_score, away_score, created_at, updated_at) VALUES (234, 11, 48, 3, 1, '2024-01-01 00:00:00', NULL);
INSERT INTO prediction (id, user_id, game_id, home_score, away_score, created_at, updated_at) VALUES (235, 7, 48, 4, 0, '2024-01-01 00:00:00', NULL);
INSERT INTO prediction (id, user_id, game_id, home_score, away_score, created_at, updated_at) VALUES (236, 14, 48, 6, 2, '2024-01-01 00:00:00', NULL);
INSERT INTO prediction (id, user_id, game_id, home_score, away_score, created_at, updated_at) VALUES (237, 8, 48, 6, 1, '2024-01-01 00:00:00', NULL);
INSERT INTO prediction (id, user_id, game_id, home_score, away_score, created_at, updated_at) VALUES (238, 17, 48, 5, 1, '2024-01-01 00:00:00', NULL);
INSERT INTO prediction (id, user_id, game_id, home_score, away_score, created_at, updated_at) VALUES (239, 11, 49, 3, 2, '2024-01-01 00:00:00', NULL);
INSERT INTO prediction (id, user_id, game_id, home_score, away_score, created_at, updated_at) VALUES (240, 7, 49, 4, 1, '2024-01-01 00:00:00', NULL);
INSERT INTO prediction (id, user_id, game_id, home_score, away_score, created_at, updated_at) VALUES (241, 14, 49, 5, 2, '2024-01-01 00:00:00', NULL);
INSERT INTO prediction (id, user_id, game_id, home_score, away_score, created_at, updated_at) VALUES (242, 8, 49, 4, 2, '2024-01-01 00:00:00', NULL);
INSERT INTO prediction (id, user_id, game_id, home_score, away_score, created_at, updated_at) VALUES (243, 17, 49, 4, 2, '2024-01-01 00:00:00', NULL);
INSERT INTO prediction (id, user_id, game_id, home_score, away_score, created_at, updated_at) VALUES (244, 11, 50, 4, 1, '2024-01-01 00:00:00', NULL);
INSERT INTO prediction (id, user_id, game_id, home_score, away_score, created_at, updated_at) VALUES (245, 7, 50, 3, 2, '2024-01-01 00:00:00', NULL);
INSERT INTO prediction (id, user_id, game_id, home_score, away_score, created_at, updated_at) VALUES (246, 14, 50, 4, 1, '2024-01-01 00:00:00', NULL);
INSERT INTO prediction (id, user_id, game_id, home_score, away_score, created_at, updated_at) VALUES (247, 8, 50, 4, 2, '2024-01-01 00:00:00', NULL);
INSERT INTO prediction (id, user_id, game_id, home_score, away_score, created_at, updated_at) VALUES (248, 17, 50, 3, 1, '2024-01-01 00:00:00', NULL);
INSERT INTO prediction (id, user_id, game_id, home_score, away_score, created_at, updated_at) VALUES (249, 11, 51, 4, 2, '2024-01-01 00:00:00', NULL);
INSERT INTO prediction (id, user_id, game_id, home_score, away_score, created_at, updated_at) VALUES (250, 7, 51, 4, 1, '2024-01-01 00:00:00', NULL);
INSERT INTO prediction (id, user_id, game_id, home_score, away_score, created_at, updated_at) VALUES (251, 14, 51, 5, 1, '2024-01-01 00:00:00', NULL);
INSERT INTO prediction (id, user_id, game_id, home_score, away_score, created_at, updated_at) VALUES (252, 8, 51, 6, 0, '2024-01-01 00:00:00', NULL);
INSERT INTO prediction (id, user_id, game_id, home_score, away_score, created_at, updated_at) VALUES (253, 17, 51, 5, 1, '2024-01-01 00:00:00', NULL);
INSERT INTO prediction (id, user_id, game_id, home_score, away_score, created_at, updated_at) VALUES (254, 11, 52, 2, 3, '2024-01-01 00:00:00', NULL);
INSERT INTO prediction (id, user_id, game_id, home_score, away_score, created_at, updated_at) VALUES (255, 7, 52, 1, 3, '2024-01-01 00:00:00', NULL);
INSERT INTO prediction (id, user_id, game_id, home_score, away_score, created_at, updated_at) VALUES (256, 14, 52, 2, 3, '2024-01-01 00:00:00', NULL);
INSERT INTO prediction (id, user_id, game_id, home_score, away_score, created_at, updated_at) VALUES (257, 8, 52, 2, 4, '2024-01-01 00:00:00', NULL);
INSERT INTO prediction (id, user_id, game_id, home_score, away_score, created_at, updated_at) VALUES (258, 17, 52, 2, 3, '2024-01-01 00:00:00', NULL);
INSERT INTO prediction (id, user_id, game_id, home_score, away_score, created_at, updated_at) VALUES (259, 11, 53, 4, 2, '2024-01-01 00:00:00', NULL);
INSERT INTO prediction (id, user_id, game_id, home_score, away_score, created_at, updated_at) VALUES (260, 7, 53, 4, 2, '2024-01-01 00:00:00', NULL);
INSERT INTO prediction (id, user_id, game_id, home_score, away_score, created_at, updated_at) VALUES (261, 14, 53, 5, 4, '2024-01-01 00:00:00', NULL);
INSERT INTO prediction (id, user_id, game_id, home_score, away_score, created_at, updated_at) VALUES (262, 8, 53, 5, 2, '2024-01-01 00:00:00', NULL);
INSERT INTO prediction (id, user_id, game_id, home_score, away_score, created_at, updated_at) VALUES (263, 17, 53, 4, 3, '2024-01-01 00:00:00', NULL);
INSERT INTO prediction (id, user_id, game_id, home_score, away_score, created_at, updated_at) VALUES (264, 11, 54, 4, 2, '2024-01-01 00:00:00', NULL);
INSERT INTO prediction (id, user_id, game_id, home_score, away_score, created_at, updated_at) VALUES (265, 7, 54, 3, 2, '2024-01-01 00:00:00', NULL);
INSERT INTO prediction (id, user_id, game_id, home_score, away_score, created_at, updated_at) VALUES (266, 14, 54, 5, 3, '2024-01-01 00:00:00', NULL);
INSERT INTO prediction (id, user_id, game_id, home_score, away_score, created_at, updated_at) VALUES (267, 8, 54, 4, 2, '2024-01-01 00:00:00', NULL);
INSERT INTO prediction (id, user_id, game_id, home_score, away_score, created_at, updated_at) VALUES (268, 17, 54, 4, 3, '2024-01-01 00:00:00', NULL);
INSERT INTO prediction (id, user_id, game_id, home_score, away_score, created_at, updated_at) VALUES (269, 11, 55, 4, 3, '2024-01-01 00:00:00', NULL);
INSERT INTO prediction (id, user_id, game_id, home_score, away_score, created_at, updated_at) VALUES (270, 7, 55, 3, 2, '2024-01-01 00:00:00', NULL);
INSERT INTO prediction (id, user_id, game_id, home_score, away_score, created_at, updated_at) VALUES (271, 14, 55, 2, 4, '2024-01-01 00:00:00', NULL);
INSERT INTO prediction (id, user_id, game_id, home_score, away_score, created_at, updated_at) VALUES (272, 8, 55, 2, 3, '2024-01-01 00:00:00', NULL);
INSERT INTO prediction (id, user_id, game_id, home_score, away_score, created_at, updated_at) VALUES (273, 17, 55, 3, 2, '2024-01-01 00:00:00', NULL);
INSERT INTO prediction (id, user_id, game_id, home_score, away_score, created_at, updated_at) VALUES (274, 11, 56, 3, 2, '2024-01-01 00:00:00', NULL);
INSERT INTO prediction (id, user_id, game_id, home_score, away_score, created_at, updated_at) VALUES (275, 7, 56, 3, 1, '2024-01-01 00:00:00', NULL);
INSERT INTO prediction (id, user_id, game_id, home_score, away_score, created_at, updated_at) VALUES (276, 14, 56, 4, 2, '2024-01-01 00:00:00', NULL);
INSERT INTO prediction (id, user_id, game_id, home_score, away_score, created_at, updated_at) VALUES (277, 8, 56, 5, 1, '2024-01-01 00:00:00', NULL);
INSERT INTO prediction (id, user_id, game_id, home_score, away_score, created_at, updated_at) VALUES (278, 17, 56, 4, 2, '2024-01-01 00:00:00', NULL);
INSERT INTO prediction (id, user_id, game_id, home_score, away_score, created_at, updated_at) VALUES (279, 11, 57, 1, 3, '2024-01-01 00:00:00', NULL);
INSERT INTO prediction (id, user_id, game_id, home_score, away_score, created_at, updated_at) VALUES (280, 7, 57, 4, 3, '2024-01-01 00:00:00', NULL);
INSERT INTO prediction (id, user_id, game_id, home_score, away_score, created_at, updated_at) VALUES (281, 14, 57, 5, 2, '2024-01-01 00:00:00', NULL);
INSERT INTO prediction (id, user_id, game_id, home_score, away_score, created_at, updated_at) VALUES (282, 8, 57, 4, 1, '2024-01-01 00:00:00', NULL);
INSERT INTO prediction (id, user_id, game_id, home_score, away_score, created_at, updated_at) VALUES (283, 17, 57, 4, 3, '2024-01-01 00:00:00', NULL);
INSERT INTO prediction (id, user_id, game_id, home_score, away_score, created_at, updated_at) VALUES (284, 11, 58, 2, 3, '2024-01-01 00:00:00', NULL);
INSERT INTO prediction (id, user_id, game_id, home_score, away_score, created_at, updated_at) VALUES (285, 7, 58, 3, 1, '2024-01-01 00:00:00', NULL);
INSERT INTO prediction (id, user_id, game_id, home_score, away_score, created_at, updated_at) VALUES (286, 14, 58, 3, 4, '2024-01-01 00:00:00', NULL);
INSERT INTO prediction (id, user_id, game_id, home_score, away_score, created_at, updated_at) VALUES (287, 8, 58, 4, 2, '2024-01-01 00:00:00', NULL);
INSERT INTO prediction (id, user_id, game_id, home_score, away_score, created_at, updated_at) VALUES (288, 17, 58, 3, 4, '2024-01-01 00:00:00', NULL);
INSERT INTO prediction (id, user_id, game_id, home_score, away_score, created_at, updated_at) VALUES (289, 11, 59, 4, 3, '2024-01-01 00:00:00', NULL);
INSERT INTO prediction (id, user_id, game_id, home_score, away_score, created_at, updated_at) VALUES (290, 7, 59, 5, 2, '2024-01-01 00:00:00', NULL);
INSERT INTO prediction (id, user_id, game_id, home_score, away_score, created_at, updated_at) VALUES (291, 14, 59, 6, 2, '2024-01-01 00:00:00', NULL);
INSERT INTO prediction (id, user_id, game_id, home_score, away_score, created_at, updated_at) VALUES (292, 8, 59, 5, 0, '2024-01-01 00:00:00', NULL);
INSERT INTO prediction (id, user_id, game_id, home_score, away_score, created_at, updated_at) VALUES (293, 17, 59, 5, 2, '2024-01-01 00:00:00', NULL);
INSERT INTO prediction (id, user_id, game_id, home_score, away_score, created_at, updated_at) VALUES (294, 11, 60, 2, 5, '2024-01-01 00:00:00', NULL);
INSERT INTO prediction (id, user_id, game_id, home_score, away_score, created_at, updated_at) VALUES (295, 7, 60, 3, 4, '2024-01-01 00:00:00', NULL);
INSERT INTO prediction (id, user_id, game_id, home_score, away_score, created_at, updated_at) VALUES (296, 14, 60, 3, 6, '2024-01-01 00:00:00', NULL);
INSERT INTO prediction (id, user_id, game_id, home_score, away_score, created_at, updated_at) VALUES (297, 8, 60, 4, 3, '2024-01-01 00:00:00', NULL);
INSERT INTO prediction (id, user_id, game_id, home_score, away_score, created_at, updated_at) VALUES (298, 17, 60, 1, 3, '2024-01-01 00:00:00', NULL);
INSERT INTO prediction (id, user_id, game_id, home_score, away_score, created_at, updated_at) VALUES (299, 11, 61, 4, 2, '2024-01-01 00:00:00', NULL);
INSERT INTO prediction (id, user_id, game_id, home_score, away_score, created_at, updated_at) VALUES (300, 7, 61, 4, 3, '2024-01-01 00:00:00', NULL);
INSERT INTO prediction (id, user_id, game_id, home_score, away_score, created_at, updated_at) VALUES (301, 14, 61, 3, 2, '2024-01-01 00:00:00', NULL);
INSERT INTO prediction (id, user_id, game_id, home_score, away_score, created_at, updated_at) VALUES (302, 8, 61, 3, 4, '2024-01-01 00:00:00', NULL);
INSERT INTO prediction (id, user_id, game_id, home_score, away_score, created_at, updated_at) VALUES (303, 17, 61, 4, 3, '2024-01-01 00:00:00', NULL);
INSERT INTO prediction (id, user_id, game_id, home_score, away_score, created_at, updated_at) VALUES (304, 11, 62, 2, 3, '2024-01-01 00:00:00', NULL);
INSERT INTO prediction (id, user_id, game_id, home_score, away_score, created_at, updated_at) VALUES (305, 7, 62, 2, 1, '2024-01-01 00:00:00', NULL);
INSERT INTO prediction (id, user_id, game_id, home_score, away_score, created_at, updated_at) VALUES (306, 14, 62, 2, 4, '2024-01-01 00:00:00', NULL);
INSERT INTO prediction (id, user_id, game_id, home_score, away_score, created_at, updated_at) VALUES (307, 8, 62, 2, 3, '2024-01-01 00:00:00', NULL);
INSERT INTO prediction (id, user_id, game_id, home_score, away_score, created_at, updated_at) VALUES (308, 17, 62, 3, 4, '2024-01-01 00:00:00', NULL);
INSERT INTO prediction (id, user_id, game_id, home_score, away_score, created_at, updated_at) VALUES (309, 11, 63, 2, 3, '2024-01-01 00:00:00', NULL);
INSERT INTO prediction (id, user_id, game_id, home_score, away_score, created_at, updated_at) VALUES (310, 7, 63, 3, 1, '2024-01-01 00:00:00', NULL);
INSERT INTO prediction (id, user_id, game_id, home_score, away_score, created_at, updated_at) VALUES (311, 8, 63, 2, 3, '2024-01-01 00:00:00', NULL);
INSERT INTO prediction (id, user_id, game_id, home_score, away_score, created_at, updated_at) VALUES (312, 17, 63, 4, 3, '2024-01-01 00:00:00', NULL);
INSERT INTO prediction (id, user_id, game_id, home_score, away_score, created_at, updated_at) VALUES (313, 11, 64, 3, 4, '2024-01-01 00:00:00', NULL);
INSERT INTO prediction (id, user_id, game_id, home_score, away_score, created_at, updated_at) VALUES (314, 7, 64, 3, 2, '2024-01-01 00:00:00', NULL);
INSERT INTO prediction (id, user_id, game_id, home_score, away_score, created_at, updated_at) VALUES (315, 14, 64, 3, 4, '2024-01-01 00:00:00', NULL);
INSERT INTO prediction (id, user_id, game_id, home_score, away_score, created_at, updated_at) VALUES (316, 8, 64, 2, 4, '2024-01-01 00:00:00', NULL);
INSERT INTO prediction (id, user_id, game_id, home_score, away_score, created_at, updated_at) VALUES (317, 17, 64, 5, 3, '2024-01-01 00:00:00', NULL);
INSERT INTO special_bet_rule (id, tournament_id, name, value_type, scoring_type, points, sort_order, actual_team_value_id, actual_string_value, actual_int_value) VALUES (1, 1, 'Medaile - 1. místo', 'team', 'podium', 2.0, 0, 23, NULL, NULL);
INSERT INTO special_bet (id, user_id, rule_id, team_value_id, string_value, int_value) VALUES (1, 11, 1, 6, NULL, NULL);
INSERT INTO special_bet (id, user_id, rule_id, team_value_id, string_value, int_value) VALUES (2, 7, 1, 6, NULL, NULL);
INSERT INTO special_bet (id, user_id, rule_id, team_value_id, string_value, int_value) VALUES (3, 14, 1, 6, NULL, NULL);
INSERT INTO special_bet (id, user_id, rule_id, team_value_id, string_value, int_value) VALUES (4, 8, 1, 23, NULL, NULL);
INSERT INTO special_bet (id, user_id, rule_id, team_value_id, string_value, int_value) VALUES (5, 17, 1, 4, NULL, NULL);
INSERT INTO special_bet_rule (id, tournament_id, name, value_type, scoring_type, points, sort_order, actual_team_value_id, actual_string_value, actual_int_value) VALUES (2, 1, 'Medaile - 2. místo', 'team', 'podium', 2.0, 1, 4, NULL, NULL);
INSERT INTO special_bet (id, user_id, rule_id, team_value_id, string_value, int_value) VALUES (6, 11, 2, 4, NULL, NULL);
INSERT INTO special_bet (id, user_id, rule_id, team_value_id, string_value, int_value) VALUES (7, 7, 2, 19, NULL, NULL);
INSERT INTO special_bet (id, user_id, rule_id, team_value_id, string_value, int_value) VALUES (8, 14, 2, 4, NULL, NULL);
INSERT INTO special_bet (id, user_id, rule_id, team_value_id, string_value, int_value) VALUES (9, 8, 2, 19, NULL, NULL);
INSERT INTO special_bet (id, user_id, rule_id, team_value_id, string_value, int_value) VALUES (10, 17, 2, 23, NULL, NULL);
INSERT INTO special_bet_rule (id, tournament_id, name, value_type, scoring_type, points, sort_order, actual_team_value_id, actual_string_value, actual_int_value) VALUES (3, 1, 'Medaile - 3. místo', 'team', 'podium', 2.0, 2, 19, NULL, NULL);
INSERT INTO special_bet (id, user_id, rule_id, team_value_id, string_value, int_value) VALUES (11, 11, 3, 8, NULL, NULL);
INSERT INTO special_bet (id, user_id, rule_id, team_value_id, string_value, int_value) VALUES (12, 7, 3, 4, NULL, NULL);
INSERT INTO special_bet (id, user_id, rule_id, team_value_id, string_value, int_value) VALUES (13, 14, 3, 19, NULL, NULL);
INSERT INTO special_bet (id, user_id, rule_id, team_value_id, string_value, int_value) VALUES (14, 8, 3, 6, NULL, NULL);
INSERT INTO special_bet (id, user_id, rule_id, team_value_id, string_value, int_value) VALUES (15, 17, 3, 6, NULL, NULL);

-- Tournament: MS 2018
INSERT INTO tournament (id, name, year, slug, status, created_at) VALUES (2, 'MS 2018', 2018, 'ms-2018', 'finished', '2024-01-01 00:00:00');
INSERT INTO rule_set (id, tournament_id, winner_base_points, wrong_opponent_bonus, exact_score_bonus, prizes) VALUES (2, 2, 1.0, 0.25, 2.0, '{"1": 300, "2": 150, "3": 50}');
INSERT INTO "match" (id, tournament_id, home_team_id, away_team_id, phase, played_at, home_score, away_score, is_finished) VALUES (65, 2, 19, 9, 'group_stage', '2021-05-04 16:15:00', 7, 0, true);
INSERT INTO "match" (id, tournament_id, home_team_id, away_team_id, phase, played_at, home_score, away_score, is_finished) VALUES (66, 2, 24, 4, 'group_stage', '2021-05-04 16:15:00', 5, 4, true);
INSERT INTO "match" (id, tournament_id, home_team_id, away_team_id, phase, played_at, home_score, away_score, is_finished) VALUES (67, 2, 23, 2, 'group_stage', '2021-05-04 20:15:00', 5, 0, true);
INSERT INTO "match" (id, tournament_id, home_team_id, away_team_id, phase, played_at, home_score, away_score, is_finished) VALUES (68, 2, 11, 7, 'group_stage', '2021-05-04 20:15:00', 2, 3, true);
INSERT INTO "match" (id, tournament_id, home_team_id, away_team_id, phase, played_at, home_score, away_score, is_finished) VALUES (69, 2, 21, 1, 'group_stage', '2021-05-05 12:15:00', 3, 2, true);
INSERT INTO "match" (id, tournament_id, home_team_id, away_team_id, phase, played_at, home_score, away_score, is_finished) VALUES (70, 2, 16, 15, 'group_stage', '2021-05-05 12:15:00', 2, 3, true);
INSERT INTO "match" (id, tournament_id, home_team_id, away_team_id, phase, played_at, home_score, away_score, is_finished) VALUES (71, 2, 9, 2, 'group_stage', '2021-05-05 16:15:00', 6, 2, true);
INSERT INTO "match" (id, tournament_id, home_team_id, away_team_id, phase, played_at, home_score, away_score, is_finished) VALUES (72, 2, 8, 18, 'group_stage', '2021-05-05 16:15:00', 8, 1, true);
INSERT INTO "match" (id, tournament_id, home_team_id, away_team_id, phase, played_at, home_score, away_score, is_finished) VALUES (73, 2, 6, 22, 'group_stage', '2021-05-05 20:15:00', 3, 2, true);
INSERT INTO "match" (id, tournament_id, home_team_id, away_team_id, phase, played_at, home_score, away_score, is_finished) VALUES (74, 2, 7, 24, 'group_stage', '2021-05-05 20:15:00', 0, 4, true);
INSERT INTO "match" (id, tournament_id, home_team_id, away_team_id, phase, played_at, home_score, away_score, is_finished) VALUES (75, 2, 1, 19, 'group_stage', '2021-05-06 12:15:00', 0, 7, true);
INSERT INTO "match" (id, tournament_id, home_team_id, away_team_id, phase, played_at, home_score, away_score, is_finished) VALUES (76, 2, 18, 4, 'group_stage', '2021-05-06 12:15:00', NULL, NULL, false);
INSERT INTO "match" (id, tournament_id, home_team_id, away_team_id, phase, played_at, home_score, away_score, is_finished) VALUES (77, 2, 23, 6, 'group_stage', '2021-05-06 16:15:00', 3, 2, true);
INSERT INTO "match" (id, tournament_id, home_team_id, away_team_id, phase, played_at, home_score, away_score, is_finished) VALUES (78, 2, 11, 16, 'group_stage', '2021-05-06 16:15:00', 4, 5, true);
INSERT INTO "match" (id, tournament_id, home_team_id, away_team_id, phase, played_at, home_score, away_score, is_finished) VALUES (79, 2, 22, 21, 'group_stage', '2021-05-06 20:15:00', 0, 2, true);
INSERT INTO "match" (id, tournament_id, home_team_id, away_team_id, phase, played_at, home_score, away_score, is_finished) VALUES (80, 2, 15, 8, 'group_stage', '2021-05-06 20:15:00', 1, 8, true);
INSERT INTO "match" (id, tournament_id, home_team_id, away_team_id, phase, played_at, home_score, away_score, is_finished) VALUES (81, 2, 2, 19, 'group_stage', '2021-05-07 16:15:00', 0, 6, true);
INSERT INTO "match" (id, tournament_id, home_team_id, away_team_id, phase, played_at, home_score, away_score, is_finished) VALUES (82, 2, 24, 11, 'group_stage', '2021-05-07 16:15:00', 3, 0, true);
INSERT INTO "match" (id, tournament_id, home_team_id, away_team_id, phase, played_at, home_score, away_score, is_finished) VALUES (83, 2, 23, 9, 'group_stage', '2021-05-07 20:15:00', 4, 0, true);
INSERT INTO "match" (id, tournament_id, home_team_id, away_team_id, phase, played_at, home_score, away_score, is_finished) VALUES (84, 2, 4, 7, 'group_stage', '2021-05-07 20:15:00', 7, 1, true);
INSERT INTO "match" (id, tournament_id, home_team_id, away_team_id, phase, played_at, home_score, away_score, is_finished) VALUES (85, 2, 1, 22, 'group_stage', '2021-05-08 16:15:00', 2, 4, true);
INSERT INTO "match" (id, tournament_id, home_team_id, away_team_id, phase, played_at, home_score, away_score, is_finished) VALUES (86, 2, 18, 15, 'group_stage', '2021-05-08 16:15:00', 0, 5, true);
INSERT INTO "match" (id, tournament_id, home_team_id, away_team_id, phase, played_at, home_score, away_score, is_finished) VALUES (87, 2, 6, 21, 'group_stage', '2021-05-08 20:15:00', 5, 4, true);
INSERT INTO "match" (id, tournament_id, home_team_id, away_team_id, phase, played_at, home_score, away_score, is_finished) VALUES (88, 2, 8, 16, 'group_stage', '2021-05-08 20:15:00', 7, 0, true);
INSERT INTO "match" (id, tournament_id, home_team_id, away_team_id, phase, played_at, home_score, away_score, is_finished) VALUES (89, 2, 21, 2, 'group_stage', '2021-05-09 16:15:00', 5, 2, true);
INSERT INTO "match" (id, tournament_id, home_team_id, away_team_id, phase, played_at, home_score, away_score, is_finished) VALUES (90, 2, 11, 18, 'group_stage', '2021-05-09 16:15:00', 6, 1, true);
INSERT INTO "match" (id, tournament_id, home_team_id, away_team_id, phase, played_at, home_score, away_score, is_finished) VALUES (91, 2, 23, 1, 'group_stage', '2021-05-09 20:15:00', 7, 0, true);
INSERT INTO "match" (id, tournament_id, home_team_id, away_team_id, phase, played_at, home_score, away_score, is_finished) VALUES (92, 2, 8, 7, 'group_stage', '2021-05-09 20:15:00', 2, 3, true);
INSERT INTO "match" (id, tournament_id, home_team_id, away_team_id, phase, played_at, home_score, away_score, is_finished) VALUES (93, 2, 22, 9, 'group_stage', '2021-05-10 16:15:00', 3, 1, true);
INSERT INTO "match" (id, tournament_id, home_team_id, away_team_id, phase, played_at, home_score, away_score, is_finished) VALUES (94, 2, 24, 15, 'group_stage', '2021-05-10 16:15:00', 3, 2, true);
INSERT INTO "match" (id, tournament_id, home_team_id, away_team_id, phase, played_at, home_score, away_score, is_finished) VALUES (95, 2, 6, 19, 'group_stage', '2021-05-10 20:15:00', 4, 3, true);
INSERT INTO "match" (id, tournament_id, home_team_id, away_team_id, phase, played_at, home_score, away_score, is_finished) VALUES (96, 2, 16, 4, 'group_stage', '2021-05-10 20:15:00', 0, 5, true);
INSERT INTO "match" (id, tournament_id, home_team_id, away_team_id, phase, played_at, home_score, away_score, is_finished) VALUES (97, 2, 9, 1, 'group_stage', '2021-05-11 16:15:00', 5, 2, true);
INSERT INTO "match" (id, tournament_id, home_team_id, away_team_id, phase, played_at, home_score, away_score, is_finished) VALUES (98, 2, 7, 16, 'group_stage', '2021-05-11 16:15:00', 3, 0, true);
INSERT INTO "match" (id, tournament_id, home_team_id, away_team_id, phase, played_at, home_score, away_score, is_finished) VALUES (99, 2, 2, 6, 'group_stage', '2021-05-11 20:15:00', 0, 3, true);
INSERT INTO "match" (id, tournament_id, home_team_id, away_team_id, phase, played_at, home_score, away_score, is_finished) VALUES (100, 2, 24, 18, 'group_stage', '2021-05-11 20:15:00', 12, 1, true);
INSERT INTO "match" (id, tournament_id, home_team_id, away_team_id, phase, played_at, home_score, away_score, is_finished) VALUES (101, 2, 22, 23, 'group_stage', '2021-05-12 12:15:00', 3, 4, true);
INSERT INTO "match" (id, tournament_id, home_team_id, away_team_id, phase, played_at, home_score, away_score, is_finished) VALUES (102, 2, 15, 11, 'group_stage', '2021-05-12 12:15:00', 3, 1, true);
INSERT INTO "match" (id, tournament_id, home_team_id, away_team_id, phase, played_at, home_score, away_score, is_finished) VALUES (103, 2, 1, 2, 'group_stage', '2021-05-12 16:15:00', 4, 0, true);
INSERT INTO "match" (id, tournament_id, home_team_id, away_team_id, phase, played_at, home_score, away_score, is_finished) VALUES (104, 2, 7, 18, 'group_stage', '2021-05-12 16:15:00', 3, 1, true);
INSERT INTO "match" (id, tournament_id, home_team_id, away_team_id, phase, played_at, home_score, away_score, is_finished) VALUES (105, 2, 19, 21, 'group_stage', '2021-05-12 20:15:00', 4, 3, true);
INSERT INTO "match" (id, tournament_id, home_team_id, away_team_id, phase, played_at, home_score, away_score, is_finished) VALUES (106, 2, 4, 8, 'group_stage', '2021-05-12 20:15:00', 1, 5, true);
INSERT INTO "match" (id, tournament_id, home_team_id, away_team_id, phase, played_at, home_score, away_score, is_finished) VALUES (107, 2, 9, 6, 'group_stage', '2021-05-13 16:15:00', 0, 6, true);
INSERT INTO "match" (id, tournament_id, home_team_id, away_team_id, phase, played_at, home_score, away_score, is_finished) VALUES (108, 2, 16, 24, 'group_stage', '2021-05-13 16:15:00', 3, 9, true);
INSERT INTO "match" (id, tournament_id, home_team_id, away_team_id, phase, played_at, home_score, away_score, is_finished) VALUES (109, 2, 21, 23, 'group_stage', '2021-05-13 20:15:00', 3, 5, true);
INSERT INTO "match" (id, tournament_id, home_team_id, away_team_id, phase, played_at, home_score, away_score, is_finished) VALUES (110, 2, 11, 8, 'group_stage', '2021-05-13 20:15:00', 3, 2, true);
INSERT INTO "match" (id, tournament_id, home_team_id, away_team_id, phase, played_at, home_score, away_score, is_finished) VALUES (111, 2, 19, 22, 'group_stage', '2021-05-14 16:15:00', 4, 0, true);
INSERT INTO "match" (id, tournament_id, home_team_id, away_team_id, phase, played_at, home_score, away_score, is_finished) VALUES (112, 2, 18, 16, 'group_stage', '2021-05-14 16:15:00', 0, 3, true);
INSERT INTO "match" (id, tournament_id, home_team_id, away_team_id, phase, played_at, home_score, away_score, is_finished) VALUES (113, 2, 6, 1, 'group_stage', '2021-05-14 20:15:00', 4, 3, true);
INSERT INTO "match" (id, tournament_id, home_team_id, away_team_id, phase, played_at, home_score, away_score, is_finished) VALUES (114, 2, 4, 15, 'group_stage', '2021-05-14 20:15:00', 2, 1, true);
INSERT INTO "match" (id, tournament_id, home_team_id, away_team_id, phase, played_at, home_score, away_score, is_finished) VALUES (115, 2, 21, 9, 'group_stage', '2021-05-15 12:15:00', 5, 1, true);
INSERT INTO "match" (id, tournament_id, home_team_id, away_team_id, phase, played_at, home_score, away_score, is_finished) VALUES (116, 2, 8, 24, 'group_stage', '2021-05-15 12:15:00', 6, 2, true);
INSERT INTO "match" (id, tournament_id, home_team_id, away_team_id, phase, played_at, home_score, away_score, is_finished) VALUES (117, 2, 2, 22, 'group_stage', '2021-05-15 16:15:00', 4, 7, true);
INSERT INTO "match" (id, tournament_id, home_team_id, away_team_id, phase, played_at, home_score, away_score, is_finished) VALUES (118, 2, 4, 11, 'group_stage', '2021-05-15 16:15:00', 3, 0, true);
INSERT INTO "match" (id, tournament_id, home_team_id, away_team_id, phase, played_at, home_score, away_score, is_finished) VALUES (119, 2, 19, 23, 'group_stage', '2021-05-15 20:15:00', 1, 3, true);
INSERT INTO "match" (id, tournament_id, home_team_id, away_team_id, phase, played_at, home_score, away_score, is_finished) VALUES (120, 2, 15, 7, 'group_stage', '2021-05-15 20:15:00', 1, 0, true);
INSERT INTO "match" (id, tournament_id, home_team_id, away_team_id, phase, played_at, home_score, away_score, is_finished) VALUES (121, 2, 19, 4, 'group_stage', '2021-05-17 16:15:00', 4, 5, true);
INSERT INTO "match" (id, tournament_id, home_team_id, away_team_id, phase, played_at, home_score, away_score, is_finished) VALUES (122, 2, 24, 6, 'group_stage', '2021-05-17 16:15:00', 3, 2, true);
INSERT INTO "match" (id, tournament_id, home_team_id, away_team_id, phase, played_at, home_score, away_score, is_finished) VALUES (123, 2, 23, 15, 'group_stage', '2021-05-17 20:15:00', 3, 2, true);
INSERT INTO "match" (id, tournament_id, home_team_id, away_team_id, phase, played_at, home_score, away_score, is_finished) VALUES (124, 2, 8, 21, 'group_stage', '2021-05-17 20:15:00', 2, 3, true);
INSERT INTO "match" (id, tournament_id, home_team_id, away_team_id, phase, played_at, home_score, away_score, is_finished) VALUES (125, 2, 23, 24, 'semifinal', '2021-05-19 15:15:00', 6, 0, true);
INSERT INTO "match" (id, tournament_id, home_team_id, away_team_id, phase, played_at, home_score, away_score, is_finished) VALUES (126, 2, 4, 21, 'semifinal', '2021-05-19 19:15:00', 2, 3, true);
INSERT INTO "match" (id, tournament_id, home_team_id, away_team_id, phase, played_at, home_score, away_score, is_finished) VALUES (127, 2, 24, 4, 'bronze_medal', '2021-05-20 15:45:00', 4, 1, true);
INSERT INTO "match" (id, tournament_id, home_team_id, away_team_id, phase, played_at, home_score, away_score, is_finished) VALUES (128, 2, 23, 21, 'gold_medal', '2021-05-20 20:15:00', 3, 2, true);
INSERT INTO prediction (id, user_id, game_id, home_score, away_score, created_at, updated_at) VALUES (318, 11, 65, 5, 0, '2024-01-01 00:00:00', NULL);
INSERT INTO prediction (id, user_id, game_id, home_score, away_score, created_at, updated_at) VALUES (319, 7, 65, 3, 0, '2024-01-01 00:00:00', NULL);
INSERT INTO prediction (id, user_id, game_id, home_score, away_score, created_at, updated_at) VALUES (320, 14, 65, 5, 2, '2024-01-01 00:00:00', NULL);
INSERT INTO prediction (id, user_id, game_id, home_score, away_score, created_at, updated_at) VALUES (321, 8, 65, 7, 1, '2024-01-01 00:00:00', NULL);
INSERT INTO prediction (id, user_id, game_id, home_score, away_score, created_at, updated_at) VALUES (322, 17, 65, 5, 1, '2024-01-01 00:00:00', NULL);
INSERT INTO prediction (id, user_id, game_id, home_score, away_score, created_at, updated_at) VALUES (323, 12, 65, 6, 1, '2024-01-01 00:00:00', NULL);
INSERT INTO prediction (id, user_id, game_id, home_score, away_score, created_at, updated_at) VALUES (324, 13, 65, 6, 1, '2024-01-01 00:00:00', NULL);
INSERT INTO prediction (id, user_id, game_id, home_score, away_score, created_at, updated_at) VALUES (325, 15, 65, 5, 1, '2024-01-01 00:00:00', NULL);
INSERT INTO prediction (id, user_id, game_id, home_score, away_score, created_at, updated_at) VALUES (326, 6, 65, 6, 2, '2024-01-01 00:00:00', NULL);
INSERT INTO prediction (id, user_id, game_id, home_score, away_score, created_at, updated_at) VALUES (327, 11, 66, 2, 3, '2024-01-01 00:00:00', NULL);
INSERT INTO prediction (id, user_id, game_id, home_score, away_score, created_at, updated_at) VALUES (328, 7, 66, 2, 3, '2024-01-01 00:00:00', NULL);
INSERT INTO prediction (id, user_id, game_id, home_score, away_score, created_at, updated_at) VALUES (329, 14, 66, 4, 6, '2024-01-01 00:00:00', NULL);
INSERT INTO prediction (id, user_id, game_id, home_score, away_score, created_at, updated_at) VALUES (330, 8, 66, 2, 5, '2024-01-01 00:00:00', NULL);
INSERT INTO prediction (id, user_id, game_id, home_score, away_score, created_at, updated_at) VALUES (331, 17, 66, 2, 4, '2024-01-01 00:00:00', NULL);
INSERT INTO prediction (id, user_id, game_id, home_score, away_score, created_at, updated_at) VALUES (332, 12, 66, 2, 4, '2024-01-01 00:00:00', NULL);
INSERT INTO prediction (id, user_id, game_id, home_score, away_score, created_at, updated_at) VALUES (333, 13, 66, 3, 5, '2024-01-01 00:00:00', NULL);
INSERT INTO prediction (id, user_id, game_id, home_score, away_score, created_at, updated_at) VALUES (334, 15, 66, 2, 6, '2024-01-01 00:00:00', NULL);
INSERT INTO prediction (id, user_id, game_id, home_score, away_score, created_at, updated_at) VALUES (335, 6, 66, 3, 6, '2024-01-01 00:00:00', NULL);
INSERT INTO prediction (id, user_id, game_id, home_score, away_score, created_at, updated_at) VALUES (336, 11, 67, 5, 1, '2024-01-01 00:00:00', NULL);
INSERT INTO prediction (id, user_id, game_id, home_score, away_score, created_at, updated_at) VALUES (337, 7, 67, 4, 0, '2024-01-01 00:00:00', NULL);
INSERT INTO prediction (id, user_id, game_id, home_score, away_score, created_at, updated_at) VALUES (338, 14, 67, 4, 1, '2024-01-01 00:00:00', NULL);
INSERT INTO prediction (id, user_id, game_id, home_score, away_score, created_at, updated_at) VALUES (339, 8, 67, 5, 1, '2024-01-01 00:00:00', NULL);
INSERT INTO prediction (id, user_id, game_id, home_score, away_score, created_at, updated_at) VALUES (340, 17, 67, 4, 2, '2024-01-01 00:00:00', NULL);
INSERT INTO prediction (id, user_id, game_id, home_score, away_score, created_at, updated_at) VALUES (341, 12, 67, 4, 0, '2024-01-01 00:00:00', NULL);
INSERT INTO prediction (id, user_id, game_id, home_score, away_score, created_at, updated_at) VALUES (342, 13, 67, 5, 2, '2024-01-01 00:00:00', NULL);
INSERT INTO prediction (id, user_id, game_id, home_score, away_score, created_at, updated_at) VALUES (343, 15, 67, 4, 0, '2024-01-01 00:00:00', NULL);
INSERT INTO prediction (id, user_id, game_id, home_score, away_score, created_at, updated_at) VALUES (344, 6, 67, 4, 2, '2024-01-01 00:00:00', NULL);
INSERT INTO prediction (id, user_id, game_id, home_score, away_score, created_at, updated_at) VALUES (345, 11, 68, 2, 1, '2024-01-01 00:00:00', NULL);
INSERT INTO prediction (id, user_id, game_id, home_score, away_score, created_at, updated_at) VALUES (346, 7, 68, 3, 1, '2024-01-01 00:00:00', NULL);
INSERT INTO prediction (id, user_id, game_id, home_score, away_score, created_at, updated_at) VALUES (347, 14, 68, 3, 2, '2024-01-01 00:00:00', NULL);
INSERT INTO prediction (id, user_id, game_id, home_score, away_score, created_at, updated_at) VALUES (348, 8, 68, 4, 2, '2024-01-01 00:00:00', NULL);
INSERT INTO prediction (id, user_id, game_id, home_score, away_score, created_at, updated_at) VALUES (349, 17, 68, 3, 2, '2024-01-01 00:00:00', NULL);
INSERT INTO prediction (id, user_id, game_id, home_score, away_score, created_at, updated_at) VALUES (350, 12, 68, 4, 2, '2024-01-01 00:00:00', NULL);
INSERT INTO prediction (id, user_id, game_id, home_score, away_score, created_at, updated_at) VALUES (351, 13, 68, 3, 2, '2024-01-01 00:00:00', NULL);
INSERT INTO prediction (id, user_id, game_id, home_score, away_score, created_at, updated_at) VALUES (352, 15, 68, 4, 3, '2024-01-01 00:00:00', NULL);
INSERT INTO prediction (id, user_id, game_id, home_score, away_score, created_at, updated_at) VALUES (353, 6, 68, 3, 2, '2024-01-01 00:00:00', NULL);
INSERT INTO prediction (id, user_id, game_id, home_score, away_score, created_at, updated_at) VALUES (354, 11, 69, 2, 1, '2024-01-01 00:00:00', NULL);
INSERT INTO prediction (id, user_id, game_id, home_score, away_score, created_at, updated_at) VALUES (355, 7, 69, 3, 0, '2024-01-01 00:00:00', NULL);
INSERT INTO prediction (id, user_id, game_id, home_score, away_score, created_at, updated_at) VALUES (356, 14, 69, 4, 1, '2024-01-01 00:00:00', NULL);
INSERT INTO prediction (id, user_id, game_id, home_score, away_score, created_at, updated_at) VALUES (357, 8, 69, 4, 1, '2024-01-01 00:00:00', NULL);
INSERT INTO prediction (id, user_id, game_id, home_score, away_score, created_at, updated_at) VALUES (358, 17, 69, 3, 1, '2024-01-01 00:00:00', NULL);
INSERT INTO prediction (id, user_id, game_id, home_score, away_score, created_at, updated_at) VALUES (359, 12, 69, 4, 2, '2024-01-01 00:00:00', NULL);
INSERT INTO prediction (id, user_id, game_id, home_score, away_score, created_at, updated_at) VALUES (360, 13, 69, 4, 2, '2024-01-01 00:00:00', NULL);
INSERT INTO prediction (id, user_id, game_id, home_score, away_score, created_at, updated_at) VALUES (361, 15, 69, 4, 2, '2024-01-01 00:00:00', NULL);
INSERT INTO prediction (id, user_id, game_id, home_score, away_score, created_at, updated_at) VALUES (362, 6, 69, 4, 2, '2024-01-01 00:00:00', NULL);
INSERT INTO prediction (id, user_id, game_id, home_score, away_score, created_at, updated_at) VALUES (363, 11, 70, 2, 3, '2024-01-01 00:00:00', NULL);
INSERT INTO prediction (id, user_id, game_id, home_score, away_score, created_at, updated_at) VALUES (364, 7, 70, 1, 2, '2024-01-01 00:00:00', NULL);
INSERT INTO prediction (id, user_id, game_id, home_score, away_score, created_at, updated_at) VALUES (365, 14, 70, 4, 2, '2024-01-01 00:00:00', NULL);
INSERT INTO prediction (id, user_id, game_id, home_score, away_score, created_at, updated_at) VALUES (366, 8, 70, 3, 2, '2024-01-01 00:00:00', NULL);
INSERT INTO prediction (id, user_id, game_id, home_score, away_score, created_at, updated_at) VALUES (367, 17, 70, 2, 3, '2024-01-01 00:00:00', NULL);
INSERT INTO prediction (id, user_id, game_id, home_score, away_score, created_at, updated_at) VALUES (368, 12, 70, 3, 2, '2024-01-01 00:00:00', NULL);
INSERT INTO prediction (id, user_id, game_id, home_score, away_score, created_at, updated_at) VALUES (369, 13, 70, 3, 2, '2024-01-01 00:00:00', NULL);
INSERT INTO prediction (id, user_id, game_id, home_score, away_score, created_at, updated_at) VALUES (370, 15, 70, 2, 4, '2024-01-01 00:00:00', NULL);
INSERT INTO prediction (id, user_id, game_id, home_score, away_score, created_at, updated_at) VALUES (371, 6, 70, 4, 2, '2024-01-01 00:00:00', NULL);
INSERT INTO prediction (id, user_id, game_id, home_score, away_score, created_at, updated_at) VALUES (372, 11, 71, 1, 2, '2024-01-01 00:00:00', NULL);
INSERT INTO prediction (id, user_id, game_id, home_score, away_score, created_at, updated_at) VALUES (373, 7, 71, 1, 3, '2024-01-01 00:00:00', NULL);
INSERT INTO prediction (id, user_id, game_id, home_score, away_score, created_at, updated_at) VALUES (374, 14, 71, 3, 2, '2024-01-01 00:00:00', NULL);
INSERT INTO prediction (id, user_id, game_id, home_score, away_score, created_at, updated_at) VALUES (375, 8, 71, 2, 3, '2024-01-01 00:00:00', NULL);
INSERT INTO prediction (id, user_id, game_id, home_score, away_score, created_at, updated_at) VALUES (376, 17, 71, 2, 3, '2024-01-01 00:00:00', NULL);
INSERT INTO prediction (id, user_id, game_id, home_score, away_score, created_at, updated_at) VALUES (377, 12, 71, 4, 1, '2024-01-01 00:00:00', NULL);
INSERT INTO prediction (id, user_id, game_id, home_score, away_score, created_at, updated_at) VALUES (378, 13, 71, 3, 2, '2024-01-01 00:00:00', NULL);
INSERT INTO prediction (id, user_id, game_id, home_score, away_score, created_at, updated_at) VALUES (379, 15, 71, 4, 3, '2024-01-01 00:00:00', NULL);
INSERT INTO prediction (id, user_id, game_id, home_score, away_score, created_at, updated_at) VALUES (380, 6, 71, 4, 2, '2024-01-01 00:00:00', NULL);
INSERT INTO prediction (id, user_id, game_id, home_score, away_score, created_at, updated_at) VALUES (381, 11, 72, 5, 1, '2024-01-01 00:00:00', NULL);
INSERT INTO prediction (id, user_id, game_id, home_score, away_score, created_at, updated_at) VALUES (382, 7, 72, 5, 0, '2024-01-01 00:00:00', NULL);
INSERT INTO prediction (id, user_id, game_id, home_score, away_score, created_at, updated_at) VALUES (383, 14, 72, 6, 2, '2024-01-01 00:00:00', NULL);
INSERT INTO prediction (id, user_id, game_id, home_score, away_score, created_at, updated_at) VALUES (384, 8, 72, 5, 0, '2024-01-01 00:00:00', NULL);
INSERT INTO prediction (id, user_id, game_id, home_score, away_score, created_at, updated_at) VALUES (385, 17, 72, 5, 0, '2024-01-01 00:00:00', NULL);
INSERT INTO prediction (id, user_id, game_id, home_score, away_score, created_at, updated_at) VALUES (386, 12, 72, 5, 0, '2024-01-01 00:00:00', NULL);
INSERT INTO prediction (id, user_id, game_id, home_score, away_score, created_at, updated_at) VALUES (387, 13, 72, 6, 1, '2024-01-01 00:00:00', NULL);
INSERT INTO prediction (id, user_id, game_id, home_score, away_score, created_at, updated_at) VALUES (388, 15, 72, 6, 1, '2024-01-01 00:00:00', NULL);
INSERT INTO prediction (id, user_id, game_id, home_score, away_score, created_at, updated_at) VALUES (389, 6, 72, 6, 0, '2024-01-01 00:00:00', NULL);
INSERT INTO prediction (id, user_id, game_id, home_score, away_score, created_at, updated_at) VALUES (390, 11, 73, 5, 3, '2024-01-01 00:00:00', NULL);
INSERT INTO prediction (id, user_id, game_id, home_score, away_score, created_at, updated_at) VALUES (391, 7, 73, 4, 1, '2024-01-01 00:00:00', NULL);
INSERT INTO prediction (id, user_id, game_id, home_score, away_score, created_at, updated_at) VALUES (392, 14, 73, 5, 3, '2024-01-01 00:00:00', NULL);
INSERT INTO prediction (id, user_id, game_id, home_score, away_score, created_at, updated_at) VALUES (393, 8, 73, 4, 2, '2024-01-01 00:00:00', NULL);
INSERT INTO prediction (id, user_id, game_id, home_score, away_score, created_at, updated_at) VALUES (394, 17, 73, 4, 2, '2024-01-01 00:00:00', NULL);
INSERT INTO prediction (id, user_id, game_id, home_score, away_score, created_at, updated_at) VALUES (395, 12, 73, 4, 2, '2024-01-01 00:00:00', NULL);
INSERT INTO prediction (id, user_id, game_id, home_score, away_score, created_at, updated_at) VALUES (396, 13, 73, 3, 2, '2024-01-01 00:00:00', NULL);
INSERT INTO prediction (id, user_id, game_id, home_score, away_score, created_at, updated_at) VALUES (397, 15, 73, 5, 2, '2024-01-01 00:00:00', NULL);
INSERT INTO prediction (id, user_id, game_id, home_score, away_score, created_at, updated_at) VALUES (398, 6, 73, 5, 2, '2024-01-01 00:00:00', NULL);
INSERT INTO prediction (id, user_id, game_id, home_score, away_score, created_at, updated_at) VALUES (399, 11, 74, 0, 4, '2024-01-01 00:00:00', NULL);
INSERT INTO prediction (id, user_id, game_id, home_score, away_score, created_at, updated_at) VALUES (400, 7, 74, 1, 4, '2024-01-01 00:00:00', NULL);
INSERT INTO prediction (id, user_id, game_id, home_score, away_score, created_at, updated_at) VALUES (401, 14, 74, 1, 5, '2024-01-01 00:00:00', NULL);
INSERT INTO prediction (id, user_id, game_id, home_score, away_score, created_at, updated_at) VALUES (402, 8, 74, 2, 5, '2024-01-01 00:00:00', NULL);
INSERT INTO prediction (id, user_id, game_id, home_score, away_score, created_at, updated_at) VALUES (403, 17, 74, 1, 5, '2024-01-01 00:00:00', NULL);
INSERT INTO prediction (id, user_id, game_id, home_score, away_score, created_at, updated_at) VALUES (404, 12, 74, 2, 5, '2024-01-01 00:00:00', NULL);
INSERT INTO prediction (id, user_id, game_id, home_score, away_score, created_at, updated_at) VALUES (405, 13, 74, 2, 5, '2024-01-01 00:00:00', NULL);
INSERT INTO prediction (id, user_id, game_id, home_score, away_score, created_at, updated_at) VALUES (406, 15, 74, 2, 6, '2024-01-01 00:00:00', NULL);
INSERT INTO prediction (id, user_id, game_id, home_score, away_score, created_at, updated_at) VALUES (407, 6, 74, 2, 6, '2024-01-01 00:00:00', NULL);
INSERT INTO prediction (id, user_id, game_id, home_score, away_score, created_at, updated_at) VALUES (408, 11, 75, 2, 7, '2024-01-01 00:00:00', NULL);
INSERT INTO prediction (id, user_id, game_id, home_score, away_score, created_at, updated_at) VALUES (409, 7, 75, 0, 7, '2024-01-01 00:00:00', NULL);
INSERT INTO prediction (id, user_id, game_id, home_score, away_score, created_at, updated_at) VALUES (410, 14, 75, 1, 6, '2024-01-01 00:00:00', NULL);
INSERT INTO prediction (id, user_id, game_id, home_score, away_score, created_at, updated_at) VALUES (411, 8, 75, 1, 6, '2024-01-01 00:00:00', NULL);
INSERT INTO prediction (id, user_id, game_id, home_score, away_score, created_at, updated_at) VALUES (412, 17, 75, 1, 7, '2024-01-01 00:00:00', NULL);
INSERT INTO prediction (id, user_id, game_id, home_score, away_score, created_at, updated_at) VALUES (413, 12, 75, 0, 7, '2024-01-01 00:00:00', NULL);
INSERT INTO prediction (id, user_id, game_id, home_score, away_score, created_at, updated_at) VALUES (414, 13, 75, 1, 6, '2024-01-01 00:00:00', NULL);
INSERT INTO prediction (id, user_id, game_id, home_score, away_score, created_at, updated_at) VALUES (415, 15, 75, 0, 6, '2024-01-01 00:00:00', NULL);
INSERT INTO prediction (id, user_id, game_id, home_score, away_score, created_at, updated_at) VALUES (416, 6, 75, 0, 6, '2024-01-01 00:00:00', NULL);
INSERT INTO prediction (id, user_id, game_id, home_score, away_score, created_at, updated_at) VALUES (417, 11, 76, 1, 9, '2024-01-01 00:00:00', NULL);
INSERT INTO prediction (id, user_id, game_id, home_score, away_score, created_at, updated_at) VALUES (418, 7, 76, 0, 9, '2024-01-01 00:00:00', NULL);
INSERT INTO prediction (id, user_id, game_id, home_score, away_score, created_at, updated_at) VALUES (419, 14, 76, 0, 7, '2024-01-01 00:00:00', NULL);
INSERT INTO prediction (id, user_id, game_id, home_score, away_score, created_at, updated_at) VALUES (420, 8, 76, 0, 11, '2024-01-01 00:00:00', NULL);
INSERT INTO prediction (id, user_id, game_id, home_score, away_score, created_at, updated_at) VALUES (421, 17, 76, 1, 8, '2024-01-01 00:00:00', NULL);
INSERT INTO prediction (id, user_id, game_id, home_score, away_score, created_at, updated_at) VALUES (422, 12, 76, 0, 8, '2024-01-01 00:00:00', NULL);
INSERT INTO prediction (id, user_id, game_id, home_score, away_score, created_at, updated_at) VALUES (423, 13, 76, 1, 8, '2024-01-01 00:00:00', NULL);
INSERT INTO prediction (id, user_id, game_id, home_score, away_score, created_at, updated_at) VALUES (424, 15, 76, 0, 6, '2024-01-01 00:00:00', NULL);
INSERT INTO prediction (id, user_id, game_id, home_score, away_score, created_at, updated_at) VALUES (425, 6, 76, 0, 7, '2024-01-01 00:00:00', NULL);
INSERT INTO prediction (id, user_id, game_id, home_score, away_score, created_at, updated_at) VALUES (426, 11, 77, 4, 2, '2024-01-01 00:00:00', NULL);
INSERT INTO prediction (id, user_id, game_id, home_score, away_score, created_at, updated_at) VALUES (427, 7, 77, 3, 1, '2024-01-01 00:00:00', NULL);
INSERT INTO prediction (id, user_id, game_id, home_score, away_score, created_at, updated_at) VALUES (428, 14, 77, 4, 5, '2024-01-01 00:00:00', NULL);
INSERT INTO prediction (id, user_id, game_id, home_score, away_score, created_at, updated_at) VALUES (429, 8, 77, 3, 2, '2024-01-01 00:00:00', NULL);
INSERT INTO prediction (id, user_id, game_id, home_score, away_score, created_at, updated_at) VALUES (430, 17, 77, 4, 2, '2024-01-01 00:00:00', NULL);
INSERT INTO prediction (id, user_id, game_id, home_score, away_score, created_at, updated_at) VALUES (431, 12, 77, 4, 2, '2024-01-01 00:00:00', NULL);
INSERT INTO prediction (id, user_id, game_id, home_score, away_score, created_at, updated_at) VALUES (432, 13, 77, 4, 2, '2024-01-01 00:00:00', NULL);
INSERT INTO prediction (id, user_id, game_id, home_score, away_score, created_at, updated_at) VALUES (433, 15, 77, 4, 2, '2024-01-01 00:00:00', NULL);
INSERT INTO prediction (id, user_id, game_id, home_score, away_score, created_at, updated_at) VALUES (434, 6, 77, 5, 3, '2024-01-01 00:00:00', NULL);
INSERT INTO prediction (id, user_id, game_id, home_score, away_score, created_at, updated_at) VALUES (435, 11, 78, 3, 2, '2024-01-01 00:00:00', NULL);
INSERT INTO prediction (id, user_id, game_id, home_score, away_score, created_at, updated_at) VALUES (436, 7, 78, 4, 2, '2024-01-01 00:00:00', NULL);
INSERT INTO prediction (id, user_id, game_id, home_score, away_score, created_at, updated_at) VALUES (437, 14, 78, 2, 3, '2024-01-01 00:00:00', NULL);
INSERT INTO prediction (id, user_id, game_id, home_score, away_score, created_at, updated_at) VALUES (438, 8, 78, 4, 3, '2024-01-01 00:00:00', NULL);
INSERT INTO prediction (id, user_id, game_id, home_score, away_score, created_at, updated_at) VALUES (439, 12, 78, 3, 1, '2024-01-01 00:00:00', NULL);
INSERT INTO prediction (id, user_id, game_id, home_score, away_score, created_at, updated_at) VALUES (440, 13, 78, 3, 1, '2024-01-01 00:00:00', NULL);
INSERT INTO prediction (id, user_id, game_id, home_score, away_score, created_at, updated_at) VALUES (441, 15, 78, 3, 2, '2024-01-01 00:00:00', NULL);
INSERT INTO prediction (id, user_id, game_id, home_score, away_score, created_at, updated_at) VALUES (442, 6, 78, 3, 2, '2024-01-01 00:00:00', NULL);
INSERT INTO prediction (id, user_id, game_id, home_score, away_score, created_at, updated_at) VALUES (443, 11, 79, 1, 3, '2024-01-01 00:00:00', NULL);
INSERT INTO prediction (id, user_id, game_id, home_score, away_score, created_at, updated_at) VALUES (444, 7, 79, 3, 2, '2024-01-01 00:00:00', NULL);
INSERT INTO prediction (id, user_id, game_id, home_score, away_score, created_at, updated_at) VALUES (445, 14, 79, 4, 2, '2024-01-01 00:00:00', NULL);
INSERT INTO prediction (id, user_id, game_id, home_score, away_score, created_at, updated_at) VALUES (446, 8, 79, 2, 3, '2024-01-01 00:00:00', NULL);
INSERT INTO prediction (id, user_id, game_id, home_score, away_score, created_at, updated_at) VALUES (447, 17, 79, 3, 2, '2024-01-01 00:00:00', NULL);
INSERT INTO prediction (id, user_id, game_id, home_score, away_score, created_at, updated_at) VALUES (448, 12, 79, 3, 2, '2024-01-01 00:00:00', NULL);
INSERT INTO prediction (id, user_id, game_id, home_score, away_score, created_at, updated_at) VALUES (449, 13, 79, 3, 2, '2024-01-01 00:00:00', NULL);
INSERT INTO prediction (id, user_id, game_id, home_score, away_score, created_at, updated_at) VALUES (450, 15, 79, 2, 4, '2024-01-01 00:00:00', NULL);
INSERT INTO prediction (id, user_id, game_id, home_score, away_score, created_at, updated_at) VALUES (451, 6, 79, 1, 3, '2024-01-01 00:00:00', NULL);
INSERT INTO prediction (id, user_id, game_id, home_score, away_score, created_at, updated_at) VALUES (452, 11, 80, 2, 4, '2024-01-01 00:00:00', NULL);
INSERT INTO prediction (id, user_id, game_id, home_score, away_score, created_at, updated_at) VALUES (453, 7, 80, 2, 5, '2024-01-01 00:00:00', NULL);
INSERT INTO prediction (id, user_id, game_id, home_score, away_score, created_at, updated_at) VALUES (454, 14, 80, 2, 6, '2024-01-01 00:00:00', NULL);
INSERT INTO prediction (id, user_id, game_id, home_score, away_score, created_at, updated_at) VALUES (455, 8, 80, 1, 5, '2024-01-01 00:00:00', NULL);
INSERT INTO prediction (id, user_id, game_id, home_score, away_score, created_at, updated_at) VALUES (456, 17, 80, 2, 5, '2024-01-01 00:00:00', NULL);
INSERT INTO prediction (id, user_id, game_id, home_score, away_score, created_at, updated_at) VALUES (457, 12, 80, 1, 4, '2024-01-01 00:00:00', NULL);
INSERT INTO prediction (id, user_id, game_id, home_score, away_score, created_at, updated_at) VALUES (458, 13, 80, 2, 5, '2024-01-01 00:00:00', NULL);
INSERT INTO prediction (id, user_id, game_id, home_score, away_score, created_at, updated_at) VALUES (459, 15, 80, 2, 5, '2024-01-01 00:00:00', NULL);
INSERT INTO prediction (id, user_id, game_id, home_score, away_score, created_at, updated_at) VALUES (460, 6, 80, 1, 4, '2024-01-01 00:00:00', NULL);
INSERT INTO prediction (id, user_id, game_id, home_score, away_score, created_at, updated_at) VALUES (461, 11, 81, 0, 6, '2024-01-01 00:00:00', NULL);
INSERT INTO prediction (id, user_id, game_id, home_score, away_score, created_at, updated_at) VALUES (462, 7, 81, 0, 7, '2024-01-01 00:00:00', NULL);
INSERT INTO prediction (id, user_id, game_id, home_score, away_score, created_at, updated_at) VALUES (463, 14, 81, 1, 6, '2024-01-01 00:00:00', NULL);
INSERT INTO prediction (id, user_id, game_id, home_score, away_score, created_at, updated_at) VALUES (464, 8, 81, 1, 5, '2024-01-01 00:00:00', NULL);
INSERT INTO prediction (id, user_id, game_id, home_score, away_score, created_at, updated_at) VALUES (465, 17, 81, 1, 6, '2024-01-01 00:00:00', NULL);
INSERT INTO prediction (id, user_id, game_id, home_score, away_score, created_at, updated_at) VALUES (466, 12, 81, 1, 7, '2024-01-01 00:00:00', NULL);
INSERT INTO prediction (id, user_id, game_id, home_score, away_score, created_at, updated_at) VALUES (467, 13, 81, 2, 5, '2024-01-01 00:00:00', NULL);
INSERT INTO prediction (id, user_id, game_id, home_score, away_score, created_at, updated_at) VALUES (468, 15, 81, 0, 6, '2024-01-01 00:00:00', NULL);
INSERT INTO prediction (id, user_id, game_id, home_score, away_score, created_at, updated_at) VALUES (469, 6, 81, 0, 6, '2024-01-01 00:00:00', NULL);
INSERT INTO prediction (id, user_id, game_id, home_score, away_score, created_at, updated_at) VALUES (470, 11, 82, 5, 1, '2024-01-01 00:00:00', NULL);
INSERT INTO prediction (id, user_id, game_id, home_score, away_score, created_at, updated_at) VALUES (471, 7, 82, 2, 3, '2024-01-01 00:00:00', NULL);
INSERT INTO prediction (id, user_id, game_id, home_score, away_score, created_at, updated_at) VALUES (472, 14, 82, 5, 0, '2024-01-01 00:00:00', NULL);
INSERT INTO prediction (id, user_id, game_id, home_score, away_score, created_at, updated_at) VALUES (473, 8, 82, 3, 2, '2024-01-01 00:00:00', NULL);
INSERT INTO prediction (id, user_id, game_id, home_score, away_score, created_at, updated_at) VALUES (474, 17, 82, 5, 1, '2024-01-01 00:00:00', NULL);
INSERT INTO prediction (id, user_id, game_id, home_score, away_score, created_at, updated_at) VALUES (475, 12, 82, 4, 2, '2024-01-01 00:00:00', NULL);
INSERT INTO prediction (id, user_id, game_id, home_score, away_score, created_at, updated_at) VALUES (476, 13, 82, 4, 2, '2024-01-01 00:00:00', NULL);
INSERT INTO prediction (id, user_id, game_id, home_score, away_score, created_at, updated_at) VALUES (477, 15, 82, 5, 1, '2024-01-01 00:00:00', NULL);
INSERT INTO prediction (id, user_id, game_id, home_score, away_score, created_at, updated_at) VALUES (478, 6, 82, 4, 2, '2024-01-01 00:00:00', NULL);
INSERT INTO prediction (id, user_id, game_id, home_score, away_score, created_at, updated_at) VALUES (479, 11, 83, 5, 2, '2024-01-01 00:00:00', NULL);
INSERT INTO prediction (id, user_id, game_id, home_score, away_score, created_at, updated_at) VALUES (480, 7, 83, 4, 2, '2024-01-01 00:00:00', NULL);
INSERT INTO prediction (id, user_id, game_id, home_score, away_score, created_at, updated_at) VALUES (481, 14, 83, 4, 2, '2024-01-01 00:00:00', NULL);
INSERT INTO prediction (id, user_id, game_id, home_score, away_score, created_at, updated_at) VALUES (482, 8, 83, 4, 1, '2024-01-01 00:00:00', NULL);
INSERT INTO prediction (id, user_id, game_id, home_score, away_score, created_at, updated_at) VALUES (483, 17, 83, 4, 1, '2024-01-01 00:00:00', NULL);
INSERT INTO prediction (id, user_id, game_id, home_score, away_score, created_at, updated_at) VALUES (484, 12, 83, 4, 2, '2024-01-01 00:00:00', NULL);
INSERT INTO prediction (id, user_id, game_id, home_score, away_score, created_at, updated_at) VALUES (485, 13, 83, 5, 1, '2024-01-01 00:00:00', NULL);
INSERT INTO prediction (id, user_id, game_id, home_score, away_score, created_at, updated_at) VALUES (486, 15, 83, 5, 1, '2024-01-01 00:00:00', NULL);
INSERT INTO prediction (id, user_id, game_id, home_score, away_score, created_at, updated_at) VALUES (487, 6, 83, 7, 0, '2024-01-01 00:00:00', NULL);
INSERT INTO prediction (id, user_id, game_id, home_score, away_score, created_at, updated_at) VALUES (488, 11, 84, 7, 2, '2024-01-01 00:00:00', NULL);
INSERT INTO prediction (id, user_id, game_id, home_score, away_score, created_at, updated_at) VALUES (489, 7, 84, 5, 1, '2024-01-01 00:00:00', NULL);
INSERT INTO prediction (id, user_id, game_id, home_score, away_score, created_at, updated_at) VALUES (490, 14, 84, 7, 2, '2024-01-01 00:00:00', NULL);
INSERT INTO prediction (id, user_id, game_id, home_score, away_score, created_at, updated_at) VALUES (491, 8, 84, 5, 1, '2024-01-01 00:00:00', NULL);
INSERT INTO prediction (id, user_id, game_id, home_score, away_score, created_at, updated_at) VALUES (492, 17, 84, 8, 2, '2024-01-01 00:00:00', NULL);
INSERT INTO prediction (id, user_id, game_id, home_score, away_score, created_at, updated_at) VALUES (493, 12, 84, 5, 1, '2024-01-01 00:00:00', NULL);
INSERT INTO prediction (id, user_id, game_id, home_score, away_score, created_at, updated_at) VALUES (494, 13, 84, 6, 2, '2024-01-01 00:00:00', NULL);
INSERT INTO prediction (id, user_id, game_id, home_score, away_score, created_at, updated_at) VALUES (495, 15, 84, 6, 2, '2024-01-01 00:00:00', NULL);
INSERT INTO prediction (id, user_id, game_id, home_score, away_score, created_at, updated_at) VALUES (496, 6, 84, 7, 0, '2024-01-01 00:00:00', NULL);
INSERT INTO prediction (id, user_id, game_id, home_score, away_score, created_at, updated_at) VALUES (497, 11, 85, 2, 3, '2024-01-01 00:00:00', NULL);
INSERT INTO prediction (id, user_id, game_id, home_score, away_score, created_at, updated_at) VALUES (498, 7, 85, 3, 2, '2024-01-01 00:00:00', NULL);
INSERT INTO prediction (id, user_id, game_id, home_score, away_score, created_at, updated_at) VALUES (499, 14, 85, 0, 3, '2024-01-01 00:00:00', NULL);
INSERT INTO prediction (id, user_id, game_id, home_score, away_score, created_at, updated_at) VALUES (500, 8, 85, 2, 4, '2024-01-01 00:00:00', NULL);
INSERT INTO prediction (id, user_id, game_id, home_score, away_score, created_at, updated_at) VALUES (501, 17, 85, 2, 3, '2024-01-01 00:00:00', NULL);
INSERT INTO prediction (id, user_id, game_id, home_score, away_score, created_at, updated_at) VALUES (502, 12, 85, 1, 3, '2024-01-01 00:00:00', NULL);
INSERT INTO prediction (id, user_id, game_id, home_score, away_score, created_at, updated_at) VALUES (503, 13, 85, 2, 4, '2024-01-01 00:00:00', NULL);
INSERT INTO prediction (id, user_id, game_id, home_score, away_score, created_at, updated_at) VALUES (504, 15, 85, 1, 4, '2024-01-01 00:00:00', NULL);
INSERT INTO prediction (id, user_id, game_id, home_score, away_score, created_at, updated_at) VALUES (505, 6, 85, 3, 2, '2024-01-01 00:00:00', NULL);
INSERT INTO prediction (id, user_id, game_id, home_score, away_score, created_at, updated_at) VALUES (506, 11, 86, 2, 3, '2024-01-01 00:00:00', NULL);
INSERT INTO prediction (id, user_id, game_id, home_score, away_score, created_at, updated_at) VALUES (507, 7, 86, 1, 4, '2024-01-01 00:00:00', NULL);
INSERT INTO prediction (id, user_id, game_id, home_score, away_score, created_at, updated_at) VALUES (508, 14, 86, 1, 3, '2024-01-01 00:00:00', NULL);
INSERT INTO prediction (id, user_id, game_id, home_score, away_score, created_at, updated_at) VALUES (509, 8, 86, 1, 4, '2024-01-01 00:00:00', NULL);
INSERT INTO prediction (id, user_id, game_id, home_score, away_score, created_at, updated_at) VALUES (510, 17, 86, 1, 3, '2024-01-01 00:00:00', NULL);
INSERT INTO prediction (id, user_id, game_id, home_score, away_score, created_at, updated_at) VALUES (511, 12, 86, 1, 3, '2024-01-01 00:00:00', NULL);
INSERT INTO prediction (id, user_id, game_id, home_score, away_score, created_at, updated_at) VALUES (512, 13, 86, 2, 4, '2024-01-01 00:00:00', NULL);
INSERT INTO prediction (id, user_id, game_id, home_score, away_score, created_at, updated_at) VALUES (513, 15, 86, 1, 5, '2024-01-01 00:00:00', NULL);
INSERT INTO prediction (id, user_id, game_id, home_score, away_score, created_at, updated_at) VALUES (514, 6, 86, 1, 4, '2024-01-01 00:00:00', NULL);
INSERT INTO prediction (id, user_id, game_id, home_score, away_score, created_at, updated_at) VALUES (515, 11, 87, 5, 3, '2024-01-01 00:00:00', NULL);
INSERT INTO prediction (id, user_id, game_id, home_score, away_score, created_at, updated_at) VALUES (516, 7, 87, 3, 1, '2024-01-01 00:00:00', NULL);
INSERT INTO prediction (id, user_id, game_id, home_score, away_score, created_at, updated_at) VALUES (517, 14, 87, 4, 1, '2024-01-01 00:00:00', NULL);
INSERT INTO prediction (id, user_id, game_id, home_score, away_score, created_at, updated_at) VALUES (518, 8, 87, 5, 3, '2024-01-01 00:00:00', NULL);
INSERT INTO prediction (id, user_id, game_id, home_score, away_score, created_at, updated_at) VALUES (519, 17, 87, 4, 2, '2024-01-01 00:00:00', NULL);
INSERT INTO prediction (id, user_id, game_id, home_score, away_score, created_at, updated_at) VALUES (520, 12, 87, 3, 2, '2024-01-01 00:00:00', NULL);
INSERT INTO prediction (id, user_id, game_id, home_score, away_score, created_at, updated_at) VALUES (521, 13, 87, 2, 3, '2024-01-01 00:00:00', NULL);
INSERT INTO prediction (id, user_id, game_id, home_score, away_score, created_at, updated_at) VALUES (522, 15, 87, 4, 2, '2024-01-01 00:00:00', NULL);
INSERT INTO prediction (id, user_id, game_id, home_score, away_score, created_at, updated_at) VALUES (523, 6, 87, 3, 2, '2024-01-01 00:00:00', NULL);
INSERT INTO prediction (id, user_id, game_id, home_score, away_score, created_at, updated_at) VALUES (524, 11, 88, 4, 1, '2024-01-01 00:00:00', NULL);
INSERT INTO prediction (id, user_id, game_id, home_score, away_score, created_at, updated_at) VALUES (525, 7, 88, 5, 1, '2024-01-01 00:00:00', NULL);
INSERT INTO prediction (id, user_id, game_id, home_score, away_score, created_at, updated_at) VALUES (526, 14, 88, 4, 2, '2024-01-01 00:00:00', NULL);
INSERT INTO prediction (id, user_id, game_id, home_score, away_score, created_at, updated_at) VALUES (527, 8, 88, 4, 2, '2024-01-01 00:00:00', NULL);
INSERT INTO prediction (id, user_id, game_id, home_score, away_score, created_at, updated_at) VALUES (528, 17, 88, 5, 1, '2024-01-01 00:00:00', NULL);
INSERT INTO prediction (id, user_id, game_id, home_score, away_score, created_at, updated_at) VALUES (529, 12, 88, 5, 1, '2024-01-01 00:00:00', NULL);
INSERT INTO prediction (id, user_id, game_id, home_score, away_score, created_at, updated_at) VALUES (530, 13, 88, 6, 1, '2024-01-01 00:00:00', NULL);
INSERT INTO prediction (id, user_id, game_id, home_score, away_score, created_at, updated_at) VALUES (531, 15, 88, 5, 2, '2024-01-01 00:00:00', NULL);
INSERT INTO prediction (id, user_id, game_id, home_score, away_score, created_at, updated_at) VALUES (532, 6, 88, 5, 0, '2024-01-01 00:00:00', NULL);
INSERT INTO prediction (id, user_id, game_id, home_score, away_score, created_at, updated_at) VALUES (533, 11, 89, 4, 2, '2024-01-01 00:00:00', NULL);
INSERT INTO prediction (id, user_id, game_id, home_score, away_score, created_at, updated_at) VALUES (534, 7, 89, 3, 1, '2024-01-01 00:00:00', NULL);
INSERT INTO prediction (id, user_id, game_id, home_score, away_score, created_at, updated_at) VALUES (535, 14, 89, 4, 2, '2024-01-01 00:00:00', NULL);
INSERT INTO prediction (id, user_id, game_id, home_score, away_score, created_at, updated_at) VALUES (536, 8, 89, 3, 1, '2024-01-01 00:00:00', NULL);
INSERT INTO prediction (id, user_id, game_id, home_score, away_score, created_at, updated_at) VALUES (537, 17, 89, 4, 2, '2024-01-01 00:00:00', NULL);
INSERT INTO prediction (id, user_id, game_id, home_score, away_score, created_at, updated_at) VALUES (538, 12, 89, 6, 2, '2024-01-01 00:00:00', NULL);
INSERT INTO prediction (id, user_id, game_id, home_score, away_score, created_at, updated_at) VALUES (539, 13, 89, 5, 1, '2024-01-01 00:00:00', NULL);
INSERT INTO prediction (id, user_id, game_id, home_score, away_score, created_at, updated_at) VALUES (540, 15, 89, 4, 1, '2024-01-01 00:00:00', NULL);
INSERT INTO prediction (id, user_id, game_id, home_score, away_score, created_at, updated_at) VALUES (541, 6, 89, 3, 1, '2024-01-01 00:00:00', NULL);
INSERT INTO prediction (id, user_id, game_id, home_score, away_score, created_at, updated_at) VALUES (542, 11, 90, 4, 3, '2024-01-01 00:00:00', NULL);
INSERT INTO prediction (id, user_id, game_id, home_score, away_score, created_at, updated_at) VALUES (543, 7, 90, 4, 1, '2024-01-01 00:00:00', NULL);
INSERT INTO prediction (id, user_id, game_id, home_score, away_score, created_at, updated_at) VALUES (544, 14, 90, 4, 1, '2024-01-01 00:00:00', NULL);
INSERT INTO prediction (id, user_id, game_id, home_score, away_score, created_at, updated_at) VALUES (545, 8, 90, 4, 1, '2024-01-01 00:00:00', NULL);
INSERT INTO prediction (id, user_id, game_id, home_score, away_score, created_at, updated_at) VALUES (546, 17, 90, 4, 1, '2024-01-01 00:00:00', NULL);
INSERT INTO prediction (id, user_id, game_id, home_score, away_score, created_at, updated_at) VALUES (547, 12, 90, 5, 1, '2024-01-01 00:00:00', NULL);
INSERT INTO prediction (id, user_id, game_id, home_score, away_score, created_at, updated_at) VALUES (548, 13, 90, 7, 0, '2024-01-01 00:00:00', NULL);
INSERT INTO prediction (id, user_id, game_id, home_score, away_score, created_at, updated_at) VALUES (549, 15, 90, 5, 1, '2024-01-01 00:00:00', NULL);
INSERT INTO prediction (id, user_id, game_id, home_score, away_score, created_at, updated_at) VALUES (550, 6, 90, 6, 0, '2024-01-01 00:00:00', NULL);
INSERT INTO prediction (id, user_id, game_id, home_score, away_score, created_at, updated_at) VALUES (551, 11, 91, 8, 1, '2024-01-01 00:00:00', NULL);
INSERT INTO prediction (id, user_id, game_id, home_score, away_score, created_at, updated_at) VALUES (552, 7, 91, 6, 0, '2024-01-01 00:00:00', NULL);
INSERT INTO prediction (id, user_id, game_id, home_score, away_score, created_at, updated_at) VALUES (553, 14, 91, 8, 0, '2024-01-01 00:00:00', NULL);
INSERT INTO prediction (id, user_id, game_id, home_score, away_score, created_at, updated_at) VALUES (554, 8, 91, 4, 1, '2024-01-01 00:00:00', NULL);
INSERT INTO prediction (id, user_id, game_id, home_score, away_score, created_at, updated_at) VALUES (555, 17, 91, 5, 1, '2024-01-01 00:00:00', NULL);
INSERT INTO prediction (id, user_id, game_id, home_score, away_score, created_at, updated_at) VALUES (556, 12, 91, 6, 0, '2024-01-01 00:00:00', NULL);
INSERT INTO prediction (id, user_id, game_id, home_score, away_score, created_at, updated_at) VALUES (557, 13, 91, 6, 0, '2024-01-01 00:00:00', NULL);
INSERT INTO prediction (id, user_id, game_id, home_score, away_score, created_at, updated_at) VALUES (558, 15, 91, 6, 0, '2024-01-01 00:00:00', NULL);
INSERT INTO prediction (id, user_id, game_id, home_score, away_score, created_at, updated_at) VALUES (559, 6, 91, 6, 0, '2024-01-01 00:00:00', NULL);
INSERT INTO prediction (id, user_id, game_id, home_score, away_score, created_at, updated_at) VALUES (560, 11, 92, 7, 1, '2024-01-01 00:00:00', NULL);
INSERT INTO prediction (id, user_id, game_id, home_score, away_score, created_at, updated_at) VALUES (561, 7, 92, 7, 1, '2024-01-01 00:00:00', NULL);
INSERT INTO prediction (id, user_id, game_id, home_score, away_score, created_at, updated_at) VALUES (562, 14, 92, 7, 2, '2024-01-01 00:00:00', NULL);
INSERT INTO prediction (id, user_id, game_id, home_score, away_score, created_at, updated_at) VALUES (563, 8, 92, 3, 1, '2024-01-01 00:00:00', NULL);
INSERT INTO prediction (id, user_id, game_id, home_score, away_score, created_at, updated_at) VALUES (564, 17, 92, 6, 1, '2024-01-01 00:00:00', NULL);
INSERT INTO prediction (id, user_id, game_id, home_score, away_score, created_at, updated_at) VALUES (565, 12, 92, 6, 1, '2024-01-01 00:00:00', NULL);
INSERT INTO prediction (id, user_id, game_id, home_score, away_score, created_at, updated_at) VALUES (566, 13, 92, 6, 2, '2024-01-01 00:00:00', NULL);
INSERT INTO prediction (id, user_id, game_id, home_score, away_score, created_at, updated_at) VALUES (567, 15, 92, 5, 1, '2024-01-01 00:00:00', NULL);
INSERT INTO prediction (id, user_id, game_id, home_score, away_score, created_at, updated_at) VALUES (568, 6, 92, 6, 0, '2024-01-01 00:00:00', NULL);
INSERT INTO prediction (id, user_id, game_id, home_score, away_score, created_at, updated_at) VALUES (569, 11, 93, 2, 3, '2024-01-01 00:00:00', NULL);
INSERT INTO prediction (id, user_id, game_id, home_score, away_score, created_at, updated_at) VALUES (570, 7, 93, 3, 4, '2024-01-01 00:00:00', NULL);
INSERT INTO prediction (id, user_id, game_id, home_score, away_score, created_at, updated_at) VALUES (571, 14, 93, 3, 2, '2024-01-01 00:00:00', NULL);
INSERT INTO prediction (id, user_id, game_id, home_score, away_score, created_at, updated_at) VALUES (572, 8, 93, 2, 4, '2024-01-01 00:00:00', NULL);
INSERT INTO prediction (id, user_id, game_id, home_score, away_score, created_at, updated_at) VALUES (573, 17, 93, 4, 2, '2024-01-01 00:00:00', NULL);
INSERT INTO prediction (id, user_id, game_id, home_score, away_score, created_at, updated_at) VALUES (574, 12, 93, 2, 3, '2024-01-01 00:00:00', NULL);
INSERT INTO prediction (id, user_id, game_id, home_score, away_score, created_at, updated_at) VALUES (575, 13, 93, 3, 2, '2024-01-01 00:00:00', NULL);
INSERT INTO prediction (id, user_id, game_id, home_score, away_score, created_at, updated_at) VALUES (576, 15, 93, 4, 3, '2024-01-01 00:00:00', NULL);
INSERT INTO prediction (id, user_id, game_id, home_score, away_score, created_at, updated_at) VALUES (577, 6, 93, 3, 2, '2024-01-01 00:00:00', NULL);
INSERT INTO prediction (id, user_id, game_id, home_score, away_score, created_at, updated_at) VALUES (578, 11, 94, 5, 1, '2024-01-01 00:00:00', NULL);
INSERT INTO prediction (id, user_id, game_id, home_score, away_score, created_at, updated_at) VALUES (579, 7, 94, 7, 1, '2024-01-01 00:00:00', NULL);
INSERT INTO prediction (id, user_id, game_id, home_score, away_score, created_at, updated_at) VALUES (580, 14, 94, 7, 3, '2024-01-01 00:00:00', NULL);
INSERT INTO prediction (id, user_id, game_id, home_score, away_score, created_at, updated_at) VALUES (581, 8, 94, 5, 1, '2024-01-01 00:00:00', NULL);
INSERT INTO prediction (id, user_id, game_id, home_score, away_score, created_at, updated_at) VALUES (582, 17, 94, 5, 2, '2024-01-01 00:00:00', NULL);
INSERT INTO prediction (id, user_id, game_id, home_score, away_score, created_at, updated_at) VALUES (583, 12, 94, 8, 1, '2024-01-01 00:00:00', NULL);
INSERT INTO prediction (id, user_id, game_id, home_score, away_score, created_at, updated_at) VALUES (584, 13, 94, 6, 1, '2024-01-01 00:00:00', NULL);
INSERT INTO prediction (id, user_id, game_id, home_score, away_score, created_at, updated_at) VALUES (585, 15, 94, 5, 2, '2024-01-01 00:00:00', NULL);
INSERT INTO prediction (id, user_id, game_id, home_score, away_score, created_at, updated_at) VALUES (586, 6, 94, 6, 0, '2024-01-01 00:00:00', NULL);
INSERT INTO prediction (id, user_id, game_id, home_score, away_score, created_at, updated_at) VALUES (587, 11, 95, 2, 3, '2024-01-01 00:00:00', NULL);
INSERT INTO prediction (id, user_id, game_id, home_score, away_score, created_at, updated_at) VALUES (588, 7, 95, 3, 4, '2024-01-01 00:00:00', NULL);
INSERT INTO prediction (id, user_id, game_id, home_score, away_score, created_at, updated_at) VALUES (589, 14, 95, 6, 5, '2024-01-01 00:00:00', NULL);
INSERT INTO prediction (id, user_id, game_id, home_score, away_score, created_at, updated_at) VALUES (590, 8, 95, 2, 4, '2024-01-01 00:00:00', NULL);
INSERT INTO prediction (id, user_id, game_id, home_score, away_score, created_at, updated_at) VALUES (591, 17, 95, 2, 4, '2024-01-01 00:00:00', NULL);
INSERT INTO prediction (id, user_id, game_id, home_score, away_score, created_at, updated_at) VALUES (592, 12, 95, 3, 5, '2024-01-01 00:00:00', NULL);
INSERT INTO prediction (id, user_id, game_id, home_score, away_score, created_at, updated_at) VALUES (593, 13, 95, 2, 4, '2024-01-01 00:00:00', NULL);
INSERT INTO prediction (id, user_id, game_id, home_score, away_score, created_at, updated_at) VALUES (594, 15, 95, 2, 5, '2024-01-01 00:00:00', NULL);
INSERT INTO prediction (id, user_id, game_id, home_score, away_score, created_at, updated_at) VALUES (595, 6, 95, 2, 5, '2024-01-01 00:00:00', NULL);
INSERT INTO prediction (id, user_id, game_id, home_score, away_score, created_at, updated_at) VALUES (596, 11, 96, 0, 6, '2024-01-01 00:00:00', NULL);
INSERT INTO prediction (id, user_id, game_id, home_score, away_score, created_at, updated_at) VALUES (597, 7, 96, 0, 7, '2024-01-01 00:00:00', NULL);
INSERT INTO prediction (id, user_id, game_id, home_score, away_score, created_at, updated_at) VALUES (598, 14, 96, 1, 6, '2024-01-01 00:00:00', NULL);
INSERT INTO prediction (id, user_id, game_id, home_score, away_score, created_at, updated_at) VALUES (599, 8, 96, 1, 6, '2024-01-01 00:00:00', NULL);
INSERT INTO prediction (id, user_id, game_id, home_score, away_score, created_at, updated_at) VALUES (600, 17, 96, 1, 6, '2024-01-01 00:00:00', NULL);
INSERT INTO prediction (id, user_id, game_id, home_score, away_score, created_at, updated_at) VALUES (601, 12, 96, 0, 8, '2024-01-01 00:00:00', NULL);
INSERT INTO prediction (id, user_id, game_id, home_score, away_score, created_at, updated_at) VALUES (602, 13, 96, 0, 7, '2024-01-01 00:00:00', NULL);
INSERT INTO prediction (id, user_id, game_id, home_score, away_score, created_at, updated_at) VALUES (603, 15, 96, 1, 6, '2024-01-01 00:00:00', NULL);
INSERT INTO prediction (id, user_id, game_id, home_score, away_score, created_at, updated_at) VALUES (604, 6, 96, 1, 7, '2024-01-01 00:00:00', NULL);
INSERT INTO prediction (id, user_id, game_id, home_score, away_score, created_at, updated_at) VALUES (605, 11, 97, 3, 2, '2024-01-01 00:00:00', NULL);
INSERT INTO prediction (id, user_id, game_id, home_score, away_score, created_at, updated_at) VALUES (606, 7, 97, 4, 1, '2024-01-01 00:00:00', NULL);
INSERT INTO prediction (id, user_id, game_id, home_score, away_score, created_at, updated_at) VALUES (607, 14, 97, 3, 1, '2024-01-01 00:00:00', NULL);
INSERT INTO prediction (id, user_id, game_id, home_score, away_score, created_at, updated_at) VALUES (608, 8, 97, 4, 2, '2024-01-01 00:00:00', NULL);
INSERT INTO prediction (id, user_id, game_id, home_score, away_score, created_at, updated_at) VALUES (609, 12, 97, 3, 1, '2024-01-01 00:00:00', NULL);
INSERT INTO prediction (id, user_id, game_id, home_score, away_score, created_at, updated_at) VALUES (610, 13, 97, 4, 2, '2024-01-01 00:00:00', NULL);
INSERT INTO prediction (id, user_id, game_id, home_score, away_score, created_at, updated_at) VALUES (611, 15, 97, 4, 1, '2024-01-01 00:00:00', NULL);
INSERT INTO prediction (id, user_id, game_id, home_score, away_score, created_at, updated_at) VALUES (612, 6, 97, 3, 2, '2024-01-01 00:00:00', NULL);
INSERT INTO prediction (id, user_id, game_id, home_score, away_score, created_at, updated_at) VALUES (613, 11, 98, 3, 2, '2024-01-01 00:00:00', NULL);
INSERT INTO prediction (id, user_id, game_id, home_score, away_score, created_at, updated_at) VALUES (614, 7, 98, 4, 1, '2024-01-01 00:00:00', NULL);
INSERT INTO prediction (id, user_id, game_id, home_score, away_score, created_at, updated_at) VALUES (615, 14, 98, 4, 2, '2024-01-01 00:00:00', NULL);
INSERT INTO prediction (id, user_id, game_id, home_score, away_score, created_at, updated_at) VALUES (616, 8, 98, 3, 2, '2024-01-01 00:00:00', NULL);
INSERT INTO prediction (id, user_id, game_id, home_score, away_score, created_at, updated_at) VALUES (617, 12, 98, 4, 2, '2024-01-01 00:00:00', NULL);
INSERT INTO prediction (id, user_id, game_id, home_score, away_score, created_at, updated_at) VALUES (618, 13, 98, 3, 2, '2024-01-01 00:00:00', NULL);
INSERT INTO prediction (id, user_id, game_id, home_score, away_score, created_at, updated_at) VALUES (619, 15, 98, 4, 3, '2024-01-01 00:00:00', NULL);
INSERT INTO prediction (id, user_id, game_id, home_score, away_score, created_at, updated_at) VALUES (620, 6, 98, 2, 3, '2024-01-01 00:00:00', NULL);
INSERT INTO prediction (id, user_id, game_id, home_score, away_score, created_at, updated_at) VALUES (621, 11, 99, 2, 6, '2024-01-01 00:00:00', NULL);
INSERT INTO prediction (id, user_id, game_id, home_score, away_score, created_at, updated_at) VALUES (622, 7, 99, 1, 4, '2024-01-01 00:00:00', NULL);
INSERT INTO prediction (id, user_id, game_id, home_score, away_score, created_at, updated_at) VALUES (623, 14, 99, 0, 5, '2024-01-01 00:00:00', NULL);
INSERT INTO prediction (id, user_id, game_id, home_score, away_score, created_at, updated_at) VALUES (624, 8, 99, 1, 4, '2024-01-01 00:00:00', NULL);
INSERT INTO prediction (id, user_id, game_id, home_score, away_score, created_at, updated_at) VALUES (625, 17, 99, 2, 5, '2024-01-01 00:00:00', NULL);
INSERT INTO prediction (id, user_id, game_id, home_score, away_score, created_at, updated_at) VALUES (626, 12, 99, 1, 5, '2024-01-01 00:00:00', NULL);
INSERT INTO prediction (id, user_id, game_id, home_score, away_score, created_at, updated_at) VALUES (627, 13, 99, 2, 5, '2024-01-01 00:00:00', NULL);
INSERT INTO prediction (id, user_id, game_id, home_score, away_score, created_at, updated_at) VALUES (628, 15, 99, 1, 6, '2024-01-01 00:00:00', NULL);
INSERT INTO prediction (id, user_id, game_id, home_score, away_score, created_at, updated_at) VALUES (629, 6, 99, 1, 5, '2024-01-01 00:00:00', NULL);
INSERT INTO prediction (id, user_id, game_id, home_score, away_score, created_at, updated_at) VALUES (630, 11, 100, 5, 1, '2024-01-01 00:00:00', NULL);
INSERT INTO prediction (id, user_id, game_id, home_score, away_score, created_at, updated_at) VALUES (631, 7, 100, 7, 0, '2024-01-01 00:00:00', NULL);
INSERT INTO prediction (id, user_id, game_id, home_score, away_score, created_at, updated_at) VALUES (632, 14, 100, 8, 0, '2024-01-01 00:00:00', NULL);
INSERT INTO prediction (id, user_id, game_id, home_score, away_score, created_at, updated_at) VALUES (633, 8, 100, 7, 1, '2024-01-01 00:00:00', NULL);
INSERT INTO prediction (id, user_id, game_id, home_score, away_score, created_at, updated_at) VALUES (634, 17, 100, 8, 0, '2024-01-01 00:00:00', NULL);
INSERT INTO prediction (id, user_id, game_id, home_score, away_score, created_at, updated_at) VALUES (635, 12, 100, 7, 0, '2024-01-01 00:00:00', NULL);
INSERT INTO prediction (id, user_id, game_id, home_score, away_score, created_at, updated_at) VALUES (636, 13, 100, 9, 0, '2024-01-01 00:00:00', NULL);
INSERT INTO prediction (id, user_id, game_id, home_score, away_score, created_at, updated_at) VALUES (637, 15, 100, 8, 0, '2024-01-01 00:00:00', NULL);
INSERT INTO prediction (id, user_id, game_id, home_score, away_score, created_at, updated_at) VALUES (638, 6, 100, 8, 0, '2024-01-01 00:00:00', NULL);
INSERT INTO prediction (id, user_id, game_id, home_score, away_score, created_at, updated_at) VALUES (639, 11, 101, 2, 4, '2024-01-01 00:00:00', NULL);
INSERT INTO prediction (id, user_id, game_id, home_score, away_score, created_at, updated_at) VALUES (640, 7, 101, 0, 4, '2024-01-01 00:00:00', NULL);
INSERT INTO prediction (id, user_id, game_id, home_score, away_score, created_at, updated_at) VALUES (641, 14, 101, 2, 5, '2024-01-01 00:00:00', NULL);
INSERT INTO prediction (id, user_id, game_id, home_score, away_score, created_at, updated_at) VALUES (642, 8, 101, 2, 5, '2024-01-01 00:00:00', NULL);
INSERT INTO prediction (id, user_id, game_id, home_score, away_score, created_at, updated_at) VALUES (643, 17, 101, 1, 4, '2024-01-01 00:00:00', NULL);
INSERT INTO prediction (id, user_id, game_id, home_score, away_score, created_at, updated_at) VALUES (644, 13, 101, 1, 4, '2024-01-01 00:00:00', NULL);
INSERT INTO prediction (id, user_id, game_id, home_score, away_score, created_at, updated_at) VALUES (645, 15, 101, 0, 5, '2024-01-01 00:00:00', NULL);
INSERT INTO prediction (id, user_id, game_id, home_score, away_score, created_at, updated_at) VALUES (646, 6, 101, 0, 6, '2024-01-01 00:00:00', NULL);
INSERT INTO prediction (id, user_id, game_id, home_score, away_score, created_at, updated_at) VALUES (647, 11, 102, 3, 1, '2024-01-01 00:00:00', NULL);
INSERT INTO prediction (id, user_id, game_id, home_score, away_score, created_at, updated_at) VALUES (648, 7, 102, 4, 2, '2024-01-01 00:00:00', NULL);
INSERT INTO prediction (id, user_id, game_id, home_score, away_score, created_at, updated_at) VALUES (649, 14, 102, 2, 3, '2024-01-01 00:00:00', NULL);
INSERT INTO prediction (id, user_id, game_id, home_score, away_score, created_at, updated_at) VALUES (650, 8, 102, 3, 2, '2024-01-01 00:00:00', NULL);
INSERT INTO prediction (id, user_id, game_id, home_score, away_score, created_at, updated_at) VALUES (651, 17, 102, 2, 3, '2024-01-01 00:00:00', NULL);
INSERT INTO prediction (id, user_id, game_id, home_score, away_score, created_at, updated_at) VALUES (652, 13, 102, 1, 4, '2024-01-01 00:00:00', NULL);
INSERT INTO prediction (id, user_id, game_id, home_score, away_score, created_at, updated_at) VALUES (653, 15, 102, 4, 2, '2024-01-01 00:00:00', NULL);
INSERT INTO prediction (id, user_id, game_id, home_score, away_score, created_at, updated_at) VALUES (654, 6, 102, 1, 3, '2024-01-01 00:00:00', NULL);
INSERT INTO prediction (id, user_id, game_id, home_score, away_score, created_at, updated_at) VALUES (655, 11, 103, 3, 1, '2024-01-01 00:00:00', NULL);
INSERT INTO prediction (id, user_id, game_id, home_score, away_score, created_at, updated_at) VALUES (656, 7, 103, 3, 2, '2024-01-01 00:00:00', NULL);
INSERT INTO prediction (id, user_id, game_id, home_score, away_score, created_at, updated_at) VALUES (657, 14, 103, 1, 4, '2024-01-01 00:00:00', NULL);
INSERT INTO prediction (id, user_id, game_id, home_score, away_score, created_at, updated_at) VALUES (658, 8, 103, 3, 2, '2024-01-01 00:00:00', NULL);
INSERT INTO prediction (id, user_id, game_id, home_score, away_score, created_at, updated_at) VALUES (659, 17, 103, 2, 3, '2024-01-01 00:00:00', NULL);
INSERT INTO prediction (id, user_id, game_id, home_score, away_score, created_at, updated_at) VALUES (660, 12, 103, 2, 3, '2024-01-01 00:00:00', NULL);
INSERT INTO prediction (id, user_id, game_id, home_score, away_score, created_at, updated_at) VALUES (661, 13, 103, 2, 3, '2024-01-01 00:00:00', NULL);
INSERT INTO prediction (id, user_id, game_id, home_score, away_score, created_at, updated_at) VALUES (662, 15, 103, 3, 2, '2024-01-01 00:00:00', NULL);
INSERT INTO prediction (id, user_id, game_id, home_score, away_score, created_at, updated_at) VALUES (663, 6, 103, 2, 3, '2024-01-01 00:00:00', NULL);
INSERT INTO prediction (id, user_id, game_id, home_score, away_score, created_at, updated_at) VALUES (664, 11, 104, 5, 1, '2024-01-01 00:00:00', NULL);
INSERT INTO prediction (id, user_id, game_id, home_score, away_score, created_at, updated_at) VALUES (665, 7, 104, 4, 0, '2024-01-01 00:00:00', NULL);
INSERT INTO prediction (id, user_id, game_id, home_score, away_score, created_at, updated_at) VALUES (666, 14, 104, 5, 1, '2024-01-01 00:00:00', NULL);
INSERT INTO prediction (id, user_id, game_id, home_score, away_score, created_at, updated_at) VALUES (667, 8, 104, 4, 1, '2024-01-01 00:00:00', NULL);
INSERT INTO prediction (id, user_id, game_id, home_score, away_score, created_at, updated_at) VALUES (668, 17, 104, 4, 1, '2024-01-01 00:00:00', NULL);
INSERT INTO prediction (id, user_id, game_id, home_score, away_score, created_at, updated_at) VALUES (669, 12, 104, 5, 1, '2024-01-01 00:00:00', NULL);
INSERT INTO prediction (id, user_id, game_id, home_score, away_score, created_at, updated_at) VALUES (670, 13, 104, 4, 1, '2024-01-01 00:00:00', NULL);
INSERT INTO prediction (id, user_id, game_id, home_score, away_score, created_at, updated_at) VALUES (671, 15, 104, 5, 2, '2024-01-01 00:00:00', NULL);
INSERT INTO prediction (id, user_id, game_id, home_score, away_score, created_at, updated_at) VALUES (672, 6, 104, 6, 0, '2024-01-01 00:00:00', NULL);
INSERT INTO prediction (id, user_id, game_id, home_score, away_score, created_at, updated_at) VALUES (673, 11, 105, 5, 3, '2024-01-01 00:00:00', NULL);
INSERT INTO prediction (id, user_id, game_id, home_score, away_score, created_at, updated_at) VALUES (674, 7, 105, 5, 2, '2024-01-01 00:00:00', NULL);
INSERT INTO prediction (id, user_id, game_id, home_score, away_score, created_at, updated_at) VALUES (675, 14, 105, 6, 2, '2024-01-01 00:00:00', NULL);
INSERT INTO prediction (id, user_id, game_id, home_score, away_score, created_at, updated_at) VALUES (676, 8, 105, 4, 2, '2024-01-01 00:00:00', NULL);
INSERT INTO prediction (id, user_id, game_id, home_score, away_score, created_at, updated_at) VALUES (677, 17, 105, 5, 2, '2024-01-01 00:00:00', NULL);
INSERT INTO prediction (id, user_id, game_id, home_score, away_score, created_at, updated_at) VALUES (678, 12, 105, 5, 3, '2024-01-01 00:00:00', NULL);
INSERT INTO prediction (id, user_id, game_id, home_score, away_score, created_at, updated_at) VALUES (679, 13, 105, 5, 2, '2024-01-01 00:00:00', NULL);
INSERT INTO prediction (id, user_id, game_id, home_score, away_score, created_at, updated_at) VALUES (680, 15, 105, 6, 1, '2024-01-01 00:00:00', NULL);
INSERT INTO prediction (id, user_id, game_id, home_score, away_score, created_at, updated_at) VALUES (681, 6, 105, 4, 1, '2024-01-01 00:00:00', NULL);
INSERT INTO prediction (id, user_id, game_id, home_score, away_score, created_at, updated_at) VALUES (682, 11, 106, 2, 1, '2024-01-01 00:00:00', NULL);
INSERT INTO prediction (id, user_id, game_id, home_score, away_score, created_at, updated_at) VALUES (683, 7, 106, 3, 4, '2024-01-01 00:00:00', NULL);
INSERT INTO prediction (id, user_id, game_id, home_score, away_score, created_at, updated_at) VALUES (684, 14, 106, 5, 3, '2024-01-01 00:00:00', NULL);
INSERT INTO prediction (id, user_id, game_id, home_score, away_score, created_at, updated_at) VALUES (685, 8, 106, 3, 1, '2024-01-01 00:00:00', NULL);
INSERT INTO prediction (id, user_id, game_id, home_score, away_score, created_at, updated_at) VALUES (686, 17, 106, 5, 3, '2024-01-01 00:00:00', NULL);
INSERT INTO prediction (id, user_id, game_id, home_score, away_score, created_at, updated_at) VALUES (687, 12, 106, 3, 1, '2024-01-01 00:00:00', NULL);
INSERT INTO prediction (id, user_id, game_id, home_score, away_score, created_at, updated_at) VALUES (688, 13, 106, 5, 3, '2024-01-01 00:00:00', NULL);
INSERT INTO prediction (id, user_id, game_id, home_score, away_score, created_at, updated_at) VALUES (689, 15, 106, 5, 4, '2024-01-01 00:00:00', NULL);
INSERT INTO prediction (id, user_id, game_id, home_score, away_score, created_at, updated_at) VALUES (690, 6, 106, 5, 3, '2024-01-01 00:00:00', NULL);
INSERT INTO prediction (id, user_id, game_id, home_score, away_score, created_at, updated_at) VALUES (691, 11, 107, 1, 4, '2024-01-01 00:00:00', NULL);
INSERT INTO prediction (id, user_id, game_id, home_score, away_score, created_at, updated_at) VALUES (692, 7, 107, 2, 4, '2024-01-01 00:00:00', NULL);
INSERT INTO prediction (id, user_id, game_id, home_score, away_score, created_at, updated_at) VALUES (693, 14, 107, 1, 4, '2024-01-01 00:00:00', NULL);
INSERT INTO prediction (id, user_id, game_id, home_score, away_score, created_at, updated_at) VALUES (694, 8, 107, 1, 3, '2024-01-01 00:00:00', NULL);
INSERT INTO prediction (id, user_id, game_id, home_score, away_score, created_at, updated_at) VALUES (695, 17, 107, 2, 5, '2024-01-01 00:00:00', NULL);
INSERT INTO prediction (id, user_id, game_id, home_score, away_score, created_at, updated_at) VALUES (696, 12, 107, 2, 4, '2024-01-01 00:00:00', NULL);
INSERT INTO prediction (id, user_id, game_id, home_score, away_score, created_at, updated_at) VALUES (697, 13, 107, 2, 4, '2024-01-01 00:00:00', NULL);
INSERT INTO prediction (id, user_id, game_id, home_score, away_score, created_at, updated_at) VALUES (698, 15, 107, 2, 5, '2024-01-01 00:00:00', NULL);
INSERT INTO prediction (id, user_id, game_id, home_score, away_score, created_at, updated_at) VALUES (699, 6, 107, 0, 5, '2024-01-01 00:00:00', NULL);
INSERT INTO prediction (id, user_id, game_id, home_score, away_score, created_at, updated_at) VALUES (700, 11, 108, 1, 6, '2024-01-01 00:00:00', NULL);
INSERT INTO prediction (id, user_id, game_id, home_score, away_score, created_at, updated_at) VALUES (701, 7, 108, 0, 6, '2024-01-01 00:00:00', NULL);
INSERT INTO prediction (id, user_id, game_id, home_score, away_score, created_at, updated_at) VALUES (702, 14, 108, 0, 5, '2024-01-01 00:00:00', NULL);
INSERT INTO prediction (id, user_id, game_id, home_score, away_score, created_at, updated_at) VALUES (703, 8, 108, 1, 4, '2024-01-01 00:00:00', NULL);
INSERT INTO prediction (id, user_id, game_id, home_score, away_score, created_at, updated_at) VALUES (704, 17, 108, 1, 6, '2024-01-01 00:00:00', NULL);
INSERT INTO prediction (id, user_id, game_id, home_score, away_score, created_at, updated_at) VALUES (705, 12, 108, 0, 5, '2024-01-01 00:00:00', NULL);
INSERT INTO prediction (id, user_id, game_id, home_score, away_score, created_at, updated_at) VALUES (706, 13, 108, 1, 6, '2024-01-01 00:00:00', NULL);
INSERT INTO prediction (id, user_id, game_id, home_score, away_score, created_at, updated_at) VALUES (707, 15, 108, 1, 7, '2024-01-01 00:00:00', NULL);
INSERT INTO prediction (id, user_id, game_id, home_score, away_score, created_at, updated_at) VALUES (708, 6, 108, 0, 5, '2024-01-01 00:00:00', NULL);
INSERT INTO prediction (id, user_id, game_id, home_score, away_score, created_at, updated_at) VALUES (709, 11, 109, 2, 3, '2024-01-01 00:00:00', NULL);
INSERT INTO prediction (id, user_id, game_id, home_score, away_score, created_at, updated_at) VALUES (710, 7, 109, 3, 4, '2024-01-01 00:00:00', NULL);
INSERT INTO prediction (id, user_id, game_id, home_score, away_score, created_at, updated_at) VALUES (711, 14, 109, 2, 4, '2024-01-01 00:00:00', NULL);
INSERT INTO prediction (id, user_id, game_id, home_score, away_score, created_at, updated_at) VALUES (712, 8, 109, 2, 4, '2024-01-01 00:00:00', NULL);
INSERT INTO prediction (id, user_id, game_id, home_score, away_score, created_at, updated_at) VALUES (713, 17, 109, 2, 5, '2024-01-01 00:00:00', NULL);
INSERT INTO prediction (id, user_id, game_id, home_score, away_score, created_at, updated_at) VALUES (714, 12, 109, 3, 5, '2024-01-01 00:00:00', NULL);
INSERT INTO prediction (id, user_id, game_id, home_score, away_score, created_at, updated_at) VALUES (715, 13, 109, 2, 4, '2024-01-01 00:00:00', NULL);
INSERT INTO prediction (id, user_id, game_id, home_score, away_score, created_at, updated_at) VALUES (716, 15, 109, 2, 4, '2024-01-01 00:00:00', NULL);
INSERT INTO prediction (id, user_id, game_id, home_score, away_score, created_at, updated_at) VALUES (717, 6, 109, 2, 3, '2024-01-01 00:00:00', NULL);
INSERT INTO prediction (id, user_id, game_id, home_score, away_score, created_at, updated_at) VALUES (718, 11, 110, 2, 4, '2024-01-01 00:00:00', NULL);
INSERT INTO prediction (id, user_id, game_id, home_score, away_score, created_at, updated_at) VALUES (719, 7, 110, 1, 6, '2024-01-01 00:00:00', NULL);
INSERT INTO prediction (id, user_id, game_id, home_score, away_score, created_at, updated_at) VALUES (720, 14, 110, 1, 6, '2024-01-01 00:00:00', NULL);
INSERT INTO prediction (id, user_id, game_id, home_score, away_score, created_at, updated_at) VALUES (721, 8, 110, 1, 4, '2024-01-01 00:00:00', NULL);
INSERT INTO prediction (id, user_id, game_id, home_score, away_score, created_at, updated_at) VALUES (722, 17, 110, 1, 6, '2024-01-01 00:00:00', NULL);
INSERT INTO prediction (id, user_id, game_id, home_score, away_score, created_at, updated_at) VALUES (723, 12, 110, 0, 6, '2024-01-01 00:00:00', NULL);
INSERT INTO prediction (id, user_id, game_id, home_score, away_score, created_at, updated_at) VALUES (724, 13, 110, 2, 5, '2024-01-01 00:00:00', NULL);
INSERT INTO prediction (id, user_id, game_id, home_score, away_score, created_at, updated_at) VALUES (725, 15, 110, 1, 5, '2024-01-01 00:00:00', NULL);
INSERT INTO prediction (id, user_id, game_id, home_score, away_score, created_at, updated_at) VALUES (726, 6, 110, 0, 4, '2024-01-01 00:00:00', NULL);
INSERT INTO prediction (id, user_id, game_id, home_score, away_score, created_at, updated_at) VALUES (727, 11, 111, 4, 3, '2024-01-01 00:00:00', NULL);
INSERT INTO prediction (id, user_id, game_id, home_score, away_score, created_at, updated_at) VALUES (728, 7, 111, 5, 3, '2024-01-01 00:00:00', NULL);
INSERT INTO prediction (id, user_id, game_id, home_score, away_score, created_at, updated_at) VALUES (729, 14, 111, 5, 3, '2024-01-01 00:00:00', NULL);
INSERT INTO prediction (id, user_id, game_id, home_score, away_score, created_at, updated_at) VALUES (730, 8, 111, 5, 2, '2024-01-01 00:00:00', NULL);
INSERT INTO prediction (id, user_id, game_id, home_score, away_score, created_at, updated_at) VALUES (731, 17, 111, 5, 1, '2024-01-01 00:00:00', NULL);
INSERT INTO prediction (id, user_id, game_id, home_score, away_score, created_at, updated_at) VALUES (732, 12, 111, 5, 2, '2024-01-01 00:00:00', NULL);
INSERT INTO prediction (id, user_id, game_id, home_score, away_score, created_at, updated_at) VALUES (733, 13, 111, 7, 1, '2024-01-01 00:00:00', NULL);
INSERT INTO prediction (id, user_id, game_id, home_score, away_score, created_at, updated_at) VALUES (734, 15, 111, 5, 2, '2024-01-01 00:00:00', NULL);
INSERT INTO prediction (id, user_id, game_id, home_score, away_score, created_at, updated_at) VALUES (735, 6, 111, 4, 3, '2024-01-01 00:00:00', NULL);
INSERT INTO prediction (id, user_id, game_id, home_score, away_score, created_at, updated_at) VALUES (736, 11, 112, 2, 3, '2024-01-01 00:00:00', NULL);
INSERT INTO prediction (id, user_id, game_id, home_score, away_score, created_at, updated_at) VALUES (737, 7, 112, 1, 5, '2024-01-01 00:00:00', NULL);
INSERT INTO prediction (id, user_id, game_id, home_score, away_score, created_at, updated_at) VALUES (738, 14, 112, 2, 4, '2024-01-01 00:00:00', NULL);
INSERT INTO prediction (id, user_id, game_id, home_score, away_score, created_at, updated_at) VALUES (739, 8, 112, 1, 5, '2024-01-01 00:00:00', NULL);
INSERT INTO prediction (id, user_id, game_id, home_score, away_score, created_at, updated_at) VALUES (740, 17, 112, 2, 4, '2024-01-01 00:00:00', NULL);
INSERT INTO prediction (id, user_id, game_id, home_score, away_score, created_at, updated_at) VALUES (741, 12, 112, 1, 3, '2024-01-01 00:00:00', NULL);
INSERT INTO prediction (id, user_id, game_id, home_score, away_score, created_at, updated_at) VALUES (742, 13, 112, 1, 4, '2024-01-01 00:00:00', NULL);
INSERT INTO prediction (id, user_id, game_id, home_score, away_score, created_at, updated_at) VALUES (743, 15, 112, 1, 3, '2024-01-01 00:00:00', NULL);
INSERT INTO prediction (id, user_id, game_id, home_score, away_score, created_at, updated_at) VALUES (744, 6, 112, 1, 4, '2024-01-01 00:00:00', NULL);
INSERT INTO prediction (id, user_id, game_id, home_score, away_score, created_at, updated_at) VALUES (745, 11, 113, 5, 1, '2024-01-01 00:00:00', NULL);
INSERT INTO prediction (id, user_id, game_id, home_score, away_score, created_at, updated_at) VALUES (746, 7, 113, 5, 0, '2024-01-01 00:00:00', NULL);
INSERT INTO prediction (id, user_id, game_id, home_score, away_score, created_at, updated_at) VALUES (747, 14, 113, 7, 0, '2024-01-01 00:00:00', NULL);
INSERT INTO prediction (id, user_id, game_id, home_score, away_score, created_at, updated_at) VALUES (748, 8, 113, 4, 1, '2024-01-01 00:00:00', NULL);
INSERT INTO prediction (id, user_id, game_id, home_score, away_score, created_at, updated_at) VALUES (749, 17, 113, 7, 0, '2024-01-01 00:00:00', NULL);
INSERT INTO prediction (id, user_id, game_id, home_score, away_score, created_at, updated_at) VALUES (750, 12, 113, 4, 1, '2024-01-01 00:00:00', NULL);
INSERT INTO prediction (id, user_id, game_id, home_score, away_score, created_at, updated_at) VALUES (751, 13, 113, 5, 1, '2024-01-01 00:00:00', NULL);
INSERT INTO prediction (id, user_id, game_id, home_score, away_score, created_at, updated_at) VALUES (752, 15, 113, 6, 0, '2024-01-01 00:00:00', NULL);
INSERT INTO prediction (id, user_id, game_id, home_score, away_score, created_at, updated_at) VALUES (753, 6, 113, 5, 0, '2024-01-01 00:00:00', NULL);
INSERT INTO prediction (id, user_id, game_id, home_score, away_score, created_at, updated_at) VALUES (754, 11, 114, 5, 3, '2024-01-01 00:00:00', NULL);
INSERT INTO prediction (id, user_id, game_id, home_score, away_score, created_at, updated_at) VALUES (755, 7, 114, 6, 2, '2024-01-01 00:00:00', NULL);
INSERT INTO prediction (id, user_id, game_id, home_score, away_score, created_at, updated_at) VALUES (756, 14, 114, 8, 0, '2024-01-01 00:00:00', NULL);
INSERT INTO prediction (id, user_id, game_id, home_score, away_score, created_at, updated_at) VALUES (757, 8, 114, 5, 2, '2024-01-01 00:00:00', NULL);
INSERT INTO prediction (id, user_id, game_id, home_score, away_score, created_at, updated_at) VALUES (758, 17, 114, 8, 2, '2024-01-01 00:00:00', NULL);
INSERT INTO prediction (id, user_id, game_id, home_score, away_score, created_at, updated_at) VALUES (759, 12, 114, 3, 0, '2024-01-01 00:00:00', NULL);
INSERT INTO prediction (id, user_id, game_id, home_score, away_score, created_at, updated_at) VALUES (760, 13, 114, 6, 2, '2024-01-01 00:00:00', NULL);
INSERT INTO prediction (id, user_id, game_id, home_score, away_score, created_at, updated_at) VALUES (761, 15, 114, 5, 1, '2024-01-01 00:00:00', NULL);
INSERT INTO prediction (id, user_id, game_id, home_score, away_score, created_at, updated_at) VALUES (762, 6, 114, 7, 1, '2024-01-01 00:00:00', NULL);
INSERT INTO prediction (id, user_id, game_id, home_score, away_score, created_at, updated_at) VALUES (763, 11, 115, 4, 1, '2024-01-01 00:00:00', NULL);
INSERT INTO prediction (id, user_id, game_id, home_score, away_score, created_at, updated_at) VALUES (764, 7, 115, 5, 0, '2024-01-01 00:00:00', NULL);
INSERT INTO prediction (id, user_id, game_id, home_score, away_score, created_at, updated_at) VALUES (765, 14, 115, 3, 2, '2024-01-01 00:00:00', NULL);
INSERT INTO prediction (id, user_id, game_id, home_score, away_score, created_at, updated_at) VALUES (766, 8, 115, 5, 2, '2024-01-01 00:00:00', NULL);
INSERT INTO prediction (id, user_id, game_id, home_score, away_score, created_at, updated_at) VALUES (767, 17, 115, 4, 1, '2024-01-01 00:00:00', NULL);
INSERT INTO prediction (id, user_id, game_id, home_score, away_score, created_at, updated_at) VALUES (768, 12, 115, 4, 1, '2024-01-01 00:00:00', NULL);
INSERT INTO prediction (id, user_id, game_id, home_score, away_score, created_at, updated_at) VALUES (769, 13, 115, 4, 1, '2024-01-01 00:00:00', NULL);
INSERT INTO prediction (id, user_id, game_id, home_score, away_score, created_at, updated_at) VALUES (770, 15, 115, 5, 2, '2024-01-01 00:00:00', NULL);
INSERT INTO prediction (id, user_id, game_id, home_score, away_score, created_at, updated_at) VALUES (771, 6, 115, 4, 2, '2024-01-01 00:00:00', NULL);
INSERT INTO prediction (id, user_id, game_id, home_score, away_score, created_at, updated_at) VALUES (772, 11, 116, 2, 4, '2024-01-01 00:00:00', NULL);
INSERT INTO prediction (id, user_id, game_id, home_score, away_score, created_at, updated_at) VALUES (773, 7, 116, 3, 4, '2024-01-01 00:00:00', NULL);
INSERT INTO prediction (id, user_id, game_id, home_score, away_score, created_at, updated_at) VALUES (774, 14, 116, 3, 4, '2024-01-01 00:00:00', NULL);
INSERT INTO prediction (id, user_id, game_id, home_score, away_score, created_at, updated_at) VALUES (775, 8, 116, 2, 3, '2024-01-01 00:00:00', NULL);
INSERT INTO prediction (id, user_id, game_id, home_score, away_score, created_at, updated_at) VALUES (776, 17, 116, 3, 5, '2024-01-01 00:00:00', NULL);
INSERT INTO prediction (id, user_id, game_id, home_score, away_score, created_at, updated_at) VALUES (777, 12, 116, 3, 2, '2024-01-01 00:00:00', NULL);
INSERT INTO prediction (id, user_id, game_id, home_score, away_score, created_at, updated_at) VALUES (778, 13, 116, 4, 3, '2024-01-01 00:00:00', NULL);
INSERT INTO prediction (id, user_id, game_id, home_score, away_score, created_at, updated_at) VALUES (779, 15, 116, 3, 4, '2024-01-01 00:00:00', NULL);
INSERT INTO prediction (id, user_id, game_id, home_score, away_score, created_at, updated_at) VALUES (780, 6, 116, 4, 2, '2024-01-01 00:00:00', NULL);
INSERT INTO prediction (id, user_id, game_id, home_score, away_score, created_at, updated_at) VALUES (781, 11, 117, 1, 3, '2024-01-01 00:00:00', NULL);
INSERT INTO prediction (id, user_id, game_id, home_score, away_score, created_at, updated_at) VALUES (782, 7, 117, 1, 4, '2024-01-01 00:00:00', NULL);
INSERT INTO prediction (id, user_id, game_id, home_score, away_score, created_at, updated_at) VALUES (783, 14, 117, 1, 4, '2024-01-01 00:00:00', NULL);
INSERT INTO prediction (id, user_id, game_id, home_score, away_score, created_at, updated_at) VALUES (784, 8, 117, 1, 4, '2024-01-01 00:00:00', NULL);
INSERT INTO prediction (id, user_id, game_id, home_score, away_score, created_at, updated_at) VALUES (785, 17, 117, 2, 4, '2024-01-01 00:00:00', NULL);
INSERT INTO prediction (id, user_id, game_id, home_score, away_score, created_at, updated_at) VALUES (786, 12, 117, 2, 4, '2024-01-01 00:00:00', NULL);
INSERT INTO prediction (id, user_id, game_id, home_score, away_score, created_at, updated_at) VALUES (787, 13, 117, 3, 2, '2024-01-01 00:00:00', NULL);
INSERT INTO prediction (id, user_id, game_id, home_score, away_score, created_at, updated_at) VALUES (788, 15, 117, 0, 4, '2024-01-01 00:00:00', NULL);
INSERT INTO prediction (id, user_id, game_id, home_score, away_score, created_at, updated_at) VALUES (789, 6, 117, 2, 3, '2024-01-01 00:00:00', NULL);
INSERT INTO prediction (id, user_id, game_id, home_score, away_score, created_at, updated_at) VALUES (790, 11, 118, 4, 1, '2024-01-01 00:00:00', NULL);
INSERT INTO prediction (id, user_id, game_id, home_score, away_score, created_at, updated_at) VALUES (791, 7, 118, 5, 1, '2024-01-01 00:00:00', NULL);
INSERT INTO prediction (id, user_id, game_id, home_score, away_score, created_at, updated_at) VALUES (792, 14, 118, 4, 2, '2024-01-01 00:00:00', NULL);
INSERT INTO prediction (id, user_id, game_id, home_score, away_score, created_at, updated_at) VALUES (793, 8, 118, 4, 1, '2024-01-01 00:00:00', NULL);
INSERT INTO prediction (id, user_id, game_id, home_score, away_score, created_at, updated_at) VALUES (794, 17, 118, 2, 3, '2024-01-01 00:00:00', NULL);
INSERT INTO prediction (id, user_id, game_id, home_score, away_score, created_at, updated_at) VALUES (795, 12, 118, 3, 2, '2024-01-01 00:00:00', NULL);
INSERT INTO prediction (id, user_id, game_id, home_score, away_score, created_at, updated_at) VALUES (796, 13, 118, 4, 2, '2024-01-01 00:00:00', NULL);
INSERT INTO prediction (id, user_id, game_id, home_score, away_score, created_at, updated_at) VALUES (797, 15, 118, 6, 1, '2024-01-01 00:00:00', NULL);
INSERT INTO prediction (id, user_id, game_id, home_score, away_score, created_at, updated_at) VALUES (798, 6, 118, 6, 1, '2024-01-01 00:00:00', NULL);
INSERT INTO prediction (id, user_id, game_id, home_score, away_score, created_at, updated_at) VALUES (799, 11, 119, 3, 2, '2024-01-01 00:00:00', NULL);
INSERT INTO prediction (id, user_id, game_id, home_score, away_score, created_at, updated_at) VALUES (800, 7, 119, 4, 3, '2024-01-01 00:00:00', NULL);
INSERT INTO prediction (id, user_id, game_id, home_score, away_score, created_at, updated_at) VALUES (801, 14, 119, 3, 5, '2024-01-01 00:00:00', NULL);
INSERT INTO prediction (id, user_id, game_id, home_score, away_score, created_at, updated_at) VALUES (802, 8, 119, 4, 3, '2024-01-01 00:00:00', NULL);
INSERT INTO prediction (id, user_id, game_id, home_score, away_score, created_at, updated_at) VALUES (803, 17, 119, 3, 5, '2024-01-01 00:00:00', NULL);
INSERT INTO prediction (id, user_id, game_id, home_score, away_score, created_at, updated_at) VALUES (804, 12, 119, 2, 3, '2024-01-01 00:00:00', NULL);
INSERT INTO prediction (id, user_id, game_id, home_score, away_score, created_at, updated_at) VALUES (805, 13, 119, 3, 4, '2024-01-01 00:00:00', NULL);
INSERT INTO prediction (id, user_id, game_id, home_score, away_score, created_at, updated_at) VALUES (806, 15, 119, 3, 4, '2024-01-01 00:00:00', NULL);
INSERT INTO prediction (id, user_id, game_id, home_score, away_score, created_at, updated_at) VALUES (807, 6, 119, 3, 4, '2024-01-01 00:00:00', NULL);
INSERT INTO prediction (id, user_id, game_id, home_score, away_score, created_at, updated_at) VALUES (808, 11, 120, 4, 3, '2024-01-01 00:00:00', NULL);
INSERT INTO prediction (id, user_id, game_id, home_score, away_score, created_at, updated_at) VALUES (809, 7, 120, 3, 2, '2024-01-01 00:00:00', NULL);
INSERT INTO prediction (id, user_id, game_id, home_score, away_score, created_at, updated_at) VALUES (810, 14, 120, 3, 2, '2024-01-01 00:00:00', NULL);
INSERT INTO prediction (id, user_id, game_id, home_score, away_score, created_at, updated_at) VALUES (811, 8, 120, 3, 2, '2024-01-01 00:00:00', NULL);
INSERT INTO prediction (id, user_id, game_id, home_score, away_score, created_at, updated_at) VALUES (812, 17, 120, 2, 4, '2024-01-01 00:00:00', NULL);
INSERT INTO prediction (id, user_id, game_id, home_score, away_score, created_at, updated_at) VALUES (813, 12, 120, 2, 4, '2024-01-01 00:00:00', NULL);
INSERT INTO prediction (id, user_id, game_id, home_score, away_score, created_at, updated_at) VALUES (814, 13, 120, 1, 3, '2024-01-01 00:00:00', NULL);
INSERT INTO prediction (id, user_id, game_id, home_score, away_score, created_at, updated_at) VALUES (815, 15, 120, 3, 2, '2024-01-01 00:00:00', NULL);
INSERT INTO prediction (id, user_id, game_id, home_score, away_score, created_at, updated_at) VALUES (816, 6, 120, 1, 4, '2024-01-01 00:00:00', NULL);
INSERT INTO prediction (id, user_id, game_id, home_score, away_score, created_at, updated_at) VALUES (817, 11, 121, 3, 5, '2024-01-01 00:00:00', NULL);
INSERT INTO prediction (id, user_id, game_id, home_score, away_score, created_at, updated_at) VALUES (818, 7, 121, 2, 4, '2024-01-01 00:00:00', NULL);
INSERT INTO prediction (id, user_id, game_id, home_score, away_score, created_at, updated_at) VALUES (819, 14, 121, 3, 6, '2024-01-01 00:00:00', NULL);
INSERT INTO prediction (id, user_id, game_id, home_score, away_score, created_at, updated_at) VALUES (820, 8, 121, 5, 4, '2024-01-01 00:00:00', NULL);
INSERT INTO prediction (id, user_id, game_id, home_score, away_score, created_at, updated_at) VALUES (821, 17, 121, 3, 4, '2024-01-01 00:00:00', NULL);
INSERT INTO prediction (id, user_id, game_id, home_score, away_score, created_at, updated_at) VALUES (822, 12, 121, 3, 2, '2024-01-01 00:00:00', NULL);
INSERT INTO prediction (id, user_id, game_id, home_score, away_score, created_at, updated_at) VALUES (823, 13, 121, 5, 3, '2024-01-01 00:00:00', NULL);
INSERT INTO prediction (id, user_id, game_id, home_score, away_score, created_at, updated_at) VALUES (824, 15, 121, 3, 4, '2024-01-01 00:00:00', NULL);
INSERT INTO prediction (id, user_id, game_id, home_score, away_score, created_at, updated_at) VALUES (825, 6, 121, 3, 2, '2024-01-01 00:00:00', NULL);
INSERT INTO prediction (id, user_id, game_id, home_score, away_score, created_at, updated_at) VALUES (826, 11, 122, 2, 4, '2024-01-01 00:00:00', NULL);
INSERT INTO prediction (id, user_id, game_id, home_score, away_score, created_at, updated_at) VALUES (827, 7, 122, 3, 4, '2024-01-01 00:00:00', NULL);
INSERT INTO prediction (id, user_id, game_id, home_score, away_score, created_at, updated_at) VALUES (828, 14, 122, 3, 4, '2024-01-01 00:00:00', NULL);
INSERT INTO prediction (id, user_id, game_id, home_score, away_score, created_at, updated_at) VALUES (829, 8, 122, 2, 4, '2024-01-01 00:00:00', NULL);
INSERT INTO prediction (id, user_id, game_id, home_score, away_score, created_at, updated_at) VALUES (830, 17, 122, 4, 5, '2024-01-01 00:00:00', NULL);
INSERT INTO prediction (id, user_id, game_id, home_score, away_score, created_at, updated_at) VALUES (831, 12, 122, 3, 4, '2024-01-01 00:00:00', NULL);
INSERT INTO prediction (id, user_id, game_id, home_score, away_score, created_at, updated_at) VALUES (832, 13, 122, 3, 5, '2024-01-01 00:00:00', NULL);
INSERT INTO prediction (id, user_id, game_id, home_score, away_score, created_at, updated_at) VALUES (833, 15, 122, 3, 4, '2024-01-01 00:00:00', NULL);
INSERT INTO prediction (id, user_id, game_id, home_score, away_score, created_at, updated_at) VALUES (834, 6, 122, 2, 4, '2024-01-01 00:00:00', NULL);
INSERT INTO prediction (id, user_id, game_id, home_score, away_score, created_at, updated_at) VALUES (835, 11, 123, 6, 3, '2024-01-01 00:00:00', NULL);
INSERT INTO prediction (id, user_id, game_id, home_score, away_score, created_at, updated_at) VALUES (836, 7, 123, 4, 1, '2024-01-01 00:00:00', NULL);
INSERT INTO prediction (id, user_id, game_id, home_score, away_score, created_at, updated_at) VALUES (837, 14, 123, 7, 2, '2024-01-01 00:00:00', NULL);
INSERT INTO prediction (id, user_id, game_id, home_score, away_score, created_at, updated_at) VALUES (838, 8, 123, 4, 1, '2024-01-01 00:00:00', NULL);
INSERT INTO prediction (id, user_id, game_id, home_score, away_score, created_at, updated_at) VALUES (839, 17, 123, 6, 2, '2024-01-01 00:00:00', NULL);
INSERT INTO prediction (id, user_id, game_id, home_score, away_score, created_at, updated_at) VALUES (840, 12, 123, 4, 1, '2024-01-01 00:00:00', NULL);
INSERT INTO prediction (id, user_id, game_id, home_score, away_score, created_at, updated_at) VALUES (841, 13, 123, 4, 1, '2024-01-01 00:00:00', NULL);
INSERT INTO prediction (id, user_id, game_id, home_score, away_score, created_at, updated_at) VALUES (842, 15, 123, 5, 1, '2024-01-01 00:00:00', NULL);
INSERT INTO prediction (id, user_id, game_id, home_score, away_score, created_at, updated_at) VALUES (843, 6, 123, 5, 1, '2024-01-01 00:00:00', NULL);
INSERT INTO prediction (id, user_id, game_id, home_score, away_score, created_at, updated_at) VALUES (844, 11, 124, 3, 1, '2024-01-01 00:00:00', NULL);
INSERT INTO prediction (id, user_id, game_id, home_score, away_score, created_at, updated_at) VALUES (845, 7, 124, 4, 1, '2024-01-01 00:00:00', NULL);
INSERT INTO prediction (id, user_id, game_id, home_score, away_score, created_at, updated_at) VALUES (846, 14, 124, 4, 1, '2024-01-01 00:00:00', NULL);
INSERT INTO prediction (id, user_id, game_id, home_score, away_score, created_at, updated_at) VALUES (847, 8, 124, 4, 2, '2024-01-01 00:00:00', NULL);
INSERT INTO prediction (id, user_id, game_id, home_score, away_score, created_at, updated_at) VALUES (848, 17, 124, 6, 3, '2024-01-01 00:00:00', NULL);
INSERT INTO prediction (id, user_id, game_id, home_score, away_score, created_at, updated_at) VALUES (849, 12, 124, 6, 2, '2024-01-01 00:00:00', NULL);
INSERT INTO prediction (id, user_id, game_id, home_score, away_score, created_at, updated_at) VALUES (850, 13, 124, 4, 3, '2024-01-01 00:00:00', NULL);
INSERT INTO prediction (id, user_id, game_id, home_score, away_score, created_at, updated_at) VALUES (851, 15, 124, 3, 2, '2024-01-01 00:00:00', NULL);
INSERT INTO prediction (id, user_id, game_id, home_score, away_score, created_at, updated_at) VALUES (852, 6, 124, 3, 4, '2024-01-01 00:00:00', NULL);
INSERT INTO prediction (id, user_id, game_id, home_score, away_score, created_at, updated_at) VALUES (853, 11, 125, 4, 3, '2024-01-01 00:00:00', NULL);
INSERT INTO prediction (id, user_id, game_id, home_score, away_score, created_at, updated_at) VALUES (854, 7, 125, 4, 1, '2024-01-01 00:00:00', NULL);
INSERT INTO prediction (id, user_id, game_id, home_score, away_score, created_at, updated_at) VALUES (855, 14, 125, 4, 2, '2024-01-01 00:00:00', NULL);
INSERT INTO prediction (id, user_id, game_id, home_score, away_score, created_at, updated_at) VALUES (856, 8, 125, 3, 4, '2024-01-01 00:00:00', NULL);
INSERT INTO prediction (id, user_id, game_id, home_score, away_score, created_at, updated_at) VALUES (857, 17, 125, 4, 3, '2024-01-01 00:00:00', NULL);
INSERT INTO prediction (id, user_id, game_id, home_score, away_score, created_at, updated_at) VALUES (858, 13, 125, 4, 3, '2024-01-01 00:00:00', NULL);
INSERT INTO prediction (id, user_id, game_id, home_score, away_score, created_at, updated_at) VALUES (859, 15, 125, 4, 3, '2024-01-01 00:00:00', NULL);
INSERT INTO prediction (id, user_id, game_id, home_score, away_score, created_at, updated_at) VALUES (860, 6, 125, 4, 3, '2024-01-01 00:00:00', NULL);
INSERT INTO prediction (id, user_id, game_id, home_score, away_score, created_at, updated_at) VALUES (861, 11, 126, 5, 3, '2024-01-01 00:00:00', NULL);
INSERT INTO prediction (id, user_id, game_id, home_score, away_score, created_at, updated_at) VALUES (862, 7, 126, 5, 2, '2024-01-01 00:00:00', NULL);
INSERT INTO prediction (id, user_id, game_id, home_score, away_score, created_at, updated_at) VALUES (863, 14, 126, 5, 1, '2024-01-01 00:00:00', NULL);
INSERT INTO prediction (id, user_id, game_id, home_score, away_score, created_at, updated_at) VALUES (864, 8, 126, 2, 3, '2024-01-01 00:00:00', NULL);
INSERT INTO prediction (id, user_id, game_id, home_score, away_score, created_at, updated_at) VALUES (865, 17, 126, 5, 3, '2024-01-01 00:00:00', NULL);
INSERT INTO prediction (id, user_id, game_id, home_score, away_score, created_at, updated_at) VALUES (866, 12, 126, 4, 2, '2024-01-01 00:00:00', NULL);
INSERT INTO prediction (id, user_id, game_id, home_score, away_score, created_at, updated_at) VALUES (867, 13, 126, 5, 3, '2024-01-01 00:00:00', NULL);
INSERT INTO prediction (id, user_id, game_id, home_score, away_score, created_at, updated_at) VALUES (868, 15, 126, 4, 2, '2024-01-01 00:00:00', NULL);
INSERT INTO prediction (id, user_id, game_id, home_score, away_score, created_at, updated_at) VALUES (869, 6, 126, 3, 4, '2024-01-01 00:00:00', NULL);
INSERT INTO prediction (id, user_id, game_id, home_score, away_score, created_at, updated_at) VALUES (870, 11, 127, 4, 2, '2024-01-01 00:00:00', NULL);
INSERT INTO prediction (id, user_id, game_id, home_score, away_score, created_at, updated_at) VALUES (871, 7, 127, 2, 3, '2024-01-01 00:00:00', NULL);
INSERT INTO prediction (id, user_id, game_id, home_score, away_score, created_at, updated_at) VALUES (872, 14, 127, 3, 4, '2024-01-01 00:00:00', NULL);
INSERT INTO prediction (id, user_id, game_id, home_score, away_score, created_at, updated_at) VALUES (873, 8, 127, 4, 2, '2024-01-01 00:00:00', NULL);
INSERT INTO prediction (id, user_id, game_id, home_score, away_score, created_at, updated_at) VALUES (874, 13, 127, 3, 2, '2024-01-01 00:00:00', NULL);
INSERT INTO prediction (id, user_id, game_id, home_score, away_score, created_at, updated_at) VALUES (875, 15, 127, 3, 2, '2024-01-01 00:00:00', NULL);
INSERT INTO prediction (id, user_id, game_id, home_score, away_score, created_at, updated_at) VALUES (876, 6, 127, 7, 4, '2024-01-01 00:00:00', NULL);
INSERT INTO prediction (id, user_id, game_id, home_score, away_score, created_at, updated_at) VALUES (877, 11, 128, 3, 1, '2024-01-01 00:00:00', NULL);
INSERT INTO prediction (id, user_id, game_id, home_score, away_score, created_at, updated_at) VALUES (878, 7, 128, 4, 2, '2024-01-01 00:00:00', NULL);
INSERT INTO prediction (id, user_id, game_id, home_score, away_score, created_at, updated_at) VALUES (879, 14, 128, 5, 2, '2024-01-01 00:00:00', NULL);
INSERT INTO prediction (id, user_id, game_id, home_score, away_score, created_at, updated_at) VALUES (880, 8, 128, 2, 3, '2024-01-01 00:00:00', NULL);
INSERT INTO prediction (id, user_id, game_id, home_score, away_score, created_at, updated_at) VALUES (881, 13, 128, 2, 3, '2024-01-01 00:00:00', NULL);
INSERT INTO prediction (id, user_id, game_id, home_score, away_score, created_at, updated_at) VALUES (882, 15, 128, 4, 1, '2024-01-01 00:00:00', NULL);
INSERT INTO prediction (id, user_id, game_id, home_score, away_score, created_at, updated_at) VALUES (883, 6, 128, 3, 2, '2024-01-01 00:00:00', NULL);
INSERT INTO special_bet_rule (id, tournament_id, name, value_type, scoring_type, points, sort_order, actual_team_value_id, actual_string_value, actual_int_value) VALUES (4, 2, 'Medaile - 1. místo', 'team', 'podium', 2.0, 0, 23, NULL, NULL);
INSERT INTO special_bet (id, user_id, rule_id, team_value_id, string_value, int_value) VALUES (16, 11, 4, 23, NULL, NULL);
INSERT INTO special_bet (id, user_id, rule_id, team_value_id, string_value, int_value) VALUES (17, 7, 4, 23, NULL, NULL);
INSERT INTO special_bet (id, user_id, rule_id, team_value_id, string_value, int_value) VALUES (18, 14, 4, 6, NULL, NULL);
INSERT INTO special_bet (id, user_id, rule_id, team_value_id, string_value, int_value) VALUES (19, 8, 4, 19, NULL, NULL);
INSERT INTO special_bet (id, user_id, rule_id, team_value_id, string_value, int_value) VALUES (20, 17, 4, 4, NULL, NULL);
INSERT INTO special_bet (id, user_id, rule_id, team_value_id, string_value, int_value) VALUES (21, 12, 4, 4, NULL, NULL);
INSERT INTO special_bet (id, user_id, rule_id, team_value_id, string_value, int_value) VALUES (22, 13, 4, 4, NULL, NULL);
INSERT INTO special_bet (id, user_id, rule_id, team_value_id, string_value, int_value) VALUES (23, 15, 4, 23, NULL, NULL);
INSERT INTO special_bet (id, user_id, rule_id, team_value_id, string_value, int_value) VALUES (24, 6, 4, 23, NULL, NULL);
INSERT INTO special_bet_rule (id, tournament_id, name, value_type, scoring_type, points, sort_order, actual_team_value_id, actual_string_value, actual_int_value) VALUES (5, 2, 'Medaile - 2. místo', 'team', 'podium', 2.0, 1, 21, NULL, NULL);
INSERT INTO special_bet (id, user_id, rule_id, team_value_id, string_value, int_value) VALUES (25, 11, 5, 4, NULL, NULL);
INSERT INTO special_bet (id, user_id, rule_id, team_value_id, string_value, int_value) VALUES (26, 7, 5, 4, NULL, NULL);
INSERT INTO special_bet (id, user_id, rule_id, team_value_id, string_value, int_value) VALUES (27, 14, 5, 4, NULL, NULL);
INSERT INTO special_bet (id, user_id, rule_id, team_value_id, string_value, int_value) VALUES (28, 8, 5, 23, NULL, NULL);
INSERT INTO special_bet (id, user_id, rule_id, team_value_id, string_value, int_value) VALUES (29, 17, 5, 19, NULL, NULL);
INSERT INTO special_bet (id, user_id, rule_id, team_value_id, string_value, int_value) VALUES (30, 12, 5, 23, NULL, NULL);
INSERT INTO special_bet (id, user_id, rule_id, team_value_id, string_value, int_value) VALUES (31, 13, 5, 23, NULL, NULL);
INSERT INTO special_bet (id, user_id, rule_id, team_value_id, string_value, int_value) VALUES (32, 15, 5, 8, NULL, NULL);
INSERT INTO special_bet (id, user_id, rule_id, team_value_id, string_value, int_value) VALUES (33, 6, 5, 19, NULL, NULL);
INSERT INTO special_bet_rule (id, tournament_id, name, value_type, scoring_type, points, sort_order, actual_team_value_id, actual_string_value, actual_int_value) VALUES (6, 2, 'Medaile - 3. místo', 'team', 'podium', 2.0, 2, 24, NULL, NULL);
INSERT INTO special_bet (id, user_id, rule_id, team_value_id, string_value, int_value) VALUES (34, 11, 6, 6, NULL, NULL);
INSERT INTO special_bet (id, user_id, rule_id, team_value_id, string_value, int_value) VALUES (35, 7, 6, 19, NULL, NULL);
INSERT INTO special_bet (id, user_id, rule_id, team_value_id, string_value, int_value) VALUES (36, 14, 6, 19, NULL, NULL);
INSERT INTO special_bet (id, user_id, rule_id, team_value_id, string_value, int_value) VALUES (37, 8, 6, 4, NULL, NULL);
INSERT INTO special_bet (id, user_id, rule_id, team_value_id, string_value, int_value) VALUES (38, 17, 6, 23, NULL, NULL);
INSERT INTO special_bet (id, user_id, rule_id, team_value_id, string_value, int_value) VALUES (39, 12, 6, 19, NULL, NULL);
INSERT INTO special_bet (id, user_id, rule_id, team_value_id, string_value, int_value) VALUES (40, 13, 6, 19, NULL, NULL);
INSERT INTO special_bet (id, user_id, rule_id, team_value_id, string_value, int_value) VALUES (41, 15, 6, 6, NULL, NULL);
INSERT INTO special_bet (id, user_id, rule_id, team_value_id, string_value, int_value) VALUES (42, 6, 6, 6, NULL, NULL);
INSERT INTO special_bet_rule (id, tournament_id, name, value_type, scoring_type, points, sort_order, actual_team_value_id, actual_string_value, actual_int_value) VALUES (7, 2, 'Trestné minuty Radko Gudase', 'integer', 'closest', 2.0, 3, NULL, NULL, 6);
INSERT INTO special_bet (id, user_id, rule_id, team_value_id, string_value, int_value) VALUES (43, 11, 7, NULL, NULL, 6);
INSERT INTO special_bet (id, user_id, rule_id, team_value_id, string_value, int_value) VALUES (44, 7, 7, NULL, NULL, 10);
INSERT INTO special_bet (id, user_id, rule_id, team_value_id, string_value, int_value) VALUES (45, 14, 7, NULL, NULL, 22);
INSERT INTO special_bet (id, user_id, rule_id, team_value_id, string_value, int_value) VALUES (46, 8, 7, NULL, NULL, 16);
INSERT INTO special_bet (id, user_id, rule_id, team_value_id, string_value, int_value) VALUES (47, 17, 7, NULL, NULL, 20);
INSERT INTO special_bet (id, user_id, rule_id, team_value_id, string_value, int_value) VALUES (48, 12, 7, NULL, NULL, 8);
INSERT INTO special_bet (id, user_id, rule_id, team_value_id, string_value, int_value) VALUES (49, 13, 7, NULL, NULL, 10);
INSERT INTO special_bet (id, user_id, rule_id, team_value_id, string_value, int_value) VALUES (50, 15, 7, NULL, NULL, 12);
INSERT INTO special_bet (id, user_id, rule_id, team_value_id, string_value, int_value) VALUES (51, 6, 7, NULL, NULL, 18);
INSERT INTO special_bet_rule (id, tournament_id, name, value_type, scoring_type, points, sort_order, actual_team_value_id, actual_string_value, actual_int_value) VALUES (8, 2, 'Sestupující tým 1', 'team', 'exact_match', 2.0, 4, 1, NULL, NULL);
INSERT INTO special_bet (id, user_id, rule_id, team_value_id, string_value, int_value) VALUES (52, 11, 8, 1, NULL, NULL);
INSERT INTO special_bet (id, user_id, rule_id, team_value_id, string_value, int_value) VALUES (53, 7, 8, 1, NULL, NULL);
INSERT INTO special_bet (id, user_id, rule_id, team_value_id, string_value, int_value) VALUES (54, 14, 8, 1, NULL, NULL);
INSERT INTO special_bet (id, user_id, rule_id, team_value_id, string_value, int_value) VALUES (55, 8, 8, 1, NULL, NULL);
INSERT INTO special_bet (id, user_id, rule_id, team_value_id, string_value, int_value) VALUES (56, 17, 8, 1, NULL, NULL);
INSERT INTO special_bet (id, user_id, rule_id, team_value_id, string_value, int_value) VALUES (57, 12, 8, 1, NULL, NULL);
INSERT INTO special_bet (id, user_id, rule_id, team_value_id, string_value, int_value) VALUES (58, 13, 8, 1, NULL, NULL);
INSERT INTO special_bet (id, user_id, rule_id, team_value_id, string_value, int_value) VALUES (59, 15, 8, 1, NULL, NULL);
INSERT INTO special_bet (id, user_id, rule_id, team_value_id, string_value, int_value) VALUES (60, 6, 8, 1, NULL, NULL);
INSERT INTO special_bet_rule (id, tournament_id, name, value_type, scoring_type, points, sort_order, actual_team_value_id, actual_string_value, actual_int_value) VALUES (9, 2, 'Sestupující tým 2', 'team', 'exact_match', 2.0, 5, 18, NULL, NULL);
INSERT INTO special_bet (id, user_id, rule_id, team_value_id, string_value, int_value) VALUES (61, 11, 9, 18, NULL, NULL);
INSERT INTO special_bet (id, user_id, rule_id, team_value_id, string_value, int_value) VALUES (62, 7, 9, 18, NULL, NULL);
INSERT INTO special_bet (id, user_id, rule_id, team_value_id, string_value, int_value) VALUES (63, 14, 9, 18, NULL, NULL);
INSERT INTO special_bet (id, user_id, rule_id, team_value_id, string_value, int_value) VALUES (64, 8, 9, 18, NULL, NULL);
INSERT INTO special_bet (id, user_id, rule_id, team_value_id, string_value, int_value) VALUES (65, 17, 9, 18, NULL, NULL);
INSERT INTO special_bet (id, user_id, rule_id, team_value_id, string_value, int_value) VALUES (66, 12, 9, 18, NULL, NULL);
INSERT INTO special_bet (id, user_id, rule_id, team_value_id, string_value, int_value) VALUES (67, 13, 9, 18, NULL, NULL);
INSERT INTO special_bet (id, user_id, rule_id, team_value_id, string_value, int_value) VALUES (68, 15, 9, 18, NULL, NULL);
INSERT INTO special_bet (id, user_id, rule_id, team_value_id, string_value, int_value) VALUES (69, 6, 9, 18, NULL, NULL);

-- Tournament: MS 2019
INSERT INTO tournament (id, name, year, slug, status, created_at) VALUES (3, 'MS 2019', 2019, 'ms-2019', 'finished', '2024-01-01 00:00:00');
INSERT INTO rule_set (id, tournament_id, winner_base_points, wrong_opponent_bonus, exact_score_bonus, prizes) VALUES (3, 3, 1.0, 0.25, 2.0, '{"1": 300, "2": 150, "3": 50}');
INSERT INTO "match" (id, tournament_id, home_team_id, away_team_id, phase, played_at, home_score, away_score, is_finished) VALUES (129, 3, 8, 4, 'group_stage', '2021-05-10 16:15:00', 3, 1, true);
INSERT INTO "match" (id, tournament_id, home_team_id, away_team_id, phase, played_at, home_score, away_score, is_finished) VALUES (130, 3, 19, 16, 'group_stage', '2021-05-10 16:15:00', 5, 2, true);
INSERT INTO "match" (id, tournament_id, home_team_id, away_team_id, phase, played_at, home_score, away_score, is_finished) VALUES (131, 3, 24, 22, 'group_stage', '2021-05-10 20:15:00', 1, 4, true);
INSERT INTO "match" (id, tournament_id, home_team_id, away_team_id, phase, played_at, home_score, away_score, is_finished) VALUES (132, 3, 6, 23, 'group_stage', '2021-05-10 20:15:00', 5, 2, true);
INSERT INTO "match" (id, tournament_id, home_team_id, away_team_id, phase, played_at, home_score, away_score, is_finished) VALUES (133, 3, 7, 9, 'group_stage', '2021-05-11 12:15:00', 5, 4, true);
INSERT INTO "match" (id, tournament_id, home_team_id, away_team_id, phase, played_at, home_score, away_score, is_finished) VALUES (134, 3, 21, 13, 'group_stage', '2021-05-11 12:15:00', 9, 0, true);
INSERT INTO "match" (id, tournament_id, home_team_id, away_team_id, phase, played_at, home_score, away_score, is_finished) VALUES (135, 3, 11, 10, 'group_stage', '2021-05-11 16:15:00', 3, 1, true);
INSERT INTO "match" (id, tournament_id, home_team_id, away_team_id, phase, played_at, home_score, away_score, is_finished) VALUES (136, 3, 15, 1, 'group_stage', '2021-05-11 16:15:00', 5, 2, true);
INSERT INTO "match" (id, tournament_id, home_team_id, away_team_id, phase, played_at, home_score, away_score, is_finished) VALUES (137, 3, 22, 8, 'group_stage', '2021-05-11 20:15:00', 2, 4, true);
INSERT INTO "match" (id, tournament_id, home_team_id, away_team_id, phase, played_at, home_score, away_score, is_finished) VALUES (138, 3, 16, 6, 'group_stage', '2021-05-11 20:15:00', 2, 7, true);
INSERT INTO "match" (id, tournament_id, home_team_id, away_team_id, phase, played_at, home_score, away_score, is_finished) VALUES (139, 3, 24, 9, 'group_stage', '2021-05-12 12:15:00', 7, 1, true);
INSERT INTO "match" (id, tournament_id, home_team_id, away_team_id, phase, played_at, home_score, away_score, is_finished) VALUES (140, 3, 19, 1, 'group_stage', '2021-05-12 12:15:00', 5, 0, true);
INSERT INTO "match" (id, tournament_id, home_team_id, away_team_id, phase, played_at, home_score, away_score, is_finished) VALUES (141, 3, 7, 11, 'group_stage', '2021-05-12 16:15:00', 1, 2, true);
INSERT INTO "match" (id, tournament_id, home_team_id, away_team_id, phase, played_at, home_score, away_score, is_finished) VALUES (142, 3, 13, 23, 'group_stage', '2021-05-12 16:15:00', 0, 8, true);
INSERT INTO "match" (id, tournament_id, home_team_id, away_team_id, phase, played_at, home_score, away_score, is_finished) VALUES (143, 3, 10, 4, 'group_stage', '2021-05-12 20:15:00', 0, 8, true);
INSERT INTO "match" (id, tournament_id, home_team_id, away_team_id, phase, played_at, home_score, away_score, is_finished) VALUES (144, 3, 15, 21, 'group_stage', '2021-05-12 20:15:00', 1, 3, true);
INSERT INTO "match" (id, tournament_id, home_team_id, away_team_id, phase, played_at, home_score, away_score, is_finished) VALUES (145, 3, 24, 8, 'group_stage', '2021-05-13 16:15:00', 3, 2, true);
INSERT INTO "match" (id, tournament_id, home_team_id, away_team_id, phase, played_at, home_score, away_score, is_finished) VALUES (146, 3, 19, 6, 'group_stage', '2021-05-13 16:15:00', 3, 0, true);
INSERT INTO "match" (id, tournament_id, home_team_id, away_team_id, phase, played_at, home_score, away_score, is_finished) VALUES (147, 3, 22, 4, 'group_stage', '2021-05-13 20:15:00', 5, 6, true);
INSERT INTO "match" (id, tournament_id, home_team_id, away_team_id, phase, played_at, home_score, away_score, is_finished) VALUES (148, 3, 16, 23, 'group_stage', '2021-05-13 20:15:00', 1, 9, true);
INSERT INTO "match" (id, tournament_id, home_team_id, away_team_id, phase, played_at, home_score, away_score, is_finished) VALUES (149, 3, 10, 7, 'group_stage', '2021-05-14 16:15:00', 0, 9, true);
INSERT INTO "match" (id, tournament_id, home_team_id, away_team_id, phase, played_at, home_score, away_score, is_finished) VALUES (150, 3, 13, 15, 'group_stage', '2021-05-14 16:15:00', 0, 3, true);
INSERT INTO "match" (id, tournament_id, home_team_id, away_team_id, phase, played_at, home_score, away_score, is_finished) VALUES (151, 3, 11, 9, 'group_stage', '2021-05-14 20:15:00', 4, 1, true);
INSERT INTO "match" (id, tournament_id, home_team_id, away_team_id, phase, played_at, home_score, away_score, is_finished) VALUES (152, 3, 21, 1, 'group_stage', '2021-05-14 20:15:00', 4, 0, true);
INSERT INTO "match" (id, tournament_id, home_team_id, away_team_id, phase, played_at, home_score, away_score, is_finished) VALUES (153, 3, 24, 10, 'group_stage', '2021-05-15 16:15:00', 6, 3, true);
INSERT INTO "match" (id, tournament_id, home_team_id, away_team_id, phase, played_at, home_score, away_score, is_finished) VALUES (154, 3, 21, 16, 'group_stage', '2021-05-15 16:15:00', 4, 1, true);
INSERT INTO "match" (id, tournament_id, home_team_id, away_team_id, phase, played_at, home_score, away_score, is_finished) VALUES (155, 3, 11, 22, 'group_stage', '2021-05-15 20:15:00', 3, 2, true);
INSERT INTO "match" (id, tournament_id, home_team_id, away_team_id, phase, played_at, home_score, away_score, is_finished) VALUES (156, 3, 19, 13, 'group_stage', '2021-05-15 20:15:00', 10, 0, true);
INSERT INTO "match" (id, tournament_id, home_team_id, away_team_id, phase, played_at, home_score, away_score, is_finished) VALUES (157, 3, 4, 9, 'group_stage', '2021-05-16 16:15:00', 5, 2, true);
INSERT INTO "match" (id, tournament_id, home_team_id, away_team_id, phase, played_at, home_score, away_score, is_finished) VALUES (158, 3, 23, 1, 'group_stage', '2021-05-16 16:15:00', 9, 1, true);
INSERT INTO "match" (id, tournament_id, home_team_id, away_team_id, phase, played_at, home_score, away_score, is_finished) VALUES (159, 3, 8, 7, 'group_stage', '2021-05-16 20:15:00', 3, 1, true);
INSERT INTO "match" (id, tournament_id, home_team_id, away_team_id, phase, played_at, home_score, away_score, is_finished) VALUES (160, 3, 6, 15, 'group_stage', '2021-05-16 20:15:00', 6, 3, true);
INSERT INTO "match" (id, tournament_id, home_team_id, away_team_id, phase, played_at, home_score, away_score, is_finished) VALUES (161, 3, 9, 22, 'group_stage', '2021-05-17 16:15:00', 3, 6, true);
INSERT INTO "match" (id, tournament_id, home_team_id, away_team_id, phase, played_at, home_score, away_score, is_finished) VALUES (162, 3, 1, 16, 'group_stage', '2021-05-17 16:15:00', 3, 5, true);
INSERT INTO "match" (id, tournament_id, home_team_id, away_team_id, phase, played_at, home_score, away_score, is_finished) VALUES (163, 3, 8, 10, 'group_stage', '2021-05-17 20:15:00', 5, 0, true);
INSERT INTO "match" (id, tournament_id, home_team_id, away_team_id, phase, played_at, home_score, away_score, is_finished) VALUES (164, 3, 6, 13, 'group_stage', '2021-05-17 20:15:00', 8, 0, true);
INSERT INTO "match" (id, tournament_id, home_team_id, away_team_id, phase, played_at, home_score, away_score, is_finished) VALUES (165, 3, 7, 24, 'group_stage', '2021-05-18 12:15:00', 1, 7, true);
INSERT INTO "match" (id, tournament_id, home_team_id, away_team_id, phase, played_at, home_score, away_score, is_finished) VALUES (166, 3, 15, 19, 'group_stage', '2021-05-18 12:15:00', 1, 3, true);
INSERT INTO "match" (id, tournament_id, home_team_id, away_team_id, phase, played_at, home_score, away_score, is_finished) VALUES (167, 3, 4, 11, 'group_stage', '2021-05-18 16:15:00', 8, 1, true);
INSERT INTO "match" (id, tournament_id, home_team_id, away_team_id, phase, played_at, home_score, away_score, is_finished) VALUES (168, 3, 13, 16, 'group_stage', '2021-05-18 16:15:00', 1, 7, true);
INSERT INTO "match" (id, tournament_id, home_team_id, away_team_id, phase, played_at, home_score, away_score, is_finished) VALUES (169, 3, 10, 22, 'group_stage', '2021-05-18 20:15:00', 1, 7, true);
INSERT INTO "match" (id, tournament_id, home_team_id, away_team_id, phase, played_at, home_score, away_score, is_finished) VALUES (170, 3, 23, 21, 'group_stage', '2021-05-18 20:15:00', 4, 3, true);
INSERT INTO "match" (id, tournament_id, home_team_id, away_team_id, phase, played_at, home_score, away_score, is_finished) VALUES (171, 3, 11, 24, 'group_stage', '2021-05-19 16:15:00', 1, 3, true);
INSERT INTO "match" (id, tournament_id, home_team_id, away_team_id, phase, played_at, home_score, away_score, is_finished) VALUES (172, 3, 1, 6, 'group_stage', '2021-05-19 16:15:00', 0, 8, true);
INSERT INTO "match" (id, tournament_id, home_team_id, away_team_id, phase, played_at, home_score, away_score, is_finished) VALUES (173, 3, 9, 8, 'group_stage', '2021-05-19 20:15:00', 0, 3, true);
INSERT INTO "match" (id, tournament_id, home_team_id, away_team_id, phase, played_at, home_score, away_score, is_finished) VALUES (174, 3, 21, 19, 'group_stage', '2021-05-19 20:15:00', 0, 3, true);
INSERT INTO "match" (id, tournament_id, home_team_id, away_team_id, phase, played_at, home_score, away_score, is_finished) VALUES (175, 3, 9, 10, 'group_stage', '2021-05-20 16:15:00', 3, 4, true);
INSERT INTO "match" (id, tournament_id, home_team_id, away_team_id, phase, played_at, home_score, away_score, is_finished) VALUES (176, 3, 23, 15, 'group_stage', '2021-05-20 16:15:00', 5, 4, true);
INSERT INTO "match" (id, tournament_id, home_team_id, away_team_id, phase, played_at, home_score, away_score, is_finished) VALUES (177, 3, 4, 7, 'group_stage', '2021-05-20 20:15:00', 5, 0, true);
INSERT INTO "match" (id, tournament_id, home_team_id, away_team_id, phase, played_at, home_score, away_score, is_finished) VALUES (178, 3, 1, 13, 'group_stage', '2021-05-20 20:15:00', 3, 4, true);
INSERT INTO "match" (id, tournament_id, home_team_id, away_team_id, phase, played_at, home_score, away_score, is_finished) VALUES (179, 3, 8, 11, 'group_stage', '2021-05-21 12:15:00', 2, 4, true);
INSERT INTO "match" (id, tournament_id, home_team_id, away_team_id, phase, played_at, home_score, away_score, is_finished) VALUES (180, 3, 6, 21, 'group_stage', '2021-05-21 12:15:00', 5, 4, true);
INSERT INTO "match" (id, tournament_id, home_team_id, away_team_id, phase, played_at, home_score, away_score, is_finished) VALUES (181, 3, 22, 7, 'group_stage', '2021-05-21 16:15:00', 2, 1, true);
INSERT INTO "match" (id, tournament_id, home_team_id, away_team_id, phase, played_at, home_score, away_score, is_finished) VALUES (182, 3, 16, 15, 'group_stage', '2021-05-21 16:15:00', 1, 4, true);
INSERT INTO "match" (id, tournament_id, home_team_id, away_team_id, phase, played_at, home_score, away_score, is_finished) VALUES (183, 3, 4, 24, 'group_stage', '2021-05-21 20:15:00', 3, 0, true);
INSERT INTO "match" (id, tournament_id, home_team_id, away_team_id, phase, played_at, home_score, away_score, is_finished) VALUES (184, 3, 23, 19, 'group_stage', '2021-05-21 20:15:00', 4, 7, true);
INSERT INTO "match" (id, tournament_id, home_team_id, away_team_id, phase, played_at, home_score, away_score, is_finished) VALUES (185, 3, 4, 21, 'group_stage', '2021-05-23 16:15:00', 3, 2, true);
INSERT INTO "match" (id, tournament_id, home_team_id, away_team_id, phase, played_at, home_score, away_score, is_finished) VALUES (186, 3, 19, 24, 'group_stage', '2021-05-23 16:15:00', 4, 3, true);
INSERT INTO "match" (id, tournament_id, home_team_id, away_team_id, phase, played_at, home_score, away_score, is_finished) VALUES (187, 3, 8, 23, 'group_stage', '2021-05-23 20:15:00', 5, 4, true);
INSERT INTO "match" (id, tournament_id, home_team_id, away_team_id, phase, played_at, home_score, away_score, is_finished) VALUES (188, 3, 6, 11, 'group_stage', '2021-05-23 20:15:00', 5, 1, true);
INSERT INTO "match" (id, tournament_id, home_team_id, away_team_id, phase, played_at, home_score, away_score, is_finished) VALUES (189, 3, 19, 8, 'semifinal', '2021-05-25 15:15:00', 0, 1, true);
INSERT INTO "match" (id, tournament_id, home_team_id, away_team_id, phase, played_at, home_score, away_score, is_finished) VALUES (190, 3, 4, 6, 'semifinal', '2021-05-25 19:15:00', 5, 1, true);
INSERT INTO "match" (id, tournament_id, home_team_id, away_team_id, phase, played_at, home_score, away_score, is_finished) VALUES (191, 3, 19, 6, 'bronze_medal', '2021-05-26 15:45:00', 3, 2, true);
INSERT INTO "match" (id, tournament_id, home_team_id, away_team_id, phase, played_at, home_score, away_score, is_finished) VALUES (192, 3, 4, 8, 'gold_medal', '2021-05-26 20:15:00', 1, 3, true);
INSERT INTO prediction (id, user_id, game_id, home_score, away_score, created_at, updated_at) VALUES (884, 11, 129, 4, 2, '2024-01-01 00:00:00', NULL);
INSERT INTO prediction (id, user_id, game_id, home_score, away_score, created_at, updated_at) VALUES (885, 7, 129, 4, 3, '2024-01-01 00:00:00', NULL);
INSERT INTO prediction (id, user_id, game_id, home_score, away_score, created_at, updated_at) VALUES (886, 14, 129, 3, 5, '2024-01-01 00:00:00', NULL);
INSERT INTO prediction (id, user_id, game_id, home_score, away_score, created_at, updated_at) VALUES (887, 8, 129, 1, 3, '2024-01-01 00:00:00', NULL);
INSERT INTO prediction (id, user_id, game_id, home_score, away_score, created_at, updated_at) VALUES (888, 17, 129, 2, 5, '2024-01-01 00:00:00', NULL);
INSERT INTO prediction (id, user_id, game_id, home_score, away_score, created_at, updated_at) VALUES (889, 12, 129, 2, 3, '2024-01-01 00:00:00', NULL);
INSERT INTO prediction (id, user_id, game_id, home_score, away_score, created_at, updated_at) VALUES (890, 13, 129, 3, 2, '2024-01-01 00:00:00', NULL);
INSERT INTO prediction (id, user_id, game_id, home_score, away_score, created_at, updated_at) VALUES (891, 15, 129, 3, 4, '2024-01-01 00:00:00', NULL);
INSERT INTO prediction (id, user_id, game_id, home_score, away_score, created_at, updated_at) VALUES (892, 6, 129, 4, 3, '2024-01-01 00:00:00', NULL);
INSERT INTO prediction (id, user_id, game_id, home_score, away_score, created_at, updated_at) VALUES (893, 10, 129, 2, 3, '2024-01-01 00:00:00', NULL);
INSERT INTO prediction (id, user_id, game_id, home_score, away_score, created_at, updated_at) VALUES (894, 11, 130, 7, 1, '2024-01-01 00:00:00', NULL);
INSERT INTO prediction (id, user_id, game_id, home_score, away_score, created_at, updated_at) VALUES (895, 7, 130, 5, 0, '2024-01-01 00:00:00', NULL);
INSERT INTO prediction (id, user_id, game_id, home_score, away_score, created_at, updated_at) VALUES (896, 14, 130, 6, 1, '2024-01-01 00:00:00', NULL);
INSERT INTO prediction (id, user_id, game_id, home_score, away_score, created_at, updated_at) VALUES (897, 8, 130, 6, 1, '2024-01-01 00:00:00', NULL);
INSERT INTO prediction (id, user_id, game_id, home_score, away_score, created_at, updated_at) VALUES (898, 17, 130, 6, 1, '2024-01-01 00:00:00', NULL);
INSERT INTO prediction (id, user_id, game_id, home_score, away_score, created_at, updated_at) VALUES (899, 12, 130, 4, 1, '2024-01-01 00:00:00', NULL);
INSERT INTO prediction (id, user_id, game_id, home_score, away_score, created_at, updated_at) VALUES (900, 13, 130, 6, 1, '2024-01-01 00:00:00', NULL);
INSERT INTO prediction (id, user_id, game_id, home_score, away_score, created_at, updated_at) VALUES (901, 15, 130, 6, 0, '2024-01-01 00:00:00', NULL);
INSERT INTO prediction (id, user_id, game_id, home_score, away_score, created_at, updated_at) VALUES (902, 6, 130, 6, 1, '2024-01-01 00:00:00', NULL);
INSERT INTO prediction (id, user_id, game_id, home_score, away_score, created_at, updated_at) VALUES (903, 10, 130, 4, 1, '2024-01-01 00:00:00', NULL);
INSERT INTO prediction (id, user_id, game_id, home_score, away_score, created_at, updated_at) VALUES (904, 11, 131, 4, 3, '2024-01-01 00:00:00', NULL);
INSERT INTO prediction (id, user_id, game_id, home_score, away_score, created_at, updated_at) VALUES (905, 7, 131, 4, 2, '2024-01-01 00:00:00', NULL);
INSERT INTO prediction (id, user_id, game_id, home_score, away_score, created_at, updated_at) VALUES (906, 14, 131, 5, 2, '2024-01-01 00:00:00', NULL);
INSERT INTO prediction (id, user_id, game_id, home_score, away_score, created_at, updated_at) VALUES (907, 8, 131, 4, 2, '2024-01-01 00:00:00', NULL);
INSERT INTO prediction (id, user_id, game_id, home_score, away_score, created_at, updated_at) VALUES (908, 17, 131, 5, 1, '2024-01-01 00:00:00', NULL);
INSERT INTO prediction (id, user_id, game_id, home_score, away_score, created_at, updated_at) VALUES (909, 12, 131, 3, 1, '2024-01-01 00:00:00', NULL);
INSERT INTO prediction (id, user_id, game_id, home_score, away_score, created_at, updated_at) VALUES (910, 13, 131, 4, 3, '2024-01-01 00:00:00', NULL);
INSERT INTO prediction (id, user_id, game_id, home_score, away_score, created_at, updated_at) VALUES (911, 15, 131, 5, 2, '2024-01-01 00:00:00', NULL);
INSERT INTO prediction (id, user_id, game_id, home_score, away_score, created_at, updated_at) VALUES (912, 6, 131, 6, 2, '2024-01-01 00:00:00', NULL);
INSERT INTO prediction (id, user_id, game_id, home_score, away_score, created_at, updated_at) VALUES (913, 10, 131, 5, 2, '2024-01-01 00:00:00', NULL);
INSERT INTO prediction (id, user_id, game_id, home_score, away_score, created_at, updated_at) VALUES (914, 11, 132, 4, 2, '2024-01-01 00:00:00', NULL);
INSERT INTO prediction (id, user_id, game_id, home_score, away_score, created_at, updated_at) VALUES (915, 7, 132, 3, 2, '2024-01-01 00:00:00', NULL);
INSERT INTO prediction (id, user_id, game_id, home_score, away_score, created_at, updated_at) VALUES (916, 14, 132, 4, 3, '2024-01-01 00:00:00', NULL);
INSERT INTO prediction (id, user_id, game_id, home_score, away_score, created_at, updated_at) VALUES (917, 8, 132, 2, 4, '2024-01-01 00:00:00', NULL);
INSERT INTO prediction (id, user_id, game_id, home_score, away_score, created_at, updated_at) VALUES (918, 17, 132, 3, 2, '2024-01-01 00:00:00', NULL);
INSERT INTO prediction (id, user_id, game_id, home_score, away_score, created_at, updated_at) VALUES (919, 12, 132, 4, 3, '2024-01-01 00:00:00', NULL);
INSERT INTO prediction (id, user_id, game_id, home_score, away_score, created_at, updated_at) VALUES (920, 13, 132, 2, 4, '2024-01-01 00:00:00', NULL);
INSERT INTO prediction (id, user_id, game_id, home_score, away_score, created_at, updated_at) VALUES (921, 15, 132, 2, 4, '2024-01-01 00:00:00', NULL);
INSERT INTO prediction (id, user_id, game_id, home_score, away_score, created_at, updated_at) VALUES (922, 6, 132, 2, 4, '2024-01-01 00:00:00', NULL);
INSERT INTO prediction (id, user_id, game_id, home_score, away_score, created_at, updated_at) VALUES (923, 10, 132, 2, 3, '2024-01-01 00:00:00', NULL);
INSERT INTO prediction (id, user_id, game_id, home_score, away_score, created_at, updated_at) VALUES (924, 11, 133, 2, 3, '2024-01-01 00:00:00', NULL);
INSERT INTO prediction (id, user_id, game_id, home_score, away_score, created_at, updated_at) VALUES (925, 7, 133, 2, 3, '2024-01-01 00:00:00', NULL);
INSERT INTO prediction (id, user_id, game_id, home_score, away_score, created_at, updated_at) VALUES (926, 14, 133, 4, 2, '2024-01-01 00:00:00', NULL);
INSERT INTO prediction (id, user_id, game_id, home_score, away_score, created_at, updated_at) VALUES (927, 8, 133, 3, 2, '2024-01-01 00:00:00', NULL);
INSERT INTO prediction (id, user_id, game_id, home_score, away_score, created_at, updated_at) VALUES (928, 17, 133, 4, 2, '2024-01-01 00:00:00', NULL);
INSERT INTO prediction (id, user_id, game_id, home_score, away_score, created_at, updated_at) VALUES (929, 12, 133, 2, 3, '2024-01-01 00:00:00', NULL);
INSERT INTO prediction (id, user_id, game_id, home_score, away_score, created_at, updated_at) VALUES (930, 13, 133, 2, 3, '2024-01-01 00:00:00', NULL);
INSERT INTO prediction (id, user_id, game_id, home_score, away_score, created_at, updated_at) VALUES (931, 15, 133, 4, 2, '2024-01-01 00:00:00', NULL);
INSERT INTO prediction (id, user_id, game_id, home_score, away_score, created_at, updated_at) VALUES (932, 6, 133, 3, 2, '2024-01-01 00:00:00', NULL);
INSERT INTO prediction (id, user_id, game_id, home_score, away_score, created_at, updated_at) VALUES (933, 10, 133, 2, 1, '2024-01-01 00:00:00', NULL);
INSERT INTO prediction (id, user_id, game_id, home_score, away_score, created_at, updated_at) VALUES (934, 11, 134, 5, 0, '2024-01-01 00:00:00', NULL);
INSERT INTO prediction (id, user_id, game_id, home_score, away_score, created_at, updated_at) VALUES (935, 7, 134, 5, 1, '2024-01-01 00:00:00', NULL);
INSERT INTO prediction (id, user_id, game_id, home_score, away_score, created_at, updated_at) VALUES (936, 14, 134, 5, 2, '2024-01-01 00:00:00', NULL);
INSERT INTO prediction (id, user_id, game_id, home_score, away_score, created_at, updated_at) VALUES (937, 8, 134, 4, 1, '2024-01-01 00:00:00', NULL);
INSERT INTO prediction (id, user_id, game_id, home_score, away_score, created_at, updated_at) VALUES (938, 17, 134, 4, 1, '2024-01-01 00:00:00', NULL);
INSERT INTO prediction (id, user_id, game_id, home_score, away_score, created_at, updated_at) VALUES (939, 12, 134, 4, 2, '2024-01-01 00:00:00', NULL);
INSERT INTO prediction (id, user_id, game_id, home_score, away_score, created_at, updated_at) VALUES (940, 13, 134, 5, 1, '2024-01-01 00:00:00', NULL);
INSERT INTO prediction (id, user_id, game_id, home_score, away_score, created_at, updated_at) VALUES (941, 15, 134, 4, 0, '2024-01-01 00:00:00', NULL);
INSERT INTO prediction (id, user_id, game_id, home_score, away_score, created_at, updated_at) VALUES (942, 6, 134, 3, 1, '2024-01-01 00:00:00', NULL);
INSERT INTO prediction (id, user_id, game_id, home_score, away_score, created_at, updated_at) VALUES (943, 10, 134, 5, 1, '2024-01-01 00:00:00', NULL);
INSERT INTO prediction (id, user_id, game_id, home_score, away_score, created_at, updated_at) VALUES (944, 11, 135, 4, 1, '2024-01-01 00:00:00', NULL);
INSERT INTO prediction (id, user_id, game_id, home_score, away_score, created_at, updated_at) VALUES (945, 7, 135, 4, 1, '2024-01-01 00:00:00', NULL);
INSERT INTO prediction (id, user_id, game_id, home_score, away_score, created_at, updated_at) VALUES (946, 14, 135, 4, 1, '2024-01-01 00:00:00', NULL);
INSERT INTO prediction (id, user_id, game_id, home_score, away_score, created_at, updated_at) VALUES (947, 8, 135, 5, 1, '2024-01-01 00:00:00', NULL);
INSERT INTO prediction (id, user_id, game_id, home_score, away_score, created_at, updated_at) VALUES (948, 17, 135, 5, 1, '2024-01-01 00:00:00', NULL);
INSERT INTO prediction (id, user_id, game_id, home_score, away_score, created_at, updated_at) VALUES (949, 12, 135, 5, 1, '2024-01-01 00:00:00', NULL);
INSERT INTO prediction (id, user_id, game_id, home_score, away_score, created_at, updated_at) VALUES (950, 13, 135, 6, 2, '2024-01-01 00:00:00', NULL);
INSERT INTO prediction (id, user_id, game_id, home_score, away_score, created_at, updated_at) VALUES (951, 15, 135, 5, 1, '2024-01-01 00:00:00', NULL);
INSERT INTO prediction (id, user_id, game_id, home_score, away_score, created_at, updated_at) VALUES (952, 6, 135, 4, 2, '2024-01-01 00:00:00', NULL);
INSERT INTO prediction (id, user_id, game_id, home_score, away_score, created_at, updated_at) VALUES (953, 10, 135, 4, 3, '2024-01-01 00:00:00', NULL);
INSERT INTO prediction (id, user_id, game_id, home_score, away_score, created_at, updated_at) VALUES (954, 11, 136, 3, 2, '2024-01-01 00:00:00', NULL);
INSERT INTO prediction (id, user_id, game_id, home_score, away_score, created_at, updated_at) VALUES (955, 7, 136, 3, 2, '2024-01-01 00:00:00', NULL);
INSERT INTO prediction (id, user_id, game_id, home_score, away_score, created_at, updated_at) VALUES (956, 14, 136, 3, 1, '2024-01-01 00:00:00', NULL);
INSERT INTO prediction (id, user_id, game_id, home_score, away_score, created_at, updated_at) VALUES (957, 8, 136, 3, 2, '2024-01-01 00:00:00', NULL);
INSERT INTO prediction (id, user_id, game_id, home_score, away_score, created_at, updated_at) VALUES (958, 17, 136, 4, 2, '2024-01-01 00:00:00', NULL);
INSERT INTO prediction (id, user_id, game_id, home_score, away_score, created_at, updated_at) VALUES (959, 12, 136, 2, 3, '2024-01-01 00:00:00', NULL);
INSERT INTO prediction (id, user_id, game_id, home_score, away_score, created_at, updated_at) VALUES (960, 13, 136, 2, 3, '2024-01-01 00:00:00', NULL);
INSERT INTO prediction (id, user_id, game_id, home_score, away_score, created_at, updated_at) VALUES (961, 15, 136, 4, 1, '2024-01-01 00:00:00', NULL);
INSERT INTO prediction (id, user_id, game_id, home_score, away_score, created_at, updated_at) VALUES (962, 6, 136, 4, 3, '2024-01-01 00:00:00', NULL);
INSERT INTO prediction (id, user_id, game_id, home_score, away_score, created_at, updated_at) VALUES (963, 10, 136, 2, 3, '2024-01-01 00:00:00', NULL);
INSERT INTO prediction (id, user_id, game_id, home_score, away_score, created_at, updated_at) VALUES (964, 11, 137, 2, 4, '2024-01-01 00:00:00', NULL);
INSERT INTO prediction (id, user_id, game_id, home_score, away_score, created_at, updated_at) VALUES (965, 7, 137, 3, 4, '2024-01-01 00:00:00', NULL);
INSERT INTO prediction (id, user_id, game_id, home_score, away_score, created_at, updated_at) VALUES (966, 14, 137, 3, 4, '2024-01-01 00:00:00', NULL);
INSERT INTO prediction (id, user_id, game_id, home_score, away_score, created_at, updated_at) VALUES (967, 8, 137, 2, 4, '2024-01-01 00:00:00', NULL);
INSERT INTO prediction (id, user_id, game_id, home_score, away_score, created_at, updated_at) VALUES (968, 17, 137, 2, 4, '2024-01-01 00:00:00', NULL);
INSERT INTO prediction (id, user_id, game_id, home_score, away_score, created_at, updated_at) VALUES (969, 12, 137, 2, 3, '2024-01-01 00:00:00', NULL);
INSERT INTO prediction (id, user_id, game_id, home_score, away_score, created_at, updated_at) VALUES (970, 13, 137, 2, 5, '2024-01-01 00:00:00', NULL);
INSERT INTO prediction (id, user_id, game_id, home_score, away_score, created_at, updated_at) VALUES (971, 15, 137, 2, 3, '2024-01-01 00:00:00', NULL);
INSERT INTO prediction (id, user_id, game_id, home_score, away_score, created_at, updated_at) VALUES (972, 6, 137, 1, 4, '2024-01-01 00:00:00', NULL);
INSERT INTO prediction (id, user_id, game_id, home_score, away_score, created_at, updated_at) VALUES (973, 10, 137, 1, 3, '2024-01-01 00:00:00', NULL);
INSERT INTO prediction (id, user_id, game_id, home_score, away_score, created_at, updated_at) VALUES (974, 11, 138, 1, 5, '2024-01-01 00:00:00', NULL);
INSERT INTO prediction (id, user_id, game_id, home_score, away_score, created_at, updated_at) VALUES (975, 7, 138, 2, 4, '2024-01-01 00:00:00', NULL);
INSERT INTO prediction (id, user_id, game_id, home_score, away_score, created_at, updated_at) VALUES (976, 14, 138, 1, 5, '2024-01-01 00:00:00', NULL);
INSERT INTO prediction (id, user_id, game_id, home_score, away_score, created_at, updated_at) VALUES (977, 8, 138, 1, 4, '2024-01-01 00:00:00', NULL);
INSERT INTO prediction (id, user_id, game_id, home_score, away_score, created_at, updated_at) VALUES (978, 17, 138, 2, 4, '2024-01-01 00:00:00', NULL);
INSERT INTO prediction (id, user_id, game_id, home_score, away_score, created_at, updated_at) VALUES (979, 12, 138, 1, 4, '2024-01-01 00:00:00', NULL);
INSERT INTO prediction (id, user_id, game_id, home_score, away_score, created_at, updated_at) VALUES (980, 13, 138, 1, 5, '2024-01-01 00:00:00', NULL);
INSERT INTO prediction (id, user_id, game_id, home_score, away_score, created_at, updated_at) VALUES (981, 15, 138, 1, 5, '2024-01-01 00:00:00', NULL);
INSERT INTO prediction (id, user_id, game_id, home_score, away_score, created_at, updated_at) VALUES (982, 6, 138, 2, 4, '2024-01-01 00:00:00', NULL);
INSERT INTO prediction (id, user_id, game_id, home_score, away_score, created_at, updated_at) VALUES (983, 10, 138, 1, 3, '2024-01-01 00:00:00', NULL);
INSERT INTO prediction (id, user_id, game_id, home_score, away_score, created_at, updated_at) VALUES (984, 11, 139, 4, 1, '2024-01-01 00:00:00', NULL);
INSERT INTO prediction (id, user_id, game_id, home_score, away_score, created_at, updated_at) VALUES (985, 7, 139, 4, 2, '2024-01-01 00:00:00', NULL);
INSERT INTO prediction (id, user_id, game_id, home_score, away_score, created_at, updated_at) VALUES (986, 14, 139, 6, 2, '2024-01-01 00:00:00', NULL);
INSERT INTO prediction (id, user_id, game_id, home_score, away_score, created_at, updated_at) VALUES (987, 8, 139, 4, 1, '2024-01-01 00:00:00', NULL);
INSERT INTO prediction (id, user_id, game_id, home_score, away_score, created_at, updated_at) VALUES (988, 17, 139, 5, 2, '2024-01-01 00:00:00', NULL);
INSERT INTO prediction (id, user_id, game_id, home_score, away_score, created_at, updated_at) VALUES (989, 12, 139, 6, 3, '2024-01-01 00:00:00', NULL);
INSERT INTO prediction (id, user_id, game_id, home_score, away_score, created_at, updated_at) VALUES (990, 15, 139, 5, 1, '2024-01-01 00:00:00', NULL);
INSERT INTO prediction (id, user_id, game_id, home_score, away_score, created_at, updated_at) VALUES (991, 10, 139, 5, 1, '2024-01-01 00:00:00', NULL);
INSERT INTO prediction (id, user_id, game_id, home_score, away_score, created_at, updated_at) VALUES (992, 11, 140, 5, 0, '2024-01-01 00:00:00', NULL);
INSERT INTO prediction (id, user_id, game_id, home_score, away_score, created_at, updated_at) VALUES (993, 7, 140, 7, 0, '2024-01-01 00:00:00', NULL);
INSERT INTO prediction (id, user_id, game_id, home_score, away_score, created_at, updated_at) VALUES (994, 14, 140, 7, 1, '2024-01-01 00:00:00', NULL);
INSERT INTO prediction (id, user_id, game_id, home_score, away_score, created_at, updated_at) VALUES (995, 8, 140, 5, 1, '2024-01-01 00:00:00', NULL);
INSERT INTO prediction (id, user_id, game_id, home_score, away_score, created_at, updated_at) VALUES (996, 17, 140, 7, 1, '2024-01-01 00:00:00', NULL);
INSERT INTO prediction (id, user_id, game_id, home_score, away_score, created_at, updated_at) VALUES (997, 12, 140, 7, 2, '2024-01-01 00:00:00', NULL);
INSERT INTO prediction (id, user_id, game_id, home_score, away_score, created_at, updated_at) VALUES (998, 15, 140, 7, 0, '2024-01-01 00:00:00', NULL);
INSERT INTO prediction (id, user_id, game_id, home_score, away_score, created_at, updated_at) VALUES (999, 10, 140, 6, 1, '2024-01-01 00:00:00', NULL);
INSERT INTO prediction (id, user_id, game_id, home_score, away_score, created_at, updated_at) VALUES (1000, 11, 141, 3, 2, '2024-01-01 00:00:00', NULL);
INSERT INTO prediction (id, user_id, game_id, home_score, away_score, created_at, updated_at) VALUES (1001, 7, 141, 4, 3, '2024-01-01 00:00:00', NULL);
INSERT INTO prediction (id, user_id, game_id, home_score, away_score, created_at, updated_at) VALUES (1002, 14, 141, 2, 4, '2024-01-01 00:00:00', NULL);
INSERT INTO prediction (id, user_id, game_id, home_score, away_score, created_at, updated_at) VALUES (1003, 8, 141, 3, 2, '2024-01-01 00:00:00', NULL);
INSERT INTO prediction (id, user_id, game_id, home_score, away_score, created_at, updated_at) VALUES (1004, 17, 141, 2, 4, '2024-01-01 00:00:00', NULL);
INSERT INTO prediction (id, user_id, game_id, home_score, away_score, created_at, updated_at) VALUES (1005, 12, 141, 2, 3, '2024-01-01 00:00:00', NULL);
INSERT INTO prediction (id, user_id, game_id, home_score, away_score, created_at, updated_at) VALUES (1006, 13, 141, 2, 3, '2024-01-01 00:00:00', NULL);
INSERT INTO prediction (id, user_id, game_id, home_score, away_score, created_at, updated_at) VALUES (1007, 15, 141, 4, 2, '2024-01-01 00:00:00', NULL);
INSERT INTO prediction (id, user_id, game_id, home_score, away_score, created_at, updated_at) VALUES (1008, 6, 141, 3, 2, '2024-01-01 00:00:00', NULL);
INSERT INTO prediction (id, user_id, game_id, home_score, away_score, created_at, updated_at) VALUES (1009, 10, 141, 2, 3, '2024-01-01 00:00:00', NULL);
INSERT INTO prediction (id, user_id, game_id, home_score, away_score, created_at, updated_at) VALUES (1010, 11, 142, 1, 7, '2024-01-01 00:00:00', NULL);
INSERT INTO prediction (id, user_id, game_id, home_score, away_score, created_at, updated_at) VALUES (1011, 7, 142, 0, 7, '2024-01-01 00:00:00', NULL);
INSERT INTO prediction (id, user_id, game_id, home_score, away_score, created_at, updated_at) VALUES (1012, 14, 142, 1, 6, '2024-01-01 00:00:00', NULL);
INSERT INTO prediction (id, user_id, game_id, home_score, away_score, created_at, updated_at) VALUES (1013, 8, 142, 1, 8, '2024-01-01 00:00:00', NULL);
INSERT INTO prediction (id, user_id, game_id, home_score, away_score, created_at, updated_at) VALUES (1014, 17, 142, 1, 7, '2024-01-01 00:00:00', NULL);
INSERT INTO prediction (id, user_id, game_id, home_score, away_score, created_at, updated_at) VALUES (1015, 12, 142, 0, 8, '2024-01-01 00:00:00', NULL);
INSERT INTO prediction (id, user_id, game_id, home_score, away_score, created_at, updated_at) VALUES (1016, 13, 142, 1, 8, '2024-01-01 00:00:00', NULL);
INSERT INTO prediction (id, user_id, game_id, home_score, away_score, created_at, updated_at) VALUES (1017, 15, 142, 0, 7, '2024-01-01 00:00:00', NULL);
INSERT INTO prediction (id, user_id, game_id, home_score, away_score, created_at, updated_at) VALUES (1018, 6, 142, 0, 8, '2024-01-01 00:00:00', NULL);
INSERT INTO prediction (id, user_id, game_id, home_score, away_score, created_at, updated_at) VALUES (1019, 10, 142, 1, 5, '2024-01-01 00:00:00', NULL);
INSERT INTO prediction (id, user_id, game_id, home_score, away_score, created_at, updated_at) VALUES (1020, 11, 143, 1, 7, '2024-01-01 00:00:00', NULL);
INSERT INTO prediction (id, user_id, game_id, home_score, away_score, created_at, updated_at) VALUES (1021, 7, 143, 1, 5, '2024-01-01 00:00:00', NULL);
INSERT INTO prediction (id, user_id, game_id, home_score, away_score, created_at, updated_at) VALUES (1022, 14, 143, 0, 8, '2024-01-01 00:00:00', NULL);
INSERT INTO prediction (id, user_id, game_id, home_score, away_score, created_at, updated_at) VALUES (1023, 8, 143, 1, 6, '2024-01-01 00:00:00', NULL);
INSERT INTO prediction (id, user_id, game_id, home_score, away_score, created_at, updated_at) VALUES (1024, 17, 143, 1, 7, '2024-01-01 00:00:00', NULL);
INSERT INTO prediction (id, user_id, game_id, home_score, away_score, created_at, updated_at) VALUES (1025, 12, 143, 1, 9, '2024-01-01 00:00:00', NULL);
INSERT INTO prediction (id, user_id, game_id, home_score, away_score, created_at, updated_at) VALUES (1026, 13, 143, 1, 8, '2024-01-01 00:00:00', NULL);
INSERT INTO prediction (id, user_id, game_id, home_score, away_score, created_at, updated_at) VALUES (1027, 15, 143, 0, 6, '2024-01-01 00:00:00', NULL);
INSERT INTO prediction (id, user_id, game_id, home_score, away_score, created_at, updated_at) VALUES (1028, 6, 143, 0, 8, '2024-01-01 00:00:00', NULL);
INSERT INTO prediction (id, user_id, game_id, home_score, away_score, created_at, updated_at) VALUES (1029, 10, 143, 0, 8, '2024-01-01 00:00:00', NULL);
INSERT INTO prediction (id, user_id, game_id, home_score, away_score, created_at, updated_at) VALUES (1030, 11, 144, 1, 4, '2024-01-01 00:00:00', NULL);
INSERT INTO prediction (id, user_id, game_id, home_score, away_score, created_at, updated_at) VALUES (1031, 7, 144, 2, 3, '2024-01-01 00:00:00', NULL);
INSERT INTO prediction (id, user_id, game_id, home_score, away_score, created_at, updated_at) VALUES (1032, 14, 144, 1, 4, '2024-01-01 00:00:00', NULL);
INSERT INTO prediction (id, user_id, game_id, home_score, away_score, created_at, updated_at) VALUES (1033, 8, 144, 1, 4, '2024-01-01 00:00:00', NULL);
INSERT INTO prediction (id, user_id, game_id, home_score, away_score, created_at, updated_at) VALUES (1034, 17, 144, 2, 4, '2024-01-01 00:00:00', NULL);
INSERT INTO prediction (id, user_id, game_id, home_score, away_score, created_at, updated_at) VALUES (1035, 12, 144, 2, 3, '2024-01-01 00:00:00', NULL);
INSERT INTO prediction (id, user_id, game_id, home_score, away_score, created_at, updated_at) VALUES (1036, 13, 144, 2, 5, '2024-01-01 00:00:00', NULL);
INSERT INTO prediction (id, user_id, game_id, home_score, away_score, created_at, updated_at) VALUES (1037, 15, 144, 3, 4, '2024-01-01 00:00:00', NULL);
INSERT INTO prediction (id, user_id, game_id, home_score, away_score, created_at, updated_at) VALUES (1038, 6, 144, 1, 2, '2024-01-01 00:00:00', NULL);
INSERT INTO prediction (id, user_id, game_id, home_score, away_score, created_at, updated_at) VALUES (1039, 10, 144, 3, 4, '2024-01-01 00:00:00', NULL);
INSERT INTO prediction (id, user_id, game_id, home_score, away_score, created_at, updated_at) VALUES (1040, 11, 145, 1, 3, '2024-01-01 00:00:00', NULL);
INSERT INTO prediction (id, user_id, game_id, home_score, away_score, created_at, updated_at) VALUES (1041, 7, 145, 2, 3, '2024-01-01 00:00:00', NULL);
INSERT INTO prediction (id, user_id, game_id, home_score, away_score, created_at, updated_at) VALUES (1042, 14, 145, 3, 4, '2024-01-01 00:00:00', NULL);
INSERT INTO prediction (id, user_id, game_id, home_score, away_score, created_at, updated_at) VALUES (1043, 8, 145, 2, 4, '2024-01-01 00:00:00', NULL);
INSERT INTO prediction (id, user_id, game_id, home_score, away_score, created_at, updated_at) VALUES (1044, 17, 145, 3, 5, '2024-01-01 00:00:00', NULL);
INSERT INTO prediction (id, user_id, game_id, home_score, away_score, created_at, updated_at) VALUES (1045, 12, 145, 4, 3, '2024-01-01 00:00:00', NULL);
INSERT INTO prediction (id, user_id, game_id, home_score, away_score, created_at, updated_at) VALUES (1046, 13, 145, 3, 4, '2024-01-01 00:00:00', NULL);
INSERT INTO prediction (id, user_id, game_id, home_score, away_score, created_at, updated_at) VALUES (1047, 15, 145, 3, 5, '2024-01-01 00:00:00', NULL);
INSERT INTO prediction (id, user_id, game_id, home_score, away_score, created_at, updated_at) VALUES (1048, 6, 145, 3, 4, '2024-01-01 00:00:00', NULL);
INSERT INTO prediction (id, user_id, game_id, home_score, away_score, created_at, updated_at) VALUES (1049, 10, 145, 2, 3, '2024-01-01 00:00:00', NULL);
INSERT INTO prediction (id, user_id, game_id, home_score, away_score, created_at, updated_at) VALUES (1050, 11, 146, 1, 2, '2024-01-01 00:00:00', NULL);
INSERT INTO prediction (id, user_id, game_id, home_score, away_score, created_at, updated_at) VALUES (1051, 7, 146, 2, 4, '2024-01-01 00:00:00', NULL);
INSERT INTO prediction (id, user_id, game_id, home_score, away_score, created_at, updated_at) VALUES (1052, 14, 146, 3, 5, '2024-01-01 00:00:00', NULL);
INSERT INTO prediction (id, user_id, game_id, home_score, away_score, created_at, updated_at) VALUES (1053, 8, 146, 2, 4, '2024-01-01 00:00:00', NULL);
INSERT INTO prediction (id, user_id, game_id, home_score, away_score, created_at, updated_at) VALUES (1054, 17, 146, 3, 5, '2024-01-01 00:00:00', NULL);
INSERT INTO prediction (id, user_id, game_id, home_score, away_score, created_at, updated_at) VALUES (1055, 12, 146, 3, 4, '2024-01-01 00:00:00', NULL);
INSERT INTO prediction (id, user_id, game_id, home_score, away_score, created_at, updated_at) VALUES (1056, 13, 146, 3, 5, '2024-01-01 00:00:00', NULL);
INSERT INTO prediction (id, user_id, game_id, home_score, away_score, created_at, updated_at) VALUES (1057, 15, 146, 4, 3, '2024-01-01 00:00:00', NULL);
INSERT INTO prediction (id, user_id, game_id, home_score, away_score, created_at, updated_at) VALUES (1058, 6, 146, 3, 5, '2024-01-01 00:00:00', NULL);
INSERT INTO prediction (id, user_id, game_id, home_score, away_score, created_at, updated_at) VALUES (1059, 10, 146, 3, 4, '2024-01-01 00:00:00', NULL);
INSERT INTO prediction (id, user_id, game_id, home_score, away_score, created_at, updated_at) VALUES (1060, 11, 147, 2, 5, '2024-01-01 00:00:00', NULL);
INSERT INTO prediction (id, user_id, game_id, home_score, away_score, created_at, updated_at) VALUES (1061, 7, 147, 2, 1, '2024-01-01 00:00:00', NULL);
INSERT INTO prediction (id, user_id, game_id, home_score, away_score, created_at, updated_at) VALUES (1062, 14, 147, 3, 2, '2024-01-01 00:00:00', NULL);
INSERT INTO prediction (id, user_id, game_id, home_score, away_score, created_at, updated_at) VALUES (1063, 8, 147, 3, 2, '2024-01-01 00:00:00', NULL);
INSERT INTO prediction (id, user_id, game_id, home_score, away_score, created_at, updated_at) VALUES (1064, 17, 147, 2, 5, '2024-01-01 00:00:00', NULL);
INSERT INTO prediction (id, user_id, game_id, home_score, away_score, created_at, updated_at) VALUES (1065, 12, 147, 3, 4, '2024-01-01 00:00:00', NULL);
INSERT INTO prediction (id, user_id, game_id, home_score, away_score, created_at, updated_at) VALUES (1066, 13, 147, 1, 5, '2024-01-01 00:00:00', NULL);
INSERT INTO prediction (id, user_id, game_id, home_score, away_score, created_at, updated_at) VALUES (1067, 15, 147, 2, 4, '2024-01-01 00:00:00', NULL);
INSERT INTO prediction (id, user_id, game_id, home_score, away_score, created_at, updated_at) VALUES (1068, 6, 147, 3, 5, '2024-01-01 00:00:00', NULL);
INSERT INTO prediction (id, user_id, game_id, home_score, away_score, created_at, updated_at) VALUES (1069, 10, 147, 4, 5, '2024-01-01 00:00:00', NULL);
INSERT INTO prediction (id, user_id, game_id, home_score, away_score, created_at, updated_at) VALUES (1070, 11, 148, 1, 3, '2024-01-01 00:00:00', NULL);
INSERT INTO prediction (id, user_id, game_id, home_score, away_score, created_at, updated_at) VALUES (1071, 7, 148, 2, 6, '2024-01-01 00:00:00', NULL);
INSERT INTO prediction (id, user_id, game_id, home_score, away_score, created_at, updated_at) VALUES (1072, 14, 148, 1, 5, '2024-01-01 00:00:00', NULL);
INSERT INTO prediction (id, user_id, game_id, home_score, away_score, created_at, updated_at) VALUES (1073, 8, 148, 1, 5, '2024-01-01 00:00:00', NULL);
INSERT INTO prediction (id, user_id, game_id, home_score, away_score, created_at, updated_at) VALUES (1074, 17, 148, 2, 7, '2024-01-01 00:00:00', NULL);
INSERT INTO prediction (id, user_id, game_id, home_score, away_score, created_at, updated_at) VALUES (1075, 12, 148, 3, 5, '2024-01-01 00:00:00', NULL);
INSERT INTO prediction (id, user_id, game_id, home_score, away_score, created_at, updated_at) VALUES (1076, 13, 148, 2, 5, '2024-01-01 00:00:00', NULL);
INSERT INTO prediction (id, user_id, game_id, home_score, away_score, created_at, updated_at) VALUES (1077, 15, 148, 2, 6, '2024-01-01 00:00:00', NULL);
INSERT INTO prediction (id, user_id, game_id, home_score, away_score, created_at, updated_at) VALUES (1078, 6, 148, 1, 5, '2024-01-01 00:00:00', NULL);
INSERT INTO prediction (id, user_id, game_id, home_score, away_score, created_at, updated_at) VALUES (1079, 10, 148, 3, 5, '2024-01-01 00:00:00', NULL);
INSERT INTO prediction (id, user_id, game_id, home_score, away_score, created_at, updated_at) VALUES (1080, 11, 149, 1, 2, '2024-01-01 00:00:00', NULL);
INSERT INTO prediction (id, user_id, game_id, home_score, away_score, created_at, updated_at) VALUES (1081, 7, 149, 0, 3, '2024-01-01 00:00:00', NULL);
INSERT INTO prediction (id, user_id, game_id, home_score, away_score, created_at, updated_at) VALUES (1082, 14, 149, 1, 4, '2024-01-01 00:00:00', NULL);
INSERT INTO prediction (id, user_id, game_id, home_score, away_score, created_at, updated_at) VALUES (1083, 8, 149, 1, 3, '2024-01-01 00:00:00', NULL);
INSERT INTO prediction (id, user_id, game_id, home_score, away_score, created_at, updated_at) VALUES (1084, 17, 149, 1, 3, '2024-01-01 00:00:00', NULL);
INSERT INTO prediction (id, user_id, game_id, home_score, away_score, created_at, updated_at) VALUES (1085, 12, 149, 2, 5, '2024-01-01 00:00:00', NULL);
INSERT INTO prediction (id, user_id, game_id, home_score, away_score, created_at, updated_at) VALUES (1086, 13, 149, 2, 3, '2024-01-01 00:00:00', NULL);
INSERT INTO prediction (id, user_id, game_id, home_score, away_score, created_at, updated_at) VALUES (1087, 15, 149, 0, 3, '2024-01-01 00:00:00', NULL);
INSERT INTO prediction (id, user_id, game_id, home_score, away_score, created_at, updated_at) VALUES (1088, 6, 149, 2, 4, '2024-01-01 00:00:00', NULL);
INSERT INTO prediction (id, user_id, game_id, home_score, away_score, created_at, updated_at) VALUES (1089, 10, 149, 2, 5, '2024-01-01 00:00:00', NULL);
INSERT INTO prediction (id, user_id, game_id, home_score, away_score, created_at, updated_at) VALUES (1090, 11, 150, 2, 3, '2024-01-01 00:00:00', NULL);
INSERT INTO prediction (id, user_id, game_id, home_score, away_score, created_at, updated_at) VALUES (1091, 7, 150, 0, 3, '2024-01-01 00:00:00', NULL);
INSERT INTO prediction (id, user_id, game_id, home_score, away_score, created_at, updated_at) VALUES (1092, 14, 150, 2, 5, '2024-01-01 00:00:00', NULL);
INSERT INTO prediction (id, user_id, game_id, home_score, away_score, created_at, updated_at) VALUES (1093, 8, 150, 1, 5, '2024-01-01 00:00:00', NULL);
INSERT INTO prediction (id, user_id, game_id, home_score, away_score, created_at, updated_at) VALUES (1094, 17, 150, 1, 4, '2024-01-01 00:00:00', NULL);
INSERT INTO prediction (id, user_id, game_id, home_score, away_score, created_at, updated_at) VALUES (1095, 12, 150, 1, 5, '2024-01-01 00:00:00', NULL);
INSERT INTO prediction (id, user_id, game_id, home_score, away_score, created_at, updated_at) VALUES (1096, 13, 150, 2, 4, '2024-01-01 00:00:00', NULL);
INSERT INTO prediction (id, user_id, game_id, home_score, away_score, created_at, updated_at) VALUES (1097, 15, 150, 1, 6, '2024-01-01 00:00:00', NULL);
INSERT INTO prediction (id, user_id, game_id, home_score, away_score, created_at, updated_at) VALUES (1098, 6, 150, 0, 5, '2024-01-01 00:00:00', NULL);
INSERT INTO prediction (id, user_id, game_id, home_score, away_score, created_at, updated_at) VALUES (1099, 10, 150, 6, 0, '2024-01-01 00:00:00', NULL);
INSERT INTO prediction (id, user_id, game_id, home_score, away_score, created_at, updated_at) VALUES (1100, 11, 151, 1, 2, '2024-01-01 00:00:00', NULL);
INSERT INTO prediction (id, user_id, game_id, home_score, away_score, created_at, updated_at) VALUES (1101, 7, 151, 2, 3, '2024-01-01 00:00:00', NULL);
INSERT INTO prediction (id, user_id, game_id, home_score, away_score, created_at, updated_at) VALUES (1102, 14, 151, 4, 2, '2024-01-01 00:00:00', NULL);
INSERT INTO prediction (id, user_id, game_id, home_score, away_score, created_at, updated_at) VALUES (1103, 8, 151, 1, 2, '2024-01-01 00:00:00', NULL);
INSERT INTO prediction (id, user_id, game_id, home_score, away_score, created_at, updated_at) VALUES (1104, 17, 151, 4, 2, '2024-01-01 00:00:00', NULL);
INSERT INTO prediction (id, user_id, game_id, home_score, away_score, created_at, updated_at) VALUES (1105, 12, 151, 3, 2, '2024-01-01 00:00:00', NULL);
INSERT INTO prediction (id, user_id, game_id, home_score, away_score, created_at, updated_at) VALUES (1106, 13, 151, 4, 1, '2024-01-01 00:00:00', NULL);
INSERT INTO prediction (id, user_id, game_id, home_score, away_score, created_at, updated_at) VALUES (1107, 15, 151, 4, 1, '2024-01-01 00:00:00', NULL);
INSERT INTO prediction (id, user_id, game_id, home_score, away_score, created_at, updated_at) VALUES (1108, 6, 151, 3, 1, '2024-01-01 00:00:00', NULL);
INSERT INTO prediction (id, user_id, game_id, home_score, away_score, created_at, updated_at) VALUES (1109, 10, 151, 5, 4, '2024-01-01 00:00:00', NULL);
INSERT INTO prediction (id, user_id, game_id, home_score, away_score, created_at, updated_at) VALUES (1110, 11, 152, 3, 0, '2024-01-01 00:00:00', NULL);
INSERT INTO prediction (id, user_id, game_id, home_score, away_score, created_at, updated_at) VALUES (1111, 7, 152, 4, 0, '2024-01-01 00:00:00', NULL);
INSERT INTO prediction (id, user_id, game_id, home_score, away_score, created_at, updated_at) VALUES (1112, 14, 152, 3, 1, '2024-01-01 00:00:00', NULL);
INSERT INTO prediction (id, user_id, game_id, home_score, away_score, created_at, updated_at) VALUES (1113, 8, 152, 4, 2, '2024-01-01 00:00:00', NULL);
INSERT INTO prediction (id, user_id, game_id, home_score, away_score, created_at, updated_at) VALUES (1114, 17, 152, 4, 2, '2024-01-01 00:00:00', NULL);
INSERT INTO prediction (id, user_id, game_id, home_score, away_score, created_at, updated_at) VALUES (1115, 12, 152, 4, 2, '2024-01-01 00:00:00', NULL);
INSERT INTO prediction (id, user_id, game_id, home_score, away_score, created_at, updated_at) VALUES (1116, 13, 152, 4, 1, '2024-01-01 00:00:00', NULL);
INSERT INTO prediction (id, user_id, game_id, home_score, away_score, created_at, updated_at) VALUES (1117, 15, 152, 5, 0, '2024-01-01 00:00:00', NULL);
INSERT INTO prediction (id, user_id, game_id, home_score, away_score, created_at, updated_at) VALUES (1118, 6, 152, 4, 2, '2024-01-01 00:00:00', NULL);
INSERT INTO prediction (id, user_id, game_id, home_score, away_score, created_at, updated_at) VALUES (1119, 10, 152, 4, 0, '2024-01-01 00:00:00', NULL);
INSERT INTO prediction (id, user_id, game_id, home_score, away_score, created_at, updated_at) VALUES (1120, 11, 153, 7, 2, '2024-01-01 00:00:00', NULL);
INSERT INTO prediction (id, user_id, game_id, home_score, away_score, created_at, updated_at) VALUES (1121, 7, 153, 11, 0, '2024-01-01 00:00:00', NULL);
INSERT INTO prediction (id, user_id, game_id, home_score, away_score, created_at, updated_at) VALUES (1122, 14, 153, 10, 0, '2024-01-01 00:00:00', NULL);
INSERT INTO prediction (id, user_id, game_id, home_score, away_score, created_at, updated_at) VALUES (1123, 8, 153, 8, 0, '2024-01-01 00:00:00', NULL);
INSERT INTO prediction (id, user_id, game_id, home_score, away_score, created_at, updated_at) VALUES (1124, 17, 153, 9, 0, '2024-01-01 00:00:00', NULL);
INSERT INTO prediction (id, user_id, game_id, home_score, away_score, created_at, updated_at) VALUES (1125, 12, 153, 7, 0, '2024-01-01 00:00:00', NULL);
INSERT INTO prediction (id, user_id, game_id, home_score, away_score, created_at, updated_at) VALUES (1126, 13, 153, 7, 0, '2024-01-01 00:00:00', NULL);
INSERT INTO prediction (id, user_id, game_id, home_score, away_score, created_at, updated_at) VALUES (1127, 15, 153, 9, 0, '2024-01-01 00:00:00', NULL);
INSERT INTO prediction (id, user_id, game_id, home_score, away_score, created_at, updated_at) VALUES (1128, 6, 153, 8, 0, '2024-01-01 00:00:00', NULL);
INSERT INTO prediction (id, user_id, game_id, home_score, away_score, created_at, updated_at) VALUES (1129, 10, 153, 7, 0, '2024-01-01 00:00:00', NULL);
INSERT INTO prediction (id, user_id, game_id, home_score, away_score, created_at, updated_at) VALUES (1130, 11, 154, 4, 1, '2024-01-01 00:00:00', NULL);
INSERT INTO prediction (id, user_id, game_id, home_score, away_score, created_at, updated_at) VALUES (1131, 7, 154, 6, 1, '2024-01-01 00:00:00', NULL);
INSERT INTO prediction (id, user_id, game_id, home_score, away_score, created_at, updated_at) VALUES (1132, 14, 154, 4, 2, '2024-01-01 00:00:00', NULL);
INSERT INTO prediction (id, user_id, game_id, home_score, away_score, created_at, updated_at) VALUES (1133, 8, 154, 4, 1, '2024-01-01 00:00:00', NULL);
INSERT INTO prediction (id, user_id, game_id, home_score, away_score, created_at, updated_at) VALUES (1134, 17, 154, 4, 2, '2024-01-01 00:00:00', NULL);
INSERT INTO prediction (id, user_id, game_id, home_score, away_score, created_at, updated_at) VALUES (1135, 12, 154, 4, 3, '2024-01-01 00:00:00', NULL);
INSERT INTO prediction (id, user_id, game_id, home_score, away_score, created_at, updated_at) VALUES (1136, 13, 154, 4, 2, '2024-01-01 00:00:00', NULL);
INSERT INTO prediction (id, user_id, game_id, home_score, away_score, created_at, updated_at) VALUES (1137, 15, 154, 4, 2, '2024-01-01 00:00:00', NULL);
INSERT INTO prediction (id, user_id, game_id, home_score, away_score, created_at, updated_at) VALUES (1138, 6, 154, 4, 1, '2024-01-01 00:00:00', NULL);
INSERT INTO prediction (id, user_id, game_id, home_score, away_score, created_at, updated_at) VALUES (1139, 10, 154, 5, 2, '2024-01-01 00:00:00', NULL);
INSERT INTO prediction (id, user_id, game_id, home_score, away_score, created_at, updated_at) VALUES (1140, 11, 155, 2, 3, '2024-01-01 00:00:00', NULL);
INSERT INTO prediction (id, user_id, game_id, home_score, away_score, created_at, updated_at) VALUES (1141, 7, 155, 2, 5, '2024-01-01 00:00:00', NULL);
INSERT INTO prediction (id, user_id, game_id, home_score, away_score, created_at, updated_at) VALUES (1142, 14, 155, 1, 4, '2024-01-01 00:00:00', NULL);
INSERT INTO prediction (id, user_id, game_id, home_score, away_score, created_at, updated_at) VALUES (1143, 8, 155, 2, 4, '2024-01-01 00:00:00', NULL);
INSERT INTO prediction (id, user_id, game_id, home_score, away_score, created_at, updated_at) VALUES (1144, 17, 155, 2, 4, '2024-01-01 00:00:00', NULL);
INSERT INTO prediction (id, user_id, game_id, home_score, away_score, created_at, updated_at) VALUES (1145, 12, 155, 2, 3, '2024-01-01 00:00:00', NULL);
INSERT INTO prediction (id, user_id, game_id, home_score, away_score, created_at, updated_at) VALUES (1146, 13, 155, 2, 3, '2024-01-01 00:00:00', NULL);
INSERT INTO prediction (id, user_id, game_id, home_score, away_score, created_at, updated_at) VALUES (1147, 15, 155, 2, 5, '2024-01-01 00:00:00', NULL);
INSERT INTO prediction (id, user_id, game_id, home_score, away_score, created_at, updated_at) VALUES (1148, 6, 155, 2, 4, '2024-01-01 00:00:00', NULL);
INSERT INTO prediction (id, user_id, game_id, home_score, away_score, created_at, updated_at) VALUES (1149, 10, 155, 3, 5, '2024-01-01 00:00:00', NULL);
INSERT INTO prediction (id, user_id, game_id, home_score, away_score, created_at, updated_at) VALUES (1150, 11, 156, 6, 1, '2024-01-01 00:00:00', NULL);
INSERT INTO prediction (id, user_id, game_id, home_score, away_score, created_at, updated_at) VALUES (1151, 7, 156, 7, 0, '2024-01-01 00:00:00', NULL);
INSERT INTO prediction (id, user_id, game_id, home_score, away_score, created_at, updated_at) VALUES (1152, 14, 156, 8, 1, '2024-01-01 00:00:00', NULL);
INSERT INTO prediction (id, user_id, game_id, home_score, away_score, created_at, updated_at) VALUES (1153, 8, 156, 10, 0, '2024-01-01 00:00:00', NULL);
INSERT INTO prediction (id, user_id, game_id, home_score, away_score, created_at, updated_at) VALUES (1154, 17, 156, 9, 0, '2024-01-01 00:00:00', NULL);
INSERT INTO prediction (id, user_id, game_id, home_score, away_score, created_at, updated_at) VALUES (1155, 12, 156, 9, 0, '2024-01-01 00:00:00', NULL);
INSERT INTO prediction (id, user_id, game_id, home_score, away_score, created_at, updated_at) VALUES (1156, 13, 156, 9, 0, '2024-01-01 00:00:00', NULL);
INSERT INTO prediction (id, user_id, game_id, home_score, away_score, created_at, updated_at) VALUES (1157, 15, 156, 8, 0, '2024-01-01 00:00:00', NULL);
INSERT INTO prediction (id, user_id, game_id, home_score, away_score, created_at, updated_at) VALUES (1158, 6, 156, 8, 0, '2024-01-01 00:00:00', NULL);
INSERT INTO prediction (id, user_id, game_id, home_score, away_score, created_at, updated_at) VALUES (1159, 10, 156, 7, 0, '2024-01-01 00:00:00', NULL);
INSERT INTO prediction (id, user_id, game_id, home_score, away_score, created_at, updated_at) VALUES (1160, 11, 157, 5, 1, '2024-01-01 00:00:00', NULL);
INSERT INTO prediction (id, user_id, game_id, home_score, away_score, created_at, updated_at) VALUES (1161, 7, 157, 8, 0, '2024-01-01 00:00:00', NULL);
INSERT INTO prediction (id, user_id, game_id, home_score, away_score, created_at, updated_at) VALUES (1162, 14, 157, 8, 1, '2024-01-01 00:00:00', NULL);
INSERT INTO prediction (id, user_id, game_id, home_score, away_score, created_at, updated_at) VALUES (1163, 8, 157, 5, 2, '2024-01-01 00:00:00', NULL);
INSERT INTO prediction (id, user_id, game_id, home_score, away_score, created_at, updated_at) VALUES (1164, 17, 157, 6, 1, '2024-01-01 00:00:00', NULL);
INSERT INTO prediction (id, user_id, game_id, home_score, away_score, created_at, updated_at) VALUES (1165, 12, 157, 7, 1, '2024-01-01 00:00:00', NULL);
INSERT INTO prediction (id, user_id, game_id, home_score, away_score, created_at, updated_at) VALUES (1166, 13, 157, 8, 1, '2024-01-01 00:00:00', NULL);
INSERT INTO prediction (id, user_id, game_id, home_score, away_score, created_at, updated_at) VALUES (1167, 15, 157, 6, 1, '2024-01-01 00:00:00', NULL);
INSERT INTO prediction (id, user_id, game_id, home_score, away_score, created_at, updated_at) VALUES (1168, 6, 157, 8, 0, '2024-01-01 00:00:00', NULL);
INSERT INTO prediction (id, user_id, game_id, home_score, away_score, created_at, updated_at) VALUES (1169, 10, 157, 9, 0, '2024-01-01 00:00:00', NULL);
INSERT INTO prediction (id, user_id, game_id, home_score, away_score, created_at, updated_at) VALUES (1170, 11, 158, 7, 0, '2024-01-01 00:00:00', NULL);
INSERT INTO prediction (id, user_id, game_id, home_score, away_score, created_at, updated_at) VALUES (1171, 7, 158, 8, 0, '2024-01-01 00:00:00', NULL);
INSERT INTO prediction (id, user_id, game_id, home_score, away_score, created_at, updated_at) VALUES (1172, 14, 158, 6, 1, '2024-01-01 00:00:00', NULL);
INSERT INTO prediction (id, user_id, game_id, home_score, away_score, created_at, updated_at) VALUES (1173, 8, 158, 5, 1, '2024-01-01 00:00:00', NULL);
INSERT INTO prediction (id, user_id, game_id, home_score, away_score, created_at, updated_at) VALUES (1174, 17, 158, 6, 1, '2024-01-01 00:00:00', NULL);
INSERT INTO prediction (id, user_id, game_id, home_score, away_score, created_at, updated_at) VALUES (1175, 12, 158, 5, 0, '2024-01-01 00:00:00', NULL);
INSERT INTO prediction (id, user_id, game_id, home_score, away_score, created_at, updated_at) VALUES (1176, 13, 158, 4, 1, '2024-01-01 00:00:00', NULL);
INSERT INTO prediction (id, user_id, game_id, home_score, away_score, created_at, updated_at) VALUES (1177, 15, 158, 8, 0, '2024-01-01 00:00:00', NULL);
INSERT INTO prediction (id, user_id, game_id, home_score, away_score, created_at, updated_at) VALUES (1178, 6, 158, 7, 0, '2024-01-01 00:00:00', NULL);
INSERT INTO prediction (id, user_id, game_id, home_score, away_score, created_at, updated_at) VALUES (1179, 10, 158, 5, 1, '2024-01-01 00:00:00', NULL);
INSERT INTO prediction (id, user_id, game_id, home_score, away_score, created_at, updated_at) VALUES (1180, 11, 159, 4, 1, '2024-01-01 00:00:00', NULL);
INSERT INTO prediction (id, user_id, game_id, home_score, away_score, created_at, updated_at) VALUES (1181, 7, 159, 3, 1, '2024-01-01 00:00:00', NULL);
INSERT INTO prediction (id, user_id, game_id, home_score, away_score, created_at, updated_at) VALUES (1182, 14, 159, 4, 2, '2024-01-01 00:00:00', NULL);
INSERT INTO prediction (id, user_id, game_id, home_score, away_score, created_at, updated_at) VALUES (1183, 8, 159, 4, 1, '2024-01-01 00:00:00', NULL);
INSERT INTO prediction (id, user_id, game_id, home_score, away_score, created_at, updated_at) VALUES (1184, 17, 159, 5, 2, '2024-01-01 00:00:00', NULL);
INSERT INTO prediction (id, user_id, game_id, home_score, away_score, created_at, updated_at) VALUES (1185, 12, 159, 6, 1, '2024-01-01 00:00:00', NULL);
INSERT INTO prediction (id, user_id, game_id, home_score, away_score, created_at, updated_at) VALUES (1186, 13, 159, 5, 2, '2024-01-01 00:00:00', NULL);
INSERT INTO prediction (id, user_id, game_id, home_score, away_score, created_at, updated_at) VALUES (1187, 15, 159, 5, 1, '2024-01-01 00:00:00', NULL);
INSERT INTO prediction (id, user_id, game_id, home_score, away_score, created_at, updated_at) VALUES (1188, 6, 159, 5, 2, '2024-01-01 00:00:00', NULL);
INSERT INTO prediction (id, user_id, game_id, home_score, away_score, created_at, updated_at) VALUES (1189, 10, 159, 4, 2, '2024-01-01 00:00:00', NULL);
INSERT INTO prediction (id, user_id, game_id, home_score, away_score, created_at, updated_at) VALUES (1190, 11, 160, 4, 2, '2024-01-01 00:00:00', NULL);
INSERT INTO prediction (id, user_id, game_id, home_score, away_score, created_at, updated_at) VALUES (1191, 7, 160, 3, 2, '2024-01-01 00:00:00', NULL);
INSERT INTO prediction (id, user_id, game_id, home_score, away_score, created_at, updated_at) VALUES (1192, 14, 160, 5, 1, '2024-01-01 00:00:00', NULL);
INSERT INTO prediction (id, user_id, game_id, home_score, away_score, created_at, updated_at) VALUES (1193, 8, 160, 4, 1, '2024-01-01 00:00:00', NULL);
INSERT INTO prediction (id, user_id, game_id, home_score, away_score, created_at, updated_at) VALUES (1194, 17, 160, 5, 2, '2024-01-01 00:00:00', NULL);
INSERT INTO prediction (id, user_id, game_id, home_score, away_score, created_at, updated_at) VALUES (1195, 12, 160, 4, 2, '2024-01-01 00:00:00', NULL);
INSERT INTO prediction (id, user_id, game_id, home_score, away_score, created_at, updated_at) VALUES (1196, 13, 160, 3, 1, '2024-01-01 00:00:00', NULL);
INSERT INTO prediction (id, user_id, game_id, home_score, away_score, created_at, updated_at) VALUES (1197, 15, 160, 5, 2, '2024-01-01 00:00:00', NULL);
INSERT INTO prediction (id, user_id, game_id, home_score, away_score, created_at, updated_at) VALUES (1198, 6, 160, 5, 2, '2024-01-01 00:00:00', NULL);
INSERT INTO prediction (id, user_id, game_id, home_score, away_score, created_at, updated_at) VALUES (1199, 10, 160, 5, 3, '2024-01-01 00:00:00', NULL);
INSERT INTO prediction (id, user_id, game_id, home_score, away_score, created_at, updated_at) VALUES (1200, 11, 161, 1, 4, '2024-01-01 00:00:00', NULL);
INSERT INTO prediction (id, user_id, game_id, home_score, away_score, created_at, updated_at) VALUES (1201, 7, 161, 3, 5, '2024-01-01 00:00:00', NULL);
INSERT INTO prediction (id, user_id, game_id, home_score, away_score, created_at, updated_at) VALUES (1202, 14, 161, 2, 5, '2024-01-01 00:00:00', NULL);
INSERT INTO prediction (id, user_id, game_id, home_score, away_score, created_at, updated_at) VALUES (1203, 8, 161, 2, 4, '2024-01-01 00:00:00', NULL);
INSERT INTO prediction (id, user_id, game_id, home_score, away_score, created_at, updated_at) VALUES (1204, 17, 161, 2, 4, '2024-01-01 00:00:00', NULL);
INSERT INTO prediction (id, user_id, game_id, home_score, away_score, created_at, updated_at) VALUES (1205, 12, 161, 2, 4, '2024-01-01 00:00:00', NULL);
INSERT INTO prediction (id, user_id, game_id, home_score, away_score, created_at, updated_at) VALUES (1206, 13, 161, 3, 5, '2024-01-01 00:00:00', NULL);
INSERT INTO prediction (id, user_id, game_id, home_score, away_score, created_at, updated_at) VALUES (1207, 15, 161, 1, 4, '2024-01-01 00:00:00', NULL);
INSERT INTO prediction (id, user_id, game_id, home_score, away_score, created_at, updated_at) VALUES (1208, 6, 161, 2, 3, '2024-01-01 00:00:00', NULL);
INSERT INTO prediction (id, user_id, game_id, home_score, away_score, created_at, updated_at) VALUES (1209, 10, 161, 1, 5, '2024-01-01 00:00:00', NULL);
INSERT INTO prediction (id, user_id, game_id, home_score, away_score, created_at, updated_at) VALUES (1210, 11, 162, 2, 3, '2024-01-01 00:00:00', NULL);
INSERT INTO prediction (id, user_id, game_id, home_score, away_score, created_at, updated_at) VALUES (1211, 7, 162, 3, 4, '2024-01-01 00:00:00', NULL);
INSERT INTO prediction (id, user_id, game_id, home_score, away_score, created_at, updated_at) VALUES (1212, 14, 162, 2, 4, '2024-01-01 00:00:00', NULL);
INSERT INTO prediction (id, user_id, game_id, home_score, away_score, created_at, updated_at) VALUES (1213, 8, 162, 1, 4, '2024-01-01 00:00:00', NULL);
INSERT INTO prediction (id, user_id, game_id, home_score, away_score, created_at, updated_at) VALUES (1214, 17, 162, 2, 4, '2024-01-01 00:00:00', NULL);
INSERT INTO prediction (id, user_id, game_id, home_score, away_score, created_at, updated_at) VALUES (1215, 12, 162, 1, 5, '2024-01-01 00:00:00', NULL);
INSERT INTO prediction (id, user_id, game_id, home_score, away_score, created_at, updated_at) VALUES (1216, 13, 162, 2, 4, '2024-01-01 00:00:00', NULL);
INSERT INTO prediction (id, user_id, game_id, home_score, away_score, created_at, updated_at) VALUES (1217, 15, 162, 2, 5, '2024-01-01 00:00:00', NULL);
INSERT INTO prediction (id, user_id, game_id, home_score, away_score, created_at, updated_at) VALUES (1218, 6, 162, 2, 4, '2024-01-01 00:00:00', NULL);
INSERT INTO prediction (id, user_id, game_id, home_score, away_score, created_at, updated_at) VALUES (1219, 10, 162, 3, 4, '2024-01-01 00:00:00', NULL);
INSERT INTO prediction (id, user_id, game_id, home_score, away_score, created_at, updated_at) VALUES (1220, 11, 163, 7, 1, '2024-01-01 00:00:00', NULL);
INSERT INTO prediction (id, user_id, game_id, home_score, away_score, created_at, updated_at) VALUES (1221, 7, 163, 6, 0, '2024-01-01 00:00:00', NULL);
INSERT INTO prediction (id, user_id, game_id, home_score, away_score, created_at, updated_at) VALUES (1222, 14, 163, 9, 1, '2024-01-01 00:00:00', NULL);
INSERT INTO prediction (id, user_id, game_id, home_score, away_score, created_at, updated_at) VALUES (1223, 8, 163, 7, 1, '2024-01-01 00:00:00', NULL);
INSERT INTO prediction (id, user_id, game_id, home_score, away_score, created_at, updated_at) VALUES (1224, 17, 163, 9, 0, '2024-01-01 00:00:00', NULL);
INSERT INTO prediction (id, user_id, game_id, home_score, away_score, created_at, updated_at) VALUES (1225, 12, 163, 7, 0, '2024-01-01 00:00:00', NULL);
INSERT INTO prediction (id, user_id, game_id, home_score, away_score, created_at, updated_at) VALUES (1226, 13, 163, 7, 0, '2024-01-01 00:00:00', NULL);
INSERT INTO prediction (id, user_id, game_id, home_score, away_score, created_at, updated_at) VALUES (1227, 15, 163, 7, 0, '2024-01-01 00:00:00', NULL);
INSERT INTO prediction (id, user_id, game_id, home_score, away_score, created_at, updated_at) VALUES (1228, 6, 163, 7, 0, '2024-01-01 00:00:00', NULL);
INSERT INTO prediction (id, user_id, game_id, home_score, away_score, created_at, updated_at) VALUES (1229, 10, 163, 7, 1, '2024-01-01 00:00:00', NULL);
INSERT INTO prediction (id, user_id, game_id, home_score, away_score, created_at, updated_at) VALUES (1230, 11, 164, 6, 0, '2024-01-01 00:00:00', NULL);
INSERT INTO prediction (id, user_id, game_id, home_score, away_score, created_at, updated_at) VALUES (1231, 7, 164, 8, 0, '2024-01-01 00:00:00', NULL);
INSERT INTO prediction (id, user_id, game_id, home_score, away_score, created_at, updated_at) VALUES (1232, 14, 164, 11, 0, '2024-01-01 00:00:00', NULL);
INSERT INTO prediction (id, user_id, game_id, home_score, away_score, created_at, updated_at) VALUES (1233, 8, 164, 8, 0, '2024-01-01 00:00:00', NULL);
INSERT INTO prediction (id, user_id, game_id, home_score, away_score, created_at, updated_at) VALUES (1234, 17, 164, 9, 0, '2024-01-01 00:00:00', NULL);
INSERT INTO prediction (id, user_id, game_id, home_score, away_score, created_at, updated_at) VALUES (1235, 12, 164, 9, 0, '2024-01-01 00:00:00', NULL);
INSERT INTO prediction (id, user_id, game_id, home_score, away_score, created_at, updated_at) VALUES (1236, 13, 164, 10, 0, '2024-01-01 00:00:00', NULL);
INSERT INTO prediction (id, user_id, game_id, home_score, away_score, created_at, updated_at) VALUES (1237, 15, 164, 8, 0, '2024-01-01 00:00:00', NULL);
INSERT INTO prediction (id, user_id, game_id, home_score, away_score, created_at, updated_at) VALUES (1238, 6, 164, 8, 0, '2024-01-01 00:00:00', NULL);
INSERT INTO prediction (id, user_id, game_id, home_score, away_score, created_at, updated_at) VALUES (1239, 10, 164, 8, 1, '2024-01-01 00:00:00', NULL);
INSERT INTO prediction (id, user_id, game_id, home_score, away_score, created_at, updated_at) VALUES (1240, 11, 165, 1, 5, '2024-01-01 00:00:00', NULL);
INSERT INTO prediction (id, user_id, game_id, home_score, away_score, created_at, updated_at) VALUES (1241, 7, 165, 1, 3, '2024-01-01 00:00:00', NULL);
INSERT INTO prediction (id, user_id, game_id, home_score, away_score, created_at, updated_at) VALUES (1242, 14, 165, 1, 5, '2024-01-01 00:00:00', NULL);
INSERT INTO prediction (id, user_id, game_id, home_score, away_score, created_at, updated_at) VALUES (1243, 8, 165, 2, 4, '2024-01-01 00:00:00', NULL);
INSERT INTO prediction (id, user_id, game_id, home_score, away_score, created_at, updated_at) VALUES (1244, 17, 165, 2, 5, '2024-01-01 00:00:00', NULL);
INSERT INTO prediction (id, user_id, game_id, home_score, away_score, created_at, updated_at) VALUES (1245, 13, 165, 3, 5, '2024-01-01 00:00:00', NULL);
INSERT INTO prediction (id, user_id, game_id, home_score, away_score, created_at, updated_at) VALUES (1246, 15, 165, 2, 5, '2024-01-01 00:00:00', NULL);
INSERT INTO prediction (id, user_id, game_id, home_score, away_score, created_at, updated_at) VALUES (1247, 6, 165, 1, 7, '2024-01-01 00:00:00', NULL);
INSERT INTO prediction (id, user_id, game_id, home_score, away_score, created_at, updated_at) VALUES (1248, 10, 165, 2, 4, '2024-01-01 00:00:00', NULL);
INSERT INTO prediction (id, user_id, game_id, home_score, away_score, created_at, updated_at) VALUES (1249, 11, 166, 2, 4, '2024-01-01 00:00:00', NULL);
INSERT INTO prediction (id, user_id, game_id, home_score, away_score, created_at, updated_at) VALUES (1250, 7, 166, 1, 4, '2024-01-01 00:00:00', NULL);
INSERT INTO prediction (id, user_id, game_id, home_score, away_score, created_at, updated_at) VALUES (1251, 8, 166, 1, 5, '2024-01-01 00:00:00', NULL);
INSERT INTO prediction (id, user_id, game_id, home_score, away_score, created_at, updated_at) VALUES (1252, 17, 166, 2, 5, '2024-01-01 00:00:00', NULL);
INSERT INTO prediction (id, user_id, game_id, home_score, away_score, created_at, updated_at) VALUES (1253, 13, 166, 1, 6, '2024-01-01 00:00:00', NULL);
INSERT INTO prediction (id, user_id, game_id, home_score, away_score, created_at, updated_at) VALUES (1254, 15, 166, 2, 6, '2024-01-01 00:00:00', NULL);
INSERT INTO prediction (id, user_id, game_id, home_score, away_score, created_at, updated_at) VALUES (1255, 6, 166, 1, 6, '2024-01-01 00:00:00', NULL);
INSERT INTO prediction (id, user_id, game_id, home_score, away_score, created_at, updated_at) VALUES (1256, 10, 166, 2, 5, '2024-01-01 00:00:00', NULL);
INSERT INTO prediction (id, user_id, game_id, home_score, away_score, created_at, updated_at) VALUES (1257, 11, 167, 5, 2, '2024-01-01 00:00:00', NULL);
INSERT INTO prediction (id, user_id, game_id, home_score, away_score, created_at, updated_at) VALUES (1258, 7, 167, 3, 2, '2024-01-01 00:00:00', NULL);
INSERT INTO prediction (id, user_id, game_id, home_score, away_score, created_at, updated_at) VALUES (1259, 14, 167, 6, 2, '2024-01-01 00:00:00', NULL);
INSERT INTO prediction (id, user_id, game_id, home_score, away_score, created_at, updated_at) VALUES (1260, 8, 167, 4, 2, '2024-01-01 00:00:00', NULL);
INSERT INTO prediction (id, user_id, game_id, home_score, away_score, created_at, updated_at) VALUES (1261, 17, 167, 5, 3, '2024-01-01 00:00:00', NULL);
INSERT INTO prediction (id, user_id, game_id, home_score, away_score, created_at, updated_at) VALUES (1262, 12, 167, 4, 2, '2024-01-01 00:00:00', NULL);
INSERT INTO prediction (id, user_id, game_id, home_score, away_score, created_at, updated_at) VALUES (1263, 13, 167, 5, 2, '2024-01-01 00:00:00', NULL);
INSERT INTO prediction (id, user_id, game_id, home_score, away_score, created_at, updated_at) VALUES (1264, 15, 167, 6, 2, '2024-01-01 00:00:00', NULL);
INSERT INTO prediction (id, user_id, game_id, home_score, away_score, created_at, updated_at) VALUES (1265, 6, 167, 5, 2, '2024-01-01 00:00:00', NULL);
INSERT INTO prediction (id, user_id, game_id, home_score, away_score, created_at, updated_at) VALUES (1266, 10, 167, 5, 1, '2024-01-01 00:00:00', NULL);
INSERT INTO prediction (id, user_id, game_id, home_score, away_score, created_at, updated_at) VALUES (1267, 11, 168, 1, 3, '2024-01-01 00:00:00', NULL);
INSERT INTO prediction (id, user_id, game_id, home_score, away_score, created_at, updated_at) VALUES (1268, 7, 168, 1, 4, '2024-01-01 00:00:00', NULL);
INSERT INTO prediction (id, user_id, game_id, home_score, away_score, created_at, updated_at) VALUES (1269, 14, 168, 1, 4, '2024-01-01 00:00:00', NULL);
INSERT INTO prediction (id, user_id, game_id, home_score, away_score, created_at, updated_at) VALUES (1270, 8, 168, 2, 4, '2024-01-01 00:00:00', NULL);
INSERT INTO prediction (id, user_id, game_id, home_score, away_score, created_at, updated_at) VALUES (1271, 17, 168, 1, 4, '2024-01-01 00:00:00', NULL);
INSERT INTO prediction (id, user_id, game_id, home_score, away_score, created_at, updated_at) VALUES (1272, 12, 168, 1, 6, '2024-01-01 00:00:00', NULL);
INSERT INTO prediction (id, user_id, game_id, home_score, away_score, created_at, updated_at) VALUES (1273, 13, 168, 1, 5, '2024-01-01 00:00:00', NULL);
INSERT INTO prediction (id, user_id, game_id, home_score, away_score, created_at, updated_at) VALUES (1274, 15, 168, 0, 4, '2024-01-01 00:00:00', NULL);
INSERT INTO prediction (id, user_id, game_id, home_score, away_score, created_at, updated_at) VALUES (1275, 6, 168, 0, 5, '2024-01-01 00:00:00', NULL);
INSERT INTO prediction (id, user_id, game_id, home_score, away_score, created_at, updated_at) VALUES (1276, 10, 168, 1, 5, '2024-01-01 00:00:00', NULL);
INSERT INTO prediction (id, user_id, game_id, home_score, away_score, created_at, updated_at) VALUES (1277, 11, 169, 2, 5, '2024-01-01 00:00:00', NULL);
INSERT INTO prediction (id, user_id, game_id, home_score, away_score, created_at, updated_at) VALUES (1278, 7, 169, 1, 5, '2024-01-01 00:00:00', NULL);
INSERT INTO prediction (id, user_id, game_id, home_score, away_score, created_at, updated_at) VALUES (1279, 14, 169, 1, 4, '2024-01-01 00:00:00', NULL);
INSERT INTO prediction (id, user_id, game_id, home_score, away_score, created_at, updated_at) VALUES (1280, 8, 169, 1, 7, '2024-01-01 00:00:00', NULL);
INSERT INTO prediction (id, user_id, game_id, home_score, away_score, created_at, updated_at) VALUES (1281, 17, 169, 0, 4, '2024-01-01 00:00:00', NULL);
INSERT INTO prediction (id, user_id, game_id, home_score, away_score, created_at, updated_at) VALUES (1282, 12, 169, 1, 4, '2024-01-01 00:00:00', NULL);
INSERT INTO prediction (id, user_id, game_id, home_score, away_score, created_at, updated_at) VALUES (1283, 13, 169, 0, 7, '2024-01-01 00:00:00', NULL);
INSERT INTO prediction (id, user_id, game_id, home_score, away_score, created_at, updated_at) VALUES (1284, 15, 169, 1, 4, '2024-01-01 00:00:00', NULL);
INSERT INTO prediction (id, user_id, game_id, home_score, away_score, created_at, updated_at) VALUES (1285, 6, 169, 2, 6, '2024-01-01 00:00:00', NULL);
INSERT INTO prediction (id, user_id, game_id, home_score, away_score, created_at, updated_at) VALUES (1286, 10, 169, 1, 5, '2024-01-01 00:00:00', NULL);
INSERT INTO prediction (id, user_id, game_id, home_score, away_score, created_at, updated_at) VALUES (1287, 11, 170, 3, 2, '2024-01-01 00:00:00', NULL);
INSERT INTO prediction (id, user_id, game_id, home_score, away_score, created_at, updated_at) VALUES (1288, 7, 170, 4, 2, '2024-01-01 00:00:00', NULL);
INSERT INTO prediction (id, user_id, game_id, home_score, away_score, created_at, updated_at) VALUES (1289, 14, 170, 4, 3, '2024-01-01 00:00:00', NULL);
INSERT INTO prediction (id, user_id, game_id, home_score, away_score, created_at, updated_at) VALUES (1290, 8, 170, 4, 1, '2024-01-01 00:00:00', NULL);
INSERT INTO prediction (id, user_id, game_id, home_score, away_score, created_at, updated_at) VALUES (1291, 17, 170, 4, 3, '2024-01-01 00:00:00', NULL);
INSERT INTO prediction (id, user_id, game_id, home_score, away_score, created_at, updated_at) VALUES (1292, 12, 170, 4, 3, '2024-01-01 00:00:00', NULL);
INSERT INTO prediction (id, user_id, game_id, home_score, away_score, created_at, updated_at) VALUES (1293, 13, 170, 5, 3, '2024-01-01 00:00:00', NULL);
INSERT INTO prediction (id, user_id, game_id, home_score, away_score, created_at, updated_at) VALUES (1294, 15, 170, 5, 2, '2024-01-01 00:00:00', NULL);
INSERT INTO prediction (id, user_id, game_id, home_score, away_score, created_at, updated_at) VALUES (1295, 6, 170, 4, 2, '2024-01-01 00:00:00', NULL);
INSERT INTO prediction (id, user_id, game_id, home_score, away_score, created_at, updated_at) VALUES (1296, 10, 170, 5, 3, '2024-01-01 00:00:00', NULL);
INSERT INTO prediction (id, user_id, game_id, home_score, away_score, created_at, updated_at) VALUES (1297, 11, 171, 3, 5, '2024-01-01 00:00:00', NULL);
INSERT INTO prediction (id, user_id, game_id, home_score, away_score, created_at, updated_at) VALUES (1298, 7, 171, 2, 5, '2024-01-01 00:00:00', NULL);
INSERT INTO prediction (id, user_id, game_id, home_score, away_score, created_at, updated_at) VALUES (1299, 14, 171, 1, 7, '2024-01-01 00:00:00', NULL);
INSERT INTO prediction (id, user_id, game_id, home_score, away_score, created_at, updated_at) VALUES (1300, 8, 171, 2, 5, '2024-01-01 00:00:00', NULL);
INSERT INTO prediction (id, user_id, game_id, home_score, away_score, created_at, updated_at) VALUES (1301, 17, 171, 2, 6, '2024-01-01 00:00:00', NULL);
INSERT INTO prediction (id, user_id, game_id, home_score, away_score, created_at, updated_at) VALUES (1302, 12, 171, 1, 4, '2024-01-01 00:00:00', NULL);
INSERT INTO prediction (id, user_id, game_id, home_score, away_score, created_at, updated_at) VALUES (1303, 13, 171, 2, 4, '2024-01-01 00:00:00', NULL);
INSERT INTO prediction (id, user_id, game_id, home_score, away_score, created_at, updated_at) VALUES (1304, 15, 171, 1, 5, '2024-01-01 00:00:00', NULL);
INSERT INTO prediction (id, user_id, game_id, home_score, away_score, created_at, updated_at) VALUES (1305, 6, 171, 2, 4, '2024-01-01 00:00:00', NULL);
INSERT INTO prediction (id, user_id, game_id, home_score, away_score, created_at, updated_at) VALUES (1306, 10, 171, 2, 6, '2024-01-01 00:00:00', NULL);
INSERT INTO prediction (id, user_id, game_id, home_score, away_score, created_at, updated_at) VALUES (1307, 11, 172, 0, 6, '2024-01-01 00:00:00', NULL);
INSERT INTO prediction (id, user_id, game_id, home_score, away_score, created_at, updated_at) VALUES (1308, 7, 172, 1, 5, '2024-01-01 00:00:00', NULL);
INSERT INTO prediction (id, user_id, game_id, home_score, away_score, created_at, updated_at) VALUES (1309, 14, 172, 1, 6, '2024-01-01 00:00:00', NULL);
INSERT INTO prediction (id, user_id, game_id, home_score, away_score, created_at, updated_at) VALUES (1310, 8, 172, 1, 5, '2024-01-01 00:00:00', NULL);
INSERT INTO prediction (id, user_id, game_id, home_score, away_score, created_at, updated_at) VALUES (1311, 17, 172, 2, 6, '2024-01-01 00:00:00', NULL);
INSERT INTO prediction (id, user_id, game_id, home_score, away_score, created_at, updated_at) VALUES (1312, 12, 172, 1, 6, '2024-01-01 00:00:00', NULL);
INSERT INTO prediction (id, user_id, game_id, home_score, away_score, created_at, updated_at) VALUES (1313, 13, 172, 1, 4, '2024-01-01 00:00:00', NULL);
INSERT INTO prediction (id, user_id, game_id, home_score, away_score, created_at, updated_at) VALUES (1314, 15, 172, 1, 6, '2024-01-01 00:00:00', NULL);
INSERT INTO prediction (id, user_id, game_id, home_score, away_score, created_at, updated_at) VALUES (1315, 6, 172, 1, 6, '2024-01-01 00:00:00', NULL);
INSERT INTO prediction (id, user_id, game_id, home_score, away_score, created_at, updated_at) VALUES (1316, 10, 172, 1, 4, '2024-01-01 00:00:00', NULL);
INSERT INTO prediction (id, user_id, game_id, home_score, away_score, created_at, updated_at) VALUES (1317, 11, 173, 2, 3, '2024-01-01 00:00:00', NULL);
INSERT INTO prediction (id, user_id, game_id, home_score, away_score, created_at, updated_at) VALUES (1318, 7, 173, 1, 3, '2024-01-01 00:00:00', NULL);
INSERT INTO prediction (id, user_id, game_id, home_score, away_score, created_at, updated_at) VALUES (1319, 14, 173, 2, 5, '2024-01-01 00:00:00', NULL);
INSERT INTO prediction (id, user_id, game_id, home_score, away_score, created_at, updated_at) VALUES (1320, 8, 173, 1, 3, '2024-01-01 00:00:00', NULL);
INSERT INTO prediction (id, user_id, game_id, home_score, away_score, created_at, updated_at) VALUES (1321, 17, 173, 2, 5, '2024-01-01 00:00:00', NULL);
INSERT INTO prediction (id, user_id, game_id, home_score, away_score, created_at, updated_at) VALUES (1322, 12, 173, 2, 6, '2024-01-01 00:00:00', NULL);
INSERT INTO prediction (id, user_id, game_id, home_score, away_score, created_at, updated_at) VALUES (1323, 13, 173, 1, 5, '2024-01-01 00:00:00', NULL);
INSERT INTO prediction (id, user_id, game_id, home_score, away_score, created_at, updated_at) VALUES (1324, 15, 173, 1, 5, '2024-01-01 00:00:00', NULL);
INSERT INTO prediction (id, user_id, game_id, home_score, away_score, created_at, updated_at) VALUES (1325, 6, 173, 0, 5, '2024-01-01 00:00:00', NULL);
INSERT INTO prediction (id, user_id, game_id, home_score, away_score, created_at, updated_at) VALUES (1326, 10, 173, 2, 5, '2024-01-01 00:00:00', NULL);
INSERT INTO prediction (id, user_id, game_id, home_score, away_score, created_at, updated_at) VALUES (1327, 11, 174, 2, 5, '2024-01-01 00:00:00', NULL);
INSERT INTO prediction (id, user_id, game_id, home_score, away_score, created_at, updated_at) VALUES (1328, 7, 174, 1, 3, '2024-01-01 00:00:00', NULL);
INSERT INTO prediction (id, user_id, game_id, home_score, away_score, created_at, updated_at) VALUES (1329, 14, 174, 3, 5, '2024-01-01 00:00:00', NULL);
INSERT INTO prediction (id, user_id, game_id, home_score, away_score, created_at, updated_at) VALUES (1330, 8, 174, 2, 5, '2024-01-01 00:00:00', NULL);
INSERT INTO prediction (id, user_id, game_id, home_score, away_score, created_at, updated_at) VALUES (1331, 17, 174, 3, 5, '2024-01-01 00:00:00', NULL);
INSERT INTO prediction (id, user_id, game_id, home_score, away_score, created_at, updated_at) VALUES (1332, 12, 174, 2, 4, '2024-01-01 00:00:00', NULL);
INSERT INTO prediction (id, user_id, game_id, home_score, away_score, created_at, updated_at) VALUES (1333, 13, 174, 4, 3, '2024-01-01 00:00:00', NULL);
INSERT INTO prediction (id, user_id, game_id, home_score, away_score, created_at, updated_at) VALUES (1334, 15, 174, 2, 4, '2024-01-01 00:00:00', NULL);
INSERT INTO prediction (id, user_id, game_id, home_score, away_score, created_at, updated_at) VALUES (1335, 6, 174, 2, 4, '2024-01-01 00:00:00', NULL);
INSERT INTO prediction (id, user_id, game_id, home_score, away_score, created_at, updated_at) VALUES (1336, 10, 174, 2, 5, '2024-01-01 00:00:00', NULL);
INSERT INTO prediction (id, user_id, game_id, home_score, away_score, created_at, updated_at) VALUES (1337, 11, 175, 2, 1, '2024-01-01 00:00:00', NULL);
INSERT INTO prediction (id, user_id, game_id, home_score, away_score, created_at, updated_at) VALUES (1338, 7, 175, 3, 1, '2024-01-01 00:00:00', NULL);
INSERT INTO prediction (id, user_id, game_id, home_score, away_score, created_at, updated_at) VALUES (1339, 14, 175, 3, 2, '2024-01-01 00:00:00', NULL);
INSERT INTO prediction (id, user_id, game_id, home_score, away_score, created_at, updated_at) VALUES (1340, 8, 175, 5, 2, '2024-01-01 00:00:00', NULL);
INSERT INTO prediction (id, user_id, game_id, home_score, away_score, created_at, updated_at) VALUES (1341, 17, 175, 4, 1, '2024-01-01 00:00:00', NULL);
INSERT INTO prediction (id, user_id, game_id, home_score, away_score, created_at, updated_at) VALUES (1342, 12, 175, 3, 1, '2024-01-01 00:00:00', NULL);
INSERT INTO prediction (id, user_id, game_id, home_score, away_score, created_at, updated_at) VALUES (1343, 13, 175, 6, 2, '2024-01-01 00:00:00', NULL);
INSERT INTO prediction (id, user_id, game_id, home_score, away_score, created_at, updated_at) VALUES (1344, 6, 175, 3, 1, '2024-01-01 00:00:00', NULL);
INSERT INTO prediction (id, user_id, game_id, home_score, away_score, created_at, updated_at) VALUES (1345, 10, 175, 4, 3, '2024-01-01 00:00:00', NULL);
INSERT INTO prediction (id, user_id, game_id, home_score, away_score, created_at, updated_at) VALUES (1346, 11, 176, 4, 1, '2024-01-01 00:00:00', NULL);
INSERT INTO prediction (id, user_id, game_id, home_score, away_score, created_at, updated_at) VALUES (1347, 7, 176, 5, 2, '2024-01-01 00:00:00', NULL);
INSERT INTO prediction (id, user_id, game_id, home_score, away_score, created_at, updated_at) VALUES (1348, 14, 176, 4, 2, '2024-01-01 00:00:00', NULL);
INSERT INTO prediction (id, user_id, game_id, home_score, away_score, created_at, updated_at) VALUES (1349, 8, 176, 5, 1, '2024-01-01 00:00:00', NULL);
INSERT INTO prediction (id, user_id, game_id, home_score, away_score, created_at, updated_at) VALUES (1350, 17, 176, 6, 2, '2024-01-01 00:00:00', NULL);
INSERT INTO prediction (id, user_id, game_id, home_score, away_score, created_at, updated_at) VALUES (1351, 12, 176, 4, 2, '2024-01-01 00:00:00', NULL);
INSERT INTO prediction (id, user_id, game_id, home_score, away_score, created_at, updated_at) VALUES (1352, 13, 176, 5, 1, '2024-01-01 00:00:00', NULL);
INSERT INTO prediction (id, user_id, game_id, home_score, away_score, created_at, updated_at) VALUES (1353, 6, 176, 6, 1, '2024-01-01 00:00:00', NULL);
INSERT INTO prediction (id, user_id, game_id, home_score, away_score, created_at, updated_at) VALUES (1354, 10, 176, 5, 3, '2024-01-01 00:00:00', NULL);
INSERT INTO prediction (id, user_id, game_id, home_score, away_score, created_at, updated_at) VALUES (1355, 11, 177, 6, 1, '2024-01-01 00:00:00', NULL);
INSERT INTO prediction (id, user_id, game_id, home_score, away_score, created_at, updated_at) VALUES (1356, 7, 177, 7, 1, '2024-01-01 00:00:00', NULL);
INSERT INTO prediction (id, user_id, game_id, home_score, away_score, created_at, updated_at) VALUES (1357, 14, 177, 5, 1, '2024-01-01 00:00:00', NULL);
INSERT INTO prediction (id, user_id, game_id, home_score, away_score, created_at, updated_at) VALUES (1358, 8, 177, 7, 1, '2024-01-01 00:00:00', NULL);
INSERT INTO prediction (id, user_id, game_id, home_score, away_score, created_at, updated_at) VALUES (1359, 17, 177, 6, 2, '2024-01-01 00:00:00', NULL);
INSERT INTO prediction (id, user_id, game_id, home_score, away_score, created_at, updated_at) VALUES (1360, 12, 177, 6, 0, '2024-01-01 00:00:00', NULL);
INSERT INTO prediction (id, user_id, game_id, home_score, away_score, created_at, updated_at) VALUES (1361, 13, 177, 6, 2, '2024-01-01 00:00:00', NULL);
INSERT INTO prediction (id, user_id, game_id, home_score, away_score, created_at, updated_at) VALUES (1362, 15, 177, 7, 1, '2024-01-01 00:00:00', NULL);
INSERT INTO prediction (id, user_id, game_id, home_score, away_score, created_at, updated_at) VALUES (1363, 10, 177, 6, 2, '2024-01-01 00:00:00', NULL);
INSERT INTO prediction (id, user_id, game_id, home_score, away_score, created_at, updated_at) VALUES (1364, 11, 178, 3, 2, '2024-01-01 00:00:00', NULL);
INSERT INTO prediction (id, user_id, game_id, home_score, away_score, created_at, updated_at) VALUES (1365, 7, 178, 3, 1, '2024-01-01 00:00:00', NULL);
INSERT INTO prediction (id, user_id, game_id, home_score, away_score, created_at, updated_at) VALUES (1366, 14, 178, 4, 3, '2024-01-01 00:00:00', NULL);
INSERT INTO prediction (id, user_id, game_id, home_score, away_score, created_at, updated_at) VALUES (1367, 8, 178, 5, 1, '2024-01-01 00:00:00', NULL);
INSERT INTO prediction (id, user_id, game_id, home_score, away_score, created_at, updated_at) VALUES (1368, 17, 178, 3, 1, '2024-01-01 00:00:00', NULL);
INSERT INTO prediction (id, user_id, game_id, home_score, away_score, created_at, updated_at) VALUES (1369, 12, 178, 4, 2, '2024-01-01 00:00:00', NULL);
INSERT INTO prediction (id, user_id, game_id, home_score, away_score, created_at, updated_at) VALUES (1370, 13, 178, 6, 1, '2024-01-01 00:00:00', NULL);
INSERT INTO prediction (id, user_id, game_id, home_score, away_score, created_at, updated_at) VALUES (1371, 15, 178, 5, 1, '2024-01-01 00:00:00', NULL);
INSERT INTO prediction (id, user_id, game_id, home_score, away_score, created_at, updated_at) VALUES (1372, 6, 178, 4, 0, '2024-01-01 00:00:00', NULL);
INSERT INTO prediction (id, user_id, game_id, home_score, away_score, created_at, updated_at) VALUES (1373, 10, 178, 4, 2, '2024-01-01 00:00:00', NULL);
INSERT INTO prediction (id, user_id, game_id, home_score, away_score, created_at, updated_at) VALUES (1374, 11, 179, 3, 1, '2024-01-01 00:00:00', NULL);
INSERT INTO prediction (id, user_id, game_id, home_score, away_score, created_at, updated_at) VALUES (1375, 7, 179, 3, 1, '2024-01-01 00:00:00', NULL);
INSERT INTO prediction (id, user_id, game_id, home_score, away_score, created_at, updated_at) VALUES (1376, 14, 179, 4, 1, '2024-01-01 00:00:00', NULL);
INSERT INTO prediction (id, user_id, game_id, home_score, away_score, created_at, updated_at) VALUES (1377, 8, 179, 3, 1, '2024-01-01 00:00:00', NULL);
INSERT INTO prediction (id, user_id, game_id, home_score, away_score, created_at, updated_at) VALUES (1378, 17, 179, 4, 2, '2024-01-01 00:00:00', NULL);
INSERT INTO prediction (id, user_id, game_id, home_score, away_score, created_at, updated_at) VALUES (1379, 12, 179, 3, 1, '2024-01-01 00:00:00', NULL);
INSERT INTO prediction (id, user_id, game_id, home_score, away_score, created_at, updated_at) VALUES (1380, 13, 179, 3, 1, '2024-01-01 00:00:00', NULL);
INSERT INTO prediction (id, user_id, game_id, home_score, away_score, created_at, updated_at) VALUES (1381, 15, 179, 4, 1, '2024-01-01 00:00:00', NULL);
INSERT INTO prediction (id, user_id, game_id, home_score, away_score, created_at, updated_at) VALUES (1382, 6, 179, 4, 2, '2024-01-01 00:00:00', NULL);
INSERT INTO prediction (id, user_id, game_id, home_score, away_score, created_at, updated_at) VALUES (1383, 10, 179, 3, 4, '2024-01-01 00:00:00', NULL);
INSERT INTO prediction (id, user_id, game_id, home_score, away_score, created_at, updated_at) VALUES (1384, 11, 180, 3, 2, '2024-01-01 00:00:00', NULL);
INSERT INTO prediction (id, user_id, game_id, home_score, away_score, created_at, updated_at) VALUES (1385, 14, 180, 5, 3, '2024-01-01 00:00:00', NULL);
INSERT INTO prediction (id, user_id, game_id, home_score, away_score, created_at, updated_at) VALUES (1386, 8, 180, 4, 2, '2024-01-01 00:00:00', NULL);
INSERT INTO prediction (id, user_id, game_id, home_score, away_score, created_at, updated_at) VALUES (1387, 17, 180, 5, 3, '2024-01-01 00:00:00', NULL);
INSERT INTO prediction (id, user_id, game_id, home_score, away_score, created_at, updated_at) VALUES (1388, 12, 180, 4, 3, '2024-01-01 00:00:00', NULL);
INSERT INTO prediction (id, user_id, game_id, home_score, away_score, created_at, updated_at) VALUES (1389, 13, 180, 3, 5, '2024-01-01 00:00:00', NULL);
INSERT INTO prediction (id, user_id, game_id, home_score, away_score, created_at, updated_at) VALUES (1390, 15, 180, 4, 3, '2024-01-01 00:00:00', NULL);
INSERT INTO prediction (id, user_id, game_id, home_score, away_score, created_at, updated_at) VALUES (1391, 6, 180, 3, 2, '2024-01-01 00:00:00', NULL);
INSERT INTO prediction (id, user_id, game_id, home_score, away_score, created_at, updated_at) VALUES (1392, 10, 180, 5, 4, '2024-01-01 00:00:00', NULL);
INSERT INTO prediction (id, user_id, game_id, home_score, away_score, created_at, updated_at) VALUES (1393, 11, 181, 5, 1, '2024-01-01 00:00:00', NULL);
INSERT INTO prediction (id, user_id, game_id, home_score, away_score, created_at, updated_at) VALUES (1394, 7, 181, 4, 1, '2024-01-01 00:00:00', NULL);
INSERT INTO prediction (id, user_id, game_id, home_score, away_score, created_at, updated_at) VALUES (1395, 14, 181, 4, 2, '2024-01-01 00:00:00', NULL);
INSERT INTO prediction (id, user_id, game_id, home_score, away_score, created_at, updated_at) VALUES (1396, 8, 181, 4, 2, '2024-01-01 00:00:00', NULL);
INSERT INTO prediction (id, user_id, game_id, home_score, away_score, created_at, updated_at) VALUES (1397, 17, 181, 4, 2, '2024-01-01 00:00:00', NULL);
INSERT INTO prediction (id, user_id, game_id, home_score, away_score, created_at, updated_at) VALUES (1398, 12, 181, 5, 2, '2024-01-01 00:00:00', NULL);
INSERT INTO prediction (id, user_id, game_id, home_score, away_score, created_at, updated_at) VALUES (1399, 13, 181, 5, 2, '2024-01-01 00:00:00', NULL);
INSERT INTO prediction (id, user_id, game_id, home_score, away_score, created_at, updated_at) VALUES (1400, 15, 181, 5, 2, '2024-01-01 00:00:00', NULL);
INSERT INTO prediction (id, user_id, game_id, home_score, away_score, created_at, updated_at) VALUES (1401, 6, 181, 4, 2, '2024-01-01 00:00:00', NULL);
INSERT INTO prediction (id, user_id, game_id, home_score, away_score, created_at, updated_at) VALUES (1402, 10, 181, 2, 4, '2024-01-01 00:00:00', NULL);
INSERT INTO prediction (id, user_id, game_id, home_score, away_score, created_at, updated_at) VALUES (1403, 11, 182, 2, 3, '2024-01-01 00:00:00', NULL);
INSERT INTO prediction (id, user_id, game_id, home_score, away_score, created_at, updated_at) VALUES (1404, 7, 182, 2, 3, '2024-01-01 00:00:00', NULL);
INSERT INTO prediction (id, user_id, game_id, home_score, away_score, created_at, updated_at) VALUES (1405, 14, 182, 2, 3, '2024-01-01 00:00:00', NULL);
INSERT INTO prediction (id, user_id, game_id, home_score, away_score, created_at, updated_at) VALUES (1406, 8, 182, 2, 4, '2024-01-01 00:00:00', NULL);
INSERT INTO prediction (id, user_id, game_id, home_score, away_score, created_at, updated_at) VALUES (1407, 17, 182, 2, 4, '2024-01-01 00:00:00', NULL);
INSERT INTO prediction (id, user_id, game_id, home_score, away_score, created_at, updated_at) VALUES (1408, 12, 182, 2, 4, '2024-01-01 00:00:00', NULL);
INSERT INTO prediction (id, user_id, game_id, home_score, away_score, created_at, updated_at) VALUES (1409, 13, 182, 2, 4, '2024-01-01 00:00:00', NULL);
INSERT INTO prediction (id, user_id, game_id, home_score, away_score, created_at, updated_at) VALUES (1410, 15, 182, 1, 5, '2024-01-01 00:00:00', NULL);
INSERT INTO prediction (id, user_id, game_id, home_score, away_score, created_at, updated_at) VALUES (1411, 6, 182, 2, 4, '2024-01-01 00:00:00', NULL);
INSERT INTO prediction (id, user_id, game_id, home_score, away_score, created_at, updated_at) VALUES (1412, 10, 182, 4, 5, '2024-01-01 00:00:00', NULL);
INSERT INTO prediction (id, user_id, game_id, home_score, away_score, created_at, updated_at) VALUES (1413, 11, 183, 5, 4, '2024-01-01 00:00:00', NULL);
INSERT INTO prediction (id, user_id, game_id, home_score, away_score, created_at, updated_at) VALUES (1414, 7, 183, 2, 4, '2024-01-01 00:00:00', NULL);
INSERT INTO prediction (id, user_id, game_id, home_score, away_score, created_at, updated_at) VALUES (1415, 14, 183, 3, 2, '2024-01-01 00:00:00', NULL);
INSERT INTO prediction (id, user_id, game_id, home_score, away_score, created_at, updated_at) VALUES (1416, 8, 183, 2, 4, '2024-01-01 00:00:00', NULL);
INSERT INTO prediction (id, user_id, game_id, home_score, away_score, created_at, updated_at) VALUES (1417, 17, 183, 5, 3, '2024-01-01 00:00:00', NULL);
INSERT INTO prediction (id, user_id, game_id, home_score, away_score, created_at, updated_at) VALUES (1418, 12, 183, 3, 2, '2024-01-01 00:00:00', NULL);
INSERT INTO prediction (id, user_id, game_id, home_score, away_score, created_at, updated_at) VALUES (1419, 13, 183, 4, 3, '2024-01-01 00:00:00', NULL);
INSERT INTO prediction (id, user_id, game_id, home_score, away_score, created_at, updated_at) VALUES (1420, 15, 183, 2, 3, '2024-01-01 00:00:00', NULL);
INSERT INTO prediction (id, user_id, game_id, home_score, away_score, created_at, updated_at) VALUES (1421, 6, 183, 4, 3, '2024-01-01 00:00:00', NULL);
INSERT INTO prediction (id, user_id, game_id, home_score, away_score, created_at, updated_at) VALUES (1422, 10, 183, 7, 5, '2024-01-01 00:00:00', NULL);
INSERT INTO prediction (id, user_id, game_id, home_score, away_score, created_at, updated_at) VALUES (1423, 11, 184, 2, 3, '2024-01-01 00:00:00', NULL);
INSERT INTO prediction (id, user_id, game_id, home_score, away_score, created_at, updated_at) VALUES (1424, 7, 184, 1, 3, '2024-01-01 00:00:00', NULL);
INSERT INTO prediction (id, user_id, game_id, home_score, away_score, created_at, updated_at) VALUES (1425, 14, 184, 5, 4, '2024-01-01 00:00:00', NULL);
INSERT INTO prediction (id, user_id, game_id, home_score, away_score, created_at, updated_at) VALUES (1426, 8, 184, 2, 4, '2024-01-01 00:00:00', NULL);
INSERT INTO prediction (id, user_id, game_id, home_score, away_score, created_at, updated_at) VALUES (1427, 17, 184, 3, 5, '2024-01-01 00:00:00', NULL);
INSERT INTO prediction (id, user_id, game_id, home_score, away_score, created_at, updated_at) VALUES (1428, 12, 184, 2, 4, '2024-01-01 00:00:00', NULL);
INSERT INTO prediction (id, user_id, game_id, home_score, away_score, created_at, updated_at) VALUES (1429, 13, 184, 3, 4, '2024-01-01 00:00:00', NULL);
INSERT INTO prediction (id, user_id, game_id, home_score, away_score, created_at, updated_at) VALUES (1430, 15, 184, 4, 2, '2024-01-01 00:00:00', NULL);
INSERT INTO prediction (id, user_id, game_id, home_score, away_score, created_at, updated_at) VALUES (1431, 6, 184, 4, 3, '2024-01-01 00:00:00', NULL);
INSERT INTO prediction (id, user_id, game_id, home_score, away_score, created_at, updated_at) VALUES (1432, 10, 184, 1, 4, '2024-01-01 00:00:00', NULL);
INSERT INTO prediction (id, user_id, game_id, home_score, away_score, created_at, updated_at) VALUES (1433, 11, 185, 4, 2, '2024-01-01 00:00:00', NULL);
INSERT INTO prediction (id, user_id, game_id, home_score, away_score, created_at, updated_at) VALUES (1434, 7, 185, 2, 3, '2024-01-01 00:00:00', NULL);
INSERT INTO prediction (id, user_id, game_id, home_score, away_score, created_at, updated_at) VALUES (1435, 14, 185, 4, 3, '2024-01-01 00:00:00', NULL);
INSERT INTO prediction (id, user_id, game_id, home_score, away_score, created_at, updated_at) VALUES (1436, 8, 185, 4, 3, '2024-01-01 00:00:00', NULL);
INSERT INTO prediction (id, user_id, game_id, home_score, away_score, created_at, updated_at) VALUES (1437, 17, 185, 5, 3, '2024-01-01 00:00:00', NULL);
INSERT INTO prediction (id, user_id, game_id, home_score, away_score, created_at, updated_at) VALUES (1438, 12, 185, 3, 4, '2024-01-01 00:00:00', NULL);
INSERT INTO prediction (id, user_id, game_id, home_score, away_score, created_at, updated_at) VALUES (1439, 15, 185, 2, 3, '2024-01-01 00:00:00', NULL);
INSERT INTO prediction (id, user_id, game_id, home_score, away_score, created_at, updated_at) VALUES (1440, 6, 185, 3, 2, '2024-01-01 00:00:00', NULL);
INSERT INTO prediction (id, user_id, game_id, home_score, away_score, created_at, updated_at) VALUES (1441, 10, 185, 5, 3, '2024-01-01 00:00:00', NULL);
INSERT INTO prediction (id, user_id, game_id, home_score, away_score, created_at, updated_at) VALUES (1442, 11, 186, 4, 1, '2024-01-01 00:00:00', NULL);
INSERT INTO prediction (id, user_id, game_id, home_score, away_score, created_at, updated_at) VALUES (1443, 7, 186, 5, 2, '2024-01-01 00:00:00', NULL);
INSERT INTO prediction (id, user_id, game_id, home_score, away_score, created_at, updated_at) VALUES (1444, 14, 186, 3, 4, '2024-01-01 00:00:00', NULL);
INSERT INTO prediction (id, user_id, game_id, home_score, away_score, created_at, updated_at) VALUES (1445, 8, 186, 5, 1, '2024-01-01 00:00:00', NULL);
INSERT INTO prediction (id, user_id, game_id, home_score, away_score, created_at, updated_at) VALUES (1446, 17, 186, 6, 3, '2024-01-01 00:00:00', NULL);
INSERT INTO prediction (id, user_id, game_id, home_score, away_score, created_at, updated_at) VALUES (1447, 12, 186, 5, 2, '2024-01-01 00:00:00', NULL);
INSERT INTO prediction (id, user_id, game_id, home_score, away_score, created_at, updated_at) VALUES (1448, 15, 186, 6, 2, '2024-01-01 00:00:00', NULL);
INSERT INTO prediction (id, user_id, game_id, home_score, away_score, created_at, updated_at) VALUES (1449, 6, 186, 4, 2, '2024-01-01 00:00:00', NULL);
INSERT INTO prediction (id, user_id, game_id, home_score, away_score, created_at, updated_at) VALUES (1450, 10, 186, 3, 1, '2024-01-01 00:00:00', NULL);
INSERT INTO prediction (id, user_id, game_id, home_score, away_score, created_at, updated_at) VALUES (1451, 11, 187, 2, 3, '2024-01-01 00:00:00', NULL);
INSERT INTO prediction (id, user_id, game_id, home_score, away_score, created_at, updated_at) VALUES (1452, 7, 187, 3, 2, '2024-01-01 00:00:00', NULL);
INSERT INTO prediction (id, user_id, game_id, home_score, away_score, created_at, updated_at) VALUES (1453, 14, 187, 3, 5, '2024-01-01 00:00:00', NULL);
INSERT INTO prediction (id, user_id, game_id, home_score, away_score, created_at, updated_at) VALUES (1454, 8, 187, 1, 3, '2024-01-01 00:00:00', NULL);
INSERT INTO prediction (id, user_id, game_id, home_score, away_score, created_at, updated_at) VALUES (1455, 17, 187, 2, 4, '2024-01-01 00:00:00', NULL);
INSERT INTO prediction (id, user_id, game_id, home_score, away_score, created_at, updated_at) VALUES (1456, 12, 187, 3, 2, '2024-01-01 00:00:00', NULL);
INSERT INTO prediction (id, user_id, game_id, home_score, away_score, created_at, updated_at) VALUES (1457, 13, 187, 2, 4, '2024-01-01 00:00:00', NULL);
INSERT INTO prediction (id, user_id, game_id, home_score, away_score, created_at, updated_at) VALUES (1458, 15, 187, 2, 5, '2024-01-01 00:00:00', NULL);
INSERT INTO prediction (id, user_id, game_id, home_score, away_score, created_at, updated_at) VALUES (1459, 6, 187, 2, 4, '2024-01-01 00:00:00', NULL);
INSERT INTO prediction (id, user_id, game_id, home_score, away_score, created_at, updated_at) VALUES (1460, 10, 187, 2, 4, '2024-01-01 00:00:00', NULL);
INSERT INTO prediction (id, user_id, game_id, home_score, away_score, created_at, updated_at) VALUES (1461, 11, 188, 4, 1, '2024-01-01 00:00:00', NULL);
INSERT INTO prediction (id, user_id, game_id, home_score, away_score, created_at, updated_at) VALUES (1462, 7, 188, 4, 3, '2024-01-01 00:00:00', NULL);
INSERT INTO prediction (id, user_id, game_id, home_score, away_score, created_at, updated_at) VALUES (1463, 14, 188, 5, 3, '2024-01-01 00:00:00', NULL);
INSERT INTO prediction (id, user_id, game_id, home_score, away_score, created_at, updated_at) VALUES (1464, 8, 188, 5, 3, '2024-01-01 00:00:00', NULL);
INSERT INTO prediction (id, user_id, game_id, home_score, away_score, created_at, updated_at) VALUES (1465, 17, 188, 5, 3, '2024-01-01 00:00:00', NULL);
INSERT INTO prediction (id, user_id, game_id, home_score, away_score, created_at, updated_at) VALUES (1466, 12, 188, 4, 3, '2024-01-01 00:00:00', NULL);
INSERT INTO prediction (id, user_id, game_id, home_score, away_score, created_at, updated_at) VALUES (1467, 13, 188, 3, 2, '2024-01-01 00:00:00', NULL);
INSERT INTO prediction (id, user_id, game_id, home_score, away_score, created_at, updated_at) VALUES (1468, 15, 188, 5, 3, '2024-01-01 00:00:00', NULL);
INSERT INTO prediction (id, user_id, game_id, home_score, away_score, created_at, updated_at) VALUES (1469, 6, 188, 4, 2, '2024-01-01 00:00:00', NULL);
INSERT INTO prediction (id, user_id, game_id, home_score, away_score, created_at, updated_at) VALUES (1470, 10, 188, 3, 2, '2024-01-01 00:00:00', NULL);
INSERT INTO prediction (id, user_id, game_id, home_score, away_score, created_at, updated_at) VALUES (1471, 11, 189, 2, 1, '2024-01-01 00:00:00', NULL);
INSERT INTO prediction (id, user_id, game_id, home_score, away_score, created_at, updated_at) VALUES (1472, 7, 189, 5, 2, '2024-01-01 00:00:00', NULL);
INSERT INTO prediction (id, user_id, game_id, home_score, away_score, created_at, updated_at) VALUES (1473, 14, 189, 3, 4, '2024-01-01 00:00:00', NULL);
INSERT INTO prediction (id, user_id, game_id, home_score, away_score, created_at, updated_at) VALUES (1474, 8, 189, 4, 2, '2024-01-01 00:00:00', NULL);
INSERT INTO prediction (id, user_id, game_id, home_score, away_score, created_at, updated_at) VALUES (1475, 17, 189, 5, 3, '2024-01-01 00:00:00', NULL);
INSERT INTO prediction (id, user_id, game_id, home_score, away_score, created_at, updated_at) VALUES (1476, 12, 189, 5, 2, '2024-01-01 00:00:00', NULL);
INSERT INTO prediction (id, user_id, game_id, home_score, away_score, created_at, updated_at) VALUES (1477, 13, 189, 5, 3, '2024-01-01 00:00:00', NULL);
INSERT INTO prediction (id, user_id, game_id, home_score, away_score, created_at, updated_at) VALUES (1478, 15, 189, 4, 3, '2024-01-01 00:00:00', NULL);
INSERT INTO prediction (id, user_id, game_id, home_score, away_score, created_at, updated_at) VALUES (1479, 6, 189, 4, 2, '2024-01-01 00:00:00', NULL);
INSERT INTO prediction (id, user_id, game_id, home_score, away_score, created_at, updated_at) VALUES (1480, 10, 189, 4, 2, '2024-01-01 00:00:00', NULL);
INSERT INTO prediction (id, user_id, game_id, home_score, away_score, created_at, updated_at) VALUES (1481, 11, 190, 2, 4, '2024-01-01 00:00:00', NULL);
INSERT INTO prediction (id, user_id, game_id, home_score, away_score, created_at, updated_at) VALUES (1482, 7, 190, 3, 4, '2024-01-01 00:00:00', NULL);
INSERT INTO prediction (id, user_id, game_id, home_score, away_score, created_at, updated_at) VALUES (1483, 14, 190, 2, 3, '2024-01-01 00:00:00', NULL);
INSERT INTO prediction (id, user_id, game_id, home_score, away_score, created_at, updated_at) VALUES (1484, 8, 190, 2, 4, '2024-01-01 00:00:00', NULL);
INSERT INTO prediction (id, user_id, game_id, home_score, away_score, created_at, updated_at) VALUES (1485, 17, 190, 3, 5, '2024-01-01 00:00:00', NULL);
INSERT INTO prediction (id, user_id, game_id, home_score, away_score, created_at, updated_at) VALUES (1486, 12, 190, 2, 3, '2024-01-01 00:00:00', NULL);
INSERT INTO prediction (id, user_id, game_id, home_score, away_score, created_at, updated_at) VALUES (1487, 13, 190, 3, 4, '2024-01-01 00:00:00', NULL);
INSERT INTO prediction (id, user_id, game_id, home_score, away_score, created_at, updated_at) VALUES (1488, 15, 190, 3, 4, '2024-01-01 00:00:00', NULL);
INSERT INTO prediction (id, user_id, game_id, home_score, away_score, created_at, updated_at) VALUES (1489, 6, 190, 3, 2, '2024-01-01 00:00:00', NULL);
INSERT INTO prediction (id, user_id, game_id, home_score, away_score, created_at, updated_at) VALUES (1490, 10, 190, 3, 4, '2024-01-01 00:00:00', NULL);
INSERT INTO prediction (id, user_id, game_id, home_score, away_score, created_at, updated_at) VALUES (1491, 11, 191, 3, 2, '2024-01-01 00:00:00', NULL);
INSERT INTO prediction (id, user_id, game_id, home_score, away_score, created_at, updated_at) VALUES (1492, 7, 191, 4, 2, '2024-01-01 00:00:00', NULL);
INSERT INTO prediction (id, user_id, game_id, home_score, away_score, created_at, updated_at) VALUES (1493, 14, 191, 3, 4, '2024-01-01 00:00:00', NULL);
INSERT INTO prediction (id, user_id, game_id, home_score, away_score, created_at, updated_at) VALUES (1494, 8, 191, 2, 3, '2024-01-01 00:00:00', NULL);
INSERT INTO prediction (id, user_id, game_id, home_score, away_score, created_at, updated_at) VALUES (1495, 17, 191, 2, 4, '2024-01-01 00:00:00', NULL);
INSERT INTO prediction (id, user_id, game_id, home_score, away_score, created_at, updated_at) VALUES (1496, 12, 191, 2, 3, '2024-01-01 00:00:00', NULL);
INSERT INTO prediction (id, user_id, game_id, home_score, away_score, created_at, updated_at) VALUES (1497, 13, 191, 3, 4, '2024-01-01 00:00:00', NULL);
INSERT INTO prediction (id, user_id, game_id, home_score, away_score, created_at, updated_at) VALUES (1498, 6, 191, 3, 1, '2024-01-01 00:00:00', NULL);
INSERT INTO prediction (id, user_id, game_id, home_score, away_score, created_at, updated_at) VALUES (1499, 10, 191, 4, 2, '2024-01-01 00:00:00', NULL);
INSERT INTO prediction (id, user_id, game_id, home_score, away_score, created_at, updated_at) VALUES (1500, 11, 192, 4, 2, '2024-01-01 00:00:00', NULL);
INSERT INTO prediction (id, user_id, game_id, home_score, away_score, created_at, updated_at) VALUES (1501, 7, 192, 2, 3, '2024-01-01 00:00:00', NULL);
INSERT INTO prediction (id, user_id, game_id, home_score, away_score, created_at, updated_at) VALUES (1502, 14, 192, 1, 2, '2024-01-01 00:00:00', NULL);
INSERT INTO prediction (id, user_id, game_id, home_score, away_score, created_at, updated_at) VALUES (1503, 8, 192, 1, 3, '2024-01-01 00:00:00', NULL);
INSERT INTO prediction (id, user_id, game_id, home_score, away_score, created_at, updated_at) VALUES (1504, 17, 192, 4, 2, '2024-01-01 00:00:00', NULL);
INSERT INTO prediction (id, user_id, game_id, home_score, away_score, created_at, updated_at) VALUES (1505, 12, 192, 1, 2, '2024-01-01 00:00:00', NULL);
INSERT INTO prediction (id, user_id, game_id, home_score, away_score, created_at, updated_at) VALUES (1506, 13, 192, 2, 3, '2024-01-01 00:00:00', NULL);
INSERT INTO prediction (id, user_id, game_id, home_score, away_score, created_at, updated_at) VALUES (1507, 6, 192, 3, 2, '2024-01-01 00:00:00', NULL);
INSERT INTO prediction (id, user_id, game_id, home_score, away_score, created_at, updated_at) VALUES (1508, 10, 192, 3, 2, '2024-01-01 00:00:00', NULL);
INSERT INTO special_bet_rule (id, tournament_id, name, value_type, scoring_type, points, sort_order, actual_team_value_id, actual_string_value, actual_int_value) VALUES (10, 3, 'Medaile - 1. místo', 'team', 'podium', 2.0, 0, 8, NULL, NULL);
INSERT INTO special_bet (id, user_id, rule_id, team_value_id, string_value, int_value) VALUES (70, 11, 10, 6, NULL, NULL);
INSERT INTO special_bet (id, user_id, rule_id, team_value_id, string_value, int_value) VALUES (71, 7, 10, 23, NULL, NULL);
INSERT INTO special_bet (id, user_id, rule_id, team_value_id, string_value, int_value) VALUES (72, 14, 10, 6, NULL, NULL);
INSERT INTO special_bet (id, user_id, rule_id, team_value_id, string_value, int_value) VALUES (73, 8, 10, 19, NULL, NULL);
INSERT INTO special_bet (id, user_id, rule_id, team_value_id, string_value, int_value) VALUES (74, 17, 10, 4, NULL, NULL);
INSERT INTO special_bet (id, user_id, rule_id, team_value_id, string_value, int_value) VALUES (75, 12, 10, 19, NULL, NULL);
INSERT INTO special_bet (id, user_id, rule_id, team_value_id, string_value, int_value) VALUES (76, 13, 10, 23, NULL, NULL);
INSERT INTO special_bet (id, user_id, rule_id, team_value_id, string_value, int_value) VALUES (77, 15, 10, 19, NULL, NULL);
INSERT INTO special_bet (id, user_id, rule_id, team_value_id, string_value, int_value) VALUES (78, 6, 10, 23, NULL, NULL);
INSERT INTO special_bet (id, user_id, rule_id, team_value_id, string_value, int_value) VALUES (79, 10, 10, 4, NULL, NULL);
INSERT INTO special_bet_rule (id, tournament_id, name, value_type, scoring_type, points, sort_order, actual_team_value_id, actual_string_value, actual_int_value) VALUES (11, 3, 'Medaile - 2. místo', 'team', 'podium', 2.0, 1, 4, NULL, NULL);
INSERT INTO special_bet (id, user_id, rule_id, team_value_id, string_value, int_value) VALUES (80, 11, 11, 8, NULL, NULL);
INSERT INTO special_bet (id, user_id, rule_id, team_value_id, string_value, int_value) VALUES (81, 7, 11, 8, NULL, NULL);
INSERT INTO special_bet (id, user_id, rule_id, team_value_id, string_value, int_value) VALUES (82, 14, 11, 23, NULL, NULL);
INSERT INTO special_bet (id, user_id, rule_id, team_value_id, string_value, int_value) VALUES (83, 8, 11, 24, NULL, NULL);
INSERT INTO special_bet (id, user_id, rule_id, team_value_id, string_value, int_value) VALUES (84, 17, 11, 19, NULL, NULL);
INSERT INTO special_bet (id, user_id, rule_id, team_value_id, string_value, int_value) VALUES (85, 12, 11, 24, NULL, NULL);
INSERT INTO special_bet (id, user_id, rule_id, team_value_id, string_value, int_value) VALUES (86, 13, 11, 19, NULL, NULL);
INSERT INTO special_bet (id, user_id, rule_id, team_value_id, string_value, int_value) VALUES (87, 15, 11, 23, NULL, NULL);
INSERT INTO special_bet (id, user_id, rule_id, team_value_id, string_value, int_value) VALUES (88, 6, 11, 19, NULL, NULL);
INSERT INTO special_bet (id, user_id, rule_id, team_value_id, string_value, int_value) VALUES (89, 10, 11, 23, NULL, NULL);
INSERT INTO special_bet_rule (id, tournament_id, name, value_type, scoring_type, points, sort_order, actual_team_value_id, actual_string_value, actual_int_value) VALUES (12, 3, 'Medaile - 3. místo', 'team', 'podium', 2.0, 2, 19, NULL, NULL);
INSERT INTO special_bet (id, user_id, rule_id, team_value_id, string_value, int_value) VALUES (90, 11, 12, 19, NULL, NULL);
INSERT INTO special_bet (id, user_id, rule_id, team_value_id, string_value, int_value) VALUES (91, 7, 12, 19, NULL, NULL);
INSERT INTO special_bet (id, user_id, rule_id, team_value_id, string_value, int_value) VALUES (92, 14, 12, 8, NULL, NULL);
INSERT INTO special_bet (id, user_id, rule_id, team_value_id, string_value, int_value) VALUES (93, 8, 12, 6, NULL, NULL);
INSERT INTO special_bet (id, user_id, rule_id, team_value_id, string_value, int_value) VALUES (94, 17, 12, 6, NULL, NULL);
INSERT INTO special_bet (id, user_id, rule_id, team_value_id, string_value, int_value) VALUES (95, 12, 12, 8, NULL, NULL);
INSERT INTO special_bet (id, user_id, rule_id, team_value_id, string_value, int_value) VALUES (96, 13, 12, 4, NULL, NULL);
INSERT INTO special_bet (id, user_id, rule_id, team_value_id, string_value, int_value) VALUES (97, 15, 12, 6, NULL, NULL);
INSERT INTO special_bet (id, user_id, rule_id, team_value_id, string_value, int_value) VALUES (98, 6, 12, 6, NULL, NULL);
INSERT INTO special_bet (id, user_id, rule_id, team_value_id, string_value, int_value) VALUES (99, 10, 12, 24, NULL, NULL);
INSERT INTO special_bet_rule (id, tournament_id, name, value_type, scoring_type, points, sort_order, actual_team_value_id, actual_string_value, actual_int_value) VALUES (13, 3, 'Nejlepší Čech #1', 'string', 'any_match', 2.0, 3, NULL, 'Voráček', NULL);
INSERT INTO special_bet (id, user_id, rule_id, team_value_id, string_value, int_value) VALUES (100, 11, 13, NULL, 'Voráček', NULL);
INSERT INTO special_bet (id, user_id, rule_id, team_value_id, string_value, int_value) VALUES (101, 7, 13, NULL, 'Voráček', NULL);
INSERT INTO special_bet (id, user_id, rule_id, team_value_id, string_value, int_value) VALUES (102, 14, 13, NULL, 'Voráček', NULL);
INSERT INTO special_bet (id, user_id, rule_id, team_value_id, string_value, int_value) VALUES (103, 8, 13, NULL, 'Voráček', NULL);
INSERT INTO special_bet (id, user_id, rule_id, team_value_id, string_value, int_value) VALUES (104, 17, 13, NULL, 'Voráček', NULL);
INSERT INTO special_bet (id, user_id, rule_id, team_value_id, string_value, int_value) VALUES (105, 12, 13, NULL, 'Voráček', NULL);
INSERT INTO special_bet (id, user_id, rule_id, team_value_id, string_value, int_value) VALUES (106, 13, 13, NULL, 'Voráček', NULL);
INSERT INTO special_bet (id, user_id, rule_id, team_value_id, string_value, int_value) VALUES (107, 15, 13, NULL, 'Palát', NULL);
INSERT INTO special_bet (id, user_id, rule_id, team_value_id, string_value, int_value) VALUES (108, 6, 13, NULL, 'Voráček', NULL);
INSERT INTO special_bet (id, user_id, rule_id, team_value_id, string_value, int_value) VALUES (109, 10, 13, NULL, 'Voráček', NULL);
INSERT INTO special_bet_rule (id, tournament_id, name, value_type, scoring_type, points, sort_order, actual_team_value_id, actual_string_value, actual_int_value) VALUES (14, 3, 'Nejlepší Čech #2', 'string', 'any_match', 2.0, 4, NULL, 'Jaškin', NULL);
INSERT INTO special_bet (id, user_id, rule_id, team_value_id, string_value, int_value) VALUES (110, 11, 14, NULL, 'Frolík', NULL);
INSERT INTO special_bet (id, user_id, rule_id, team_value_id, string_value, int_value) VALUES (111, 7, 14, NULL, 'Vrána', NULL);
INSERT INTO special_bet (id, user_id, rule_id, team_value_id, string_value, int_value) VALUES (112, 14, 14, NULL, 'Kubalík', NULL);
INSERT INTO special_bet (id, user_id, rule_id, team_value_id, string_value, int_value) VALUES (113, 8, 14, NULL, 'Jaškin', NULL);
INSERT INTO special_bet (id, user_id, rule_id, team_value_id, string_value, int_value) VALUES (114, 17, 14, NULL, 'Vrána', NULL);
INSERT INTO special_bet (id, user_id, rule_id, team_value_id, string_value, int_value) VALUES (115, 12, 14, NULL, 'Jaškin', NULL);
INSERT INTO special_bet (id, user_id, rule_id, team_value_id, string_value, int_value) VALUES (116, 13, 14, NULL, 'Vrána', NULL);
INSERT INTO special_bet (id, user_id, rule_id, team_value_id, string_value, int_value) VALUES (117, 15, 14, NULL, 'Jaškin', NULL);
INSERT INTO special_bet (id, user_id, rule_id, team_value_id, string_value, int_value) VALUES (118, 6, 14, NULL, 'Jaškin', NULL);
INSERT INTO special_bet (id, user_id, rule_id, team_value_id, string_value, int_value) VALUES (119, 10, 14, NULL, 'Frolík', NULL);
INSERT INTO special_bet_rule (id, tournament_id, name, value_type, scoring_type, points, sort_order, actual_team_value_id, actual_string_value, actual_int_value) VALUES (15, 3, 'Nejlepší Čech #3', 'string', 'any_match', 2.0, 5, NULL, 'Kubalík', NULL);
INSERT INTO special_bet (id, user_id, rule_id, team_value_id, string_value, int_value) VALUES (120, 11, 15, NULL, 'Jaškin', NULL);
INSERT INTO special_bet (id, user_id, rule_id, team_value_id, string_value, int_value) VALUES (121, 7, 15, NULL, 'Frolík', NULL);
INSERT INTO special_bet (id, user_id, rule_id, team_value_id, string_value, int_value) VALUES (122, 14, 15, NULL, 'Chytil', NULL);
INSERT INTO special_bet (id, user_id, rule_id, team_value_id, string_value, int_value) VALUES (123, 8, 15, NULL, 'Chytil', NULL);
INSERT INTO special_bet (id, user_id, rule_id, team_value_id, string_value, int_value) VALUES (124, 17, 15, NULL, 'Simon', NULL);
INSERT INTO special_bet (id, user_id, rule_id, team_value_id, string_value, int_value) VALUES (125, 12, 15, NULL, 'Vrána', NULL);
INSERT INTO special_bet (id, user_id, rule_id, team_value_id, string_value, int_value) VALUES (126, 13, 15, NULL, 'J. Kovář', NULL);
INSERT INTO special_bet (id, user_id, rule_id, team_value_id, string_value, int_value) VALUES (127, 15, 15, NULL, 'Hronek', NULL);
INSERT INTO special_bet (id, user_id, rule_id, team_value_id, string_value, int_value) VALUES (128, 6, 15, NULL, 'Hronek', NULL);
INSERT INTO special_bet (id, user_id, rule_id, team_value_id, string_value, int_value) VALUES (129, 10, 15, NULL, 'Kubalík', NULL);
INSERT INTO special_bet_rule (id, tournament_id, name, value_type, scoring_type, points, sort_order, actual_team_value_id, actual_string_value, actual_int_value) VALUES (16, 3, 'Trestné minuty Radko Gudase', 'integer', 'closest', 2.0, 6, NULL, NULL, 10);
INSERT INTO special_bet (id, user_id, rule_id, team_value_id, string_value, int_value) VALUES (130, 11, 16, NULL, NULL, 8);
INSERT INTO special_bet (id, user_id, rule_id, team_value_id, string_value, int_value) VALUES (131, 7, 16, NULL, NULL, 8);
INSERT INTO special_bet (id, user_id, rule_id, team_value_id, string_value, int_value) VALUES (132, 14, 16, NULL, NULL, 14);
INSERT INTO special_bet (id, user_id, rule_id, team_value_id, string_value, int_value) VALUES (133, 8, 16, NULL, NULL, 6);
INSERT INTO special_bet (id, user_id, rule_id, team_value_id, string_value, int_value) VALUES (134, 17, 16, NULL, NULL, 10);
INSERT INTO special_bet (id, user_id, rule_id, team_value_id, string_value, int_value) VALUES (135, 12, 16, NULL, NULL, 10);
INSERT INTO special_bet (id, user_id, rule_id, team_value_id, string_value, int_value) VALUES (136, 13, 16, NULL, NULL, 10);
INSERT INTO special_bet (id, user_id, rule_id, team_value_id, string_value, int_value) VALUES (137, 15, 16, NULL, NULL, 6);
INSERT INTO special_bet (id, user_id, rule_id, team_value_id, string_value, int_value) VALUES (138, 6, 16, NULL, NULL, 8);
INSERT INTO special_bet (id, user_id, rule_id, team_value_id, string_value, int_value) VALUES (139, 10, 16, NULL, NULL, 6);
INSERT INTO special_bet_rule (id, tournament_id, name, value_type, scoring_type, points, sort_order, actual_team_value_id, actual_string_value, actual_int_value) VALUES (17, 3, 'Sestupující tým 1', 'team', 'exact_match', 2.0, 7, 10, NULL, NULL);
INSERT INTO special_bet (id, user_id, rule_id, team_value_id, string_value, int_value) VALUES (140, 11, 17, 10, NULL, NULL);
INSERT INTO special_bet (id, user_id, rule_id, team_value_id, string_value, int_value) VALUES (141, 7, 17, 10, NULL, NULL);
INSERT INTO special_bet (id, user_id, rule_id, team_value_id, string_value, int_value) VALUES (142, 14, 17, 10, NULL, NULL);
INSERT INTO special_bet (id, user_id, rule_id, team_value_id, string_value, int_value) VALUES (143, 8, 17, 10, NULL, NULL);
INSERT INTO special_bet (id, user_id, rule_id, team_value_id, string_value, int_value) VALUES (144, 17, 17, 10, NULL, NULL);
INSERT INTO special_bet (id, user_id, rule_id, team_value_id, string_value, int_value) VALUES (145, 12, 17, 10, NULL, NULL);
INSERT INTO special_bet (id, user_id, rule_id, team_value_id, string_value, int_value) VALUES (146, 13, 17, 10, NULL, NULL);
INSERT INTO special_bet (id, user_id, rule_id, team_value_id, string_value, int_value) VALUES (147, 15, 17, 10, NULL, NULL);
INSERT INTO special_bet (id, user_id, rule_id, team_value_id, string_value, int_value) VALUES (148, 6, 17, 10, NULL, NULL);
INSERT INTO special_bet (id, user_id, rule_id, team_value_id, string_value, int_value) VALUES (149, 10, 17, 10, NULL, NULL);
INSERT INTO special_bet_rule (id, tournament_id, name, value_type, scoring_type, points, sort_order, actual_team_value_id, actual_string_value, actual_int_value) VALUES (18, 3, 'Sestupující tým 2', 'team', 'exact_match', 2.0, 8, 13, NULL, NULL);
INSERT INTO special_bet (id, user_id, rule_id, team_value_id, string_value, int_value) VALUES (150, 11, 18, 13, NULL, NULL);
INSERT INTO special_bet (id, user_id, rule_id, team_value_id, string_value, int_value) VALUES (151, 7, 18, 13, NULL, NULL);
INSERT INTO special_bet (id, user_id, rule_id, team_value_id, string_value, int_value) VALUES (152, 14, 18, 13, NULL, NULL);
INSERT INTO special_bet (id, user_id, rule_id, team_value_id, string_value, int_value) VALUES (153, 8, 18, 13, NULL, NULL);
INSERT INTO special_bet (id, user_id, rule_id, team_value_id, string_value, int_value) VALUES (154, 17, 18, 13, NULL, NULL);
INSERT INTO special_bet (id, user_id, rule_id, team_value_id, string_value, int_value) VALUES (155, 12, 18, 13, NULL, NULL);
INSERT INTO special_bet (id, user_id, rule_id, team_value_id, string_value, int_value) VALUES (156, 13, 18, 13, NULL, NULL);
INSERT INTO special_bet (id, user_id, rule_id, team_value_id, string_value, int_value) VALUES (157, 15, 18, 13, NULL, NULL);
INSERT INTO special_bet (id, user_id, rule_id, team_value_id, string_value, int_value) VALUES (158, 6, 18, 13, NULL, NULL);
INSERT INTO special_bet (id, user_id, rule_id, team_value_id, string_value, int_value) VALUES (159, 10, 18, 13, NULL, NULL);

-- Tournament: MS 2021
INSERT INTO tournament (id, name, year, slug, status, created_at) VALUES (4, 'MS 2021', 2021, 'ms-2021', 'finished', '2024-01-01 00:00:00');
INSERT INTO rule_set (id, tournament_id, winner_base_points, wrong_opponent_bonus, exact_score_bonus, prizes) VALUES (4, 4, 1.0, 0.25, 2.0, '{"1": 300, "2": 150, "3": 50}');
INSERT INTO "match" (id, tournament_id, home_team_id, away_team_id, phase, played_at, home_score, away_score, is_finished) VALUES (193, 4, 19, 6, 'group_stage', '2021-05-21 15:15:00', 4, 3, true);
INSERT INTO "match" (id, tournament_id, home_team_id, away_team_id, phase, played_at, home_score, away_score, is_finished) VALUES (194, 4, 11, 13, 'group_stage', '2021-05-21 15:15:00', 9, 4, true);
INSERT INTO "match" (id, tournament_id, home_team_id, away_team_id, phase, played_at, home_score, away_score, is_finished) VALUES (195, 4, 2, 22, 'group_stage', '2021-05-21 19:15:00', 2, 5, true);
INSERT INTO "match" (id, tournament_id, home_team_id, away_team_id, phase, played_at, home_score, away_score, is_finished) VALUES (196, 4, 4, 15, 'group_stage', '2021-05-21 19:15:00', 0, 2, true);
INSERT INTO "match" (id, tournament_id, home_team_id, away_team_id, phase, played_at, home_score, away_score, is_finished) VALUES (197, 4, 7, 23, 'group_stage', '2021-05-22 11:15:00', 4, 3, true);
INSERT INTO "match" (id, tournament_id, home_team_id, away_team_id, phase, played_at, home_score, away_score, is_finished) VALUES (198, 4, 16, 11, 'group_stage', '2021-05-22 11:15:00', 1, 5, true);
INSERT INTO "match" (id, tournament_id, home_team_id, away_team_id, phase, played_at, home_score, away_score, is_finished) VALUES (199, 4, 10, 19, 'group_stage', '2021-05-22 15:15:00', 1, 7, true);
INSERT INTO "match" (id, tournament_id, home_team_id, away_team_id, phase, played_at, home_score, away_score, is_finished) VALUES (200, 4, 8, 24, 'group_stage', '2021-05-22 15:15:00', 2, 1, true);
INSERT INTO "match" (id, tournament_id, home_team_id, away_team_id, phase, played_at, home_score, away_score, is_finished) VALUES (201, 4, 6, 21, 'group_stage', '2021-05-22 19:15:00', 2, 5, true);
INSERT INTO "match" (id, tournament_id, home_team_id, away_team_id, phase, played_at, home_score, away_score, is_finished) VALUES (202, 4, 15, 14, 'group_stage', '2021-05-22 19:15:00', 2, 3, true);
INSERT INTO "match" (id, tournament_id, home_team_id, away_team_id, phase, played_at, home_score, away_score, is_finished) VALUES (203, 4, 10, 22, 'group_stage', '2021-05-23 11:15:00', 1, 2, true);
INSERT INTO "match" (id, tournament_id, home_team_id, away_team_id, phase, played_at, home_score, away_score, is_finished) VALUES (204, 4, 16, 13, 'group_stage', '2021-05-23 11:15:00', 4, 1, true);
INSERT INTO "match" (id, tournament_id, home_team_id, away_team_id, phase, played_at, home_score, away_score, is_finished) VALUES (205, 4, 23, 2, 'group_stage', '2021-05-23 15:15:00', 0, 1, true);
INSERT INTO "match" (id, tournament_id, home_team_id, away_team_id, phase, played_at, home_score, away_score, is_finished) VALUES (206, 4, 14, 8, 'group_stage', '2021-05-23 15:15:00', 2, 1, true);
INSERT INTO "match" (id, tournament_id, home_team_id, away_team_id, phase, played_at, home_score, away_score, is_finished) VALUES (207, 4, 7, 21, 'group_stage', '2021-05-23 19:15:00', 0, 1, true);
INSERT INTO "match" (id, tournament_id, home_team_id, away_team_id, phase, played_at, home_score, away_score, is_finished) VALUES (208, 4, 4, 24, 'group_stage', '2021-05-23 19:15:00', 1, 5, true);
INSERT INTO "match" (id, tournament_id, home_team_id, away_team_id, phase, played_at, home_score, away_score, is_finished) VALUES (209, 4, 22, 19, 'group_stage', '2021-05-24 15:15:00', 3, 1, true);
INSERT INTO "match" (id, tournament_id, home_team_id, away_team_id, phase, played_at, home_score, away_score, is_finished) VALUES (210, 4, 15, 13, 'group_stage', '2021-05-24 15:15:00', 3, 0, true);
INSERT INTO "match" (id, tournament_id, home_team_id, away_team_id, phase, played_at, home_score, away_score, is_finished) VALUES (211, 4, 6, 2, 'group_stage', '2021-05-24 19:15:00', 3, 2, true);
INSERT INTO "match" (id, tournament_id, home_team_id, away_team_id, phase, played_at, home_score, away_score, is_finished) VALUES (212, 4, 11, 4, 'group_stage', '2021-05-24 19:15:00', 3, 1, true);
INSERT INTO "match" (id, tournament_id, home_team_id, away_team_id, phase, played_at, home_score, away_score, is_finished) VALUES (213, 4, 10, 7, 'group_stage', '2021-05-25 15:15:00', 2, 3, true);
INSERT INTO "match" (id, tournament_id, home_team_id, away_team_id, phase, played_at, home_score, away_score, is_finished) VALUES (214, 4, 24, 14, 'group_stage', '2021-05-25 15:15:00', 3, 0, true);
INSERT INTO "match" (id, tournament_id, home_team_id, away_team_id, phase, played_at, home_score, away_score, is_finished) VALUES (215, 4, 21, 23, 'group_stage', '2021-05-25 19:15:00', 0, 7, true);
INSERT INTO "match" (id, tournament_id, home_team_id, away_team_id, phase, played_at, home_score, away_score, is_finished) VALUES (216, 4, 8, 16, 'group_stage', '2021-05-25 19:15:00', 5, 2, true);
INSERT INTO "match" (id, tournament_id, home_team_id, away_team_id, phase, played_at, home_score, away_score, is_finished) VALUES (217, 4, 19, 7, 'group_stage', '2021-05-26 15:15:00', 3, 0, true);
INSERT INTO "match" (id, tournament_id, home_team_id, away_team_id, phase, played_at, home_score, away_score, is_finished) VALUES (218, 4, 14, 11, 'group_stage', '2021-05-26 15:15:00', 3, 2, true);
INSERT INTO "match" (id, tournament_id, home_team_id, away_team_id, phase, played_at, home_score, away_score, is_finished) VALUES (219, 4, 2, 10, 'group_stage', '2021-05-26 19:15:00', 3, 4, true);
INSERT INTO "match" (id, tournament_id, home_team_id, away_team_id, phase, played_at, home_score, away_score, is_finished) VALUES (220, 4, 4, 16, 'group_stage', '2021-05-26 19:15:00', 4, 2, true);
INSERT INTO "match" (id, tournament_id, home_team_id, away_team_id, phase, played_at, home_score, away_score, is_finished) VALUES (221, 4, 21, 22, 'group_stage', '2021-05-27 15:15:00', 8, 1, true);
INSERT INTO "match" (id, tournament_id, home_team_id, away_team_id, phase, played_at, home_score, away_score, is_finished) VALUES (222, 4, 24, 15, 'group_stage', '2021-05-27 15:15:00', 4, 2, true);
INSERT INTO "match" (id, tournament_id, home_team_id, away_team_id, phase, played_at, home_score, away_score, is_finished) VALUES (223, 4, 23, 6, 'group_stage', '2021-05-27 19:15:00', 2, 4, true);
INSERT INTO "match" (id, tournament_id, home_team_id, away_team_id, phase, played_at, home_score, away_score, is_finished) VALUES (224, 4, 8, 13, 'group_stage', '2021-05-27 19:15:00', 3, 0, true);
INSERT INTO "match" (id, tournament_id, home_team_id, away_team_id, phase, played_at, home_score, away_score, is_finished) VALUES (225, 4, 23, 10, 'group_stage', '2021-05-28 15:15:00', 4, 1, true);
INSERT INTO "match" (id, tournament_id, home_team_id, away_team_id, phase, played_at, home_score, away_score, is_finished) VALUES (226, 4, 14, 4, 'group_stage', '2021-05-28 15:15:00', 2, 4, true);
INSERT INTO "match" (id, tournament_id, home_team_id, away_team_id, phase, played_at, home_score, away_score, is_finished) VALUES (227, 4, 7, 2, 'group_stage', '2021-05-28 19:15:00', 5, 2, true);
INSERT INTO "match" (id, tournament_id, home_team_id, away_team_id, phase, played_at, home_score, away_score, is_finished) VALUES (228, 4, 15, 16, 'group_stage', '2021-05-28 19:15:00', 3, 4, true);
INSERT INTO "match" (id, tournament_id, home_team_id, away_team_id, phase, played_at, home_score, away_score, is_finished) VALUES (229, 4, 6, 10, 'group_stage', '2021-05-29 11:15:00', 6, 1, true);
INSERT INTO "match" (id, tournament_id, home_team_id, away_team_id, phase, played_at, home_score, away_score, is_finished) VALUES (230, 4, 13, 14, 'group_stage', '2021-05-29 11:15:00', NULL, NULL, false);
INSERT INTO "match" (id, tournament_id, home_team_id, away_team_id, phase, played_at, home_score, away_score, is_finished) VALUES (231, 4, 21, 19, 'group_stage', '2021-05-29 15:15:00', 1, 4, true);
INSERT INTO "match" (id, tournament_id, home_team_id, away_team_id, phase, played_at, home_score, away_score, is_finished) VALUES (232, 4, 16, 24, 'group_stage', '2021-05-29 15:15:00', 1, 2, true);
INSERT INTO "match" (id, tournament_id, home_team_id, away_team_id, phase, played_at, home_score, away_score, is_finished) VALUES (233, 4, 22, 7, 'group_stage', '2021-05-29 19:15:00', 2, 0, true);
INSERT INTO "match" (id, tournament_id, home_team_id, away_team_id, phase, played_at, home_score, away_score, is_finished) VALUES (234, 4, 11, 8, 'group_stage', '2021-05-29 19:15:00', 1, 2, true);
INSERT INTO "match" (id, tournament_id, home_team_id, away_team_id, phase, played_at, home_score, away_score, is_finished) VALUES (235, 4, 2, 21, 'group_stage', '2021-05-30 15:15:00', 0, 6, true);
INSERT INTO "match" (id, tournament_id, home_team_id, away_team_id, phase, played_at, home_score, away_score, is_finished) VALUES (236, 4, 13, 4, 'group_stage', '2021-05-30 15:15:00', 1, 7, true);
INSERT INTO "match" (id, tournament_id, home_team_id, away_team_id, phase, played_at, home_score, away_score, is_finished) VALUES (237, 4, 23, 22, 'group_stage', '2021-05-30 19:15:00', 3, 1, true);
INSERT INTO "match" (id, tournament_id, home_team_id, away_team_id, phase, played_at, home_score, away_score, is_finished) VALUES (238, 4, 8, 15, 'group_stage', '2021-05-30 19:15:00', 3, 2, true);
INSERT INTO "match" (id, tournament_id, home_team_id, away_team_id, phase, played_at, home_score, away_score, is_finished) VALUES (239, 4, 6, 7, 'group_stage', '2021-05-31 15:15:00', 2, 1, true);
INSERT INTO "match" (id, tournament_id, home_team_id, away_team_id, phase, played_at, home_score, away_score, is_finished) VALUES (240, 4, 24, 11, 'group_stage', '2021-05-31 15:15:00', 2, 0, true);
INSERT INTO "match" (id, tournament_id, home_team_id, away_team_id, phase, played_at, home_score, away_score, is_finished) VALUES (241, 4, 19, 23, 'group_stage', '2021-05-31 19:15:00', 3, 2, true);
INSERT INTO "match" (id, tournament_id, home_team_id, away_team_id, phase, played_at, home_score, away_score, is_finished) VALUES (242, 4, 16, 14, 'group_stage', '2021-05-31 19:15:00', 3, 1, true);
INSERT INTO "match" (id, tournament_id, home_team_id, away_team_id, phase, played_at, home_score, away_score, is_finished) VALUES (243, 4, 21, 10, 'group_stage', '2021-06-01 11:15:00', 6, 3, true);
INSERT INTO "match" (id, tournament_id, home_team_id, away_team_id, phase, played_at, home_score, away_score, is_finished) VALUES (244, 4, 4, 8, 'group_stage', '2021-06-01 11:15:00', 2, 3, true);
INSERT INTO "match" (id, tournament_id, home_team_id, away_team_id, phase, played_at, home_score, away_score, is_finished) VALUES (245, 4, 22, 6, 'group_stage', '2021-06-01 15:15:00', 3, 7, true);
INSERT INTO "match" (id, tournament_id, home_team_id, away_team_id, phase, played_at, home_score, away_score, is_finished) VALUES (246, 4, 13, 24, 'group_stage', '2021-06-01 15:15:00', 2, 4, true);
INSERT INTO "match" (id, tournament_id, home_team_id, away_team_id, phase, played_at, home_score, away_score, is_finished) VALUES (247, 4, 19, 2, 'group_stage', '2021-06-01 19:15:00', 6, 0, true);
INSERT INTO "match" (id, tournament_id, home_team_id, away_team_id, phase, played_at, home_score, away_score, is_finished) VALUES (248, 4, 11, 15, 'group_stage', '2021-06-01 19:15:00', 2, 1, true);
INSERT INTO "match" (id, tournament_id, home_team_id, away_team_id, phase, played_at, home_score, away_score, is_finished) VALUES (249, 4, 21, 11, 'group_stage', '2021-06-03 15:15:00', 2, 3, true);
INSERT INTO "match" (id, tournament_id, home_team_id, away_team_id, phase, played_at, home_score, away_score, is_finished) VALUES (250, 4, 24, 22, 'group_stage', '2021-06-03 15:15:00', 6, 1, true);
INSERT INTO "match" (id, tournament_id, home_team_id, away_team_id, phase, played_at, home_score, away_score, is_finished) VALUES (251, 4, 19, 4, 'group_stage', '2021-06-03 19:15:00', 1, 2, true);
INSERT INTO "match" (id, tournament_id, home_team_id, away_team_id, phase, played_at, home_score, away_score, is_finished) VALUES (252, 4, 8, 6, 'group_stage', '2021-06-03 19:15:00', 1, 0, true);
INSERT INTO "match" (id, tournament_id, home_team_id, away_team_id, phase, played_at, home_score, away_score, is_finished) VALUES (253, 4, 24, 4, 'semifinal', '2021-06-05 13:15:00', 2, 4, true);
INSERT INTO "match" (id, tournament_id, home_team_id, away_team_id, phase, played_at, home_score, away_score, is_finished) VALUES (254, 4, 8, 11, 'semifinal', '2021-06-05 17:15:00', 2, 1, true);
INSERT INTO "match" (id, tournament_id, home_team_id, away_team_id, phase, played_at, home_score, away_score, is_finished) VALUES (255, 4, 24, 11, 'bronze_medal', '2021-06-06 14:15:00', 6, 1, true);
INSERT INTO "match" (id, tournament_id, home_team_id, away_team_id, phase, played_at, home_score, away_score, is_finished) VALUES (256, 4, 8, 4, 'gold_medal', '2021-06-06 19:15:00', 2, 3, true);
INSERT INTO prediction (id, user_id, game_id, home_score, away_score, created_at, updated_at) VALUES (1509, 11, 193, 1, 3, '2024-01-01 00:00:00', NULL);
INSERT INTO prediction (id, user_id, game_id, home_score, away_score, created_at, updated_at) VALUES (1510, 7, 193, 3, 4, '2024-01-01 00:00:00', NULL);
INSERT INTO prediction (id, user_id, game_id, home_score, away_score, created_at, updated_at) VALUES (1511, 14, 193, 3, 5, '2024-01-01 00:00:00', NULL);
INSERT INTO prediction (id, user_id, game_id, home_score, away_score, created_at, updated_at) VALUES (1512, 8, 193, 2, 4, '2024-01-01 00:00:00', NULL);
INSERT INTO prediction (id, user_id, game_id, home_score, away_score, created_at, updated_at) VALUES (1513, 17, 193, 2, 3, '2024-01-01 00:00:00', NULL);
INSERT INTO prediction (id, user_id, game_id, home_score, away_score, created_at, updated_at) VALUES (1514, 12, 193, 3, 4, '2024-01-01 00:00:00', NULL);
INSERT INTO prediction (id, user_id, game_id, home_score, away_score, created_at, updated_at) VALUES (1515, 13, 193, 2, 4, '2024-01-01 00:00:00', NULL);
INSERT INTO prediction (id, user_id, game_id, home_score, away_score, created_at, updated_at) VALUES (1516, 15, 193, 2, 3, '2024-01-01 00:00:00', NULL);
INSERT INTO prediction (id, user_id, game_id, home_score, away_score, created_at, updated_at) VALUES (1517, 6, 193, 4, 2, '2024-01-01 00:00:00', NULL);
INSERT INTO prediction (id, user_id, game_id, home_score, away_score, created_at, updated_at) VALUES (1518, 10, 193, 2, 3, '2024-01-01 00:00:00', NULL);
INSERT INTO prediction (id, user_id, game_id, home_score, away_score, created_at, updated_at) VALUES (1519, 16, 193, 1, 3, '2024-01-01 00:00:00', NULL);
INSERT INTO prediction (id, user_id, game_id, home_score, away_score, created_at, updated_at) VALUES (1520, 11, 194, 4, 1, '2024-01-01 00:00:00', NULL);
INSERT INTO prediction (id, user_id, game_id, home_score, away_score, created_at, updated_at) VALUES (1521, 7, 194, 4, 1, '2024-01-01 00:00:00', NULL);
INSERT INTO prediction (id, user_id, game_id, home_score, away_score, created_at, updated_at) VALUES (1522, 14, 194, 7, 1, '2024-01-01 00:00:00', NULL);
INSERT INTO prediction (id, user_id, game_id, home_score, away_score, created_at, updated_at) VALUES (1523, 8, 194, 6, 0, '2024-01-01 00:00:00', NULL);
INSERT INTO prediction (id, user_id, game_id, home_score, away_score, created_at, updated_at) VALUES (1524, 17, 194, 5, 1, '2024-01-01 00:00:00', NULL);
INSERT INTO prediction (id, user_id, game_id, home_score, away_score, created_at, updated_at) VALUES (1525, 12, 194, 7, 1, '2024-01-01 00:00:00', NULL);
INSERT INTO prediction (id, user_id, game_id, home_score, away_score, created_at, updated_at) VALUES (1526, 13, 194, 6, 2, '2024-01-01 00:00:00', NULL);
INSERT INTO prediction (id, user_id, game_id, home_score, away_score, created_at, updated_at) VALUES (1527, 15, 194, 5, 1, '2024-01-01 00:00:00', NULL);
INSERT INTO prediction (id, user_id, game_id, home_score, away_score, created_at, updated_at) VALUES (1528, 6, 194, 7, 1, '2024-01-01 00:00:00', NULL);
INSERT INTO prediction (id, user_id, game_id, home_score, away_score, created_at, updated_at) VALUES (1529, 10, 194, 8, 1, '2024-01-01 00:00:00', NULL);
INSERT INTO prediction (id, user_id, game_id, home_score, away_score, created_at, updated_at) VALUES (1530, 16, 194, 4, 0, '2024-01-01 00:00:00', NULL);
INSERT INTO prediction (id, user_id, game_id, home_score, away_score, created_at, updated_at) VALUES (1531, 11, 195, 2, 3, '2024-01-01 00:00:00', NULL);
INSERT INTO prediction (id, user_id, game_id, home_score, away_score, created_at, updated_at) VALUES (1532, 7, 195, 3, 2, '2024-01-01 00:00:00', NULL);
INSERT INTO prediction (id, user_id, game_id, home_score, away_score, created_at, updated_at) VALUES (1533, 14, 195, 3, 4, '2024-01-01 00:00:00', NULL);
INSERT INTO prediction (id, user_id, game_id, home_score, away_score, created_at, updated_at) VALUES (1534, 8, 195, 2, 3, '2024-01-01 00:00:00', NULL);
INSERT INTO prediction (id, user_id, game_id, home_score, away_score, created_at, updated_at) VALUES (1535, 17, 195, 2, 4, '2024-01-01 00:00:00', NULL);
INSERT INTO prediction (id, user_id, game_id, home_score, away_score, created_at, updated_at) VALUES (1536, 12, 195, 2, 5, '2024-01-01 00:00:00', NULL);
INSERT INTO prediction (id, user_id, game_id, home_score, away_score, created_at, updated_at) VALUES (1537, 13, 195, 2, 4, '2024-01-01 00:00:00', NULL);
INSERT INTO prediction (id, user_id, game_id, home_score, away_score, created_at, updated_at) VALUES (1538, 15, 195, 2, 4, '2024-01-01 00:00:00', NULL);
INSERT INTO prediction (id, user_id, game_id, home_score, away_score, created_at, updated_at) VALUES (1539, 6, 195, 2, 4, '2024-01-01 00:00:00', NULL);
INSERT INTO prediction (id, user_id, game_id, home_score, away_score, created_at, updated_at) VALUES (1540, 10, 195, 2, 5, '2024-01-01 00:00:00', NULL);
INSERT INTO prediction (id, user_id, game_id, home_score, away_score, created_at, updated_at) VALUES (1541, 16, 195, 2, 1, '2024-01-01 00:00:00', NULL);
INSERT INTO prediction (id, user_id, game_id, home_score, away_score, created_at, updated_at) VALUES (1542, 11, 196, 4, 3, '2024-01-01 00:00:00', NULL);
INSERT INTO prediction (id, user_id, game_id, home_score, away_score, created_at, updated_at) VALUES (1543, 7, 196, 4, 2, '2024-01-01 00:00:00', NULL);
INSERT INTO prediction (id, user_id, game_id, home_score, away_score, created_at, updated_at) VALUES (1544, 14, 196, 8, 2, '2024-01-01 00:00:00', NULL);
INSERT INTO prediction (id, user_id, game_id, home_score, away_score, created_at, updated_at) VALUES (1545, 8, 196, 4, 1, '2024-01-01 00:00:00', NULL);
INSERT INTO prediction (id, user_id, game_id, home_score, away_score, created_at, updated_at) VALUES (1546, 17, 196, 6, 2, '2024-01-01 00:00:00', NULL);
INSERT INTO prediction (id, user_id, game_id, home_score, away_score, created_at, updated_at) VALUES (1547, 12, 196, 5, 0, '2024-01-01 00:00:00', NULL);
INSERT INTO prediction (id, user_id, game_id, home_score, away_score, created_at, updated_at) VALUES (1548, 13, 196, 5, 2, '2024-01-01 00:00:00', NULL);
INSERT INTO prediction (id, user_id, game_id, home_score, away_score, created_at, updated_at) VALUES (1549, 15, 196, 6, 1, '2024-01-01 00:00:00', NULL);
INSERT INTO prediction (id, user_id, game_id, home_score, away_score, created_at, updated_at) VALUES (1550, 6, 196, 5, 2, '2024-01-01 00:00:00', NULL);
INSERT INTO prediction (id, user_id, game_id, home_score, away_score, created_at, updated_at) VALUES (1551, 10, 196, 5, 2, '2024-01-01 00:00:00', NULL);
INSERT INTO prediction (id, user_id, game_id, home_score, away_score, created_at, updated_at) VALUES (1552, 16, 196, 3, 2, '2024-01-01 00:00:00', NULL);
INSERT INTO prediction (id, user_id, game_id, home_score, away_score, created_at, updated_at) VALUES (1553, 11, 197, 2, 4, '2024-01-01 00:00:00', NULL);
INSERT INTO prediction (id, user_id, game_id, home_score, away_score, created_at, updated_at) VALUES (1554, 7, 197, 1, 4, '2024-01-01 00:00:00', NULL);
INSERT INTO prediction (id, user_id, game_id, home_score, away_score, created_at, updated_at) VALUES (1555, 14, 197, 2, 5, '2024-01-01 00:00:00', NULL);
INSERT INTO prediction (id, user_id, game_id, home_score, away_score, created_at, updated_at) VALUES (1556, 8, 197, 1, 4, '2024-01-01 00:00:00', NULL);
INSERT INTO prediction (id, user_id, game_id, home_score, away_score, created_at, updated_at) VALUES (1557, 17, 197, 2, 5, '2024-01-01 00:00:00', NULL);
INSERT INTO prediction (id, user_id, game_id, home_score, away_score, created_at, updated_at) VALUES (1558, 12, 197, 2, 6, '2024-01-01 00:00:00', NULL);
INSERT INTO prediction (id, user_id, game_id, home_score, away_score, created_at, updated_at) VALUES (1559, 13, 197, 1, 7, '2024-01-01 00:00:00', NULL);
INSERT INTO prediction (id, user_id, game_id, home_score, away_score, created_at, updated_at) VALUES (1560, 15, 197, 1, 5, '2024-01-01 00:00:00', NULL);
INSERT INTO prediction (id, user_id, game_id, home_score, away_score, created_at, updated_at) VALUES (1561, 6, 197, 1, 5, '2024-01-01 00:00:00', NULL);
INSERT INTO prediction (id, user_id, game_id, home_score, away_score, created_at, updated_at) VALUES (1562, 10, 197, 3, 4, '2024-01-01 00:00:00', NULL);
INSERT INTO prediction (id, user_id, game_id, home_score, away_score, created_at, updated_at) VALUES (1563, 16, 197, 2, 4, '2024-01-01 00:00:00', NULL);
INSERT INTO prediction (id, user_id, game_id, home_score, away_score, created_at, updated_at) VALUES (1564, 11, 198, 5, 4, '2024-01-01 00:00:00', NULL);
INSERT INTO prediction (id, user_id, game_id, home_score, away_score, created_at, updated_at) VALUES (1565, 7, 198, 2, 5, '2024-01-01 00:00:00', NULL);
INSERT INTO prediction (id, user_id, game_id, home_score, away_score, created_at, updated_at) VALUES (1566, 14, 198, 2, 3, '2024-01-01 00:00:00', NULL);
INSERT INTO prediction (id, user_id, game_id, home_score, away_score, created_at, updated_at) VALUES (1567, 8, 198, 2, 4, '2024-01-01 00:00:00', NULL);
INSERT INTO prediction (id, user_id, game_id, home_score, away_score, created_at, updated_at) VALUES (1568, 17, 198, 3, 5, '2024-01-01 00:00:00', NULL);
INSERT INTO prediction (id, user_id, game_id, home_score, away_score, created_at, updated_at) VALUES (1569, 12, 198, 2, 5, '2024-01-01 00:00:00', NULL);
INSERT INTO prediction (id, user_id, game_id, home_score, away_score, created_at, updated_at) VALUES (1570, 13, 198, 2, 4, '2024-01-01 00:00:00', NULL);
INSERT INTO prediction (id, user_id, game_id, home_score, away_score, created_at, updated_at) VALUES (1571, 15, 198, 4, 2, '2024-01-01 00:00:00', NULL);
INSERT INTO prediction (id, user_id, game_id, home_score, away_score, created_at, updated_at) VALUES (1572, 6, 198, 3, 4, '2024-01-01 00:00:00', NULL);
INSERT INTO prediction (id, user_id, game_id, home_score, away_score, created_at, updated_at) VALUES (1573, 10, 198, 3, 1, '2024-01-01 00:00:00', NULL);
INSERT INTO prediction (id, user_id, game_id, home_score, away_score, created_at, updated_at) VALUES (1574, 16, 198, 1, 2, '2024-01-01 00:00:00', NULL);
INSERT INTO prediction (id, user_id, game_id, home_score, away_score, created_at, updated_at) VALUES (1575, 11, 199, 0, 7, '2024-01-01 00:00:00', NULL);
INSERT INTO prediction (id, user_id, game_id, home_score, away_score, created_at, updated_at) VALUES (1576, 7, 199, 0, 6, '2024-01-01 00:00:00', NULL);
INSERT INTO prediction (id, user_id, game_id, home_score, away_score, created_at, updated_at) VALUES (1577, 14, 199, 0, 8, '2024-01-01 00:00:00', NULL);
INSERT INTO prediction (id, user_id, game_id, home_score, away_score, created_at, updated_at) VALUES (1578, 8, 199, 1, 9, '2024-01-01 00:00:00', NULL);
INSERT INTO prediction (id, user_id, game_id, home_score, away_score, created_at, updated_at) VALUES (1579, 17, 199, 0, 11, '2024-01-01 00:00:00', NULL);
INSERT INTO prediction (id, user_id, game_id, home_score, away_score, created_at, updated_at) VALUES (1580, 12, 199, 1, 8, '2024-01-01 00:00:00', NULL);
INSERT INTO prediction (id, user_id, game_id, home_score, away_score, created_at, updated_at) VALUES (1581, 13, 199, 1, 7, '2024-01-01 00:00:00', NULL);
INSERT INTO prediction (id, user_id, game_id, home_score, away_score, created_at, updated_at) VALUES (1582, 15, 199, 0, 8, '2024-01-01 00:00:00', NULL);
INSERT INTO prediction (id, user_id, game_id, home_score, away_score, created_at, updated_at) VALUES (1583, 6, 199, 0, 11, '2024-01-01 00:00:00', NULL);
INSERT INTO prediction (id, user_id, game_id, home_score, away_score, created_at, updated_at) VALUES (1584, 10, 199, 1, 6, '2024-01-01 00:00:00', NULL);
INSERT INTO prediction (id, user_id, game_id, home_score, away_score, created_at, updated_at) VALUES (1585, 16, 199, 1, 4, '2024-01-01 00:00:00', NULL);
INSERT INTO prediction (id, user_id, game_id, home_score, away_score, created_at, updated_at) VALUES (1586, 11, 200, 3, 2, '2024-01-01 00:00:00', NULL);
INSERT INTO prediction (id, user_id, game_id, home_score, away_score, created_at, updated_at) VALUES (1587, 7, 200, 4, 3, '2024-01-01 00:00:00', NULL);
INSERT INTO prediction (id, user_id, game_id, home_score, away_score, created_at, updated_at) VALUES (1588, 14, 200, 5, 3, '2024-01-01 00:00:00', NULL);
INSERT INTO prediction (id, user_id, game_id, home_score, away_score, created_at, updated_at) VALUES (1589, 8, 200, 4, 2, '2024-01-01 00:00:00', NULL);
INSERT INTO prediction (id, user_id, game_id, home_score, away_score, created_at, updated_at) VALUES (1590, 17, 200, 4, 2, '2024-01-01 00:00:00', NULL);
INSERT INTO prediction (id, user_id, game_id, home_score, away_score, created_at, updated_at) VALUES (1591, 12, 200, 2, 3, '2024-01-01 00:00:00', NULL);
INSERT INTO prediction (id, user_id, game_id, home_score, away_score, created_at, updated_at) VALUES (1592, 13, 200, 3, 2, '2024-01-01 00:00:00', NULL);
INSERT INTO prediction (id, user_id, game_id, home_score, away_score, created_at, updated_at) VALUES (1593, 15, 200, 3, 2, '2024-01-01 00:00:00', NULL);
INSERT INTO prediction (id, user_id, game_id, home_score, away_score, created_at, updated_at) VALUES (1594, 6, 200, 5, 4, '2024-01-01 00:00:00', NULL);
INSERT INTO prediction (id, user_id, game_id, home_score, away_score, created_at, updated_at) VALUES (1595, 10, 200, 4, 5, '2024-01-01 00:00:00', NULL);
INSERT INTO prediction (id, user_id, game_id, home_score, away_score, created_at, updated_at) VALUES (1596, 16, 200, 3, 1, '2024-01-01 00:00:00', NULL);
INSERT INTO prediction (id, user_id, game_id, home_score, away_score, created_at, updated_at) VALUES (1597, 11, 201, 4, 3, '2024-01-01 00:00:00', NULL);
INSERT INTO prediction (id, user_id, game_id, home_score, away_score, created_at, updated_at) VALUES (1598, 7, 201, 3, 2, '2024-01-01 00:00:00', NULL);
INSERT INTO prediction (id, user_id, game_id, home_score, away_score, created_at, updated_at) VALUES (1599, 14, 201, 4, 1, '2024-01-01 00:00:00', NULL);
INSERT INTO prediction (id, user_id, game_id, home_score, away_score, created_at, updated_at) VALUES (1600, 8, 201, 4, 2, '2024-01-01 00:00:00', NULL);
INSERT INTO prediction (id, user_id, game_id, home_score, away_score, created_at, updated_at) VALUES (1601, 17, 201, 4, 3, '2024-01-01 00:00:00', NULL);
INSERT INTO prediction (id, user_id, game_id, home_score, away_score, created_at, updated_at) VALUES (1602, 12, 201, 4, 2, '2024-01-01 00:00:00', NULL);
INSERT INTO prediction (id, user_id, game_id, home_score, away_score, created_at, updated_at) VALUES (1603, 13, 201, 4, 3, '2024-01-01 00:00:00', NULL);
INSERT INTO prediction (id, user_id, game_id, home_score, away_score, created_at, updated_at) VALUES (1604, 15, 201, 5, 2, '2024-01-01 00:00:00', NULL);
INSERT INTO prediction (id, user_id, game_id, home_score, away_score, created_at, updated_at) VALUES (1605, 6, 201, 4, 2, '2024-01-01 00:00:00', NULL);
INSERT INTO prediction (id, user_id, game_id, home_score, away_score, created_at, updated_at) VALUES (1606, 10, 201, 3, 4, '2024-01-01 00:00:00', NULL);
INSERT INTO prediction (id, user_id, game_id, home_score, away_score, created_at, updated_at) VALUES (1607, 16, 201, 2, 1, '2024-01-01 00:00:00', NULL);
INSERT INTO prediction (id, user_id, game_id, home_score, away_score, created_at, updated_at) VALUES (1608, 11, 202, 3, 2, '2024-01-01 00:00:00', NULL);
INSERT INTO prediction (id, user_id, game_id, home_score, away_score, created_at, updated_at) VALUES (1609, 7, 202, 6, 1, '2024-01-01 00:00:00', NULL);
INSERT INTO prediction (id, user_id, game_id, home_score, away_score, created_at, updated_at) VALUES (1610, 14, 202, 4, 2, '2024-01-01 00:00:00', NULL);
INSERT INTO prediction (id, user_id, game_id, home_score, away_score, created_at, updated_at) VALUES (1611, 8, 202, 4, 1, '2024-01-01 00:00:00', NULL);
INSERT INTO prediction (id, user_id, game_id, home_score, away_score, created_at, updated_at) VALUES (1612, 17, 202, 5, 1, '2024-01-01 00:00:00', NULL);
INSERT INTO prediction (id, user_id, game_id, home_score, away_score, created_at, updated_at) VALUES (1613, 12, 202, 4, 1, '2024-01-01 00:00:00', NULL);
INSERT INTO prediction (id, user_id, game_id, home_score, away_score, created_at, updated_at) VALUES (1614, 13, 202, 3, 2, '2024-01-01 00:00:00', NULL);
INSERT INTO prediction (id, user_id, game_id, home_score, away_score, created_at, updated_at) VALUES (1615, 15, 202, 4, 1, '2024-01-01 00:00:00', NULL);
INSERT INTO prediction (id, user_id, game_id, home_score, away_score, created_at, updated_at) VALUES (1616, 6, 202, 5, 2, '2024-01-01 00:00:00', NULL);
INSERT INTO prediction (id, user_id, game_id, home_score, away_score, created_at, updated_at) VALUES (1617, 10, 202, 8, 1, '2024-01-01 00:00:00', NULL);
INSERT INTO prediction (id, user_id, game_id, home_score, away_score, created_at, updated_at) VALUES (1618, 16, 202, 3, 2, '2024-01-01 00:00:00', NULL);
INSERT INTO prediction (id, user_id, game_id, home_score, away_score, created_at, updated_at) VALUES (1619, 11, 203, 1, 7, '2024-01-01 00:00:00', NULL);
INSERT INTO prediction (id, user_id, game_id, home_score, away_score, created_at, updated_at) VALUES (1620, 7, 203, 2, 5, '2024-01-01 00:00:00', NULL);
INSERT INTO prediction (id, user_id, game_id, home_score, away_score, created_at, updated_at) VALUES (1621, 14, 203, 2, 6, '2024-01-01 00:00:00', NULL);
INSERT INTO prediction (id, user_id, game_id, home_score, away_score, created_at, updated_at) VALUES (1622, 8, 203, 2, 5, '2024-01-01 00:00:00', NULL);
INSERT INTO prediction (id, user_id, game_id, home_score, away_score, created_at, updated_at) VALUES (1623, 17, 203, 1, 4, '2024-01-01 00:00:00', NULL);
INSERT INTO prediction (id, user_id, game_id, home_score, away_score, created_at, updated_at) VALUES (1624, 12, 203, 2, 6, '2024-01-01 00:00:00', NULL);
INSERT INTO prediction (id, user_id, game_id, home_score, away_score, created_at, updated_at) VALUES (1625, 13, 203, 2, 4, '2024-01-01 00:00:00', NULL);
INSERT INTO prediction (id, user_id, game_id, home_score, away_score, created_at, updated_at) VALUES (1626, 15, 203, 1, 6, '2024-01-01 00:00:00', NULL);
INSERT INTO prediction (id, user_id, game_id, home_score, away_score, created_at, updated_at) VALUES (1627, 6, 203, 1, 6, '2024-01-01 00:00:00', NULL);
INSERT INTO prediction (id, user_id, game_id, home_score, away_score, created_at, updated_at) VALUES (1628, 10, 203, 1, 5, '2024-01-01 00:00:00', NULL);
INSERT INTO prediction (id, user_id, game_id, home_score, away_score, created_at, updated_at) VALUES (1629, 16, 203, 2, 6, '2024-01-01 00:00:00', NULL);
INSERT INTO prediction (id, user_id, game_id, home_score, away_score, created_at, updated_at) VALUES (1630, 11, 204, 5, 1, '2024-01-01 00:00:00', NULL);
INSERT INTO prediction (id, user_id, game_id, home_score, away_score, created_at, updated_at) VALUES (1631, 7, 204, 3, 4, '2024-01-01 00:00:00', NULL);
INSERT INTO prediction (id, user_id, game_id, home_score, away_score, created_at, updated_at) VALUES (1632, 14, 204, 4, 2, '2024-01-01 00:00:00', NULL);
INSERT INTO prediction (id, user_id, game_id, home_score, away_score, created_at, updated_at) VALUES (1633, 8, 204, 4, 1, '2024-01-01 00:00:00', NULL);
INSERT INTO prediction (id, user_id, game_id, home_score, away_score, created_at, updated_at) VALUES (1634, 17, 204, 6, 2, '2024-01-01 00:00:00', NULL);
INSERT INTO prediction (id, user_id, game_id, home_score, away_score, created_at, updated_at) VALUES (1635, 12, 204, 7, 2, '2024-01-01 00:00:00', NULL);
INSERT INTO prediction (id, user_id, game_id, home_score, away_score, created_at, updated_at) VALUES (1636, 13, 204, 4, 1, '2024-01-01 00:00:00', NULL);
INSERT INTO prediction (id, user_id, game_id, home_score, away_score, created_at, updated_at) VALUES (1637, 15, 204, 5, 2, '2024-01-01 00:00:00', NULL);
INSERT INTO prediction (id, user_id, game_id, home_score, away_score, created_at, updated_at) VALUES (1638, 6, 204, 5, 2, '2024-01-01 00:00:00', NULL);
INSERT INTO prediction (id, user_id, game_id, home_score, away_score, created_at, updated_at) VALUES (1639, 10, 204, 4, 2, '2024-01-01 00:00:00', NULL);
INSERT INTO prediction (id, user_id, game_id, home_score, away_score, created_at, updated_at) VALUES (1640, 16, 204, 5, 1, '2024-01-01 00:00:00', NULL);
INSERT INTO prediction (id, user_id, game_id, home_score, away_score, created_at, updated_at) VALUES (1641, 11, 205, 4, 1, '2024-01-01 00:00:00', NULL);
INSERT INTO prediction (id, user_id, game_id, home_score, away_score, created_at, updated_at) VALUES (1642, 7, 205, 3, 1, '2024-01-01 00:00:00', NULL);
INSERT INTO prediction (id, user_id, game_id, home_score, away_score, created_at, updated_at) VALUES (1643, 14, 205, 5, 1, '2024-01-01 00:00:00', NULL);
INSERT INTO prediction (id, user_id, game_id, home_score, away_score, created_at, updated_at) VALUES (1644, 8, 205, 4, 1, '2024-01-01 00:00:00', NULL);
INSERT INTO prediction (id, user_id, game_id, home_score, away_score, created_at, updated_at) VALUES (1645, 17, 205, 5, 2, '2024-01-01 00:00:00', NULL);
INSERT INTO prediction (id, user_id, game_id, home_score, away_score, created_at, updated_at) VALUES (1646, 12, 205, 4, 3, '2024-01-01 00:00:00', NULL);
INSERT INTO prediction (id, user_id, game_id, home_score, away_score, created_at, updated_at) VALUES (1647, 13, 205, 4, 3, '2024-01-01 00:00:00', NULL);
INSERT INTO prediction (id, user_id, game_id, home_score, away_score, created_at, updated_at) VALUES (1648, 15, 205, 5, 1, '2024-01-01 00:00:00', NULL);
INSERT INTO prediction (id, user_id, game_id, home_score, away_score, created_at, updated_at) VALUES (1649, 6, 205, 7, 1, '2024-01-01 00:00:00', NULL);
INSERT INTO prediction (id, user_id, game_id, home_score, away_score, created_at, updated_at) VALUES (1650, 10, 205, 6, 2, '2024-01-01 00:00:00', NULL);
INSERT INTO prediction (id, user_id, game_id, home_score, away_score, created_at, updated_at) VALUES (1651, 16, 205, 3, 2, '2024-01-01 00:00:00', NULL);
INSERT INTO prediction (id, user_id, game_id, home_score, away_score, created_at, updated_at) VALUES (1652, 11, 206, 0, 6, '2024-01-01 00:00:00', NULL);
INSERT INTO prediction (id, user_id, game_id, home_score, away_score, created_at, updated_at) VALUES (1653, 7, 206, 1, 4, '2024-01-01 00:00:00', NULL);
INSERT INTO prediction (id, user_id, game_id, home_score, away_score, created_at, updated_at) VALUES (1654, 14, 206, 1, 7, '2024-01-01 00:00:00', NULL);
INSERT INTO prediction (id, user_id, game_id, home_score, away_score, created_at, updated_at) VALUES (1655, 8, 206, 1, 3, '2024-01-01 00:00:00', NULL);
INSERT INTO prediction (id, user_id, game_id, home_score, away_score, created_at, updated_at) VALUES (1656, 17, 206, 2, 5, '2024-01-01 00:00:00', NULL);
INSERT INTO prediction (id, user_id, game_id, home_score, away_score, created_at, updated_at) VALUES (1657, 12, 206, 0, 5, '2024-01-01 00:00:00', NULL);
INSERT INTO prediction (id, user_id, game_id, home_score, away_score, created_at, updated_at) VALUES (1658, 13, 206, 1, 4, '2024-01-01 00:00:00', NULL);
INSERT INTO prediction (id, user_id, game_id, home_score, away_score, created_at, updated_at) VALUES (1659, 15, 206, 0, 6, '2024-01-01 00:00:00', NULL);
INSERT INTO prediction (id, user_id, game_id, home_score, away_score, created_at, updated_at) VALUES (1660, 6, 206, 1, 6, '2024-01-01 00:00:00', NULL);
INSERT INTO prediction (id, user_id, game_id, home_score, away_score, created_at, updated_at) VALUES (1661, 10, 206, 1, 8, '2024-01-01 00:00:00', NULL);
INSERT INTO prediction (id, user_id, game_id, home_score, away_score, created_at, updated_at) VALUES (1662, 16, 206, 1, 4, '2024-01-01 00:00:00', NULL);
INSERT INTO prediction (id, user_id, game_id, home_score, away_score, created_at, updated_at) VALUES (1663, 11, 207, 2, 3, '2024-01-01 00:00:00', NULL);
INSERT INTO prediction (id, user_id, game_id, home_score, away_score, created_at, updated_at) VALUES (1664, 7, 207, 2, 4, '2024-01-01 00:00:00', NULL);
INSERT INTO prediction (id, user_id, game_id, home_score, away_score, created_at, updated_at) VALUES (1665, 14, 207, 3, 4, '2024-01-01 00:00:00', NULL);
INSERT INTO prediction (id, user_id, game_id, home_score, away_score, created_at, updated_at) VALUES (1666, 8, 207, 2, 4, '2024-01-01 00:00:00', NULL);
INSERT INTO prediction (id, user_id, game_id, home_score, away_score, created_at, updated_at) VALUES (1667, 17, 207, 2, 4, '2024-01-01 00:00:00', NULL);
INSERT INTO prediction (id, user_id, game_id, home_score, away_score, created_at, updated_at) VALUES (1668, 12, 207, 2, 4, '2024-01-01 00:00:00', NULL);
INSERT INTO prediction (id, user_id, game_id, home_score, away_score, created_at, updated_at) VALUES (1669, 13, 207, 2, 3, '2024-01-01 00:00:00', NULL);
INSERT INTO prediction (id, user_id, game_id, home_score, away_score, created_at, updated_at) VALUES (1670, 15, 207, 2, 3, '2024-01-01 00:00:00', NULL);
INSERT INTO prediction (id, user_id, game_id, home_score, away_score, created_at, updated_at) VALUES (1671, 6, 207, 2, 4, '2024-01-01 00:00:00', NULL);
INSERT INTO prediction (id, user_id, game_id, home_score, away_score, created_at, updated_at) VALUES (1672, 10, 207, 3, 4, '2024-01-01 00:00:00', NULL);
INSERT INTO prediction (id, user_id, game_id, home_score, away_score, created_at, updated_at) VALUES (1673, 16, 207, 2, 3, '2024-01-01 00:00:00', NULL);
INSERT INTO prediction (id, user_id, game_id, home_score, away_score, created_at, updated_at) VALUES (1674, 11, 208, 4, 2, '2024-01-01 00:00:00', NULL);
INSERT INTO prediction (id, user_id, game_id, home_score, away_score, created_at, updated_at) VALUES (1675, 7, 208, 3, 4, '2024-01-01 00:00:00', NULL);
INSERT INTO prediction (id, user_id, game_id, home_score, away_score, created_at, updated_at) VALUES (1676, 14, 208, 3, 2, '2024-01-01 00:00:00', NULL);
INSERT INTO prediction (id, user_id, game_id, home_score, away_score, created_at, updated_at) VALUES (1677, 8, 208, 4, 2, '2024-01-01 00:00:00', NULL);
INSERT INTO prediction (id, user_id, game_id, home_score, away_score, created_at, updated_at) VALUES (1678, 17, 208, 2, 3, '2024-01-01 00:00:00', NULL);
INSERT INTO prediction (id, user_id, game_id, home_score, away_score, created_at, updated_at) VALUES (1679, 12, 208, 3, 4, '2024-01-01 00:00:00', NULL);
INSERT INTO prediction (id, user_id, game_id, home_score, away_score, created_at, updated_at) VALUES (1680, 13, 208, 1, 2, '2024-01-01 00:00:00', NULL);
INSERT INTO prediction (id, user_id, game_id, home_score, away_score, created_at, updated_at) VALUES (1681, 15, 208, 2, 4, '2024-01-01 00:00:00', NULL);
INSERT INTO prediction (id, user_id, game_id, home_score, away_score, created_at, updated_at) VALUES (1682, 6, 208, 4, 3, '2024-01-01 00:00:00', NULL);
INSERT INTO prediction (id, user_id, game_id, home_score, away_score, created_at, updated_at) VALUES (1683, 10, 208, 2, 3, '2024-01-01 00:00:00', NULL);
INSERT INTO prediction (id, user_id, game_id, home_score, away_score, created_at, updated_at) VALUES (1684, 16, 208, 3, 4, '2024-01-01 00:00:00', NULL);
INSERT INTO prediction (id, user_id, game_id, home_score, away_score, created_at, updated_at) VALUES (1685, 11, 209, 2, 4, '2024-01-01 00:00:00', NULL);
INSERT INTO prediction (id, user_id, game_id, home_score, away_score, created_at, updated_at) VALUES (1686, 7, 209, 1, 4, '2024-01-01 00:00:00', NULL);
INSERT INTO prediction (id, user_id, game_id, home_score, away_score, created_at, updated_at) VALUES (1687, 14, 209, 2, 6, '2024-01-01 00:00:00', NULL);
INSERT INTO prediction (id, user_id, game_id, home_score, away_score, created_at, updated_at) VALUES (1688, 8, 209, 2, 5, '2024-01-01 00:00:00', NULL);
INSERT INTO prediction (id, user_id, game_id, home_score, away_score, created_at, updated_at) VALUES (1689, 17, 209, 2, 5, '2024-01-01 00:00:00', NULL);
INSERT INTO prediction (id, user_id, game_id, home_score, away_score, created_at, updated_at) VALUES (1690, 12, 209, 2, 5, '2024-01-01 00:00:00', NULL);
INSERT INTO prediction (id, user_id, game_id, home_score, away_score, created_at, updated_at) VALUES (1691, 13, 209, 2, 5, '2024-01-01 00:00:00', NULL);
INSERT INTO prediction (id, user_id, game_id, home_score, away_score, created_at, updated_at) VALUES (1692, 15, 209, 1, 4, '2024-01-01 00:00:00', NULL);
INSERT INTO prediction (id, user_id, game_id, home_score, away_score, created_at, updated_at) VALUES (1693, 6, 209, 2, 5, '2024-01-01 00:00:00', NULL);
INSERT INTO prediction (id, user_id, game_id, home_score, away_score, created_at, updated_at) VALUES (1694, 10, 209, 2, 5, '2024-01-01 00:00:00', NULL);
INSERT INTO prediction (id, user_id, game_id, home_score, away_score, created_at, updated_at) VALUES (1695, 16, 209, 1, 3, '2024-01-01 00:00:00', NULL);
INSERT INTO prediction (id, user_id, game_id, home_score, away_score, created_at, updated_at) VALUES (1696, 11, 210, 3, 2, '2024-01-01 00:00:00', NULL);
INSERT INTO prediction (id, user_id, game_id, home_score, away_score, created_at, updated_at) VALUES (1697, 7, 210, 4, 3, '2024-01-01 00:00:00', NULL);
INSERT INTO prediction (id, user_id, game_id, home_score, away_score, created_at, updated_at) VALUES (1698, 14, 210, 4, 2, '2024-01-01 00:00:00', NULL);
INSERT INTO prediction (id, user_id, game_id, home_score, away_score, created_at, updated_at) VALUES (1699, 8, 210, 5, 1, '2024-01-01 00:00:00', NULL);
INSERT INTO prediction (id, user_id, game_id, home_score, away_score, created_at, updated_at) VALUES (1700, 17, 210, 4, 2, '2024-01-01 00:00:00', NULL);
INSERT INTO prediction (id, user_id, game_id, home_score, away_score, created_at, updated_at) VALUES (1701, 12, 210, 7, 3, '2024-01-01 00:00:00', NULL);
INSERT INTO prediction (id, user_id, game_id, home_score, away_score, created_at, updated_at) VALUES (1702, 13, 210, 4, 2, '2024-01-01 00:00:00', NULL);
INSERT INTO prediction (id, user_id, game_id, home_score, away_score, created_at, updated_at) VALUES (1703, 15, 210, 4, 1, '2024-01-01 00:00:00', NULL);
INSERT INTO prediction (id, user_id, game_id, home_score, away_score, created_at, updated_at) VALUES (1704, 6, 210, 3, 2, '2024-01-01 00:00:00', NULL);
INSERT INTO prediction (id, user_id, game_id, home_score, away_score, created_at, updated_at) VALUES (1705, 10, 210, 5, 2, '2024-01-01 00:00:00', NULL);
INSERT INTO prediction (id, user_id, game_id, home_score, away_score, created_at, updated_at) VALUES (1706, 16, 210, 4, 2, '2024-01-01 00:00:00', NULL);
INSERT INTO prediction (id, user_id, game_id, home_score, away_score, created_at, updated_at) VALUES (1707, 11, 211, 4, 2, '2024-01-01 00:00:00', NULL);
INSERT INTO prediction (id, user_id, game_id, home_score, away_score, created_at, updated_at) VALUES (1708, 7, 211, 4, 3, '2024-01-01 00:00:00', NULL);
INSERT INTO prediction (id, user_id, game_id, home_score, away_score, created_at, updated_at) VALUES (1709, 14, 211, 3, 2, '2024-01-01 00:00:00', NULL);
INSERT INTO prediction (id, user_id, game_id, home_score, away_score, created_at, updated_at) VALUES (1710, 8, 211, 5, 2, '2024-01-01 00:00:00', NULL);
INSERT INTO prediction (id, user_id, game_id, home_score, away_score, created_at, updated_at) VALUES (1711, 17, 211, 5, 3, '2024-01-01 00:00:00', NULL);
INSERT INTO prediction (id, user_id, game_id, home_score, away_score, created_at, updated_at) VALUES (1712, 12, 211, 4, 1, '2024-01-01 00:00:00', NULL);
INSERT INTO prediction (id, user_id, game_id, home_score, away_score, created_at, updated_at) VALUES (1713, 13, 211, 2, 3, '2024-01-01 00:00:00', NULL);
INSERT INTO prediction (id, user_id, game_id, home_score, away_score, created_at, updated_at) VALUES (1714, 15, 211, 5, 2, '2024-01-01 00:00:00', NULL);
INSERT INTO prediction (id, user_id, game_id, home_score, away_score, created_at, updated_at) VALUES (1715, 6, 211, 3, 1, '2024-01-01 00:00:00', NULL);
INSERT INTO prediction (id, user_id, game_id, home_score, away_score, created_at, updated_at) VALUES (1716, 10, 211, 4, 2, '2024-01-01 00:00:00', NULL);
INSERT INTO prediction (id, user_id, game_id, home_score, away_score, created_at, updated_at) VALUES (1717, 16, 211, 3, 2, '2024-01-01 00:00:00', NULL);
INSERT INTO prediction (id, user_id, game_id, home_score, away_score, created_at, updated_at) VALUES (1718, 11, 212, 2, 1, '2024-01-01 00:00:00', NULL);
INSERT INTO prediction (id, user_id, game_id, home_score, away_score, created_at, updated_at) VALUES (1719, 7, 212, 3, 2, '2024-01-01 00:00:00', NULL);
INSERT INTO prediction (id, user_id, game_id, home_score, away_score, created_at, updated_at) VALUES (1720, 14, 212, 4, 3, '2024-01-01 00:00:00', NULL);
INSERT INTO prediction (id, user_id, game_id, home_score, away_score, created_at, updated_at) VALUES (1721, 8, 212, 4, 2, '2024-01-01 00:00:00', NULL);
INSERT INTO prediction (id, user_id, game_id, home_score, away_score, created_at, updated_at) VALUES (1722, 17, 212, 4, 2, '2024-01-01 00:00:00', NULL);
INSERT INTO prediction (id, user_id, game_id, home_score, away_score, created_at, updated_at) VALUES (1723, 12, 212, 3, 5, '2024-01-01 00:00:00', NULL);
INSERT INTO prediction (id, user_id, game_id, home_score, away_score, created_at, updated_at) VALUES (1724, 13, 212, 3, 2, '2024-01-01 00:00:00', NULL);
INSERT INTO prediction (id, user_id, game_id, home_score, away_score, created_at, updated_at) VALUES (1725, 15, 212, 4, 3, '2024-01-01 00:00:00', NULL);
INSERT INTO prediction (id, user_id, game_id, home_score, away_score, created_at, updated_at) VALUES (1726, 6, 212, 3, 4, '2024-01-01 00:00:00', NULL);
INSERT INTO prediction (id, user_id, game_id, home_score, away_score, created_at, updated_at) VALUES (1727, 10, 212, 4, 3, '2024-01-01 00:00:00', NULL);
INSERT INTO prediction (id, user_id, game_id, home_score, away_score, created_at, updated_at) VALUES (1728, 16, 212, 4, 2, '2024-01-01 00:00:00', NULL);
INSERT INTO prediction (id, user_id, game_id, home_score, away_score, created_at, updated_at) VALUES (1729, 11, 213, 1, 3, '2024-01-01 00:00:00', NULL);
INSERT INTO prediction (id, user_id, game_id, home_score, away_score, created_at, updated_at) VALUES (1730, 7, 213, 2, 5, '2024-01-01 00:00:00', NULL);
INSERT INTO prediction (id, user_id, game_id, home_score, away_score, created_at, updated_at) VALUES (1731, 14, 213, 2, 5, '2024-01-01 00:00:00', NULL);
INSERT INTO prediction (id, user_id, game_id, home_score, away_score, created_at, updated_at) VALUES (1732, 8, 213, 1, 4, '2024-01-01 00:00:00', NULL);
INSERT INTO prediction (id, user_id, game_id, home_score, away_score, created_at, updated_at) VALUES (1733, 17, 213, 1, 3, '2024-01-01 00:00:00', NULL);
INSERT INTO prediction (id, user_id, game_id, home_score, away_score, created_at, updated_at) VALUES (1734, 12, 213, 2, 5, '2024-01-01 00:00:00', NULL);
INSERT INTO prediction (id, user_id, game_id, home_score, away_score, created_at, updated_at) VALUES (1735, 13, 213, 1, 4, '2024-01-01 00:00:00', NULL);
INSERT INTO prediction (id, user_id, game_id, home_score, away_score, created_at, updated_at) VALUES (1736, 15, 213, 0, 4, '2024-01-01 00:00:00', NULL);
INSERT INTO prediction (id, user_id, game_id, home_score, away_score, created_at, updated_at) VALUES (1737, 6, 213, 1, 3, '2024-01-01 00:00:00', NULL);
INSERT INTO prediction (id, user_id, game_id, home_score, away_score, created_at, updated_at) VALUES (1738, 10, 213, 2, 3, '2024-01-01 00:00:00', NULL);
INSERT INTO prediction (id, user_id, game_id, home_score, away_score, created_at, updated_at) VALUES (1739, 16, 213, 1, 5, '2024-01-01 00:00:00', NULL);
INSERT INTO prediction (id, user_id, game_id, home_score, away_score, created_at, updated_at) VALUES (1740, 11, 214, 3, 2, '2024-01-01 00:00:00', NULL);
INSERT INTO prediction (id, user_id, game_id, home_score, away_score, created_at, updated_at) VALUES (1741, 7, 214, 3, 2, '2024-01-01 00:00:00', NULL);
INSERT INTO prediction (id, user_id, game_id, home_score, away_score, created_at, updated_at) VALUES (1742, 14, 214, 4, 3, '2024-01-01 00:00:00', NULL);
INSERT INTO prediction (id, user_id, game_id, home_score, away_score, created_at, updated_at) VALUES (1743, 8, 214, 2, 3, '2024-01-01 00:00:00', NULL);
INSERT INTO prediction (id, user_id, game_id, home_score, away_score, created_at, updated_at) VALUES (1744, 17, 214, 6, 1, '2024-01-01 00:00:00', NULL);
INSERT INTO prediction (id, user_id, game_id, home_score, away_score, created_at, updated_at) VALUES (1745, 12, 214, 3, 1, '2024-01-01 00:00:00', NULL);
INSERT INTO prediction (id, user_id, game_id, home_score, away_score, created_at, updated_at) VALUES (1746, 13, 214, 4, 2, '2024-01-01 00:00:00', NULL);
INSERT INTO prediction (id, user_id, game_id, home_score, away_score, created_at, updated_at) VALUES (1747, 15, 214, 4, 1, '2024-01-01 00:00:00', NULL);
INSERT INTO prediction (id, user_id, game_id, home_score, away_score, created_at, updated_at) VALUES (1748, 6, 214, 3, 1, '2024-01-01 00:00:00', NULL);
INSERT INTO prediction (id, user_id, game_id, home_score, away_score, created_at, updated_at) VALUES (1749, 10, 214, 5, 3, '2024-01-01 00:00:00', NULL);
INSERT INTO prediction (id, user_id, game_id, home_score, away_score, created_at, updated_at) VALUES (1750, 16, 214, 3, 2, '2024-01-01 00:00:00', NULL);
INSERT INTO prediction (id, user_id, game_id, home_score, away_score, created_at, updated_at) VALUES (1751, 11, 215, 2, 1, '2024-01-01 00:00:00', NULL);
INSERT INTO prediction (id, user_id, game_id, home_score, away_score, created_at, updated_at) VALUES (1752, 7, 215, 4, 2, '2024-01-01 00:00:00', NULL);
INSERT INTO prediction (id, user_id, game_id, home_score, away_score, created_at, updated_at) VALUES (1753, 14, 215, 3, 2, '2024-01-01 00:00:00', NULL);
INSERT INTO prediction (id, user_id, game_id, home_score, away_score, created_at, updated_at) VALUES (1754, 8, 215, 4, 2, '2024-01-01 00:00:00', NULL);
INSERT INTO prediction (id, user_id, game_id, home_score, away_score, created_at, updated_at) VALUES (1755, 17, 215, 5, 3, '2024-01-01 00:00:00', NULL);
INSERT INTO prediction (id, user_id, game_id, home_score, away_score, created_at, updated_at) VALUES (1756, 12, 215, 3, 2, '2024-01-01 00:00:00', NULL);
INSERT INTO prediction (id, user_id, game_id, home_score, away_score, created_at, updated_at) VALUES (1757, 13, 215, 4, 2, '2024-01-01 00:00:00', NULL);
INSERT INTO prediction (id, user_id, game_id, home_score, away_score, created_at, updated_at) VALUES (1758, 15, 215, 3, 2, '2024-01-01 00:00:00', NULL);
INSERT INTO prediction (id, user_id, game_id, home_score, away_score, created_at, updated_at) VALUES (1759, 6, 215, 2, 3, '2024-01-01 00:00:00', NULL);
INSERT INTO prediction (id, user_id, game_id, home_score, away_score, created_at, updated_at) VALUES (1760, 10, 215, 3, 2, '2024-01-01 00:00:00', NULL);
INSERT INTO prediction (id, user_id, game_id, home_score, away_score, created_at, updated_at) VALUES (1761, 16, 215, 2, 1, '2024-01-01 00:00:00', NULL);
INSERT INTO prediction (id, user_id, game_id, home_score, away_score, created_at, updated_at) VALUES (1762, 11, 216, 3, 0, '2024-01-01 00:00:00', NULL);
INSERT INTO prediction (id, user_id, game_id, home_score, away_score, created_at, updated_at) VALUES (1763, 7, 216, 3, 2, '2024-01-01 00:00:00', NULL);
INSERT INTO prediction (id, user_id, game_id, home_score, away_score, created_at, updated_at) VALUES (1764, 14, 216, 5, 2, '2024-01-01 00:00:00', NULL);
INSERT INTO prediction (id, user_id, game_id, home_score, away_score, created_at, updated_at) VALUES (1765, 8, 216, 3, 1, '2024-01-01 00:00:00', NULL);
INSERT INTO prediction (id, user_id, game_id, home_score, away_score, created_at, updated_at) VALUES (1766, 17, 216, 4, 2, '2024-01-01 00:00:00', NULL);
INSERT INTO prediction (id, user_id, game_id, home_score, away_score, created_at, updated_at) VALUES (1767, 12, 216, 4, 2, '2024-01-01 00:00:00', NULL);
INSERT INTO prediction (id, user_id, game_id, home_score, away_score, created_at, updated_at) VALUES (1768, 13, 216, 4, 1, '2024-01-01 00:00:00', NULL);
INSERT INTO prediction (id, user_id, game_id, home_score, away_score, created_at, updated_at) VALUES (1769, 15, 216, 2, 4, '2024-01-01 00:00:00', NULL);
INSERT INTO prediction (id, user_id, game_id, home_score, away_score, created_at, updated_at) VALUES (1770, 6, 216, 5, 1, '2024-01-01 00:00:00', NULL);
INSERT INTO prediction (id, user_id, game_id, home_score, away_score, created_at, updated_at) VALUES (1771, 10, 216, 2, 3, '2024-01-01 00:00:00', NULL);
INSERT INTO prediction (id, user_id, game_id, home_score, away_score, created_at, updated_at) VALUES (1772, 16, 216, 3, 1, '2024-01-01 00:00:00', NULL);
INSERT INTO prediction (id, user_id, game_id, home_score, away_score, created_at, updated_at) VALUES (1773, 11, 217, 4, 0, '2024-01-01 00:00:00', NULL);
INSERT INTO prediction (id, user_id, game_id, home_score, away_score, created_at, updated_at) VALUES (1774, 7, 217, 3, 1, '2024-01-01 00:00:00', NULL);
INSERT INTO prediction (id, user_id, game_id, home_score, away_score, created_at, updated_at) VALUES (1775, 14, 217, 6, 1, '2024-01-01 00:00:00', NULL);
INSERT INTO prediction (id, user_id, game_id, home_score, away_score, created_at, updated_at) VALUES (1776, 8, 217, 7, 1, '2024-01-01 00:00:00', NULL);
INSERT INTO prediction (id, user_id, game_id, home_score, away_score, created_at, updated_at) VALUES (1777, 17, 217, 6, 1, '2024-01-01 00:00:00', NULL);
INSERT INTO prediction (id, user_id, game_id, home_score, away_score, created_at, updated_at) VALUES (1778, 12, 217, 5, 1, '2024-01-01 00:00:00', NULL);
INSERT INTO prediction (id, user_id, game_id, home_score, away_score, created_at, updated_at) VALUES (1779, 13, 217, 4, 1, '2024-01-01 00:00:00', NULL);
INSERT INTO prediction (id, user_id, game_id, home_score, away_score, created_at, updated_at) VALUES (1780, 15, 217, 5, 1, '2024-01-01 00:00:00', NULL);
INSERT INTO prediction (id, user_id, game_id, home_score, away_score, created_at, updated_at) VALUES (1781, 6, 217, 4, 1, '2024-01-01 00:00:00', NULL);
INSERT INTO prediction (id, user_id, game_id, home_score, away_score, created_at, updated_at) VALUES (1782, 10, 217, 4, 1, '2024-01-01 00:00:00', NULL);
INSERT INTO prediction (id, user_id, game_id, home_score, away_score, created_at, updated_at) VALUES (1783, 16, 217, 4, 1, '2024-01-01 00:00:00', NULL);
INSERT INTO prediction (id, user_id, game_id, home_score, away_score, created_at, updated_at) VALUES (1784, 11, 218, 2, 3, '2024-01-01 00:00:00', NULL);
INSERT INTO prediction (id, user_id, game_id, home_score, away_score, created_at, updated_at) VALUES (1785, 7, 218, 1, 3, '2024-01-01 00:00:00', NULL);
INSERT INTO prediction (id, user_id, game_id, home_score, away_score, created_at, updated_at) VALUES (1786, 14, 218, 2, 4, '2024-01-01 00:00:00', NULL);
INSERT INTO prediction (id, user_id, game_id, home_score, away_score, created_at, updated_at) VALUES (1787, 8, 218, 1, 4, '2024-01-01 00:00:00', NULL);
INSERT INTO prediction (id, user_id, game_id, home_score, away_score, created_at, updated_at) VALUES (1788, 17, 218, 2, 4, '2024-01-01 00:00:00', NULL);
INSERT INTO prediction (id, user_id, game_id, home_score, away_score, created_at, updated_at) VALUES (1789, 12, 218, 2, 5, '2024-01-01 00:00:00', NULL);
INSERT INTO prediction (id, user_id, game_id, home_score, away_score, created_at, updated_at) VALUES (1790, 13, 218, 2, 4, '2024-01-01 00:00:00', NULL);
INSERT INTO prediction (id, user_id, game_id, home_score, away_score, created_at, updated_at) VALUES (1791, 15, 218, 2, 3, '2024-01-01 00:00:00', NULL);
INSERT INTO prediction (id, user_id, game_id, home_score, away_score, created_at, updated_at) VALUES (1792, 6, 218, 2, 5, '2024-01-01 00:00:00', NULL);
INSERT INTO prediction (id, user_id, game_id, home_score, away_score, created_at, updated_at) VALUES (1793, 10, 218, 4, 5, '2024-01-01 00:00:00', NULL);
INSERT INTO prediction (id, user_id, game_id, home_score, away_score, created_at, updated_at) VALUES (1794, 16, 218, 0, 3, '2024-01-01 00:00:00', NULL);
INSERT INTO prediction (id, user_id, game_id, home_score, away_score, created_at, updated_at) VALUES (1795, 11, 219, 4, 3, '2024-01-01 00:00:00', NULL);
INSERT INTO prediction (id, user_id, game_id, home_score, away_score, created_at, updated_at) VALUES (1796, 7, 219, 3, 2, '2024-01-01 00:00:00', NULL);
INSERT INTO prediction (id, user_id, game_id, home_score, away_score, created_at, updated_at) VALUES (1797, 14, 219, 5, 2, '2024-01-01 00:00:00', NULL);
INSERT INTO prediction (id, user_id, game_id, home_score, away_score, created_at, updated_at) VALUES (1798, 8, 219, 3, 1, '2024-01-01 00:00:00', NULL);
INSERT INTO prediction (id, user_id, game_id, home_score, away_score, created_at, updated_at) VALUES (1799, 17, 219, 4, 1, '2024-01-01 00:00:00', NULL);
INSERT INTO prediction (id, user_id, game_id, home_score, away_score, created_at, updated_at) VALUES (1800, 12, 219, 4, 2, '2024-01-01 00:00:00', NULL);
INSERT INTO prediction (id, user_id, game_id, home_score, away_score, created_at, updated_at) VALUES (1801, 13, 219, 5, 1, '2024-01-01 00:00:00', NULL);
INSERT INTO prediction (id, user_id, game_id, home_score, away_score, created_at, updated_at) VALUES (1802, 15, 219, 2, 1, '2024-01-01 00:00:00', NULL);
INSERT INTO prediction (id, user_id, game_id, home_score, away_score, created_at, updated_at) VALUES (1803, 6, 219, 2, 1, '2024-01-01 00:00:00', NULL);
INSERT INTO prediction (id, user_id, game_id, home_score, away_score, created_at, updated_at) VALUES (1804, 10, 219, 3, 2, '2024-01-01 00:00:00', NULL);
INSERT INTO prediction (id, user_id, game_id, home_score, away_score, created_at, updated_at) VALUES (1805, 16, 219, 2, 1, '2024-01-01 00:00:00', NULL);
INSERT INTO prediction (id, user_id, game_id, home_score, away_score, created_at, updated_at) VALUES (1806, 11, 220, 4, 1, '2024-01-01 00:00:00', NULL);
INSERT INTO prediction (id, user_id, game_id, home_score, away_score, created_at, updated_at) VALUES (1807, 7, 220, 3, 2, '2024-01-01 00:00:00', NULL);
INSERT INTO prediction (id, user_id, game_id, home_score, away_score, created_at, updated_at) VALUES (1808, 14, 220, 4, 2, '2024-01-01 00:00:00', NULL);
INSERT INTO prediction (id, user_id, game_id, home_score, away_score, created_at, updated_at) VALUES (1809, 8, 220, 4, 1, '2024-01-01 00:00:00', NULL);
INSERT INTO prediction (id, user_id, game_id, home_score, away_score, created_at, updated_at) VALUES (1810, 17, 220, 4, 2, '2024-01-01 00:00:00', NULL);
INSERT INTO prediction (id, user_id, game_id, home_score, away_score, created_at, updated_at) VALUES (1811, 12, 220, 3, 2, '2024-01-01 00:00:00', NULL);
INSERT INTO prediction (id, user_id, game_id, home_score, away_score, created_at, updated_at) VALUES (1812, 13, 220, 3, 1, '2024-01-01 00:00:00', NULL);
INSERT INTO prediction (id, user_id, game_id, home_score, away_score, created_at, updated_at) VALUES (1813, 15, 220, 3, 1, '2024-01-01 00:00:00', NULL);
INSERT INTO prediction (id, user_id, game_id, home_score, away_score, created_at, updated_at) VALUES (1814, 6, 220, 3, 1, '2024-01-01 00:00:00', NULL);
INSERT INTO prediction (id, user_id, game_id, home_score, away_score, created_at, updated_at) VALUES (1815, 10, 220, 3, 2, '2024-01-01 00:00:00', NULL);
INSERT INTO prediction (id, user_id, game_id, home_score, away_score, created_at, updated_at) VALUES (1816, 16, 220, 2, 1, '2024-01-01 00:00:00', NULL);
INSERT INTO prediction (id, user_id, game_id, home_score, away_score, created_at, updated_at) VALUES (1817, 11, 221, 3, 4, '2024-01-01 00:00:00', NULL);
INSERT INTO prediction (id, user_id, game_id, home_score, away_score, created_at, updated_at) VALUES (1818, 7, 221, 2, 3, '2024-01-01 00:00:00', NULL);
INSERT INTO prediction (id, user_id, game_id, home_score, away_score, created_at, updated_at) VALUES (1819, 14, 221, 2, 3, '2024-01-01 00:00:00', NULL);
INSERT INTO prediction (id, user_id, game_id, home_score, away_score, created_at, updated_at) VALUES (1820, 8, 221, 2, 3, '2024-01-01 00:00:00', NULL);
INSERT INTO prediction (id, user_id, game_id, home_score, away_score, created_at, updated_at) VALUES (1821, 17, 221, 5, 3, '2024-01-01 00:00:00', NULL);
INSERT INTO prediction (id, user_id, game_id, home_score, away_score, created_at, updated_at) VALUES (1822, 12, 221, 2, 5, '2024-01-01 00:00:00', NULL);
INSERT INTO prediction (id, user_id, game_id, home_score, away_score, created_at, updated_at) VALUES (1823, 13, 221, 1, 3, '2024-01-01 00:00:00', NULL);
INSERT INTO prediction (id, user_id, game_id, home_score, away_score, created_at, updated_at) VALUES (1824, 15, 221, 2, 3, '2024-01-01 00:00:00', NULL);
INSERT INTO prediction (id, user_id, game_id, home_score, away_score, created_at, updated_at) VALUES (1825, 6, 221, 2, 4, '2024-01-01 00:00:00', NULL);
INSERT INTO prediction (id, user_id, game_id, home_score, away_score, created_at, updated_at) VALUES (1826, 10, 221, 2, 4, '2024-01-01 00:00:00', NULL);
INSERT INTO prediction (id, user_id, game_id, home_score, away_score, created_at, updated_at) VALUES (1827, 16, 221, 1, 3, '2024-01-01 00:00:00', NULL);
INSERT INTO prediction (id, user_id, game_id, home_score, away_score, created_at, updated_at) VALUES (1828, 11, 222, 4, 2, '2024-01-01 00:00:00', NULL);
INSERT INTO prediction (id, user_id, game_id, home_score, away_score, created_at, updated_at) VALUES (1829, 7, 222, 4, 1, '2024-01-01 00:00:00', NULL);
INSERT INTO prediction (id, user_id, game_id, home_score, away_score, created_at, updated_at) VALUES (1830, 14, 222, 4, 3, '2024-01-01 00:00:00', NULL);
INSERT INTO prediction (id, user_id, game_id, home_score, away_score, created_at, updated_at) VALUES (1831, 8, 222, 2, 3, '2024-01-01 00:00:00', NULL);
INSERT INTO prediction (id, user_id, game_id, home_score, away_score, created_at, updated_at) VALUES (1832, 17, 222, 6, 2, '2024-01-01 00:00:00', NULL);
INSERT INTO prediction (id, user_id, game_id, home_score, away_score, created_at, updated_at) VALUES (1833, 12, 222, 3, 1, '2024-01-01 00:00:00', NULL);
INSERT INTO prediction (id, user_id, game_id, home_score, away_score, created_at, updated_at) VALUES (1834, 13, 222, 4, 1, '2024-01-01 00:00:00', NULL);
INSERT INTO prediction (id, user_id, game_id, home_score, away_score, created_at, updated_at) VALUES (1835, 15, 222, 5, 2, '2024-01-01 00:00:00', NULL);
INSERT INTO prediction (id, user_id, game_id, home_score, away_score, created_at, updated_at) VALUES (1836, 6, 222, 3, 0, '2024-01-01 00:00:00', NULL);
INSERT INTO prediction (id, user_id, game_id, home_score, away_score, created_at, updated_at) VALUES (1837, 10, 222, 3, 2, '2024-01-01 00:00:00', NULL);
INSERT INTO prediction (id, user_id, game_id, home_score, away_score, created_at, updated_at) VALUES (1838, 16, 222, 4, 2, '2024-01-01 00:00:00', NULL);
INSERT INTO prediction (id, user_id, game_id, home_score, away_score, created_at, updated_at) VALUES (1839, 11, 223, 1, 2, '2024-01-01 00:00:00', NULL);
INSERT INTO prediction (id, user_id, game_id, home_score, away_score, created_at, updated_at) VALUES (1840, 7, 223, 2, 4, '2024-01-01 00:00:00', NULL);
INSERT INTO prediction (id, user_id, game_id, home_score, away_score, created_at, updated_at) VALUES (1841, 14, 223, 2, 3, '2024-01-01 00:00:00', NULL);
INSERT INTO prediction (id, user_id, game_id, home_score, away_score, created_at, updated_at) VALUES (1842, 8, 223, 2, 3, '2024-01-01 00:00:00', NULL);
INSERT INTO prediction (id, user_id, game_id, home_score, away_score, created_at, updated_at) VALUES (1843, 17, 223, 3, 4, '2024-01-01 00:00:00', NULL);
INSERT INTO prediction (id, user_id, game_id, home_score, away_score, created_at, updated_at) VALUES (1844, 12, 223, 3, 4, '2024-01-01 00:00:00', NULL);
INSERT INTO prediction (id, user_id, game_id, home_score, away_score, created_at, updated_at) VALUES (1845, 13, 223, 5, 2, '2024-01-01 00:00:00', NULL);
INSERT INTO prediction (id, user_id, game_id, home_score, away_score, created_at, updated_at) VALUES (1846, 15, 223, 2, 4, '2024-01-01 00:00:00', NULL);
INSERT INTO prediction (id, user_id, game_id, home_score, away_score, created_at, updated_at) VALUES (1847, 6, 223, 2, 3, '2024-01-01 00:00:00', NULL);
INSERT INTO prediction (id, user_id, game_id, home_score, away_score, created_at, updated_at) VALUES (1848, 10, 223, 5, 3, '2024-01-01 00:00:00', NULL);
INSERT INTO prediction (id, user_id, game_id, home_score, away_score, created_at, updated_at) VALUES (1849, 16, 223, 2, 3, '2024-01-01 00:00:00', NULL);
INSERT INTO prediction (id, user_id, game_id, home_score, away_score, created_at, updated_at) VALUES (1850, 11, 224, 5, 2, '2024-01-01 00:00:00', NULL);
INSERT INTO prediction (id, user_id, game_id, home_score, away_score, created_at, updated_at) VALUES (1851, 7, 224, 5, 0, '2024-01-01 00:00:00', NULL);
INSERT INTO prediction (id, user_id, game_id, home_score, away_score, created_at, updated_at) VALUES (1852, 14, 224, 5, 2, '2024-01-01 00:00:00', NULL);
INSERT INTO prediction (id, user_id, game_id, home_score, away_score, created_at, updated_at) VALUES (1853, 8, 224, 4, 1, '2024-01-01 00:00:00', NULL);
INSERT INTO prediction (id, user_id, game_id, home_score, away_score, created_at, updated_at) VALUES (1854, 17, 224, 5, 1, '2024-01-01 00:00:00', NULL);
INSERT INTO prediction (id, user_id, game_id, home_score, away_score, created_at, updated_at) VALUES (1855, 12, 224, 5, 1, '2024-01-01 00:00:00', NULL);
INSERT INTO prediction (id, user_id, game_id, home_score, away_score, created_at, updated_at) VALUES (1856, 13, 224, 7, 1, '2024-01-01 00:00:00', NULL);
INSERT INTO prediction (id, user_id, game_id, home_score, away_score, created_at, updated_at) VALUES (1857, 15, 224, 6, 0, '2024-01-01 00:00:00', NULL);
INSERT INTO prediction (id, user_id, game_id, home_score, away_score, created_at, updated_at) VALUES (1858, 6, 224, 7, 0, '2024-01-01 00:00:00', NULL);
INSERT INTO prediction (id, user_id, game_id, home_score, away_score, created_at, updated_at) VALUES (1859, 10, 224, 6, 2, '2024-01-01 00:00:00', NULL);
INSERT INTO prediction (id, user_id, game_id, home_score, away_score, created_at, updated_at) VALUES (1860, 16, 224, 3, 1, '2024-01-01 00:00:00', NULL);
INSERT INTO prediction (id, user_id, game_id, home_score, away_score, created_at, updated_at) VALUES (1861, 11, 225, 4, 1, '2024-01-01 00:00:00', NULL);
INSERT INTO prediction (id, user_id, game_id, home_score, away_score, created_at, updated_at) VALUES (1862, 7, 225, 4, 3, '2024-01-01 00:00:00', NULL);
INSERT INTO prediction (id, user_id, game_id, home_score, away_score, created_at, updated_at) VALUES (1863, 14, 225, 4, 2, '2024-01-01 00:00:00', NULL);
INSERT INTO prediction (id, user_id, game_id, home_score, away_score, created_at, updated_at) VALUES (1864, 8, 225, 5, 1, '2024-01-01 00:00:00', NULL);
INSERT INTO prediction (id, user_id, game_id, home_score, away_score, created_at, updated_at) VALUES (1865, 17, 225, 9, 1, '2024-01-01 00:00:00', NULL);
INSERT INTO prediction (id, user_id, game_id, home_score, away_score, created_at, updated_at) VALUES (1866, 12, 225, 4, 2, '2024-01-01 00:00:00', NULL);
INSERT INTO prediction (id, user_id, game_id, home_score, away_score, created_at, updated_at) VALUES (1867, 13, 225, 5, 2, '2024-01-01 00:00:00', NULL);
INSERT INTO prediction (id, user_id, game_id, home_score, away_score, created_at, updated_at) VALUES (1868, 15, 225, 6, 0, '2024-01-01 00:00:00', NULL);
INSERT INTO prediction (id, user_id, game_id, home_score, away_score, created_at, updated_at) VALUES (1869, 6, 225, 4, 1, '2024-01-01 00:00:00', NULL);
INSERT INTO prediction (id, user_id, game_id, home_score, away_score, created_at, updated_at) VALUES (1870, 10, 225, 2, 4, '2024-01-01 00:00:00', NULL);
INSERT INTO prediction (id, user_id, game_id, home_score, away_score, created_at, updated_at) VALUES (1871, 16, 225, 4, 1, '2024-01-01 00:00:00', NULL);
INSERT INTO prediction (id, user_id, game_id, home_score, away_score, created_at, updated_at) VALUES (1872, 11, 226, 3, 2, '2024-01-01 00:00:00', NULL);
INSERT INTO prediction (id, user_id, game_id, home_score, away_score, created_at, updated_at) VALUES (1873, 7, 226, 3, 2, '2024-01-01 00:00:00', NULL);
INSERT INTO prediction (id, user_id, game_id, home_score, away_score, created_at, updated_at) VALUES (1874, 14, 226, 3, 5, '2024-01-01 00:00:00', NULL);
INSERT INTO prediction (id, user_id, game_id, home_score, away_score, created_at, updated_at) VALUES (1875, 8, 226, 4, 2, '2024-01-01 00:00:00', NULL);
INSERT INTO prediction (id, user_id, game_id, home_score, away_score, created_at, updated_at) VALUES (1876, 17, 226, 2, 4, '2024-01-01 00:00:00', NULL);
INSERT INTO prediction (id, user_id, game_id, home_score, away_score, created_at, updated_at) VALUES (1877, 12, 226, 3, 4, '2024-01-01 00:00:00', NULL);
INSERT INTO prediction (id, user_id, game_id, home_score, away_score, created_at, updated_at) VALUES (1878, 13, 226, 3, 2, '2024-01-01 00:00:00', NULL);
INSERT INTO prediction (id, user_id, game_id, home_score, away_score, created_at, updated_at) VALUES (1879, 15, 226, 4, 2, '2024-01-01 00:00:00', NULL);
INSERT INTO prediction (id, user_id, game_id, home_score, away_score, created_at, updated_at) VALUES (1880, 6, 226, 2, 4, '2024-01-01 00:00:00', NULL);
INSERT INTO prediction (id, user_id, game_id, home_score, away_score, created_at, updated_at) VALUES (1881, 10, 226, 1, 3, '2024-01-01 00:00:00', NULL);
INSERT INTO prediction (id, user_id, game_id, home_score, away_score, created_at, updated_at) VALUES (1882, 16, 226, 3, 2, '2024-01-01 00:00:00', NULL);
INSERT INTO prediction (id, user_id, game_id, home_score, away_score, created_at, updated_at) VALUES (1883, 11, 227, 4, 3, '2024-01-01 00:00:00', NULL);
INSERT INTO prediction (id, user_id, game_id, home_score, away_score, created_at, updated_at) VALUES (1884, 7, 227, 4, 3, '2024-01-01 00:00:00', NULL);
INSERT INTO prediction (id, user_id, game_id, home_score, away_score, created_at, updated_at) VALUES (1885, 14, 227, 4, 3, '2024-01-01 00:00:00', NULL);
INSERT INTO prediction (id, user_id, game_id, home_score, away_score, created_at, updated_at) VALUES (1886, 8, 227, 2, 4, '2024-01-01 00:00:00', NULL);
INSERT INTO prediction (id, user_id, game_id, home_score, away_score, created_at, updated_at) VALUES (1887, 17, 227, 4, 2, '2024-01-01 00:00:00', NULL);
INSERT INTO prediction (id, user_id, game_id, home_score, away_score, created_at, updated_at) VALUES (1888, 12, 227, 3, 2, '2024-01-01 00:00:00', NULL);
INSERT INTO prediction (id, user_id, game_id, home_score, away_score, created_at, updated_at) VALUES (1889, 13, 227, 3, 5, '2024-01-01 00:00:00', NULL);
INSERT INTO prediction (id, user_id, game_id, home_score, away_score, created_at, updated_at) VALUES (1890, 15, 227, 3, 1, '2024-01-01 00:00:00', NULL);
INSERT INTO prediction (id, user_id, game_id, home_score, away_score, created_at, updated_at) VALUES (1891, 6, 227, 1, 2, '2024-01-01 00:00:00', NULL);
INSERT INTO prediction (id, user_id, game_id, home_score, away_score, created_at, updated_at) VALUES (1892, 10, 227, 4, 2, '2024-01-01 00:00:00', NULL);
INSERT INTO prediction (id, user_id, game_id, home_score, away_score, created_at, updated_at) VALUES (1893, 16, 227, 4, 3, '2024-01-01 00:00:00', NULL);
INSERT INTO prediction (id, user_id, game_id, home_score, away_score, created_at, updated_at) VALUES (1894, 11, 228, 3, 1, '2024-01-01 00:00:00', NULL);
INSERT INTO prediction (id, user_id, game_id, home_score, away_score, created_at, updated_at) VALUES (1895, 7, 228, 4, 3, '2024-01-01 00:00:00', NULL);
INSERT INTO prediction (id, user_id, game_id, home_score, away_score, created_at, updated_at) VALUES (1896, 14, 228, 3, 2, '2024-01-01 00:00:00', NULL);
INSERT INTO prediction (id, user_id, game_id, home_score, away_score, created_at, updated_at) VALUES (1897, 8, 228, 3, 1, '2024-01-01 00:00:00', NULL);
INSERT INTO prediction (id, user_id, game_id, home_score, away_score, created_at, updated_at) VALUES (1898, 17, 228, 4, 2, '2024-01-01 00:00:00', NULL);
INSERT INTO prediction (id, user_id, game_id, home_score, away_score, created_at, updated_at) VALUES (1899, 12, 228, 4, 2, '2024-01-01 00:00:00', NULL);
INSERT INTO prediction (id, user_id, game_id, home_score, away_score, created_at, updated_at) VALUES (1900, 13, 228, 4, 2, '2024-01-01 00:00:00', NULL);
INSERT INTO prediction (id, user_id, game_id, home_score, away_score, created_at, updated_at) VALUES (1901, 15, 228, 3, 2, '2024-01-01 00:00:00', NULL);
INSERT INTO prediction (id, user_id, game_id, home_score, away_score, created_at, updated_at) VALUES (1902, 6, 228, 3, 1, '2024-01-01 00:00:00', NULL);
INSERT INTO prediction (id, user_id, game_id, home_score, away_score, created_at, updated_at) VALUES (1903, 10, 228, 4, 3, '2024-01-01 00:00:00', NULL);
INSERT INTO prediction (id, user_id, game_id, home_score, away_score, created_at, updated_at) VALUES (1904, 16, 228, 2, 1, '2024-01-01 00:00:00', NULL);
INSERT INTO prediction (id, user_id, game_id, home_score, away_score, created_at, updated_at) VALUES (1905, 11, 229, 4, 1, '2024-01-01 00:00:00', NULL);
INSERT INTO prediction (id, user_id, game_id, home_score, away_score, created_at, updated_at) VALUES (1906, 7, 229, 5, 2, '2024-01-01 00:00:00', NULL);
INSERT INTO prediction (id, user_id, game_id, home_score, away_score, created_at, updated_at) VALUES (1907, 14, 229, 6, 0, '2024-01-01 00:00:00', NULL);
INSERT INTO prediction (id, user_id, game_id, home_score, away_score, created_at, updated_at) VALUES (1908, 8, 229, 6, 1, '2024-01-01 00:00:00', NULL);
INSERT INTO prediction (id, user_id, game_id, home_score, away_score, created_at, updated_at) VALUES (1909, 17, 229, 5, 2, '2024-01-01 00:00:00', NULL);
INSERT INTO prediction (id, user_id, game_id, home_score, away_score, created_at, updated_at) VALUES (1910, 12, 229, 4, 1, '2024-01-01 00:00:00', NULL);
INSERT INTO prediction (id, user_id, game_id, home_score, away_score, created_at, updated_at) VALUES (1911, 13, 229, 4, 1, '2024-01-01 00:00:00', NULL);
INSERT INTO prediction (id, user_id, game_id, home_score, away_score, created_at, updated_at) VALUES (1912, 15, 229, 6, 2, '2024-01-01 00:00:00', NULL);
INSERT INTO prediction (id, user_id, game_id, home_score, away_score, created_at, updated_at) VALUES (1913, 6, 229, 4, 1, '2024-01-01 00:00:00', NULL);
INSERT INTO prediction (id, user_id, game_id, home_score, away_score, created_at, updated_at) VALUES (1914, 10, 229, 4, 2, '2024-01-01 00:00:00', NULL);
INSERT INTO prediction (id, user_id, game_id, home_score, away_score, created_at, updated_at) VALUES (1915, 16, 229, 4, 1, '2024-01-01 00:00:00', NULL);
INSERT INTO prediction (id, user_id, game_id, home_score, away_score, created_at, updated_at) VALUES (1916, 11, 230, 2, 3, '2024-01-01 00:00:00', NULL);
INSERT INTO prediction (id, user_id, game_id, home_score, away_score, created_at, updated_at) VALUES (1917, 7, 230, 1, 6, '2024-01-01 00:00:00', NULL);
INSERT INTO prediction (id, user_id, game_id, home_score, away_score, created_at, updated_at) VALUES (1918, 14, 230, 3, 4, '2024-01-01 00:00:00', NULL);
INSERT INTO prediction (id, user_id, game_id, home_score, away_score, created_at, updated_at) VALUES (1919, 8, 230, 1, 4, '2024-01-01 00:00:00', NULL);
INSERT INTO prediction (id, user_id, game_id, home_score, away_score, created_at, updated_at) VALUES (1920, 17, 230, 2, 4, '2024-01-01 00:00:00', NULL);
INSERT INTO prediction (id, user_id, game_id, home_score, away_score, created_at, updated_at) VALUES (1921, 12, 230, 2, 4, '2024-01-01 00:00:00', NULL);
INSERT INTO prediction (id, user_id, game_id, home_score, away_score, created_at, updated_at) VALUES (1922, 13, 230, 1, 4, '2024-01-01 00:00:00', NULL);
INSERT INTO prediction (id, user_id, game_id, home_score, away_score, created_at, updated_at) VALUES (1923, 15, 230, 1, 4, '2024-01-01 00:00:00', NULL);
INSERT INTO prediction (id, user_id, game_id, home_score, away_score, created_at, updated_at) VALUES (1924, 6, 230, 1, 3, '2024-01-01 00:00:00', NULL);
INSERT INTO prediction (id, user_id, game_id, home_score, away_score, created_at, updated_at) VALUES (1925, 10, 230, 3, 5, '2024-01-01 00:00:00', NULL);
INSERT INTO prediction (id, user_id, game_id, home_score, away_score, created_at, updated_at) VALUES (1926, 16, 230, 2, 4, '2024-01-01 00:00:00', NULL);
INSERT INTO prediction (id, user_id, game_id, home_score, away_score, created_at, updated_at) VALUES (1927, 11, 231, 2, 4, '2024-01-01 00:00:00', NULL);
INSERT INTO prediction (id, user_id, game_id, home_score, away_score, created_at, updated_at) VALUES (1928, 7, 231, 1, 4, '2024-01-01 00:00:00', NULL);
INSERT INTO prediction (id, user_id, game_id, home_score, away_score, created_at, updated_at) VALUES (1929, 14, 231, 4, 2, '2024-01-01 00:00:00', NULL);
INSERT INTO prediction (id, user_id, game_id, home_score, away_score, created_at, updated_at) VALUES (1930, 8, 231, 3, 2, '2024-01-01 00:00:00', NULL);
INSERT INTO prediction (id, user_id, game_id, home_score, away_score, created_at, updated_at) VALUES (1931, 17, 231, 3, 6, '2024-01-01 00:00:00', NULL);
INSERT INTO prediction (id, user_id, game_id, home_score, away_score, created_at, updated_at) VALUES (1932, 12, 231, 3, 5, '2024-01-01 00:00:00', NULL);
INSERT INTO prediction (id, user_id, game_id, home_score, away_score, created_at, updated_at) VALUES (1933, 13, 231, 3, 2, '2024-01-01 00:00:00', NULL);
INSERT INTO prediction (id, user_id, game_id, home_score, away_score, created_at, updated_at) VALUES (1934, 15, 231, 2, 5, '2024-01-01 00:00:00', NULL);
INSERT INTO prediction (id, user_id, game_id, home_score, away_score, created_at, updated_at) VALUES (1935, 6, 231, 1, 3, '2024-01-01 00:00:00', NULL);
INSERT INTO prediction (id, user_id, game_id, home_score, away_score, created_at, updated_at) VALUES (1936, 10, 231, 2, 4, '2024-01-01 00:00:00', NULL);
INSERT INTO prediction (id, user_id, game_id, home_score, away_score, created_at, updated_at) VALUES (1937, 16, 231, 3, 2, '2024-01-01 00:00:00', NULL);
INSERT INTO prediction (id, user_id, game_id, home_score, away_score, created_at, updated_at) VALUES (1938, 11, 232, 1, 4, '2024-01-01 00:00:00', NULL);
INSERT INTO prediction (id, user_id, game_id, home_score, away_score, created_at, updated_at) VALUES (1939, 7, 232, 2, 4, '2024-01-01 00:00:00', NULL);
INSERT INTO prediction (id, user_id, game_id, home_score, away_score, created_at, updated_at) VALUES (1940, 14, 232, 3, 5, '2024-01-01 00:00:00', NULL);
INSERT INTO prediction (id, user_id, game_id, home_score, away_score, created_at, updated_at) VALUES (1941, 8, 232, 2, 5, '2024-01-01 00:00:00', NULL);
INSERT INTO prediction (id, user_id, game_id, home_score, away_score, created_at, updated_at) VALUES (1942, 17, 232, 2, 5, '2024-01-01 00:00:00', NULL);
INSERT INTO prediction (id, user_id, game_id, home_score, away_score, created_at, updated_at) VALUES (1943, 12, 232, 2, 3, '2024-01-01 00:00:00', NULL);
INSERT INTO prediction (id, user_id, game_id, home_score, away_score, created_at, updated_at) VALUES (1944, 13, 232, 1, 6, '2024-01-01 00:00:00', NULL);
INSERT INTO prediction (id, user_id, game_id, home_score, away_score, created_at, updated_at) VALUES (1945, 15, 232, 0, 3, '2024-01-01 00:00:00', NULL);
INSERT INTO prediction (id, user_id, game_id, home_score, away_score, created_at, updated_at) VALUES (1946, 6, 232, 2, 5, '2024-01-01 00:00:00', NULL);
INSERT INTO prediction (id, user_id, game_id, home_score, away_score, created_at, updated_at) VALUES (1947, 10, 232, 1, 3, '2024-01-01 00:00:00', NULL);
INSERT INTO prediction (id, user_id, game_id, home_score, away_score, created_at, updated_at) VALUES (1948, 16, 232, 1, 3, '2024-01-01 00:00:00', NULL);
INSERT INTO prediction (id, user_id, game_id, home_score, away_score, created_at, updated_at) VALUES (1949, 11, 233, 3, 2, '2024-01-01 00:00:00', NULL);
INSERT INTO prediction (id, user_id, game_id, home_score, away_score, created_at, updated_at) VALUES (1950, 7, 233, 3, 4, '2024-01-01 00:00:00', NULL);
INSERT INTO prediction (id, user_id, game_id, home_score, away_score, created_at, updated_at) VALUES (1951, 14, 233, 4, 3, '2024-01-01 00:00:00', NULL);
INSERT INTO prediction (id, user_id, game_id, home_score, away_score, created_at, updated_at) VALUES (1952, 8, 233, 2, 4, '2024-01-01 00:00:00', NULL);
INSERT INTO prediction (id, user_id, game_id, home_score, away_score, created_at, updated_at) VALUES (1953, 17, 233, 4, 2, '2024-01-01 00:00:00', NULL);
INSERT INTO prediction (id, user_id, game_id, home_score, away_score, created_at, updated_at) VALUES (1954, 12, 233, 4, 1, '2024-01-01 00:00:00', NULL);
INSERT INTO prediction (id, user_id, game_id, home_score, away_score, created_at, updated_at) VALUES (1955, 13, 233, 3, 1, '2024-01-01 00:00:00', NULL);
INSERT INTO prediction (id, user_id, game_id, home_score, away_score, created_at, updated_at) VALUES (1956, 15, 233, 4, 2, '2024-01-01 00:00:00', NULL);
INSERT INTO prediction (id, user_id, game_id, home_score, away_score, created_at, updated_at) VALUES (1957, 6, 233, 3, 1, '2024-01-01 00:00:00', NULL);
INSERT INTO prediction (id, user_id, game_id, home_score, away_score, created_at, updated_at) VALUES (1958, 10, 233, 3, 1, '2024-01-01 00:00:00', NULL);
INSERT INTO prediction (id, user_id, game_id, home_score, away_score, created_at, updated_at) VALUES (1959, 16, 233, 3, 1, '2024-01-01 00:00:00', NULL);
INSERT INTO prediction (id, user_id, game_id, home_score, away_score, created_at, updated_at) VALUES (1960, 11, 234, 1, 3, '2024-01-01 00:00:00', NULL);
INSERT INTO prediction (id, user_id, game_id, home_score, away_score, created_at, updated_at) VALUES (1961, 7, 234, 1, 3, '2024-01-01 00:00:00', NULL);
INSERT INTO prediction (id, user_id, game_id, home_score, away_score, created_at, updated_at) VALUES (1962, 14, 234, 3, 2, '2024-01-01 00:00:00', NULL);
INSERT INTO prediction (id, user_id, game_id, home_score, away_score, created_at, updated_at) VALUES (1963, 8, 234, 3, 1, '2024-01-01 00:00:00', NULL);
INSERT INTO prediction (id, user_id, game_id, home_score, away_score, created_at, updated_at) VALUES (1964, 17, 234, 2, 4, '2024-01-01 00:00:00', NULL);
INSERT INTO prediction (id, user_id, game_id, home_score, away_score, created_at, updated_at) VALUES (1965, 12, 234, 2, 3, '2024-01-01 00:00:00', NULL);
INSERT INTO prediction (id, user_id, game_id, home_score, away_score, created_at, updated_at) VALUES (1966, 13, 234, 2, 4, '2024-01-01 00:00:00', NULL);
INSERT INTO prediction (id, user_id, game_id, home_score, away_score, created_at, updated_at) VALUES (1967, 15, 234, 1, 3, '2024-01-01 00:00:00', NULL);
INSERT INTO prediction (id, user_id, game_id, home_score, away_score, created_at, updated_at) VALUES (1968, 6, 234, 1, 3, '2024-01-01 00:00:00', NULL);
INSERT INTO prediction (id, user_id, game_id, home_score, away_score, created_at, updated_at) VALUES (1969, 10, 234, 3, 4, '2024-01-01 00:00:00', NULL);
INSERT INTO prediction (id, user_id, game_id, home_score, away_score, created_at, updated_at) VALUES (1970, 16, 234, 2, 1, '2024-01-01 00:00:00', NULL);
INSERT INTO prediction (id, user_id, game_id, home_score, away_score, created_at, updated_at) VALUES (1971, 11, 235, 1, 4, '2024-01-01 00:00:00', NULL);
INSERT INTO prediction (id, user_id, game_id, home_score, away_score, created_at, updated_at) VALUES (1972, 7, 235, 2, 5, '2024-01-01 00:00:00', NULL);
INSERT INTO prediction (id, user_id, game_id, home_score, away_score, created_at, updated_at) VALUES (1973, 14, 235, 2, 4, '2024-01-01 00:00:00', NULL);
INSERT INTO prediction (id, user_id, game_id, home_score, away_score, created_at, updated_at) VALUES (1974, 8, 235, 1, 4, '2024-01-01 00:00:00', NULL);
INSERT INTO prediction (id, user_id, game_id, home_score, away_score, created_at, updated_at) VALUES (1975, 17, 235, 2, 5, '2024-01-01 00:00:00', NULL);
INSERT INTO prediction (id, user_id, game_id, home_score, away_score, created_at, updated_at) VALUES (1976, 12, 235, 2, 4, '2024-01-01 00:00:00', NULL);
INSERT INTO prediction (id, user_id, game_id, home_score, away_score, created_at, updated_at) VALUES (1977, 13, 235, 2, 3, '2024-01-01 00:00:00', NULL);
INSERT INTO prediction (id, user_id, game_id, home_score, away_score, created_at, updated_at) VALUES (1978, 15, 235, 1, 4, '2024-01-01 00:00:00', NULL);
INSERT INTO prediction (id, user_id, game_id, home_score, away_score, created_at, updated_at) VALUES (1979, 6, 235, 1, 4, '2024-01-01 00:00:00', NULL);
INSERT INTO prediction (id, user_id, game_id, home_score, away_score, created_at, updated_at) VALUES (1980, 10, 235, 1, 5, '2024-01-01 00:00:00', NULL);
INSERT INTO prediction (id, user_id, game_id, home_score, away_score, created_at, updated_at) VALUES (1981, 16, 235, 2, 4, '2024-01-01 00:00:00', NULL);
INSERT INTO prediction (id, user_id, game_id, home_score, away_score, created_at, updated_at) VALUES (1982, 11, 236, 0, 6, '2024-01-01 00:00:00', NULL);
INSERT INTO prediction (id, user_id, game_id, home_score, away_score, created_at, updated_at) VALUES (1983, 7, 236, 1, 7, '2024-01-01 00:00:00', NULL);
INSERT INTO prediction (id, user_id, game_id, home_score, away_score, created_at, updated_at) VALUES (1984, 14, 236, 1, 6, '2024-01-01 00:00:00', NULL);
INSERT INTO prediction (id, user_id, game_id, home_score, away_score, created_at, updated_at) VALUES (1985, 8, 236, 1, 5, '2024-01-01 00:00:00', NULL);
INSERT INTO prediction (id, user_id, game_id, home_score, away_score, created_at, updated_at) VALUES (1986, 17, 236, 2, 5, '2024-01-01 00:00:00', NULL);
INSERT INTO prediction (id, user_id, game_id, home_score, away_score, created_at, updated_at) VALUES (1987, 12, 236, 1, 6, '2024-01-01 00:00:00', NULL);
INSERT INTO prediction (id, user_id, game_id, home_score, away_score, created_at, updated_at) VALUES (1988, 13, 236, 1, 6, '2024-01-01 00:00:00', NULL);
INSERT INTO prediction (id, user_id, game_id, home_score, away_score, created_at, updated_at) VALUES (1989, 15, 236, 0, 5, '2024-01-01 00:00:00', NULL);
INSERT INTO prediction (id, user_id, game_id, home_score, away_score, created_at, updated_at) VALUES (1990, 6, 236, 0, 7, '2024-01-01 00:00:00', NULL);
INSERT INTO prediction (id, user_id, game_id, home_score, away_score, created_at, updated_at) VALUES (1991, 10, 236, 1, 4, '2024-01-01 00:00:00', NULL);
INSERT INTO prediction (id, user_id, game_id, home_score, away_score, created_at, updated_at) VALUES (1992, 16, 236, 1, 4, '2024-01-01 00:00:00', NULL);
INSERT INTO prediction (id, user_id, game_id, home_score, away_score, created_at, updated_at) VALUES (1993, 11, 237, 4, 3, '2024-01-01 00:00:00', NULL);
INSERT INTO prediction (id, user_id, game_id, home_score, away_score, created_at, updated_at) VALUES (1994, 7, 237, 3, 4, '2024-01-01 00:00:00', NULL);
INSERT INTO prediction (id, user_id, game_id, home_score, away_score, created_at, updated_at) VALUES (1995, 14, 237, 3, 2, '2024-01-01 00:00:00', NULL);
INSERT INTO prediction (id, user_id, game_id, home_score, away_score, created_at, updated_at) VALUES (1996, 8, 237, 4, 1, '2024-01-01 00:00:00', NULL);
INSERT INTO prediction (id, user_id, game_id, home_score, away_score, created_at, updated_at) VALUES (1997, 17, 237, 4, 2, '2024-01-01 00:00:00', NULL);
INSERT INTO prediction (id, user_id, game_id, home_score, away_score, created_at, updated_at) VALUES (1998, 12, 237, 4, 3, '2024-01-01 00:00:00', NULL);
INSERT INTO prediction (id, user_id, game_id, home_score, away_score, created_at, updated_at) VALUES (1999, 13, 237, 4, 2, '2024-01-01 00:00:00', NULL);
INSERT INTO prediction (id, user_id, game_id, home_score, away_score, created_at, updated_at) VALUES (2000, 15, 237, 4, 2, '2024-01-01 00:00:00', NULL);
INSERT INTO prediction (id, user_id, game_id, home_score, away_score, created_at, updated_at) VALUES (2001, 6, 237, 5, 2, '2024-01-01 00:00:00', NULL);
INSERT INTO prediction (id, user_id, game_id, home_score, away_score, created_at, updated_at) VALUES (2002, 10, 237, 2, 3, '2024-01-01 00:00:00', NULL);
INSERT INTO prediction (id, user_id, game_id, home_score, away_score, created_at, updated_at) VALUES (2003, 16, 237, 2, 4, '2024-01-01 00:00:00', NULL);
INSERT INTO prediction (id, user_id, game_id, home_score, away_score, created_at, updated_at) VALUES (2004, 11, 238, 4, 2, '2024-01-01 00:00:00', NULL);
INSERT INTO prediction (id, user_id, game_id, home_score, away_score, created_at, updated_at) VALUES (2005, 7, 238, 3, 1, '2024-01-01 00:00:00', NULL);
INSERT INTO prediction (id, user_id, game_id, home_score, away_score, created_at, updated_at) VALUES (2006, 14, 238, 4, 3, '2024-01-01 00:00:00', NULL);
INSERT INTO prediction (id, user_id, game_id, home_score, away_score, created_at, updated_at) VALUES (2007, 8, 238, 1, 2, '2024-01-01 00:00:00', NULL);
INSERT INTO prediction (id, user_id, game_id, home_score, away_score, created_at, updated_at) VALUES (2008, 17, 238, 4, 2, '2024-01-01 00:00:00', NULL);
INSERT INTO prediction (id, user_id, game_id, home_score, away_score, created_at, updated_at) VALUES (2009, 12, 238, 2, 1, '2024-01-01 00:00:00', NULL);
INSERT INTO prediction (id, user_id, game_id, home_score, away_score, created_at, updated_at) VALUES (2010, 13, 238, 5, 1, '2024-01-01 00:00:00', NULL);
INSERT INTO prediction (id, user_id, game_id, home_score, away_score, created_at, updated_at) VALUES (2011, 15, 238, 3, 1, '2024-01-01 00:00:00', NULL);
INSERT INTO prediction (id, user_id, game_id, home_score, away_score, created_at, updated_at) VALUES (2012, 6, 238, 3, 1, '2024-01-01 00:00:00', NULL);
INSERT INTO prediction (id, user_id, game_id, home_score, away_score, created_at, updated_at) VALUES (2013, 10, 238, 4, 3, '2024-01-01 00:00:00', NULL);
INSERT INTO prediction (id, user_id, game_id, home_score, away_score, created_at, updated_at) VALUES (2014, 16, 238, 3, 1, '2024-01-01 00:00:00', NULL);
INSERT INTO prediction (id, user_id, game_id, home_score, away_score, created_at, updated_at) VALUES (2015, 11, 239, 3, 1, '2024-01-01 00:00:00', NULL);
INSERT INTO prediction (id, user_id, game_id, home_score, away_score, created_at, updated_at) VALUES (2016, 7, 239, 4, 3, '2024-01-01 00:00:00', NULL);
INSERT INTO prediction (id, user_id, game_id, home_score, away_score, created_at, updated_at) VALUES (2017, 14, 239, 5, 2, '2024-01-01 00:00:00', NULL);
INSERT INTO prediction (id, user_id, game_id, home_score, away_score, created_at, updated_at) VALUES (2018, 8, 239, 3, 1, '2024-01-01 00:00:00', NULL);
INSERT INTO prediction (id, user_id, game_id, home_score, away_score, created_at, updated_at) VALUES (2019, 17, 239, 5, 2, '2024-01-01 00:00:00', NULL);
INSERT INTO prediction (id, user_id, game_id, home_score, away_score, created_at, updated_at) VALUES (2020, 12, 239, 5, 2, '2024-01-01 00:00:00', NULL);
INSERT INTO prediction (id, user_id, game_id, home_score, away_score, created_at, updated_at) VALUES (2021, 13, 239, 4, 2, '2024-01-01 00:00:00', NULL);
INSERT INTO prediction (id, user_id, game_id, home_score, away_score, created_at, updated_at) VALUES (2022, 15, 239, 4, 1, '2024-01-01 00:00:00', NULL);
INSERT INTO prediction (id, user_id, game_id, home_score, away_score, created_at, updated_at) VALUES (2023, 6, 239, 4, 1, '2024-01-01 00:00:00', NULL);
INSERT INTO prediction (id, user_id, game_id, home_score, away_score, created_at, updated_at) VALUES (2024, 10, 239, 4, 3, '2024-01-01 00:00:00', NULL);
INSERT INTO prediction (id, user_id, game_id, home_score, away_score, created_at, updated_at) VALUES (2025, 16, 239, 3, 2, '2024-01-01 00:00:00', NULL);
INSERT INTO prediction (id, user_id, game_id, home_score, away_score, created_at, updated_at) VALUES (2026, 11, 240, 4, 1, '2024-01-01 00:00:00', NULL);
INSERT INTO prediction (id, user_id, game_id, home_score, away_score, created_at, updated_at) VALUES (2027, 7, 240, 4, 3, '2024-01-01 00:00:00', NULL);
INSERT INTO prediction (id, user_id, game_id, home_score, away_score, created_at, updated_at) VALUES (2028, 14, 240, 4, 5, '2024-01-01 00:00:00', NULL);
INSERT INTO prediction (id, user_id, game_id, home_score, away_score, created_at, updated_at) VALUES (2029, 8, 240, 2, 4, '2024-01-01 00:00:00', NULL);
INSERT INTO prediction (id, user_id, game_id, home_score, away_score, created_at, updated_at) VALUES (2030, 17, 240, 5, 2, '2024-01-01 00:00:00', NULL);
INSERT INTO prediction (id, user_id, game_id, home_score, away_score, created_at, updated_at) VALUES (2031, 12, 240, 4, 3, '2024-01-01 00:00:00', NULL);
INSERT INTO prediction (id, user_id, game_id, home_score, away_score, created_at, updated_at) VALUES (2032, 13, 240, 3, 1, '2024-01-01 00:00:00', NULL);
INSERT INTO prediction (id, user_id, game_id, home_score, away_score, created_at, updated_at) VALUES (2033, 15, 240, 3, 2, '2024-01-01 00:00:00', NULL);
INSERT INTO prediction (id, user_id, game_id, home_score, away_score, created_at, updated_at) VALUES (2034, 6, 240, 4, 2, '2024-01-01 00:00:00', NULL);
INSERT INTO prediction (id, user_id, game_id, home_score, away_score, created_at, updated_at) VALUES (2035, 10, 240, 5, 3, '2024-01-01 00:00:00', NULL);
INSERT INTO prediction (id, user_id, game_id, home_score, away_score, created_at, updated_at) VALUES (2036, 16, 240, 1, 4, '2024-01-01 00:00:00', NULL);
INSERT INTO prediction (id, user_id, game_id, home_score, away_score, created_at, updated_at) VALUES (2037, 11, 241, 4, 3, '2024-01-01 00:00:00', NULL);
INSERT INTO prediction (id, user_id, game_id, home_score, away_score, created_at, updated_at) VALUES (2038, 7, 241, 4, 2, '2024-01-01 00:00:00', NULL);
INSERT INTO prediction (id, user_id, game_id, home_score, away_score, created_at, updated_at) VALUES (2039, 14, 241, 5, 3, '2024-01-01 00:00:00', NULL);
INSERT INTO prediction (id, user_id, game_id, home_score, away_score, created_at, updated_at) VALUES (2040, 8, 241, 3, 4, '2024-01-01 00:00:00', NULL);
INSERT INTO prediction (id, user_id, game_id, home_score, away_score, created_at, updated_at) VALUES (2041, 17, 241, 5, 2, '2024-01-01 00:00:00', NULL);
INSERT INTO prediction (id, user_id, game_id, home_score, away_score, created_at, updated_at) VALUES (2042, 12, 241, 3, 2, '2024-01-01 00:00:00', NULL);
INSERT INTO prediction (id, user_id, game_id, home_score, away_score, created_at, updated_at) VALUES (2043, 13, 241, 2, 4, '2024-01-01 00:00:00', NULL);
INSERT INTO prediction (id, user_id, game_id, home_score, away_score, created_at, updated_at) VALUES (2044, 15, 241, 4, 2, '2024-01-01 00:00:00', NULL);
INSERT INTO prediction (id, user_id, game_id, home_score, away_score, created_at, updated_at) VALUES (2045, 6, 241, 2, 3, '2024-01-01 00:00:00', NULL);
INSERT INTO prediction (id, user_id, game_id, home_score, away_score, created_at, updated_at) VALUES (2046, 10, 241, 3, 2, '2024-01-01 00:00:00', NULL);
INSERT INTO prediction (id, user_id, game_id, home_score, away_score, created_at, updated_at) VALUES (2047, 16, 241, 3, 2, '2024-01-01 00:00:00', NULL);
INSERT INTO prediction (id, user_id, game_id, home_score, away_score, created_at, updated_at) VALUES (2048, 11, 242, 1, 2, '2024-01-01 00:00:00', NULL);
INSERT INTO prediction (id, user_id, game_id, home_score, away_score, created_at, updated_at) VALUES (2049, 7, 242, 3, 4, '2024-01-01 00:00:00', NULL);
INSERT INTO prediction (id, user_id, game_id, home_score, away_score, created_at, updated_at) VALUES (2050, 14, 242, 2, 3, '2024-01-01 00:00:00', NULL);
INSERT INTO prediction (id, user_id, game_id, home_score, away_score, created_at, updated_at) VALUES (2051, 8, 242, 2, 3, '2024-01-01 00:00:00', NULL);
INSERT INTO prediction (id, user_id, game_id, home_score, away_score, created_at, updated_at) VALUES (2052, 17, 242, 2, 4, '2024-01-01 00:00:00', NULL);
INSERT INTO prediction (id, user_id, game_id, home_score, away_score, created_at, updated_at) VALUES (2053, 12, 242, 1, 3, '2024-01-01 00:00:00', NULL);
INSERT INTO prediction (id, user_id, game_id, home_score, away_score, created_at, updated_at) VALUES (2054, 13, 242, 2, 3, '2024-01-01 00:00:00', NULL);
INSERT INTO prediction (id, user_id, game_id, home_score, away_score, created_at, updated_at) VALUES (2055, 15, 242, 1, 4, '2024-01-01 00:00:00', NULL);
INSERT INTO prediction (id, user_id, game_id, home_score, away_score, created_at, updated_at) VALUES (2056, 6, 242, 2, 3, '2024-01-01 00:00:00', NULL);
INSERT INTO prediction (id, user_id, game_id, home_score, away_score, created_at, updated_at) VALUES (2057, 10, 242, 2, 4, '2024-01-01 00:00:00', NULL);
INSERT INTO prediction (id, user_id, game_id, home_score, away_score, created_at, updated_at) VALUES (2058, 16, 242, 2, 4, '2024-01-01 00:00:00', NULL);
INSERT INTO prediction (id, user_id, game_id, home_score, away_score, created_at, updated_at) VALUES (2059, 11, 243, 4, 1, '2024-01-01 00:00:00', NULL);
INSERT INTO prediction (id, user_id, game_id, home_score, away_score, created_at, updated_at) VALUES (2060, 7, 243, 5, 2, '2024-01-01 00:00:00', NULL);
INSERT INTO prediction (id, user_id, game_id, home_score, away_score, created_at, updated_at) VALUES (2061, 14, 243, 5, 1, '2024-01-01 00:00:00', NULL);
INSERT INTO prediction (id, user_id, game_id, home_score, away_score, created_at, updated_at) VALUES (2062, 8, 243, 7, 1, '2024-01-01 00:00:00', NULL);
INSERT INTO prediction (id, user_id, game_id, home_score, away_score, created_at, updated_at) VALUES (2063, 17, 243, 6, 1, '2024-01-01 00:00:00', NULL);
INSERT INTO prediction (id, user_id, game_id, home_score, away_score, created_at, updated_at) VALUES (2064, 12, 243, 9, 1, '2024-01-01 00:00:00', NULL);
INSERT INTO prediction (id, user_id, game_id, home_score, away_score, created_at, updated_at) VALUES (2065, 13, 243, 5, 1, '2024-01-01 00:00:00', NULL);
INSERT INTO prediction (id, user_id, game_id, home_score, away_score, created_at, updated_at) VALUES (2066, 15, 243, 5, 1, '2024-01-01 00:00:00', NULL);
INSERT INTO prediction (id, user_id, game_id, home_score, away_score, created_at, updated_at) VALUES (2067, 6, 243, 6, 0, '2024-01-01 00:00:00', NULL);
INSERT INTO prediction (id, user_id, game_id, home_score, away_score, created_at, updated_at) VALUES (2068, 10, 243, 5, 1, '2024-01-01 00:00:00', NULL);
INSERT INTO prediction (id, user_id, game_id, home_score, away_score, created_at, updated_at) VALUES (2069, 16, 243, 5, 1, '2024-01-01 00:00:00', NULL);
INSERT INTO prediction (id, user_id, game_id, home_score, away_score, created_at, updated_at) VALUES (2070, 11, 244, 1, 3, '2024-01-01 00:00:00', NULL);
INSERT INTO prediction (id, user_id, game_id, home_score, away_score, created_at, updated_at) VALUES (2071, 7, 244, 1, 2, '2024-01-01 00:00:00', NULL);
INSERT INTO prediction (id, user_id, game_id, home_score, away_score, created_at, updated_at) VALUES (2072, 14, 244, 3, 2, '2024-01-01 00:00:00', NULL);
INSERT INTO prediction (id, user_id, game_id, home_score, away_score, created_at, updated_at) VALUES (2073, 8, 244, 2, 3, '2024-01-01 00:00:00', NULL);
INSERT INTO prediction (id, user_id, game_id, home_score, away_score, created_at, updated_at) VALUES (2074, 17, 244, 3, 4, '2024-01-01 00:00:00', NULL);
INSERT INTO prediction (id, user_id, game_id, home_score, away_score, created_at, updated_at) VALUES (2075, 12, 244, 2, 1, '2024-01-01 00:00:00', NULL);
INSERT INTO prediction (id, user_id, game_id, home_score, away_score, created_at, updated_at) VALUES (2076, 13, 244, 2, 3, '2024-01-01 00:00:00', NULL);
INSERT INTO prediction (id, user_id, game_id, home_score, away_score, created_at, updated_at) VALUES (2077, 15, 244, 0, 3, '2024-01-01 00:00:00', NULL);
INSERT INTO prediction (id, user_id, game_id, home_score, away_score, created_at, updated_at) VALUES (2078, 6, 244, 1, 3, '2024-01-01 00:00:00', NULL);
INSERT INTO prediction (id, user_id, game_id, home_score, away_score, created_at, updated_at) VALUES (2079, 10, 244, 4, 3, '2024-01-01 00:00:00', NULL);
INSERT INTO prediction (id, user_id, game_id, home_score, away_score, created_at, updated_at) VALUES (2080, 16, 244, 2, 3, '2024-01-01 00:00:00', NULL);
INSERT INTO prediction (id, user_id, game_id, home_score, away_score, created_at, updated_at) VALUES (2081, 11, 245, 2, 3, '2024-01-01 00:00:00', NULL);
INSERT INTO prediction (id, user_id, game_id, home_score, away_score, created_at, updated_at) VALUES (2082, 7, 245, 3, 2, '2024-01-01 00:00:00', NULL);
INSERT INTO prediction (id, user_id, game_id, home_score, away_score, created_at, updated_at) VALUES (2083, 14, 245, 2, 4, '2024-01-01 00:00:00', NULL);
INSERT INTO prediction (id, user_id, game_id, home_score, away_score, created_at, updated_at) VALUES (2084, 8, 245, 2, 4, '2024-01-01 00:00:00', NULL);
INSERT INTO prediction (id, user_id, game_id, home_score, away_score, created_at, updated_at) VALUES (2085, 17, 245, 3, 4, '2024-01-01 00:00:00', NULL);
INSERT INTO prediction (id, user_id, game_id, home_score, away_score, created_at, updated_at) VALUES (2086, 12, 245, 2, 3, '2024-01-01 00:00:00', NULL);
INSERT INTO prediction (id, user_id, game_id, home_score, away_score, created_at, updated_at) VALUES (2087, 13, 245, 2, 4, '2024-01-01 00:00:00', NULL);
INSERT INTO prediction (id, user_id, game_id, home_score, away_score, created_at, updated_at) VALUES (2088, 15, 245, 2, 3, '2024-01-01 00:00:00', NULL);
INSERT INTO prediction (id, user_id, game_id, home_score, away_score, created_at, updated_at) VALUES (2089, 6, 245, 2, 3, '2024-01-01 00:00:00', NULL);
INSERT INTO prediction (id, user_id, game_id, home_score, away_score, created_at, updated_at) VALUES (2090, 10, 245, 4, 3, '2024-01-01 00:00:00', NULL);
INSERT INTO prediction (id, user_id, game_id, home_score, away_score, created_at, updated_at) VALUES (2091, 16, 245, 2, 3, '2024-01-01 00:00:00', NULL);
INSERT INTO prediction (id, user_id, game_id, home_score, away_score, created_at, updated_at) VALUES (2092, 11, 246, 1, 4, '2024-01-01 00:00:00', NULL);
INSERT INTO prediction (id, user_id, game_id, home_score, away_score, created_at, updated_at) VALUES (2093, 7, 246, 2, 5, '2024-01-01 00:00:00', NULL);
INSERT INTO prediction (id, user_id, game_id, home_score, away_score, created_at, updated_at) VALUES (2094, 14, 246, 1, 8, '2024-01-01 00:00:00', NULL);
INSERT INTO prediction (id, user_id, game_id, home_score, away_score, created_at, updated_at) VALUES (2095, 8, 246, 1, 7, '2024-01-01 00:00:00', NULL);
INSERT INTO prediction (id, user_id, game_id, home_score, away_score, created_at, updated_at) VALUES (2096, 17, 246, 1, 8, '2024-01-01 00:00:00', NULL);
INSERT INTO prediction (id, user_id, game_id, home_score, away_score, created_at, updated_at) VALUES (2097, 12, 246, 1, 9, '2024-01-01 00:00:00', NULL);
INSERT INTO prediction (id, user_id, game_id, home_score, away_score, created_at, updated_at) VALUES (2098, 13, 246, 1, 10, '2024-01-01 00:00:00', NULL);
INSERT INTO prediction (id, user_id, game_id, home_score, away_score, created_at, updated_at) VALUES (2099, 15, 246, 0, 6, '2024-01-01 00:00:00', NULL);
INSERT INTO prediction (id, user_id, game_id, home_score, away_score, created_at, updated_at) VALUES (2100, 6, 246, 1, 7, '2024-01-01 00:00:00', NULL);
INSERT INTO prediction (id, user_id, game_id, home_score, away_score, created_at, updated_at) VALUES (2101, 10, 246, 0, 6, '2024-01-01 00:00:00', NULL);
INSERT INTO prediction (id, user_id, game_id, home_score, away_score, created_at, updated_at) VALUES (2102, 16, 246, 1, 6, '2024-01-01 00:00:00', NULL);
INSERT INTO prediction (id, user_id, game_id, home_score, away_score, created_at, updated_at) VALUES (2103, 11, 247, 4, 1, '2024-01-01 00:00:00', NULL);
INSERT INTO prediction (id, user_id, game_id, home_score, away_score, created_at, updated_at) VALUES (2104, 7, 247, 4, 2, '2024-01-01 00:00:00', NULL);
INSERT INTO prediction (id, user_id, game_id, home_score, away_score, created_at, updated_at) VALUES (2105, 14, 247, 4, 2, '2024-01-01 00:00:00', NULL);
INSERT INTO prediction (id, user_id, game_id, home_score, away_score, created_at, updated_at) VALUES (2106, 8, 247, 4, 1, '2024-01-01 00:00:00', NULL);
INSERT INTO prediction (id, user_id, game_id, home_score, away_score, created_at, updated_at) VALUES (2107, 17, 247, 5, 2, '2024-01-01 00:00:00', NULL);
INSERT INTO prediction (id, user_id, game_id, home_score, away_score, created_at, updated_at) VALUES (2108, 12, 247, 4, 2, '2024-01-01 00:00:00', NULL);
INSERT INTO prediction (id, user_id, game_id, home_score, away_score, created_at, updated_at) VALUES (2109, 13, 247, 7, 2, '2024-01-01 00:00:00', NULL);
INSERT INTO prediction (id, user_id, game_id, home_score, away_score, created_at, updated_at) VALUES (2110, 15, 247, 4, 0, '2024-01-01 00:00:00', NULL);
INSERT INTO prediction (id, user_id, game_id, home_score, away_score, created_at, updated_at) VALUES (2111, 6, 247, 5, 0, '2024-01-01 00:00:00', NULL);
INSERT INTO prediction (id, user_id, game_id, home_score, away_score, created_at, updated_at) VALUES (2112, 10, 247, 1, 8, '2024-01-01 00:00:00', NULL);
INSERT INTO prediction (id, user_id, game_id, home_score, away_score, created_at, updated_at) VALUES (2113, 16, 247, 4, 2, '2024-01-01 00:00:00', NULL);
INSERT INTO prediction (id, user_id, game_id, home_score, away_score, created_at, updated_at) VALUES (2114, 11, 248, 3, 2, '2024-01-01 00:00:00', NULL);
INSERT INTO prediction (id, user_id, game_id, home_score, away_score, created_at, updated_at) VALUES (2115, 7, 248, 4, 3, '2024-01-01 00:00:00', NULL);
INSERT INTO prediction (id, user_id, game_id, home_score, away_score, created_at, updated_at) VALUES (2116, 14, 248, 2, 3, '2024-01-01 00:00:00', NULL);
INSERT INTO prediction (id, user_id, game_id, home_score, away_score, created_at, updated_at) VALUES (2117, 8, 248, 2, 3, '2024-01-01 00:00:00', NULL);
INSERT INTO prediction (id, user_id, game_id, home_score, away_score, created_at, updated_at) VALUES (2118, 17, 248, 2, 3, '2024-01-01 00:00:00', NULL);
INSERT INTO prediction (id, user_id, game_id, home_score, away_score, created_at, updated_at) VALUES (2119, 12, 248, 2, 4, '2024-01-01 00:00:00', NULL);
INSERT INTO prediction (id, user_id, game_id, home_score, away_score, created_at, updated_at) VALUES (2120, 13, 248, 3, 4, '2024-01-01 00:00:00', NULL);
INSERT INTO prediction (id, user_id, game_id, home_score, away_score, created_at, updated_at) VALUES (2121, 15, 248, 2, 3, '2024-01-01 00:00:00', NULL);
INSERT INTO prediction (id, user_id, game_id, home_score, away_score, created_at, updated_at) VALUES (2122, 6, 248, 1, 2, '2024-01-01 00:00:00', NULL);
INSERT INTO prediction (id, user_id, game_id, home_score, away_score, created_at, updated_at) VALUES (2123, 10, 248, 4, 3, '2024-01-01 00:00:00', NULL);
INSERT INTO prediction (id, user_id, game_id, home_score, away_score, created_at, updated_at) VALUES (2124, 16, 248, 3, 2, '2024-01-01 00:00:00', NULL);
INSERT INTO prediction (id, user_id, game_id, home_score, away_score, created_at, updated_at) VALUES (2125, 11, 249, 3, 1, '2024-01-01 00:00:00', NULL);
INSERT INTO prediction (id, user_id, game_id, home_score, away_score, created_at, updated_at) VALUES (2126, 7, 249, 4, 3, '2024-01-01 00:00:00', NULL);
INSERT INTO prediction (id, user_id, game_id, home_score, away_score, created_at, updated_at) VALUES (2127, 14, 249, 4, 2, '2024-01-01 00:00:00', NULL);
INSERT INTO prediction (id, user_id, game_id, home_score, away_score, created_at, updated_at) VALUES (2128, 8, 249, 2, 4, '2024-01-01 00:00:00', NULL);
INSERT INTO prediction (id, user_id, game_id, home_score, away_score, created_at, updated_at) VALUES (2129, 17, 249, 4, 2, '2024-01-01 00:00:00', NULL);
INSERT INTO prediction (id, user_id, game_id, home_score, away_score, created_at, updated_at) VALUES (2130, 12, 249, 4, 2, '2024-01-01 00:00:00', NULL);
INSERT INTO prediction (id, user_id, game_id, home_score, away_score, created_at, updated_at) VALUES (2131, 13, 249, 3, 2, '2024-01-01 00:00:00', NULL);
INSERT INTO prediction (id, user_id, game_id, home_score, away_score, created_at, updated_at) VALUES (2132, 15, 249, 4, 3, '2024-01-01 00:00:00', NULL);
INSERT INTO prediction (id, user_id, game_id, home_score, away_score, created_at, updated_at) VALUES (2133, 6, 249, 4, 2, '2024-01-01 00:00:00', NULL);
INSERT INTO prediction (id, user_id, game_id, home_score, away_score, created_at, updated_at) VALUES (2134, 10, 249, 2, 4, '2024-01-01 00:00:00', NULL);
INSERT INTO prediction (id, user_id, game_id, home_score, away_score, created_at, updated_at) VALUES (2135, 16, 249, 3, 4, '2024-01-01 00:00:00', NULL);
INSERT INTO prediction (id, user_id, game_id, home_score, away_score, created_at, updated_at) VALUES (2136, 11, 250, 4, 1, '2024-01-01 00:00:00', NULL);
INSERT INTO prediction (id, user_id, game_id, home_score, away_score, created_at, updated_at) VALUES (2137, 7, 250, 4, 2, '2024-01-01 00:00:00', NULL);
INSERT INTO prediction (id, user_id, game_id, home_score, away_score, created_at, updated_at) VALUES (2138, 14, 250, 5, 3, '2024-01-01 00:00:00', NULL);
INSERT INTO prediction (id, user_id, game_id, home_score, away_score, created_at, updated_at) VALUES (2139, 8, 250, 2, 3, '2024-01-01 00:00:00', NULL);
INSERT INTO prediction (id, user_id, game_id, home_score, away_score, created_at, updated_at) VALUES (2140, 17, 250, 5, 2, '2024-01-01 00:00:00', NULL);
INSERT INTO prediction (id, user_id, game_id, home_score, away_score, created_at, updated_at) VALUES (2141, 12, 250, 3, 2, '2024-01-01 00:00:00', NULL);
INSERT INTO prediction (id, user_id, game_id, home_score, away_score, created_at, updated_at) VALUES (2142, 13, 250, 4, 1, '2024-01-01 00:00:00', NULL);
INSERT INTO prediction (id, user_id, game_id, home_score, away_score, created_at, updated_at) VALUES (2143, 15, 250, 4, 2, '2024-01-01 00:00:00', NULL);
INSERT INTO prediction (id, user_id, game_id, home_score, away_score, created_at, updated_at) VALUES (2144, 6, 250, 4, 2, '2024-01-01 00:00:00', NULL);
INSERT INTO prediction (id, user_id, game_id, home_score, away_score, created_at, updated_at) VALUES (2145, 10, 250, 4, 3, '2024-01-01 00:00:00', NULL);
INSERT INTO prediction (id, user_id, game_id, home_score, away_score, created_at, updated_at) VALUES (2146, 16, 250, 4, 2, '2024-01-01 00:00:00', NULL);
INSERT INTO prediction (id, user_id, game_id, home_score, away_score, created_at, updated_at) VALUES (2147, 11, 251, 4, 3, '2024-01-01 00:00:00', NULL);
INSERT INTO prediction (id, user_id, game_id, home_score, away_score, created_at, updated_at) VALUES (2148, 7, 251, 4, 2, '2024-01-01 00:00:00', NULL);
INSERT INTO prediction (id, user_id, game_id, home_score, away_score, created_at, updated_at) VALUES (2149, 14, 251, 1, 2, '2024-01-01 00:00:00', NULL);
INSERT INTO prediction (id, user_id, game_id, home_score, away_score, created_at, updated_at) VALUES (2150, 8, 251, 3, 4, '2024-01-01 00:00:00', NULL);
INSERT INTO prediction (id, user_id, game_id, home_score, away_score, created_at, updated_at) VALUES (2151, 17, 251, 5, 3, '2024-01-01 00:00:00', NULL);
INSERT INTO prediction (id, user_id, game_id, home_score, away_score, created_at, updated_at) VALUES (2152, 12, 251, 3, 1, '2024-01-01 00:00:00', NULL);
INSERT INTO prediction (id, user_id, game_id, home_score, away_score, created_at, updated_at) VALUES (2153, 13, 251, 3, 1, '2024-01-01 00:00:00', NULL);
INSERT INTO prediction (id, user_id, game_id, home_score, away_score, created_at, updated_at) VALUES (2154, 15, 251, 5, 1, '2024-01-01 00:00:00', NULL);
INSERT INTO prediction (id, user_id, game_id, home_score, away_score, created_at, updated_at) VALUES (2155, 6, 251, 4, 2, '2024-01-01 00:00:00', NULL);
INSERT INTO prediction (id, user_id, game_id, home_score, away_score, created_at, updated_at) VALUES (2156, 10, 251, 5, 4, '2024-01-01 00:00:00', NULL);
INSERT INTO prediction (id, user_id, game_id, home_score, away_score, created_at, updated_at) VALUES (2157, 16, 251, 4, 2, '2024-01-01 00:00:00', NULL);
INSERT INTO prediction (id, user_id, game_id, home_score, away_score, created_at, updated_at) VALUES (2158, 11, 252, 1, 3, '2024-01-01 00:00:00', NULL);
INSERT INTO prediction (id, user_id, game_id, home_score, away_score, created_at, updated_at) VALUES (2159, 7, 252, 3, 2, '2024-01-01 00:00:00', NULL);
INSERT INTO prediction (id, user_id, game_id, home_score, away_score, created_at, updated_at) VALUES (2160, 14, 252, 2, 3, '2024-01-01 00:00:00', NULL);
INSERT INTO prediction (id, user_id, game_id, home_score, away_score, created_at, updated_at) VALUES (2161, 8, 252, 2, 4, '2024-01-01 00:00:00', NULL);
INSERT INTO prediction (id, user_id, game_id, home_score, away_score, created_at, updated_at) VALUES (2162, 17, 252, 3, 4, '2024-01-01 00:00:00', NULL);
INSERT INTO prediction (id, user_id, game_id, home_score, away_score, created_at, updated_at) VALUES (2163, 12, 252, 1, 3, '2024-01-01 00:00:00', NULL);
INSERT INTO prediction (id, user_id, game_id, home_score, away_score, created_at, updated_at) VALUES (2164, 13, 252, 3, 4, '2024-01-01 00:00:00', NULL);
INSERT INTO prediction (id, user_id, game_id, home_score, away_score, created_at, updated_at) VALUES (2165, 15, 252, 2, 3, '2024-01-01 00:00:00', NULL);
INSERT INTO prediction (id, user_id, game_id, home_score, away_score, created_at, updated_at) VALUES (2166, 6, 252, 2, 3, '2024-01-01 00:00:00', NULL);
INSERT INTO prediction (id, user_id, game_id, home_score, away_score, created_at, updated_at) VALUES (2167, 10, 252, 4, 3, '2024-01-01 00:00:00', NULL);
INSERT INTO prediction (id, user_id, game_id, home_score, away_score, created_at, updated_at) VALUES (2168, 16, 252, 2, 3, '2024-01-01 00:00:00', NULL);
INSERT INTO prediction (id, user_id, game_id, home_score, away_score, created_at, updated_at) VALUES (2169, 11, 253, 2, 3, '2024-01-01 00:00:00', NULL);
INSERT INTO prediction (id, user_id, game_id, home_score, away_score, created_at, updated_at) VALUES (2170, 7, 253, 4, 2, '2024-01-01 00:00:00', NULL);
INSERT INTO prediction (id, user_id, game_id, home_score, away_score, created_at, updated_at) VALUES (2171, 14, 253, 2, 3, '2024-01-01 00:00:00', NULL);
INSERT INTO prediction (id, user_id, game_id, home_score, away_score, created_at, updated_at) VALUES (2172, 8, 253, 2, 3, '2024-01-01 00:00:00', NULL);
INSERT INTO prediction (id, user_id, game_id, home_score, away_score, created_at, updated_at) VALUES (2173, 17, 253, 3, 4, '2024-01-01 00:00:00', NULL);
INSERT INTO prediction (id, user_id, game_id, home_score, away_score, created_at, updated_at) VALUES (2174, 12, 253, 4, 2, '2024-01-01 00:00:00', NULL);
INSERT INTO prediction (id, user_id, game_id, home_score, away_score, created_at, updated_at) VALUES (2175, 15, 253, 2, 4, '2024-01-01 00:00:00', NULL);
INSERT INTO prediction (id, user_id, game_id, home_score, away_score, created_at, updated_at) VALUES (2176, 6, 253, 4, 3, '2024-01-01 00:00:00', NULL);
INSERT INTO prediction (id, user_id, game_id, home_score, away_score, created_at, updated_at) VALUES (2177, 10, 253, 4, 3, '2024-01-01 00:00:00', NULL);
INSERT INTO prediction (id, user_id, game_id, home_score, away_score, created_at, updated_at) VALUES (2178, 16, 253, 4, 2, '2024-01-01 00:00:00', NULL);
INSERT INTO prediction (id, user_id, game_id, home_score, away_score, created_at, updated_at) VALUES (2179, 11, 254, 2, 1, '2024-01-01 00:00:00', NULL);
INSERT INTO prediction (id, user_id, game_id, home_score, away_score, created_at, updated_at) VALUES (2180, 7, 254, 3, 1, '2024-01-01 00:00:00', NULL);
INSERT INTO prediction (id, user_id, game_id, home_score, away_score, created_at, updated_at) VALUES (2181, 14, 254, 5, 3, '2024-01-01 00:00:00', NULL);
INSERT INTO prediction (id, user_id, game_id, home_score, away_score, created_at, updated_at) VALUES (2182, 8, 254, 1, 2, '2024-01-01 00:00:00', NULL);
INSERT INTO prediction (id, user_id, game_id, home_score, away_score, created_at, updated_at) VALUES (2183, 17, 254, 4, 3, '2024-01-01 00:00:00', NULL);
INSERT INTO prediction (id, user_id, game_id, home_score, away_score, created_at, updated_at) VALUES (2184, 12, 254, 2, 1, '2024-01-01 00:00:00', NULL);
INSERT INTO prediction (id, user_id, game_id, home_score, away_score, created_at, updated_at) VALUES (2185, 13, 254, 2, 1, '2024-01-01 00:00:00', NULL);
INSERT INTO prediction (id, user_id, game_id, home_score, away_score, created_at, updated_at) VALUES (2186, 15, 254, 2, 3, '2024-01-01 00:00:00', NULL);
INSERT INTO prediction (id, user_id, game_id, home_score, away_score, created_at, updated_at) VALUES (2187, 6, 254, 3, 2, '2024-01-01 00:00:00', NULL);
INSERT INTO prediction (id, user_id, game_id, home_score, away_score, created_at, updated_at) VALUES (2188, 10, 254, 1, 2, '2024-01-01 00:00:00', NULL);
INSERT INTO prediction (id, user_id, game_id, home_score, away_score, created_at, updated_at) VALUES (2189, 16, 254, 3, 1, '2024-01-01 00:00:00', NULL);
INSERT INTO prediction (id, user_id, game_id, home_score, away_score, created_at, updated_at) VALUES (2190, 11, 255, 3, 2, '2024-01-01 00:00:00', NULL);
INSERT INTO prediction (id, user_id, game_id, home_score, away_score, created_at, updated_at) VALUES (2191, 7, 255, 4, 2, '2024-01-01 00:00:00', NULL);
INSERT INTO prediction (id, user_id, game_id, home_score, away_score, created_at, updated_at) VALUES (2192, 14, 255, 3, 4, '2024-01-01 00:00:00', NULL);
INSERT INTO prediction (id, user_id, game_id, home_score, away_score, created_at, updated_at) VALUES (2193, 8, 255, 2, 4, '2024-01-01 00:00:00', NULL);
INSERT INTO prediction (id, user_id, game_id, home_score, away_score, created_at, updated_at) VALUES (2194, 17, 255, 4, 3, '2024-01-01 00:00:00', NULL);
INSERT INTO prediction (id, user_id, game_id, home_score, away_score, created_at, updated_at) VALUES (2195, 12, 255, 3, 2, '2024-01-01 00:00:00', NULL);
INSERT INTO prediction (id, user_id, game_id, home_score, away_score, created_at, updated_at) VALUES (2196, 13, 255, 4, 2, '2024-01-01 00:00:00', NULL);
INSERT INTO prediction (id, user_id, game_id, home_score, away_score, created_at, updated_at) VALUES (2197, 15, 255, 4, 2, '2024-01-01 00:00:00', NULL);
INSERT INTO prediction (id, user_id, game_id, home_score, away_score, created_at, updated_at) VALUES (2198, 6, 255, 4, 2, '2024-01-01 00:00:00', NULL);
INSERT INTO prediction (id, user_id, game_id, home_score, away_score, created_at, updated_at) VALUES (2199, 10, 255, 5, 3, '2024-01-01 00:00:00', NULL);
INSERT INTO prediction (id, user_id, game_id, home_score, away_score, created_at, updated_at) VALUES (2200, 16, 255, 3, 2, '2024-01-01 00:00:00', NULL);
INSERT INTO prediction (id, user_id, game_id, home_score, away_score, created_at, updated_at) VALUES (2201, 11, 256, 2, 3, '2024-01-01 00:00:00', NULL);
INSERT INTO prediction (id, user_id, game_id, home_score, away_score, created_at, updated_at) VALUES (2202, 7, 256, 2, 3, '2024-01-01 00:00:00', NULL);
INSERT INTO prediction (id, user_id, game_id, home_score, away_score, created_at, updated_at) VALUES (2203, 14, 256, 3, 2, '2024-01-01 00:00:00', NULL);
INSERT INTO prediction (id, user_id, game_id, home_score, away_score, created_at, updated_at) VALUES (2204, 8, 256, 1, 3, '2024-01-01 00:00:00', NULL);
INSERT INTO prediction (id, user_id, game_id, home_score, away_score, created_at, updated_at) VALUES (2205, 17, 256, 3, 2, '2024-01-01 00:00:00', NULL);
INSERT INTO prediction (id, user_id, game_id, home_score, away_score, created_at, updated_at) VALUES (2206, 12, 256, 2, 1, '2024-01-01 00:00:00', NULL);
INSERT INTO prediction (id, user_id, game_id, home_score, away_score, created_at, updated_at) VALUES (2207, 13, 256, 2, 1, '2024-01-01 00:00:00', NULL);
INSERT INTO prediction (id, user_id, game_id, home_score, away_score, created_at, updated_at) VALUES (2208, 15, 256, 2, 3, '2024-01-01 00:00:00', NULL);
INSERT INTO prediction (id, user_id, game_id, home_score, away_score, created_at, updated_at) VALUES (2209, 6, 256, 2, 3, '2024-01-01 00:00:00', NULL);
INSERT INTO prediction (id, user_id, game_id, home_score, away_score, created_at, updated_at) VALUES (2210, 10, 256, 3, 2, '2024-01-01 00:00:00', NULL);
INSERT INTO prediction (id, user_id, game_id, home_score, away_score, created_at, updated_at) VALUES (2211, 16, 256, 2, 4, '2024-01-01 00:00:00', NULL);
INSERT INTO special_bet_rule (id, tournament_id, name, value_type, scoring_type, points, sort_order, actual_team_value_id, actual_string_value, actual_int_value) VALUES (19, 4, 'Medaile - 1. místo', 'team', 'podium', 2.0, 0, 4, NULL, NULL);
INSERT INTO special_bet (id, user_id, rule_id, team_value_id, string_value, int_value) VALUES (160, 11, 19, 6, NULL, NULL);
INSERT INTO special_bet (id, user_id, rule_id, team_value_id, string_value, int_value) VALUES (161, 7, 19, 4, NULL, NULL);
INSERT INTO special_bet (id, user_id, rule_id, team_value_id, string_value, int_value) VALUES (162, 14, 19, 6, NULL, NULL);
INSERT INTO special_bet (id, user_id, rule_id, team_value_id, string_value, int_value) VALUES (163, 8, 19, 6, NULL, NULL);
INSERT INTO special_bet (id, user_id, rule_id, team_value_id, string_value, int_value) VALUES (164, 17, 19, 6, NULL, NULL);
INSERT INTO special_bet (id, user_id, rule_id, team_value_id, string_value, int_value) VALUES (165, 12, 19, 6, NULL, NULL);
INSERT INTO special_bet (id, user_id, rule_id, team_value_id, string_value, int_value) VALUES (166, 13, 19, 6, NULL, NULL);
INSERT INTO special_bet (id, user_id, rule_id, team_value_id, string_value, int_value) VALUES (167, 15, 19, 23, NULL, NULL);
INSERT INTO special_bet (id, user_id, rule_id, team_value_id, string_value, int_value) VALUES (168, 6, 19, 8, NULL, NULL);
INSERT INTO special_bet (id, user_id, rule_id, team_value_id, string_value, int_value) VALUES (169, 10, 19, 23, NULL, NULL);
INSERT INTO special_bet (id, user_id, rule_id, team_value_id, string_value, int_value) VALUES (170, 16, 19, 6, NULL, NULL);
INSERT INTO special_bet_rule (id, tournament_id, name, value_type, scoring_type, points, sort_order, actual_team_value_id, actual_string_value, actual_int_value) VALUES (20, 4, 'Medaile - 2. místo', 'team', 'podium', 2.0, 1, 8, NULL, NULL);
INSERT INTO special_bet (id, user_id, rule_id, team_value_id, string_value, int_value) VALUES (171, 11, 20, 23, NULL, NULL);
INSERT INTO special_bet (id, user_id, rule_id, team_value_id, string_value, int_value) VALUES (172, 7, 20, 8, NULL, NULL);
INSERT INTO special_bet (id, user_id, rule_id, team_value_id, string_value, int_value) VALUES (173, 14, 20, 4, NULL, NULL);
INSERT INTO special_bet (id, user_id, rule_id, team_value_id, string_value, int_value) VALUES (174, 8, 20, 19, NULL, NULL);
INSERT INTO special_bet (id, user_id, rule_id, team_value_id, string_value, int_value) VALUES (175, 17, 20, 19, NULL, NULL);
INSERT INTO special_bet (id, user_id, rule_id, team_value_id, string_value, int_value) VALUES (176, 12, 20, 24, NULL, NULL);
INSERT INTO special_bet (id, user_id, rule_id, team_value_id, string_value, int_value) VALUES (177, 13, 20, 23, NULL, NULL);
INSERT INTO special_bet (id, user_id, rule_id, team_value_id, string_value, int_value) VALUES (178, 15, 20, 6, NULL, NULL);
INSERT INTO special_bet (id, user_id, rule_id, team_value_id, string_value, int_value) VALUES (179, 6, 20, 6, NULL, NULL);
INSERT INTO special_bet (id, user_id, rule_id, team_value_id, string_value, int_value) VALUES (180, 10, 20, 4, NULL, NULL);
INSERT INTO special_bet (id, user_id, rule_id, team_value_id, string_value, int_value) VALUES (181, 16, 20, 23, NULL, NULL);
INSERT INTO special_bet_rule (id, tournament_id, name, value_type, scoring_type, points, sort_order, actual_team_value_id, actual_string_value, actual_int_value) VALUES (21, 4, 'Medaile - 3. místo', 'team', 'podium', 2.0, 2, 24, NULL, NULL);
INSERT INTO special_bet (id, user_id, rule_id, team_value_id, string_value, int_value) VALUES (182, 11, 21, 19, NULL, NULL);
INSERT INTO special_bet (id, user_id, rule_id, team_value_id, string_value, int_value) VALUES (183, 7, 21, 6, NULL, NULL);
INSERT INTO special_bet (id, user_id, rule_id, team_value_id, string_value, int_value) VALUES (184, 14, 21, 23, NULL, NULL);
INSERT INTO special_bet (id, user_id, rule_id, team_value_id, string_value, int_value) VALUES (185, 8, 21, 4, NULL, NULL);
INSERT INTO special_bet (id, user_id, rule_id, team_value_id, string_value, int_value) VALUES (186, 17, 21, 23, NULL, NULL);
INSERT INTO special_bet (id, user_id, rule_id, team_value_id, string_value, int_value) VALUES (187, 12, 21, 4, NULL, NULL);
INSERT INTO special_bet (id, user_id, rule_id, team_value_id, string_value, int_value) VALUES (188, 13, 21, 4, NULL, NULL);
INSERT INTO special_bet (id, user_id, rule_id, team_value_id, string_value, int_value) VALUES (189, 15, 21, 8, NULL, NULL);
INSERT INTO special_bet (id, user_id, rule_id, team_value_id, string_value, int_value) VALUES (190, 6, 21, 23, NULL, NULL);
INSERT INTO special_bet (id, user_id, rule_id, team_value_id, string_value, int_value) VALUES (191, 10, 21, 19, NULL, NULL);
INSERT INTO special_bet (id, user_id, rule_id, team_value_id, string_value, int_value) VALUES (192, 16, 21, 19, NULL, NULL);
INSERT INTO special_bet_rule (id, tournament_id, name, value_type, scoring_type, points, sort_order, actual_team_value_id, actual_string_value, actual_int_value) VALUES (22, 4, 'Nejlepší Čech #1', 'string', 'any_match', 2.0, 3, NULL, 'Červenka', NULL);
INSERT INTO special_bet (id, user_id, rule_id, team_value_id, string_value, int_value) VALUES (193, 11, 22, NULL, 'Kovář', NULL);
INSERT INTO special_bet (id, user_id, rule_id, team_value_id, string_value, int_value) VALUES (194, 7, 22, NULL, 'Vrána', NULL);
INSERT INTO special_bet (id, user_id, rule_id, team_value_id, string_value, int_value) VALUES (195, 14, 22, NULL, 'Kovář', NULL);
INSERT INTO special_bet (id, user_id, rule_id, team_value_id, string_value, int_value) VALUES (196, 8, 22, NULL, 'Zadina', NULL);
INSERT INTO special_bet (id, user_id, rule_id, team_value_id, string_value, int_value) VALUES (197, 17, 22, NULL, 'Kovář', NULL);
INSERT INTO special_bet (id, user_id, rule_id, team_value_id, string_value, int_value) VALUES (198, 12, 22, NULL, 'Vrána', NULL);
INSERT INTO special_bet (id, user_id, rule_id, team_value_id, string_value, int_value) VALUES (199, 13, 22, NULL, 'Zadina', NULL);
INSERT INTO special_bet (id, user_id, rule_id, team_value_id, string_value, int_value) VALUES (200, 15, 22, NULL, 'Zadina', NULL);
INSERT INTO special_bet (id, user_id, rule_id, team_value_id, string_value, int_value) VALUES (201, 6, 22, NULL, 'Zadina', NULL);
INSERT INTO special_bet (id, user_id, rule_id, team_value_id, string_value, int_value) VALUES (202, 10, 22, NULL, 'Kovář', NULL);
INSERT INTO special_bet (id, user_id, rule_id, team_value_id, string_value, int_value) VALUES (203, 16, 22, NULL, 'Chytil', NULL);
INSERT INTO special_bet_rule (id, tournament_id, name, value_type, scoring_type, points, sort_order, actual_team_value_id, actual_string_value, actual_int_value) VALUES (23, 4, 'Nejlepší Čech #2', 'string', 'any_match', 2.0, 4, NULL, 'Kubalík', NULL);
INSERT INTO special_bet (id, user_id, rule_id, team_value_id, string_value, int_value) VALUES (204, 11, 23, NULL, 'Zadina', NULL);
INSERT INTO special_bet (id, user_id, rule_id, team_value_id, string_value, int_value) VALUES (205, 7, 23, NULL, 'Hronek', NULL);
INSERT INTO special_bet (id, user_id, rule_id, team_value_id, string_value, int_value) VALUES (206, 14, 23, NULL, 'Hronek', NULL);
INSERT INTO special_bet (id, user_id, rule_id, team_value_id, string_value, int_value) VALUES (207, 8, 23, NULL, 'Vrána', NULL);
INSERT INTO special_bet (id, user_id, rule_id, team_value_id, string_value, int_value) VALUES (208, 17, 23, NULL, 'Hronek', NULL);
INSERT INTO special_bet (id, user_id, rule_id, team_value_id, string_value, int_value) VALUES (209, 12, 23, NULL, 'Zohorna', NULL);
INSERT INTO special_bet (id, user_id, rule_id, team_value_id, string_value, int_value) VALUES (210, 13, 23, NULL, 'Vrána', NULL);
INSERT INTO special_bet (id, user_id, rule_id, team_value_id, string_value, int_value) VALUES (211, 15, 23, NULL, 'Vrána', NULL);
INSERT INTO special_bet (id, user_id, rule_id, team_value_id, string_value, int_value) VALUES (212, 6, 23, NULL, 'Hronek', NULL);
INSERT INTO special_bet (id, user_id, rule_id, team_value_id, string_value, int_value) VALUES (213, 10, 23, NULL, 'Vrána', NULL);
INSERT INTO special_bet (id, user_id, rule_id, team_value_id, string_value, int_value) VALUES (214, 16, 23, NULL, 'Vrána', NULL);
INSERT INTO special_bet_rule (id, tournament_id, name, value_type, scoring_type, points, sort_order, actual_team_value_id, actual_string_value, actual_int_value) VALUES (24, 4, 'Nejlepší Čech #3', 'string', 'any_match', 2.0, 5, NULL, 'Špaček', NULL);
INSERT INTO special_bet (id, user_id, rule_id, team_value_id, string_value, int_value) VALUES (215, 11, 24, NULL, 'Kubalík', NULL);
INSERT INTO special_bet (id, user_id, rule_id, team_value_id, string_value, int_value) VALUES (216, 7, 24, NULL, 'Kubalík', NULL);
INSERT INTO special_bet (id, user_id, rule_id, team_value_id, string_value, int_value) VALUES (217, 14, 24, NULL, 'Kubalík', NULL);
INSERT INTO special_bet (id, user_id, rule_id, team_value_id, string_value, int_value) VALUES (218, 8, 24, NULL, 'Kubalík', NULL);
INSERT INTO special_bet (id, user_id, rule_id, team_value_id, string_value, int_value) VALUES (219, 17, 24, NULL, 'Kubalík', NULL);
INSERT INTO special_bet (id, user_id, rule_id, team_value_id, string_value, int_value) VALUES (220, 12, 24, NULL, 'Kubalík', NULL);
INSERT INTO special_bet (id, user_id, rule_id, team_value_id, string_value, int_value) VALUES (221, 13, 24, NULL, 'Kubalík', NULL);
INSERT INTO special_bet (id, user_id, rule_id, team_value_id, string_value, int_value) VALUES (222, 15, 24, NULL, 'Kubalík', NULL);
INSERT INTO special_bet (id, user_id, rule_id, team_value_id, string_value, int_value) VALUES (223, 6, 24, NULL, 'Kubalík', NULL);
INSERT INTO special_bet (id, user_id, rule_id, team_value_id, string_value, int_value) VALUES (224, 10, 24, NULL, 'Kubalík', NULL);
INSERT INTO special_bet (id, user_id, rule_id, team_value_id, string_value, int_value) VALUES (225, 16, 24, NULL, 'Kubalík', NULL);

-- Tournament: OH 2022
INSERT INTO tournament (id, name, year, slug, status, created_at) VALUES (5, 'OH 2022', 2022, 'oh-2022', 'finished', '2024-01-01 00:00:00');
INSERT INTO rule_set (id, tournament_id, winner_base_points, wrong_opponent_bonus, exact_score_bonus, prizes) VALUES (5, 5, 1.0, 0.25, 2.0, '{"1": 300, "2": 150, "3": 50}');
INSERT INTO "match" (id, tournament_id, home_team_id, away_team_id, phase, played_at, home_score, away_score, is_finished) VALUES (257, 5, 19, 21, 'group_stage', '2022-02-09 09:40:00', 1, 0, true);
INSERT INTO "match" (id, tournament_id, home_team_id, away_team_id, phase, played_at, home_score, away_score, is_finished) VALUES (258, 5, 6, 7, 'group_stage', '2022-02-09 14:10:00', 1, 2, true);
INSERT INTO "match" (id, tournament_id, home_team_id, away_team_id, phase, played_at, home_score, away_score, is_finished) VALUES (259, 5, 23, 15, 'group_stage', '2022-02-10 05:10:00', 3, 2, true);
INSERT INTO "match" (id, tournament_id, home_team_id, away_team_id, phase, played_at, home_score, away_score, is_finished) VALUES (260, 5, 8, 22, 'group_stage', '2022-02-10 09:40:00', 6, 2, true);
INSERT INTO "match" (id, tournament_id, home_team_id, away_team_id, phase, played_at, home_score, away_score, is_finished) VALUES (261, 5, 24, 5, 'group_stage', '2022-02-10 14:10:00', 8, 0, true);
INSERT INTO "match" (id, tournament_id, home_team_id, away_team_id, phase, played_at, home_score, away_score, is_finished) VALUES (262, 5, 4, 11, 'group_stage', '2022-02-10 14:10:00', 5, 1, true);
INSERT INTO "match" (id, tournament_id, home_team_id, away_team_id, phase, played_at, home_score, away_score, is_finished) VALUES (263, 5, 7, 19, 'group_stage', '2022-02-11 05:10:00', 0, 2, true);
INSERT INTO "match" (id, tournament_id, home_team_id, away_team_id, phase, played_at, home_score, away_score, is_finished) VALUES (264, 5, 6, 21, 'group_stage', '2022-02-11 09:40:00', 2, 1, true);
INSERT INTO "match" (id, tournament_id, home_team_id, away_team_id, phase, played_at, home_score, away_score, is_finished) VALUES (265, 5, 15, 8, 'group_stage', '2022-02-11 14:10:00', 1, 3, true);
INSERT INTO "match" (id, tournament_id, home_team_id, away_team_id, phase, played_at, home_score, away_score, is_finished) VALUES (266, 5, 23, 22, 'group_stage', '2022-02-11 09:40:00', 4, 1, true);
INSERT INTO "match" (id, tournament_id, home_team_id, away_team_id, phase, played_at, home_score, away_score, is_finished) VALUES (267, 5, 4, 24, 'group_stage', '2022-02-12 05:10:00', 2, 4, true);
INSERT INTO "match" (id, tournament_id, home_team_id, away_team_id, phase, played_at, home_score, away_score, is_finished) VALUES (268, 5, 11, 5, 'group_stage', '2022-02-12 09:40:00', 3, 2, true);
INSERT INTO "match" (id, tournament_id, home_team_id, away_team_id, phase, played_at, home_score, away_score, is_finished) VALUES (269, 5, 19, 6, 'group_stage', '2022-02-12 14:10:00', 5, 6, true);
INSERT INTO "match" (id, tournament_id, home_team_id, away_team_id, phase, played_at, home_score, away_score, is_finished) VALUES (270, 5, 21, 7, 'group_stage', '2022-02-12 14:10:00', 3, 5, true);
INSERT INTO "match" (id, tournament_id, home_team_id, away_team_id, phase, played_at, home_score, away_score, is_finished) VALUES (271, 5, 22, 15, 'group_stage', '2022-02-13 05:10:00', 5, 2, true);
INSERT INTO "match" (id, tournament_id, home_team_id, away_team_id, phase, played_at, home_score, away_score, is_finished) VALUES (272, 5, 8, 23, 'group_stage', '2022-02-13 09:40:00', 4, 3, true);
INSERT INTO "match" (id, tournament_id, home_team_id, away_team_id, phase, played_at, home_score, away_score, is_finished) VALUES (273, 5, 5, 4, 'group_stage', '2022-02-13 14:10:00', 0, 5, true);
INSERT INTO "match" (id, tournament_id, home_team_id, away_team_id, phase, played_at, home_score, away_score, is_finished) VALUES (274, 5, 24, 11, 'group_stage', '2022-02-13 14:10:00', 3, 2, true);
INSERT INTO "match" (id, tournament_id, home_team_id, away_team_id, phase, played_at, home_score, away_score, is_finished) VALUES (275, 5, 22, 11, 'group_stage', '2022-02-15 05:10:00', 4, 0, true);
INSERT INTO "match" (id, tournament_id, home_team_id, away_team_id, phase, played_at, home_score, away_score, is_finished) VALUES (276, 5, 7, 15, 'group_stage', '2022-02-15 05:10:00', 3, 2, true);
INSERT INTO "match" (id, tournament_id, home_team_id, away_team_id, phase, played_at, home_score, away_score, is_finished) VALUES (277, 5, 6, 21, 'group_stage', '2022-02-15 09:40:00', 2, 4, true);
INSERT INTO "match" (id, tournament_id, home_team_id, away_team_id, phase, played_at, home_score, away_score, is_finished) VALUES (278, 5, 4, 5, 'group_stage', '2022-02-15 14:10:00', 7, 2, true);
INSERT INTO "match" (id, tournament_id, home_team_id, away_team_id, phase, played_at, home_score, away_score, is_finished) VALUES (279, 5, 24, 22, 'group_stage', '2022-02-16 05:10:00', 2, 3, true);
INSERT INTO "match" (id, tournament_id, home_team_id, away_team_id, phase, played_at, home_score, away_score, is_finished) VALUES (280, 5, 19, 7, 'group_stage', '2022-02-16 07:00:00', 3, 1, true);
INSERT INTO "match" (id, tournament_id, home_team_id, away_team_id, phase, played_at, home_score, away_score, is_finished) VALUES (281, 5, 8, 21, 'group_stage', '2022-02-16 09:40:00', 5, 1, true);
INSERT INTO "match" (id, tournament_id, home_team_id, away_team_id, phase, played_at, home_score, away_score, is_finished) VALUES (282, 5, 23, 4, 'group_stage', '2022-02-16 14:30:00', 2, 0, true);
INSERT INTO "match" (id, tournament_id, home_team_id, away_team_id, phase, played_at, home_score, away_score, is_finished) VALUES (283, 5, 22, 23, 'bronze_medal', '2022-02-19 14:10:00', 4, 0, true);
INSERT INTO "match" (id, tournament_id, home_team_id, away_team_id, phase, played_at, home_score, away_score, is_finished) VALUES (284, 5, 8, 19, 'gold_medal', '2022-02-20 05:10:00', 2, 1, true);
INSERT INTO prediction (id, user_id, game_id, home_score, away_score, created_at, updated_at) VALUES (2212, 11, 257, 2, 1, '2024-01-01 00:00:00', NULL);
INSERT INTO prediction (id, user_id, game_id, home_score, away_score, created_at, updated_at) VALUES (2213, 14, 257, 5, 2, '2024-01-01 00:00:00', NULL);
INSERT INTO prediction (id, user_id, game_id, home_score, away_score, created_at, updated_at) VALUES (2214, 8, 257, 5, 2, '2024-01-01 00:00:00', NULL);
INSERT INTO prediction (id, user_id, game_id, home_score, away_score, created_at, updated_at) VALUES (2215, 12, 257, 3, 2, '2024-01-01 00:00:00', NULL);
INSERT INTO prediction (id, user_id, game_id, home_score, away_score, created_at, updated_at) VALUES (2216, 16, 257, 4, 2, '2024-01-01 00:00:00', NULL);
INSERT INTO prediction (id, user_id, game_id, home_score, away_score, created_at, updated_at) VALUES (2217, 11, 258, 4, 1, '2024-01-01 00:00:00', NULL);
INSERT INTO prediction (id, user_id, game_id, home_score, away_score, created_at, updated_at) VALUES (2218, 14, 258, 4, 3, '2024-01-01 00:00:00', NULL);
INSERT INTO prediction (id, user_id, game_id, home_score, away_score, created_at, updated_at) VALUES (2219, 8, 258, 4, 2, '2024-01-01 00:00:00', NULL);
INSERT INTO prediction (id, user_id, game_id, home_score, away_score, created_at, updated_at) VALUES (2220, 12, 258, 4, 3, '2024-01-01 00:00:00', NULL);
INSERT INTO prediction (id, user_id, game_id, home_score, away_score, created_at, updated_at) VALUES (2221, 16, 258, 2, 1, '2024-01-01 00:00:00', NULL);
INSERT INTO prediction (id, user_id, game_id, home_score, away_score, created_at, updated_at) VALUES (2222, 11, 259, 3, 2, '2024-01-01 00:00:00', NULL);
INSERT INTO prediction (id, user_id, game_id, home_score, away_score, created_at, updated_at) VALUES (2223, 14, 259, 4, 2, '2024-01-01 00:00:00', NULL);
INSERT INTO prediction (id, user_id, game_id, home_score, away_score, created_at, updated_at) VALUES (2224, 8, 259, 4, 1, '2024-01-01 00:00:00', NULL);
INSERT INTO prediction (id, user_id, game_id, home_score, away_score, created_at, updated_at) VALUES (2225, 12, 259, 3, 1, '2024-01-01 00:00:00', NULL);
INSERT INTO prediction (id, user_id, game_id, home_score, away_score, created_at, updated_at) VALUES (2226, 16, 259, 4, 1, '2024-01-01 00:00:00', NULL);
INSERT INTO prediction (id, user_id, game_id, home_score, away_score, created_at, updated_at) VALUES (2227, 11, 260, 2, 1, '2024-01-01 00:00:00', NULL);
INSERT INTO prediction (id, user_id, game_id, home_score, away_score, created_at, updated_at) VALUES (2228, 14, 260, 3, 2, '2024-01-01 00:00:00', NULL);
INSERT INTO prediction (id, user_id, game_id, home_score, away_score, created_at, updated_at) VALUES (2229, 8, 260, 3, 1, '2024-01-01 00:00:00', NULL);
INSERT INTO prediction (id, user_id, game_id, home_score, away_score, created_at, updated_at) VALUES (2230, 12, 260, 4, 2, '2024-01-01 00:00:00', NULL);
INSERT INTO prediction (id, user_id, game_id, home_score, away_score, created_at, updated_at) VALUES (2231, 16, 260, 5, 1, '2024-01-01 00:00:00', NULL);
INSERT INTO prediction (id, user_id, game_id, home_score, away_score, created_at, updated_at) VALUES (2232, 11, 261, 3, 0, '2024-01-01 00:00:00', NULL);
INSERT INTO prediction (id, user_id, game_id, home_score, away_score, created_at, updated_at) VALUES (2233, 14, 261, 6, 2, '2024-01-01 00:00:00', NULL);
INSERT INTO prediction (id, user_id, game_id, home_score, away_score, created_at, updated_at) VALUES (2234, 8, 261, 11, 1, '2024-01-01 00:00:00', NULL);
INSERT INTO prediction (id, user_id, game_id, home_score, away_score, created_at, updated_at) VALUES (2235, 12, 261, 5, 1, '2024-01-01 00:00:00', NULL);
INSERT INTO prediction (id, user_id, game_id, home_score, away_score, created_at, updated_at) VALUES (2236, 16, 261, 4, 0, '2024-01-01 00:00:00', NULL);
INSERT INTO prediction (id, user_id, game_id, home_score, away_score, created_at, updated_at) VALUES (2237, 11, 262, 2, 1, '2024-01-01 00:00:00', NULL);
INSERT INTO prediction (id, user_id, game_id, home_score, away_score, created_at, updated_at) VALUES (2238, 14, 262, 5, 3, '2024-01-01 00:00:00', NULL);
INSERT INTO prediction (id, user_id, game_id, home_score, away_score, created_at, updated_at) VALUES (2239, 8, 262, 6, 3, '2024-01-01 00:00:00', NULL);
INSERT INTO prediction (id, user_id, game_id, home_score, away_score, created_at, updated_at) VALUES (2240, 12, 262, 4, 2, '2024-01-01 00:00:00', NULL);
INSERT INTO prediction (id, user_id, game_id, home_score, away_score, created_at, updated_at) VALUES (2241, 16, 262, 2, 4, '2024-01-01 00:00:00', NULL);
INSERT INTO prediction (id, user_id, game_id, home_score, away_score, created_at, updated_at) VALUES (2242, 11, 263, 1, 2, '2024-01-01 00:00:00', NULL);
INSERT INTO prediction (id, user_id, game_id, home_score, away_score, created_at, updated_at) VALUES (2243, 14, 263, 1, 4, '2024-01-01 00:00:00', NULL);
INSERT INTO prediction (id, user_id, game_id, home_score, away_score, created_at, updated_at) VALUES (2244, 8, 263, 1, 3, '2024-01-01 00:00:00', NULL);
INSERT INTO prediction (id, user_id, game_id, home_score, away_score, created_at, updated_at) VALUES (2245, 12, 263, 1, 4, '2024-01-01 00:00:00', NULL);
INSERT INTO prediction (id, user_id, game_id, home_score, away_score, created_at, updated_at) VALUES (2246, 16, 263, 2, 4, '2024-01-01 00:00:00', NULL);
INSERT INTO prediction (id, user_id, game_id, home_score, away_score, created_at, updated_at) VALUES (2247, 11, 264, 3, 1, '2024-01-01 00:00:00', NULL);
INSERT INTO prediction (id, user_id, game_id, home_score, away_score, created_at, updated_at) VALUES (2248, 14, 264, 3, 2, '2024-01-01 00:00:00', NULL);
INSERT INTO prediction (id, user_id, game_id, home_score, away_score, created_at, updated_at) VALUES (2249, 8, 264, 2, 4, '2024-01-01 00:00:00', NULL);
INSERT INTO prediction (id, user_id, game_id, home_score, away_score, created_at, updated_at) VALUES (2250, 12, 264, 3, 2, '2024-01-01 00:00:00', NULL);
INSERT INTO prediction (id, user_id, game_id, home_score, away_score, created_at, updated_at) VALUES (2251, 16, 264, 2, 1, '2024-01-01 00:00:00', NULL);
INSERT INTO prediction (id, user_id, game_id, home_score, away_score, created_at, updated_at) VALUES (2252, 11, 265, 1, 4, '2024-01-01 00:00:00', NULL);
INSERT INTO prediction (id, user_id, game_id, home_score, away_score, created_at, updated_at) VALUES (2253, 14, 265, 2, 4, '2024-01-01 00:00:00', NULL);
INSERT INTO prediction (id, user_id, game_id, home_score, away_score, created_at, updated_at) VALUES (2254, 8, 265, 1, 3, '2024-01-01 00:00:00', NULL);
INSERT INTO prediction (id, user_id, game_id, home_score, away_score, created_at, updated_at) VALUES (2255, 12, 265, 1, 3, '2024-01-01 00:00:00', NULL);
INSERT INTO prediction (id, user_id, game_id, home_score, away_score, created_at, updated_at) VALUES (2256, 16, 265, 2, 4, '2024-01-01 00:00:00', NULL);
INSERT INTO prediction (id, user_id, game_id, home_score, away_score, created_at, updated_at) VALUES (2257, 11, 266, 4, 2, '2024-01-01 00:00:00', NULL);
INSERT INTO prediction (id, user_id, game_id, home_score, away_score, created_at, updated_at) VALUES (2258, 14, 266, 3, 4, '2024-01-01 00:00:00', NULL);
INSERT INTO prediction (id, user_id, game_id, home_score, away_score, created_at, updated_at) VALUES (2259, 8, 266, 4, 1, '2024-01-01 00:00:00', NULL);
INSERT INTO prediction (id, user_id, game_id, home_score, away_score, created_at, updated_at) VALUES (2260, 12, 266, 4, 1, '2024-01-01 00:00:00', NULL);
INSERT INTO prediction (id, user_id, game_id, home_score, away_score, created_at, updated_at) VALUES (2261, 16, 266, 5, 2, '2024-01-01 00:00:00', NULL);
INSERT INTO prediction (id, user_id, game_id, home_score, away_score, created_at, updated_at) VALUES (2262, 11, 267, 3, 1, '2024-01-01 00:00:00', NULL);
INSERT INTO prediction (id, user_id, game_id, home_score, away_score, created_at, updated_at) VALUES (2263, 14, 267, 4, 3, '2024-01-01 00:00:00', NULL);
INSERT INTO prediction (id, user_id, game_id, home_score, away_score, created_at, updated_at) VALUES (2264, 8, 267, 4, 2, '2024-01-01 00:00:00', NULL);
INSERT INTO prediction (id, user_id, game_id, home_score, away_score, created_at, updated_at) VALUES (2265, 12, 267, 2, 3, '2024-01-01 00:00:00', NULL);
INSERT INTO prediction (id, user_id, game_id, home_score, away_score, created_at, updated_at) VALUES (2266, 16, 267, 3, 2, '2024-01-01 00:00:00', NULL);
INSERT INTO prediction (id, user_id, game_id, home_score, away_score, created_at, updated_at) VALUES (2267, 11, 268, 3, 0, '2024-01-01 00:00:00', NULL);
INSERT INTO prediction (id, user_id, game_id, home_score, away_score, created_at, updated_at) VALUES (2268, 14, 268, 4, 2, '2024-01-01 00:00:00', NULL);
INSERT INTO prediction (id, user_id, game_id, home_score, away_score, created_at, updated_at) VALUES (2269, 8, 268, 3, 1, '2024-01-01 00:00:00', NULL);
INSERT INTO prediction (id, user_id, game_id, home_score, away_score, created_at, updated_at) VALUES (2270, 12, 268, 5, 1, '2024-01-01 00:00:00', NULL);
INSERT INTO prediction (id, user_id, game_id, home_score, away_score, created_at, updated_at) VALUES (2271, 16, 268, 5, 1, '2024-01-01 00:00:00', NULL);
INSERT INTO prediction (id, user_id, game_id, home_score, away_score, created_at, updated_at) VALUES (2272, 11, 269, 2, 3, '2024-01-01 00:00:00', NULL);
INSERT INTO prediction (id, user_id, game_id, home_score, away_score, created_at, updated_at) VALUES (2273, 14, 269, 1, 2, '2024-01-01 00:00:00', NULL);
INSERT INTO prediction (id, user_id, game_id, home_score, away_score, created_at, updated_at) VALUES (2274, 8, 269, 3, 1, '2024-01-01 00:00:00', NULL);
INSERT INTO prediction (id, user_id, game_id, home_score, away_score, created_at, updated_at) VALUES (2275, 12, 269, 3, 1, '2024-01-01 00:00:00', NULL);
INSERT INTO prediction (id, user_id, game_id, home_score, away_score, created_at, updated_at) VALUES (2276, 16, 269, 1, 3, '2024-01-01 00:00:00', NULL);
INSERT INTO prediction (id, user_id, game_id, home_score, away_score, created_at, updated_at) VALUES (2277, 11, 270, 3, 0, '2024-01-01 00:00:00', NULL);
INSERT INTO prediction (id, user_id, game_id, home_score, away_score, created_at, updated_at) VALUES (2278, 14, 270, 3, 1, '2024-01-01 00:00:00', NULL);
INSERT INTO prediction (id, user_id, game_id, home_score, away_score, created_at, updated_at) VALUES (2279, 8, 270, 2, 1, '2024-01-01 00:00:00', NULL);
INSERT INTO prediction (id, user_id, game_id, home_score, away_score, created_at, updated_at) VALUES (2280, 12, 270, 3, 2, '2024-01-01 00:00:00', NULL);
INSERT INTO prediction (id, user_id, game_id, home_score, away_score, created_at, updated_at) VALUES (2281, 16, 270, 3, 1, '2024-01-01 00:00:00', NULL);
INSERT INTO prediction (id, user_id, game_id, home_score, away_score, created_at, updated_at) VALUES (2282, 11, 271, 3, 2, '2024-01-01 00:00:00', NULL);
INSERT INTO prediction (id, user_id, game_id, home_score, away_score, created_at, updated_at) VALUES (2283, 14, 271, 3, 2, '2024-01-01 00:00:00', NULL);
INSERT INTO prediction (id, user_id, game_id, home_score, away_score, created_at, updated_at) VALUES (2284, 8, 271, 1, 3, '2024-01-01 00:00:00', NULL);
INSERT INTO prediction (id, user_id, game_id, home_score, away_score, created_at, updated_at) VALUES (2285, 12, 271, 2, 3, '2024-01-01 00:00:00', NULL);
INSERT INTO prediction (id, user_id, game_id, home_score, away_score, created_at, updated_at) VALUES (2286, 16, 271, 2, 1, '2024-01-01 00:00:00', NULL);
INSERT INTO prediction (id, user_id, game_id, home_score, away_score, created_at, updated_at) VALUES (2287, 11, 272, 2, 1, '2024-01-01 00:00:00', NULL);
INSERT INTO prediction (id, user_id, game_id, home_score, away_score, created_at, updated_at) VALUES (2288, 14, 272, 4, 3, '2024-01-01 00:00:00', NULL);
INSERT INTO prediction (id, user_id, game_id, home_score, away_score, created_at, updated_at) VALUES (2289, 8, 272, 3, 1, '2024-01-01 00:00:00', NULL);
INSERT INTO prediction (id, user_id, game_id, home_score, away_score, created_at, updated_at) VALUES (2290, 12, 272, 4, 2, '2024-01-01 00:00:00', NULL);
INSERT INTO prediction (id, user_id, game_id, home_score, away_score, created_at, updated_at) VALUES (2291, 16, 272, 1, 3, '2024-01-01 00:00:00', NULL);
INSERT INTO prediction (id, user_id, game_id, home_score, away_score, created_at, updated_at) VALUES (2292, 11, 273, 0, 7, '2024-01-01 00:00:00', NULL);
INSERT INTO prediction (id, user_id, game_id, home_score, away_score, created_at, updated_at) VALUES (2293, 14, 273, 0, 9, '2024-01-01 00:00:00', NULL);
INSERT INTO prediction (id, user_id, game_id, home_score, away_score, created_at, updated_at) VALUES (2294, 8, 273, 0, 9, '2024-01-01 00:00:00', NULL);
INSERT INTO prediction (id, user_id, game_id, home_score, away_score, created_at, updated_at) VALUES (2295, 12, 273, 1, 7, '2024-01-01 00:00:00', NULL);
INSERT INTO prediction (id, user_id, game_id, home_score, away_score, created_at, updated_at) VALUES (2296, 16, 273, 1, 7, '2024-01-01 00:00:00', NULL);
INSERT INTO prediction (id, user_id, game_id, home_score, away_score, created_at, updated_at) VALUES (2297, 11, 274, 3, 2, '2024-01-01 00:00:00', NULL);
INSERT INTO prediction (id, user_id, game_id, home_score, away_score, created_at, updated_at) VALUES (2298, 14, 274, 5, 2, '2024-01-01 00:00:00', NULL);
INSERT INTO prediction (id, user_id, game_id, home_score, away_score, created_at, updated_at) VALUES (2299, 8, 274, 4, 1, '2024-01-01 00:00:00', NULL);
INSERT INTO prediction (id, user_id, game_id, home_score, away_score, created_at, updated_at) VALUES (2300, 12, 274, 5, 2, '2024-01-01 00:00:00', NULL);
INSERT INTO prediction (id, user_id, game_id, home_score, away_score, created_at, updated_at) VALUES (2301, 16, 274, 2, 3, '2024-01-01 00:00:00', NULL);
INSERT INTO prediction (id, user_id, game_id, home_score, away_score, created_at, updated_at) VALUES (2302, 11, 275, 2, 1, '2024-01-01 00:00:00', NULL);
INSERT INTO prediction (id, user_id, game_id, home_score, away_score, created_at, updated_at) VALUES (2303, 14, 275, 3, 2, '2024-01-01 00:00:00', NULL);
INSERT INTO prediction (id, user_id, game_id, home_score, away_score, created_at, updated_at) VALUES (2304, 8, 275, 2, 3, '2024-01-01 00:00:00', NULL);
INSERT INTO prediction (id, user_id, game_id, home_score, away_score, created_at, updated_at) VALUES (2305, 12, 275, 3, 2, '2024-01-01 00:00:00', NULL);
INSERT INTO prediction (id, user_id, game_id, home_score, away_score, created_at, updated_at) VALUES (2306, 16, 275, 3, 1, '2024-01-01 00:00:00', NULL);
INSERT INTO prediction (id, user_id, game_id, home_score, away_score, created_at, updated_at) VALUES (2307, 11, 276, 4, 1, '2024-01-01 00:00:00', NULL);
INSERT INTO prediction (id, user_id, game_id, home_score, away_score, created_at, updated_at) VALUES (2308, 14, 276, 4, 2, '2024-01-01 00:00:00', NULL);
INSERT INTO prediction (id, user_id, game_id, home_score, away_score, created_at, updated_at) VALUES (2309, 8, 276, 3, 1, '2024-01-01 00:00:00', NULL);
INSERT INTO prediction (id, user_id, game_id, home_score, away_score, created_at, updated_at) VALUES (2310, 12, 276, 2, 1, '2024-01-01 00:00:00', NULL);
INSERT INTO prediction (id, user_id, game_id, home_score, away_score, created_at, updated_at) VALUES (2311, 16, 276, 2, 1, '2024-01-01 00:00:00', NULL);
INSERT INTO prediction (id, user_id, game_id, home_score, away_score, created_at, updated_at) VALUES (2312, 11, 277, 4, 3, '2024-01-01 00:00:00', NULL);
INSERT INTO prediction (id, user_id, game_id, home_score, away_score, created_at, updated_at) VALUES (2313, 14, 277, 4, 3, '2024-01-01 00:00:00', NULL);
INSERT INTO prediction (id, user_id, game_id, home_score, away_score, created_at, updated_at) VALUES (2314, 8, 277, 4, 2, '2024-01-01 00:00:00', NULL);
INSERT INTO prediction (id, user_id, game_id, home_score, away_score, created_at, updated_at) VALUES (2315, 12, 277, 4, 2, '2024-01-01 00:00:00', NULL);
INSERT INTO prediction (id, user_id, game_id, home_score, away_score, created_at, updated_at) VALUES (2316, 16, 277, 3, 0, '2024-01-01 00:00:00', NULL);
INSERT INTO prediction (id, user_id, game_id, home_score, away_score, created_at, updated_at) VALUES (2317, 11, 278, 5, 0, '2024-01-01 00:00:00', NULL);
INSERT INTO prediction (id, user_id, game_id, home_score, away_score, created_at, updated_at) VALUES (2318, 14, 278, 8, 0, '2024-01-01 00:00:00', NULL);
INSERT INTO prediction (id, user_id, game_id, home_score, away_score, created_at, updated_at) VALUES (2319, 8, 278, 8, 0, '2024-01-01 00:00:00', NULL);
INSERT INTO prediction (id, user_id, game_id, home_score, away_score, created_at, updated_at) VALUES (2320, 12, 278, 6, 1, '2024-01-01 00:00:00', NULL);
INSERT INTO prediction (id, user_id, game_id, home_score, away_score, created_at, updated_at) VALUES (2321, 16, 278, 6, 1, '2024-01-01 00:00:00', NULL);
INSERT INTO prediction (id, user_id, game_id, home_score, away_score, created_at, updated_at) VALUES (2322, 11, 279, 4, 1, '2024-01-01 00:00:00', NULL);
INSERT INTO prediction (id, user_id, game_id, home_score, away_score, created_at, updated_at) VALUES (2323, 14, 279, 3, 4, '2024-01-01 00:00:00', NULL);
INSERT INTO prediction (id, user_id, game_id, home_score, away_score, created_at, updated_at) VALUES (2324, 8, 279, 4, 2, '2024-01-01 00:00:00', NULL);
INSERT INTO prediction (id, user_id, game_id, home_score, away_score, created_at, updated_at) VALUES (2325, 12, 279, 4, 2, '2024-01-01 00:00:00', NULL);
INSERT INTO prediction (id, user_id, game_id, home_score, away_score, created_at, updated_at) VALUES (2326, 16, 279, 2, 4, '2024-01-01 00:00:00', NULL);
INSERT INTO prediction (id, user_id, game_id, home_score, away_score, created_at, updated_at) VALUES (2327, 11, 280, 4, 2, '2024-01-01 00:00:00', NULL);
INSERT INTO prediction (id, user_id, game_id, home_score, away_score, created_at, updated_at) VALUES (2328, 14, 280, 5, 2, '2024-01-01 00:00:00', NULL);
INSERT INTO prediction (id, user_id, game_id, home_score, away_score, created_at, updated_at) VALUES (2329, 8, 280, 3, 1, '2024-01-01 00:00:00', NULL);
INSERT INTO prediction (id, user_id, game_id, home_score, away_score, created_at, updated_at) VALUES (2330, 12, 280, 4, 2, '2024-01-01 00:00:00', NULL);
INSERT INTO prediction (id, user_id, game_id, home_score, away_score, created_at, updated_at) VALUES (2331, 16, 280, 4, 2, '2024-01-01 00:00:00', NULL);
INSERT INTO prediction (id, user_id, game_id, home_score, away_score, created_at, updated_at) VALUES (2332, 11, 281, 3, 1, '2024-01-01 00:00:00', NULL);
INSERT INTO prediction (id, user_id, game_id, home_score, away_score, created_at, updated_at) VALUES (2333, 14, 281, 4, 2, '2024-01-01 00:00:00', NULL);
INSERT INTO prediction (id, user_id, game_id, home_score, away_score, created_at, updated_at) VALUES (2334, 8, 281, 3, 1, '2024-01-01 00:00:00', NULL);
INSERT INTO prediction (id, user_id, game_id, home_score, away_score, created_at, updated_at) VALUES (2335, 12, 281, 3, 2, '2024-01-01 00:00:00', NULL);
INSERT INTO prediction (id, user_id, game_id, home_score, away_score, created_at, updated_at) VALUES (2336, 16, 281, 4, 1, '2024-01-01 00:00:00', NULL);
INSERT INTO prediction (id, user_id, game_id, home_score, away_score, created_at, updated_at) VALUES (2337, 11, 282, 3, 1, '2024-01-01 00:00:00', NULL);
INSERT INTO prediction (id, user_id, game_id, home_score, away_score, created_at, updated_at) VALUES (2338, 14, 282, 2, 3, '2024-01-01 00:00:00', NULL);
INSERT INTO prediction (id, user_id, game_id, home_score, away_score, created_at, updated_at) VALUES (2339, 8, 282, 2, 3, '2024-01-01 00:00:00', NULL);
INSERT INTO prediction (id, user_id, game_id, home_score, away_score, created_at, updated_at) VALUES (2340, 12, 282, 2, 3, '2024-01-01 00:00:00', NULL);
INSERT INTO prediction (id, user_id, game_id, home_score, away_score, created_at, updated_at) VALUES (2341, 16, 282, 3, 2, '2024-01-01 00:00:00', NULL);
INSERT INTO prediction (id, user_id, game_id, home_score, away_score, created_at, updated_at) VALUES (2342, 11, 283, 0, 2, '2024-01-01 00:00:00', NULL);
INSERT INTO prediction (id, user_id, game_id, home_score, away_score, created_at, updated_at) VALUES (2343, 14, 283, 2, 1, '2024-01-01 00:00:00', NULL);
INSERT INTO prediction (id, user_id, game_id, home_score, away_score, created_at, updated_at) VALUES (2344, 8, 283, 1, 3, '2024-01-01 00:00:00', NULL);
INSERT INTO prediction (id, user_id, game_id, home_score, away_score, created_at, updated_at) VALUES (2345, 12, 283, 2, 3, '2024-01-01 00:00:00', NULL);
INSERT INTO prediction (id, user_id, game_id, home_score, away_score, created_at, updated_at) VALUES (2346, 16, 283, 2, 1, '2024-01-01 00:00:00', NULL);
INSERT INTO prediction (id, user_id, game_id, home_score, away_score, created_at, updated_at) VALUES (2347, 11, 284, 0, 2, '2024-01-01 00:00:00', NULL);
INSERT INTO prediction (id, user_id, game_id, home_score, away_score, created_at, updated_at) VALUES (2348, 14, 284, 3, 2, '2024-01-01 00:00:00', NULL);
INSERT INTO prediction (id, user_id, game_id, home_score, away_score, created_at, updated_at) VALUES (2349, 8, 284, 3, 1, '2024-01-01 00:00:00', NULL);
INSERT INTO prediction (id, user_id, game_id, home_score, away_score, created_at, updated_at) VALUES (2350, 12, 284, 2, 3, '2024-01-01 00:00:00', NULL);
INSERT INTO prediction (id, user_id, game_id, home_score, away_score, created_at, updated_at) VALUES (2351, 16, 284, 2, 4, '2024-01-01 00:00:00', NULL);
INSERT INTO special_bet_rule (id, tournament_id, name, value_type, scoring_type, points, sort_order, actual_team_value_id, actual_string_value, actual_int_value) VALUES (25, 5, 'Medaile - 1. místo', 'team', 'podium', 2.0, 0, 8, NULL, NULL);
INSERT INTO special_bet (id, user_id, rule_id, team_value_id, string_value, int_value) VALUES (226, 11, 25, 19, NULL, NULL);
INSERT INTO special_bet (id, user_id, rule_id, team_value_id, string_value, int_value) VALUES (227, 14, 25, 8, NULL, NULL);
INSERT INTO special_bet (id, user_id, rule_id, team_value_id, string_value, int_value) VALUES (228, 8, 25, 8, NULL, NULL);
INSERT INTO special_bet (id, user_id, rule_id, team_value_id, string_value, int_value) VALUES (229, 12, 25, 19, NULL, NULL);
INSERT INTO special_bet (id, user_id, rule_id, team_value_id, string_value, int_value) VALUES (230, 16, 25, 19, NULL, NULL);
INSERT INTO special_bet_rule (id, tournament_id, name, value_type, scoring_type, points, sort_order, actual_team_value_id, actual_string_value, actual_int_value) VALUES (26, 5, 'Medaile - 2. místo', 'team', 'podium', 2.0, 1, 18, NULL, NULL);
INSERT INTO special_bet (id, user_id, rule_id, team_value_id, string_value, int_value) VALUES (231, 11, 26, 6, NULL, NULL);
INSERT INTO special_bet (id, user_id, rule_id, team_value_id, string_value, int_value) VALUES (232, 14, 26, 4, NULL, NULL);
INSERT INTO special_bet (id, user_id, rule_id, team_value_id, string_value, int_value) VALUES (233, 8, 26, 19, NULL, NULL);
INSERT INTO special_bet (id, user_id, rule_id, team_value_id, string_value, int_value) VALUES (234, 12, 26, 24, NULL, NULL);
INSERT INTO special_bet (id, user_id, rule_id, team_value_id, string_value, int_value) VALUES (235, 16, 26, 23, NULL, NULL);
INSERT INTO special_bet_rule (id, tournament_id, name, value_type, scoring_type, points, sort_order, actual_team_value_id, actual_string_value, actual_int_value) VALUES (27, 5, 'Medaile - 3. místo', 'team', 'podium', 2.0, 2, 22, NULL, NULL);
INSERT INTO special_bet (id, user_id, rule_id, team_value_id, string_value, int_value) VALUES (236, 11, 27, 8, NULL, NULL);
INSERT INTO special_bet (id, user_id, rule_id, team_value_id, string_value, int_value) VALUES (237, 14, 27, 6, NULL, NULL);
INSERT INTO special_bet (id, user_id, rule_id, team_value_id, string_value, int_value) VALUES (238, 8, 27, 6, NULL, NULL);
INSERT INTO special_bet (id, user_id, rule_id, team_value_id, string_value, int_value) VALUES (239, 12, 27, 6, NULL, NULL);
INSERT INTO special_bet (id, user_id, rule_id, team_value_id, string_value, int_value) VALUES (240, 16, 27, 6, NULL, NULL);
INSERT INTO special_bet_rule (id, tournament_id, name, value_type, scoring_type, points, sort_order, actual_team_value_id, actual_string_value, actual_int_value) VALUES (28, 5, 'Nejlepší Čech #1', 'string', 'any_match', 2.0, 3, NULL, 'Červenka', NULL);
INSERT INTO special_bet (id, user_id, rule_id, team_value_id, string_value, int_value) VALUES (241, 11, 28, NULL, 'Kovář', NULL);
INSERT INTO special_bet (id, user_id, rule_id, team_value_id, string_value, int_value) VALUES (242, 14, 28, NULL, 'Kovář', NULL);
INSERT INTO special_bet (id, user_id, rule_id, team_value_id, string_value, int_value) VALUES (243, 8, 28, NULL, 'Kovář', NULL);
INSERT INTO special_bet (id, user_id, rule_id, team_value_id, string_value, int_value) VALUES (244, 12, 28, NULL, 'Kovář', NULL);
INSERT INTO special_bet (id, user_id, rule_id, team_value_id, string_value, int_value) VALUES (245, 16, 28, NULL, 'Kovář', NULL);
INSERT INTO special_bet_rule (id, tournament_id, name, value_type, scoring_type, points, sort_order, actual_team_value_id, actual_string_value, actual_int_value) VALUES (29, 5, 'Nejlepší Čech #2', 'string', 'any_match', 2.0, 4, NULL, 'Krejčí', NULL);
INSERT INTO special_bet (id, user_id, rule_id, team_value_id, string_value, int_value) VALUES (246, 11, 29, NULL, 'Řepík', NULL);
INSERT INTO special_bet (id, user_id, rule_id, team_value_id, string_value, int_value) VALUES (247, 14, 29, NULL, 'Krejčí', NULL);
INSERT INTO special_bet (id, user_id, rule_id, team_value_id, string_value, int_value) VALUES (248, 8, 29, NULL, 'Krejčí', NULL);
INSERT INTO special_bet (id, user_id, rule_id, team_value_id, string_value, int_value) VALUES (249, 12, 29, NULL, 'Krejčí', NULL);
INSERT INTO special_bet (id, user_id, rule_id, team_value_id, string_value, int_value) VALUES (250, 16, 29, NULL, 'Krejčí', NULL);
INSERT INTO special_bet_rule (id, tournament_id, name, value_type, scoring_type, points, sort_order, actual_team_value_id, actual_string_value, actual_int_value) VALUES (30, 5, 'Nejlepší Čech #3', 'string', 'any_match', 2.0, 5, NULL, 'Vrána', NULL);
INSERT INTO special_bet (id, user_id, rule_id, team_value_id, string_value, int_value) VALUES (251, 11, 30, NULL, 'Červenka', NULL);
INSERT INTO special_bet (id, user_id, rule_id, team_value_id, string_value, int_value) VALUES (252, 14, 30, NULL, 'Červenka', NULL);
INSERT INTO special_bet (id, user_id, rule_id, team_value_id, string_value, int_value) VALUES (253, 8, 30, NULL, 'Červenka', NULL);
INSERT INTO special_bet (id, user_id, rule_id, team_value_id, string_value, int_value) VALUES (254, 12, 30, NULL, 'Červenka', NULL);
INSERT INTO special_bet (id, user_id, rule_id, team_value_id, string_value, int_value) VALUES (255, 16, 30, NULL, 'Sklenička', NULL);

-- Tournament: MS 2022
INSERT INTO tournament (id, name, year, slug, status, created_at) VALUES (6, 'MS 2022', 2022, 'ms-2022', 'finished', '2024-01-01 00:00:00');
INSERT INTO rule_set (id, tournament_id, winner_base_points, wrong_opponent_bonus, exact_score_bonus, prizes) VALUES (6, 6, 1.0, 0.25, 2.0, '{"1": 300, "2": 150, "3": 50}');
INSERT INTO "match" (id, tournament_id, home_team_id, away_team_id, phase, played_at, home_score, away_score, is_finished) VALUES (285, 6, 9, 22, 'group_stage', '2022-05-13 15:20:00', 2, 4, true);
INSERT INTO "match" (id, tournament_id, home_team_id, away_team_id, phase, played_at, home_score, away_score, is_finished) VALUES (286, 6, 24, 15, 'group_stage', '2022-05-13 15:20:00', 4, 1, true);
INSERT INTO "match" (id, tournament_id, home_team_id, away_team_id, phase, played_at, home_score, away_score, is_finished) VALUES (287, 6, 11, 4, 'group_stage', '2022-05-13 19:20:00', 3, 5, true);
INSERT INTO "match" (id, tournament_id, home_team_id, away_team_id, phase, played_at, home_score, away_score, is_finished) VALUES (288, 6, 8, 16, 'group_stage', '2022-05-13 19:20:00', 5, 0, true);
INSERT INTO "match" (id, tournament_id, home_team_id, away_team_id, phase, played_at, home_score, away_score, is_finished) VALUES (289, 6, 7, 14, 'group_stage', '2022-05-14 11:20:00', 9, 1, true);
INSERT INTO "match" (id, tournament_id, home_team_id, away_team_id, phase, played_at, home_score, away_score, is_finished) VALUES (290, 6, 23, 1, 'group_stage', '2022-05-14 11:20:00', 3, 1, true);
INSERT INTO "match" (id, tournament_id, home_team_id, away_team_id, phase, played_at, home_score, away_score, is_finished) VALUES (291, 6, 21, 13, 'group_stage', '2022-05-14 15:20:00', 5, 2, true);
INSERT INTO "match" (id, tournament_id, home_team_id, away_team_id, phase, played_at, home_score, away_score, is_finished) VALUES (292, 6, 6, 10, 'group_stage', '2022-05-14 15:20:00', 5, 1, true);
INSERT INTO "match" (id, tournament_id, home_team_id, away_team_id, phase, played_at, home_score, away_score, is_finished) VALUES (293, 6, 22, 11, 'group_stage', '2022-05-14 19:20:00', 1, 2, true);
INSERT INTO "match" (id, tournament_id, home_team_id, away_team_id, phase, played_at, home_score, away_score, is_finished) VALUES (294, 6, 15, 8, 'group_stage', '2022-05-14 19:20:00', 1, 2, true);
INSERT INTO "match" (id, tournament_id, home_team_id, away_team_id, phase, played_at, home_score, away_score, is_finished) VALUES (295, 6, 13, 4, 'group_stage', '2022-05-15 11:20:00', 1, 6, true);
INSERT INTO "match" (id, tournament_id, home_team_id, away_team_id, phase, played_at, home_score, away_score, is_finished) VALUES (296, 6, 16, 10, 'group_stage', '2022-05-15 11:20:00', 4, 3, true);
INSERT INTO "match" (id, tournament_id, home_team_id, away_team_id, phase, played_at, home_score, away_score, is_finished) VALUES (297, 6, 9, 14, 'group_stage', '2022-05-15 15:20:00', 2, 1, true);
INSERT INTO "match" (id, tournament_id, home_team_id, away_team_id, phase, played_at, home_score, away_score, is_finished) VALUES (298, 6, 1, 24, 'group_stage', '2022-05-15 15:20:00', 2, 3, true);
INSERT INTO "match" (id, tournament_id, home_team_id, away_team_id, phase, played_at, home_score, away_score, is_finished) VALUES (299, 6, 7, 21, 'group_stage', '2022-05-15 19:20:00', 0, 6, true);
INSERT INTO "match" (id, tournament_id, home_team_id, away_team_id, phase, played_at, home_score, away_score, is_finished) VALUES (300, 6, 6, 23, 'group_stage', '2022-05-15 19:20:00', 3, 5, true);
INSERT INTO "match" (id, tournament_id, home_team_id, away_team_id, phase, played_at, home_score, away_score, is_finished) VALUES (301, 6, 22, 4, 'group_stage', '2022-05-16 15:20:00', 1, 5, true);
INSERT INTO "match" (id, tournament_id, home_team_id, away_team_id, phase, played_at, home_score, away_score, is_finished) VALUES (302, 6, 15, 16, 'group_stage', '2022-05-16 15:20:00', 3, 2, true);
INSERT INTO "match" (id, tournament_id, home_team_id, away_team_id, phase, played_at, home_score, away_score, is_finished) VALUES (303, 6, 9, 11, 'group_stage', '2022-05-16 19:20:00', 2, 3, true);
INSERT INTO "match" (id, tournament_id, home_team_id, away_team_id, phase, played_at, home_score, away_score, is_finished) VALUES (304, 6, 8, 24, 'group_stage', '2022-05-16 19:20:00', 4, 1, true);
INSERT INTO "match" (id, tournament_id, home_team_id, away_team_id, phase, played_at, home_score, away_score, is_finished) VALUES (305, 6, 13, 7, 'group_stage', '2022-05-17 15:20:00', 1, 2, true);
INSERT INTO "match" (id, tournament_id, home_team_id, away_team_id, phase, played_at, home_score, away_score, is_finished) VALUES (306, 6, 6, 1, 'group_stage', '2022-05-17 15:20:00', 1, 2, true);
INSERT INTO "match" (id, tournament_id, home_team_id, away_team_id, phase, played_at, home_score, away_score, is_finished) VALUES (307, 6, 21, 14, 'group_stage', '2022-05-17 19:20:00', 3, 2, true);
INSERT INTO "match" (id, tournament_id, home_team_id, away_team_id, phase, played_at, home_score, away_score, is_finished) VALUES (308, 6, 23, 10, 'group_stage', '2022-05-17 19:20:00', 6, 0, true);
INSERT INTO "match" (id, tournament_id, home_team_id, away_team_id, phase, played_at, home_score, away_score, is_finished) VALUES (309, 6, 9, 13, 'group_stage', '2022-05-18 15:20:00', 2, 1, true);
INSERT INTO "match" (id, tournament_id, home_team_id, away_team_id, phase, played_at, home_score, away_score, is_finished) VALUES (310, 6, 16, 1, 'group_stage', '2022-05-18 15:20:00', 5, 3, true);
INSERT INTO "match" (id, tournament_id, home_team_id, away_team_id, phase, played_at, home_score, away_score, is_finished) VALUES (311, 6, 21, 22, 'group_stage', '2022-05-18 19:20:00', 5, 3, true);
INSERT INTO "match" (id, tournament_id, home_team_id, away_team_id, phase, played_at, home_score, away_score, is_finished) VALUES (312, 6, 8, 23, 'group_stage', '2022-05-18 19:20:00', 2, 3, true);
INSERT INTO "match" (id, tournament_id, home_team_id, away_team_id, phase, played_at, home_score, away_score, is_finished) VALUES (313, 6, 11, 7, 'group_stage', '2022-05-19 15:20:00', 1, 0, true);
INSERT INTO "match" (id, tournament_id, home_team_id, away_team_id, phase, played_at, home_score, away_score, is_finished) VALUES (314, 6, 10, 24, 'group_stage', '2022-05-19 15:20:00', 0, 3, true);
INSERT INTO "match" (id, tournament_id, home_team_id, away_team_id, phase, played_at, home_score, away_score, is_finished) VALUES (315, 6, 4, 14, 'group_stage', '2022-05-19 19:20:00', 6, 3, true);
INSERT INTO "match" (id, tournament_id, home_team_id, away_team_id, phase, played_at, home_score, away_score, is_finished) VALUES (316, 6, 6, 15, 'group_stage', '2022-05-19 19:20:00', 5, 1, true);
INSERT INTO "match" (id, tournament_id, home_team_id, away_team_id, phase, played_at, home_score, away_score, is_finished) VALUES (317, 6, 11, 13, 'group_stage', '2022-05-20 15:20:00', 9, 4, true);
INSERT INTO "match" (id, tournament_id, home_team_id, away_team_id, phase, played_at, home_score, away_score, is_finished) VALUES (318, 6, 10, 8, 'group_stage', '2022-05-20 15:20:00', 0, 6, true);
INSERT INTO "match" (id, tournament_id, home_team_id, away_team_id, phase, played_at, home_score, away_score, is_finished) VALUES (319, 6, 14, 22, 'group_stage', '2022-05-20 19:20:00', 3, 4, true);
INSERT INTO "match" (id, tournament_id, home_team_id, away_team_id, phase, played_at, home_score, away_score, is_finished) VALUES (320, 6, 15, 1, 'group_stage', '2022-05-20 19:20:00', 4, 3, true);
INSERT INTO "match" (id, tournament_id, home_team_id, away_team_id, phase, played_at, home_score, away_score, is_finished) VALUES (321, 6, 7, 9, 'group_stage', '2022-05-21 11:20:00', 3, 0, true);
INSERT INTO "match" (id, tournament_id, home_team_id, away_team_id, phase, played_at, home_score, away_score, is_finished) VALUES (322, 6, 24, 23, 'group_stage', '2022-05-21 11:20:00', 3, 2, true);
INSERT INTO "match" (id, tournament_id, home_team_id, away_team_id, phase, played_at, home_score, away_score, is_finished) VALUES (323, 6, 4, 21, 'group_stage', '2022-05-21 15:20:00', 3, 6, true);
INSERT INTO "match" (id, tournament_id, home_team_id, away_team_id, phase, played_at, home_score, away_score, is_finished) VALUES (324, 6, 1, 8, 'group_stage', '2022-05-21 15:20:00', 0, 3, true);
INSERT INTO "match" (id, tournament_id, home_team_id, away_team_id, phase, played_at, home_score, away_score, is_finished) VALUES (325, 6, 13, 22, 'group_stage', '2022-05-21 19:20:00', 1, 3, true);
INSERT INTO "match" (id, tournament_id, home_team_id, away_team_id, phase, played_at, home_score, away_score, is_finished) VALUES (326, 6, 16, 6, 'group_stage', '2022-05-21 19:20:00', 1, 4, true);
INSERT INTO "match" (id, tournament_id, home_team_id, away_team_id, phase, played_at, home_score, away_score, is_finished) VALUES (327, 6, 14, 11, 'group_stage', '2022-05-22 15:20:00', 4, 5, true);
INSERT INTO "match" (id, tournament_id, home_team_id, away_team_id, phase, played_at, home_score, away_score, is_finished) VALUES (328, 6, 10, 15, 'group_stage', '2022-05-22 15:20:00', 3, 4, true);
INSERT INTO "match" (id, tournament_id, home_team_id, away_team_id, phase, played_at, home_score, away_score, is_finished) VALUES (329, 6, 21, 9, 'group_stage', '2022-05-22 19:20:00', 5, 2, true);
INSERT INTO "match" (id, tournament_id, home_team_id, away_team_id, phase, played_at, home_score, away_score, is_finished) VALUES (330, 6, 23, 16, 'group_stage', '2022-05-22 19:20:00', 7, 1, true);
INSERT INTO "match" (id, tournament_id, home_team_id, away_team_id, phase, played_at, home_score, away_score, is_finished) VALUES (331, 6, 14, 13, 'group_stage', '2022-05-23 15:20:00', 5, 2, true);
INSERT INTO "match" (id, tournament_id, home_team_id, away_team_id, phase, played_at, home_score, away_score, is_finished) VALUES (332, 6, 24, 6, 'group_stage', '2022-05-23 15:20:00', 0, 1, true);
INSERT INTO "match" (id, tournament_id, home_team_id, away_team_id, phase, played_at, home_score, away_score, is_finished) VALUES (333, 6, 4, 7, 'group_stage', '2022-05-23 19:20:00', 2, 3, true);
INSERT INTO "match" (id, tournament_id, home_team_id, away_team_id, phase, played_at, home_score, away_score, is_finished) VALUES (334, 6, 1, 10, 'group_stage', '2022-05-23 19:20:00', 5, 3, true);
INSERT INTO "match" (id, tournament_id, home_team_id, away_team_id, phase, played_at, home_score, away_score, is_finished) VALUES (335, 6, 11, 21, 'group_stage', '2022-05-24 11:20:00', 3, 4, true);
INSERT INTO "match" (id, tournament_id, home_team_id, away_team_id, phase, played_at, home_score, away_score, is_finished) VALUES (336, 6, 23, 15, 'group_stage', '2022-05-24 11:20:00', 1, 0, true);
INSERT INTO "match" (id, tournament_id, home_team_id, away_team_id, phase, played_at, home_score, away_score, is_finished) VALUES (337, 6, 22, 7, 'group_stage', '2022-05-24 15:20:00', 7, 1, true);
INSERT INTO "match" (id, tournament_id, home_team_id, away_team_id, phase, played_at, home_score, away_score, is_finished) VALUES (338, 6, 24, 16, 'group_stage', '2022-05-24 15:20:00', 4, 2, true);
INSERT INTO "match" (id, tournament_id, home_team_id, away_team_id, phase, played_at, home_score, away_score, is_finished) VALUES (339, 6, 4, 9, 'group_stage', '2022-05-24 19:20:00', 7, 1, true);
INSERT INTO "match" (id, tournament_id, home_team_id, away_team_id, phase, played_at, home_score, away_score, is_finished) VALUES (340, 6, 8, 6, 'group_stage', '2022-05-24 19:20:00', 3, 0, true);
INSERT INTO "match" (id, tournament_id, home_team_id, away_team_id, phase, played_at, home_score, away_score, is_finished) VALUES (341, 6, 11, 6, 'group_stage', '2022-05-26 15:20:00', 1, 4, true);
INSERT INTO "match" (id, tournament_id, home_team_id, away_team_id, phase, played_at, home_score, away_score, is_finished) VALUES (342, 6, 23, 4, 'group_stage', '2022-05-26 15:20:00', 3, 4, true);
INSERT INTO "match" (id, tournament_id, home_team_id, away_team_id, phase, played_at, home_score, away_score, is_finished) VALUES (343, 6, 21, 24, 'group_stage', '2022-05-26 19:20:00', 0, 3, true);
INSERT INTO "match" (id, tournament_id, home_team_id, away_team_id, phase, played_at, home_score, away_score, is_finished) VALUES (344, 6, 8, 22, 'group_stage', '2022-05-26 19:20:00', 4, 2, true);
INSERT INTO "match" (id, tournament_id, home_team_id, away_team_id, phase, played_at, home_score, away_score, is_finished) VALUES (345, 6, 8, 24, 'semifinal', '2022-05-28 13:20:00', 4, 3, true);
INSERT INTO "match" (id, tournament_id, home_team_id, away_team_id, phase, played_at, home_score, away_score, is_finished) VALUES (346, 6, 4, 6, 'semifinal', '2022-05-28 17:20:00', 6, 1, true);
INSERT INTO "match" (id, tournament_id, home_team_id, away_team_id, phase, played_at, home_score, away_score, is_finished) VALUES (347, 6, 6, 24, 'bronze_medal', '2022-05-29 14:20:00', 8, 4, true);
INSERT INTO "match" (id, tournament_id, home_team_id, away_team_id, phase, played_at, home_score, away_score, is_finished) VALUES (348, 6, 8, 4, 'gold_medal', '2022-05-29 19:20:00', 4, 3, true);
INSERT INTO prediction (id, user_id, game_id, home_score, away_score, created_at, updated_at) VALUES (2352, 11, 285, 2, 4, '2024-01-01 00:00:00', NULL);
INSERT INTO prediction (id, user_id, game_id, home_score, away_score, created_at, updated_at) VALUES (2353, 14, 285, 2, 3, '2024-01-01 00:00:00', NULL);
INSERT INTO prediction (id, user_id, game_id, home_score, away_score, created_at, updated_at) VALUES (2354, 8, 285, 2, 4, '2024-01-01 00:00:00', NULL);
INSERT INTO prediction (id, user_id, game_id, home_score, away_score, created_at, updated_at) VALUES (2355, 12, 285, 2, 5, '2024-01-01 00:00:00', NULL);
INSERT INTO prediction (id, user_id, game_id, home_score, away_score, created_at, updated_at) VALUES (2356, 16, 285, 1, 3, '2024-01-01 00:00:00', NULL);
INSERT INTO prediction (id, user_id, game_id, home_score, away_score, created_at, updated_at) VALUES (2357, 15, 285, 2, 5, '2024-01-01 00:00:00', NULL);
INSERT INTO prediction (id, user_id, game_id, home_score, away_score, created_at, updated_at) VALUES (2358, 6, 285, 2, 3, '2024-01-01 00:00:00', NULL);
INSERT INTO prediction (id, user_id, game_id, home_score, away_score, created_at, updated_at) VALUES (2359, 10, 285, 1, 4, '2024-01-01 00:00:00', NULL);
INSERT INTO prediction (id, user_id, game_id, home_score, away_score, created_at, updated_at) VALUES (2360, 11, 286, 3, 0, '2024-01-01 00:00:00', NULL);
INSERT INTO prediction (id, user_id, game_id, home_score, away_score, created_at, updated_at) VALUES (2361, 14, 286, 5, 1, '2024-01-01 00:00:00', NULL);
INSERT INTO prediction (id, user_id, game_id, home_score, away_score, created_at, updated_at) VALUES (2362, 8, 286, 3, 1, '2024-01-01 00:00:00', NULL);
INSERT INTO prediction (id, user_id, game_id, home_score, away_score, created_at, updated_at) VALUES (2363, 12, 286, 4, 2, '2024-01-01 00:00:00', NULL);
INSERT INTO prediction (id, user_id, game_id, home_score, away_score, created_at, updated_at) VALUES (2364, 16, 286, 4, 2, '2024-01-01 00:00:00', NULL);
INSERT INTO prediction (id, user_id, game_id, home_score, away_score, created_at, updated_at) VALUES (2365, 15, 286, 3, 1, '2024-01-01 00:00:00', NULL);
INSERT INTO prediction (id, user_id, game_id, home_score, away_score, created_at, updated_at) VALUES (2366, 6, 286, 3, 2, '2024-01-01 00:00:00', NULL);
INSERT INTO prediction (id, user_id, game_id, home_score, away_score, created_at, updated_at) VALUES (2367, 10, 286, 4, 2, '2024-01-01 00:00:00', NULL);
INSERT INTO prediction (id, user_id, game_id, home_score, away_score, created_at, updated_at) VALUES (2368, 11, 287, 3, 4, '2024-01-01 00:00:00', NULL);
INSERT INTO prediction (id, user_id, game_id, home_score, away_score, created_at, updated_at) VALUES (2369, 14, 287, 3, 4, '2024-01-01 00:00:00', NULL);
INSERT INTO prediction (id, user_id, game_id, home_score, away_score, created_at, updated_at) VALUES (2370, 8, 287, 2, 6, '2024-01-01 00:00:00', NULL);
INSERT INTO prediction (id, user_id, game_id, home_score, away_score, created_at, updated_at) VALUES (2371, 12, 287, 2, 4, '2024-01-01 00:00:00', NULL);
INSERT INTO prediction (id, user_id, game_id, home_score, away_score, created_at, updated_at) VALUES (2372, 16, 287, 1, 4, '2024-01-01 00:00:00', NULL);
INSERT INTO prediction (id, user_id, game_id, home_score, away_score, created_at, updated_at) VALUES (2373, 15, 287, 1, 4, '2024-01-01 00:00:00', NULL);
INSERT INTO prediction (id, user_id, game_id, home_score, away_score, created_at, updated_at) VALUES (2374, 6, 287, 2, 3, '2024-01-01 00:00:00', NULL);
INSERT INTO prediction (id, user_id, game_id, home_score, away_score, created_at, updated_at) VALUES (2375, 10, 287, 1, 3, '2024-01-01 00:00:00', NULL);
INSERT INTO prediction (id, user_id, game_id, home_score, away_score, created_at, updated_at) VALUES (2376, 11, 288, 3, 0, '2024-01-01 00:00:00', NULL);
INSERT INTO prediction (id, user_id, game_id, home_score, away_score, created_at, updated_at) VALUES (2377, 14, 288, 5, 2, '2024-01-01 00:00:00', NULL);
INSERT INTO prediction (id, user_id, game_id, home_score, away_score, created_at, updated_at) VALUES (2378, 8, 288, 4, 1, '2024-01-01 00:00:00', NULL);
INSERT INTO prediction (id, user_id, game_id, home_score, away_score, created_at, updated_at) VALUES (2379, 12, 288, 3, 1, '2024-01-01 00:00:00', NULL);
INSERT INTO prediction (id, user_id, game_id, home_score, away_score, created_at, updated_at) VALUES (2380, 16, 288, 3, 2, '2024-01-01 00:00:00', NULL);
INSERT INTO prediction (id, user_id, game_id, home_score, away_score, created_at, updated_at) VALUES (2381, 15, 288, 3, 0, '2024-01-01 00:00:00', NULL);
INSERT INTO prediction (id, user_id, game_id, home_score, away_score, created_at, updated_at) VALUES (2382, 6, 288, 5, 1, '2024-01-01 00:00:00', NULL);
INSERT INTO prediction (id, user_id, game_id, home_score, away_score, created_at, updated_at) VALUES (2383, 10, 288, 3, 0, '2024-01-01 00:00:00', NULL);
INSERT INTO prediction (id, user_id, game_id, home_score, away_score, created_at, updated_at) VALUES (2384, 11, 289, 4, 3, '2024-01-01 00:00:00', NULL);
INSERT INTO prediction (id, user_id, game_id, home_score, away_score, created_at, updated_at) VALUES (2385, 14, 289, 4, 2, '2024-01-01 00:00:00', NULL);
INSERT INTO prediction (id, user_id, game_id, home_score, away_score, created_at, updated_at) VALUES (2386, 8, 289, 3, 1, '2024-01-01 00:00:00', NULL);
INSERT INTO prediction (id, user_id, game_id, home_score, away_score, created_at, updated_at) VALUES (2387, 12, 289, 3, 1, '2024-01-01 00:00:00', NULL);
INSERT INTO prediction (id, user_id, game_id, home_score, away_score, created_at, updated_at) VALUES (2388, 16, 289, 2, 1, '2024-01-01 00:00:00', NULL);
INSERT INTO prediction (id, user_id, game_id, home_score, away_score, created_at, updated_at) VALUES (2389, 15, 289, 4, 2, '2024-01-01 00:00:00', NULL);
INSERT INTO prediction (id, user_id, game_id, home_score, away_score, created_at, updated_at) VALUES (2390, 6, 289, 4, 2, '2024-01-01 00:00:00', NULL);
INSERT INTO prediction (id, user_id, game_id, home_score, away_score, created_at, updated_at) VALUES (2391, 10, 289, 0, 0, '2024-01-01 00:00:00', NULL);
INSERT INTO prediction (id, user_id, game_id, home_score, away_score, created_at, updated_at) VALUES (2392, 11, 290, 3, 2, '2024-01-01 00:00:00', NULL);
INSERT INTO prediction (id, user_id, game_id, home_score, away_score, created_at, updated_at) VALUES (2393, 14, 290, 7, 1, '2024-01-01 00:00:00', NULL);
INSERT INTO prediction (id, user_id, game_id, home_score, away_score, created_at, updated_at) VALUES (2394, 8, 290, 5, 1, '2024-01-01 00:00:00', NULL);
INSERT INTO prediction (id, user_id, game_id, home_score, away_score, created_at, updated_at) VALUES (2395, 12, 290, 5, 1, '2024-01-01 00:00:00', NULL);
INSERT INTO prediction (id, user_id, game_id, home_score, away_score, created_at, updated_at) VALUES (2396, 16, 290, 4, 1, '2024-01-01 00:00:00', NULL);
INSERT INTO prediction (id, user_id, game_id, home_score, away_score, created_at, updated_at) VALUES (2397, 15, 290, 5, 1, '2024-01-01 00:00:00', NULL);
INSERT INTO prediction (id, user_id, game_id, home_score, away_score, created_at, updated_at) VALUES (2398, 6, 290, 5, 0, '2024-01-01 00:00:00', NULL);
INSERT INTO prediction (id, user_id, game_id, home_score, away_score, created_at, updated_at) VALUES (2399, 10, 290, 0, 0, '2024-01-01 00:00:00', NULL);
INSERT INTO prediction (id, user_id, game_id, home_score, away_score, created_at, updated_at) VALUES (2400, 11, 291, 4, 0, '2024-01-01 00:00:00', NULL);
INSERT INTO prediction (id, user_id, game_id, home_score, away_score, created_at, updated_at) VALUES (2401, 14, 291, 5, 1, '2024-01-01 00:00:00', NULL);
INSERT INTO prediction (id, user_id, game_id, home_score, away_score, created_at, updated_at) VALUES (2402, 8, 291, 5, 1, '2024-01-01 00:00:00', NULL);
INSERT INTO prediction (id, user_id, game_id, home_score, away_score, created_at, updated_at) VALUES (2403, 12, 291, 5, 0, '2024-01-01 00:00:00', NULL);
INSERT INTO prediction (id, user_id, game_id, home_score, away_score, created_at, updated_at) VALUES (2404, 16, 291, 6, 1, '2024-01-01 00:00:00', NULL);
INSERT INTO prediction (id, user_id, game_id, home_score, away_score, created_at, updated_at) VALUES (2405, 15, 291, 5, 0, '2024-01-01 00:00:00', NULL);
INSERT INTO prediction (id, user_id, game_id, home_score, away_score, created_at, updated_at) VALUES (2406, 6, 291, 6, 0, '2024-01-01 00:00:00', NULL);
INSERT INTO prediction (id, user_id, game_id, home_score, away_score, created_at, updated_at) VALUES (2407, 10, 291, 7, 2, '2024-01-01 00:00:00', NULL);
INSERT INTO prediction (id, user_id, game_id, home_score, away_score, created_at, updated_at) VALUES (2408, 11, 292, 5, 1, '2024-01-01 00:00:00', NULL);
INSERT INTO prediction (id, user_id, game_id, home_score, away_score, created_at, updated_at) VALUES (2409, 14, 292, 6, 0, '2024-01-01 00:00:00', NULL);
INSERT INTO prediction (id, user_id, game_id, home_score, away_score, created_at, updated_at) VALUES (2410, 8, 292, 8, 0, '2024-01-01 00:00:00', NULL);
INSERT INTO prediction (id, user_id, game_id, home_score, away_score, created_at, updated_at) VALUES (2411, 12, 292, 6, 0, '2024-01-01 00:00:00', NULL);
INSERT INTO prediction (id, user_id, game_id, home_score, away_score, created_at, updated_at) VALUES (2412, 16, 292, 5, 1, '2024-01-01 00:00:00', NULL);
INSERT INTO prediction (id, user_id, game_id, home_score, away_score, created_at, updated_at) VALUES (2413, 15, 292, 6, 0, '2024-01-01 00:00:00', NULL);
INSERT INTO prediction (id, user_id, game_id, home_score, away_score, created_at, updated_at) VALUES (2414, 6, 292, 7, 0, '2024-01-01 00:00:00', NULL);
INSERT INTO prediction (id, user_id, game_id, home_score, away_score, created_at, updated_at) VALUES (2415, 10, 292, 5, 1, '2024-01-01 00:00:00', NULL);
INSERT INTO prediction (id, user_id, game_id, home_score, away_score, created_at, updated_at) VALUES (2416, 11, 293, 3, 2, '2024-01-01 00:00:00', NULL);
INSERT INTO prediction (id, user_id, game_id, home_score, away_score, created_at, updated_at) VALUES (2417, 14, 293, 3, 4, '2024-01-01 00:00:00', NULL);
INSERT INTO prediction (id, user_id, game_id, home_score, away_score, created_at, updated_at) VALUES (2418, 8, 293, 2, 4, '2024-01-01 00:00:00', NULL);
INSERT INTO prediction (id, user_id, game_id, home_score, away_score, created_at, updated_at) VALUES (2419, 12, 293, 3, 1, '2024-01-01 00:00:00', NULL);
INSERT INTO prediction (id, user_id, game_id, home_score, away_score, created_at, updated_at) VALUES (2420, 16, 293, 3, 2, '2024-01-01 00:00:00', NULL);
INSERT INTO prediction (id, user_id, game_id, home_score, away_score, created_at, updated_at) VALUES (2421, 15, 293, 3, 2, '2024-01-01 00:00:00', NULL);
INSERT INTO prediction (id, user_id, game_id, home_score, away_score, created_at, updated_at) VALUES (2422, 6, 293, 2, 4, '2024-01-01 00:00:00', NULL);
INSERT INTO prediction (id, user_id, game_id, home_score, away_score, created_at, updated_at) VALUES (2423, 10, 293, 4, 3, '2024-01-01 00:00:00', NULL);
INSERT INTO prediction (id, user_id, game_id, home_score, away_score, created_at, updated_at) VALUES (2424, 11, 294, 2, 3, '2024-01-01 00:00:00', NULL);
INSERT INTO prediction (id, user_id, game_id, home_score, away_score, created_at, updated_at) VALUES (2425, 14, 294, 1, 4, '2024-01-01 00:00:00', NULL);
INSERT INTO prediction (id, user_id, game_id, home_score, away_score, created_at, updated_at) VALUES (2426, 8, 294, 1, 3, '2024-01-01 00:00:00', NULL);
INSERT INTO prediction (id, user_id, game_id, home_score, away_score, created_at, updated_at) VALUES (2427, 12, 294, 1, 4, '2024-01-01 00:00:00', NULL);
INSERT INTO prediction (id, user_id, game_id, home_score, away_score, created_at, updated_at) VALUES (2428, 16, 294, 2, 4, '2024-01-01 00:00:00', NULL);
INSERT INTO prediction (id, user_id, game_id, home_score, away_score, created_at, updated_at) VALUES (2429, 15, 294, 1, 5, '2024-01-01 00:00:00', NULL);
INSERT INTO prediction (id, user_id, game_id, home_score, away_score, created_at, updated_at) VALUES (2430, 6, 294, 2, 5, '2024-01-01 00:00:00', NULL);
INSERT INTO prediction (id, user_id, game_id, home_score, away_score, created_at, updated_at) VALUES (2431, 10, 294, 1, 3, '2024-01-01 00:00:00', NULL);
INSERT INTO prediction (id, user_id, game_id, home_score, away_score, created_at, updated_at) VALUES (2432, 11, 295, 1, 7, '2024-01-01 00:00:00', NULL);
INSERT INTO prediction (id, user_id, game_id, home_score, away_score, created_at, updated_at) VALUES (2433, 14, 295, 0, 6, '2024-01-01 00:00:00', NULL);
INSERT INTO prediction (id, user_id, game_id, home_score, away_score, created_at, updated_at) VALUES (2434, 8, 295, 1, 10, '2024-01-01 00:00:00', NULL);
INSERT INTO prediction (id, user_id, game_id, home_score, away_score, created_at, updated_at) VALUES (2435, 12, 295, 1, 7, '2024-01-01 00:00:00', NULL);
INSERT INTO prediction (id, user_id, game_id, home_score, away_score, created_at, updated_at) VALUES (2436, 16, 295, 0, 8, '2024-01-01 00:00:00', NULL);
INSERT INTO prediction (id, user_id, game_id, home_score, away_score, created_at, updated_at) VALUES (2437, 15, 295, 1, 5, '2024-01-01 00:00:00', NULL);
INSERT INTO prediction (id, user_id, game_id, home_score, away_score, created_at, updated_at) VALUES (2438, 6, 295, 0, 7, '2024-01-01 00:00:00', NULL);
INSERT INTO prediction (id, user_id, game_id, home_score, away_score, created_at, updated_at) VALUES (2439, 10, 295, 1, 8, '2024-01-01 00:00:00', NULL);
INSERT INTO prediction (id, user_id, game_id, home_score, away_score, created_at, updated_at) VALUES (2440, 11, 296, 3, 2, '2024-01-01 00:00:00', NULL);
INSERT INTO prediction (id, user_id, game_id, home_score, away_score, created_at, updated_at) VALUES (2441, 14, 296, 4, 2, '2024-01-01 00:00:00', NULL);
INSERT INTO prediction (id, user_id, game_id, home_score, away_score, created_at, updated_at) VALUES (2442, 8, 296, 3, 1, '2024-01-01 00:00:00', NULL);
INSERT INTO prediction (id, user_id, game_id, home_score, away_score, created_at, updated_at) VALUES (2443, 12, 296, 4, 1, '2024-01-01 00:00:00', NULL);
INSERT INTO prediction (id, user_id, game_id, home_score, away_score, created_at, updated_at) VALUES (2444, 16, 296, 6, 2, '2024-01-01 00:00:00', NULL);
INSERT INTO prediction (id, user_id, game_id, home_score, away_score, created_at, updated_at) VALUES (2445, 15, 296, 3, 1, '2024-01-01 00:00:00', NULL);
INSERT INTO prediction (id, user_id, game_id, home_score, away_score, created_at, updated_at) VALUES (2446, 6, 296, 3, 1, '2024-01-01 00:00:00', NULL);
INSERT INTO prediction (id, user_id, game_id, home_score, away_score, created_at, updated_at) VALUES (2447, 10, 296, 7, 2, '2024-01-01 00:00:00', NULL);
INSERT INTO prediction (id, user_id, game_id, home_score, away_score, created_at, updated_at) VALUES (2448, 11, 297, 4, 0, '2024-01-01 00:00:00', NULL);
INSERT INTO prediction (id, user_id, game_id, home_score, away_score, created_at, updated_at) VALUES (2449, 14, 297, 5, 3, '2024-01-01 00:00:00', NULL);
INSERT INTO prediction (id, user_id, game_id, home_score, away_score, created_at, updated_at) VALUES (2450, 8, 297, 4, 2, '2024-01-01 00:00:00', NULL);
INSERT INTO prediction (id, user_id, game_id, home_score, away_score, created_at, updated_at) VALUES (2451, 12, 297, 4, 2, '2024-01-01 00:00:00', NULL);
INSERT INTO prediction (id, user_id, game_id, home_score, away_score, created_at, updated_at) VALUES (2452, 16, 297, 4, 2, '2024-01-01 00:00:00', NULL);
INSERT INTO prediction (id, user_id, game_id, home_score, away_score, created_at, updated_at) VALUES (2453, 15, 297, 4, 0, '2024-01-01 00:00:00', NULL);
INSERT INTO prediction (id, user_id, game_id, home_score, away_score, created_at, updated_at) VALUES (2454, 6, 297, 4, 2, '2024-01-01 00:00:00', NULL);
INSERT INTO prediction (id, user_id, game_id, home_score, away_score, created_at, updated_at) VALUES (2455, 10, 297, 5, 3, '2024-01-01 00:00:00', NULL);
INSERT INTO prediction (id, user_id, game_id, home_score, away_score, created_at, updated_at) VALUES (2456, 11, 298, 2, 5, '2024-01-01 00:00:00', NULL);
INSERT INTO prediction (id, user_id, game_id, home_score, away_score, created_at, updated_at) VALUES (2457, 14, 298, 1, 7, '2024-01-01 00:00:00', NULL);
INSERT INTO prediction (id, user_id, game_id, home_score, away_score, created_at, updated_at) VALUES (2458, 8, 298, 1, 5, '2024-01-01 00:00:00', NULL);
INSERT INTO prediction (id, user_id, game_id, home_score, away_score, created_at, updated_at) VALUES (2459, 12, 298, 1, 6, '2024-01-01 00:00:00', NULL);
INSERT INTO prediction (id, user_id, game_id, home_score, away_score, created_at, updated_at) VALUES (2460, 16, 298, 1, 5, '2024-01-01 00:00:00', NULL);
INSERT INTO prediction (id, user_id, game_id, home_score, away_score, created_at, updated_at) VALUES (2461, 15, 298, 1, 6, '2024-01-01 00:00:00', NULL);
INSERT INTO prediction (id, user_id, game_id, home_score, away_score, created_at, updated_at) VALUES (2462, 6, 298, 2, 4, '2024-01-01 00:00:00', NULL);
INSERT INTO prediction (id, user_id, game_id, home_score, away_score, created_at, updated_at) VALUES (2463, 10, 298, 2, 6, '2024-01-01 00:00:00', NULL);
INSERT INTO prediction (id, user_id, game_id, home_score, away_score, created_at, updated_at) VALUES (2464, 11, 299, 1, 3, '2024-01-01 00:00:00', NULL);
INSERT INTO prediction (id, user_id, game_id, home_score, away_score, created_at, updated_at) VALUES (2465, 14, 299, 2, 5, '2024-01-01 00:00:00', NULL);
INSERT INTO prediction (id, user_id, game_id, home_score, away_score, created_at, updated_at) VALUES (2466, 8, 299, 1, 4, '2024-01-01 00:00:00', NULL);
INSERT INTO prediction (id, user_id, game_id, home_score, away_score, created_at, updated_at) VALUES (2467, 12, 299, 2, 3, '2024-01-01 00:00:00', NULL);
INSERT INTO prediction (id, user_id, game_id, home_score, away_score, created_at, updated_at) VALUES (2468, 16, 299, 2, 4, '2024-01-01 00:00:00', NULL);
INSERT INTO prediction (id, user_id, game_id, home_score, away_score, created_at, updated_at) VALUES (2469, 15, 299, 3, 2, '2024-01-01 00:00:00', NULL);
INSERT INTO prediction (id, user_id, game_id, home_score, away_score, created_at, updated_at) VALUES (2470, 6, 299, 1, 2, '2024-01-01 00:00:00', NULL);
INSERT INTO prediction (id, user_id, game_id, home_score, away_score, created_at, updated_at) VALUES (2471, 10, 299, 1, 4, '2024-01-01 00:00:00', NULL);
INSERT INTO prediction (id, user_id, game_id, home_score, away_score, created_at, updated_at) VALUES (2472, 11, 300, 2, 1, '2024-01-01 00:00:00', NULL);
INSERT INTO prediction (id, user_id, game_id, home_score, away_score, created_at, updated_at) VALUES (2473, 14, 300, 3, 2, '2024-01-01 00:00:00', NULL);
INSERT INTO prediction (id, user_id, game_id, home_score, away_score, created_at, updated_at) VALUES (2474, 8, 300, 4, 1, '2024-01-01 00:00:00', NULL);
INSERT INTO prediction (id, user_id, game_id, home_score, away_score, created_at, updated_at) VALUES (2475, 12, 300, 3, 2, '2024-01-01 00:00:00', NULL);
INSERT INTO prediction (id, user_id, game_id, home_score, away_score, created_at, updated_at) VALUES (2476, 16, 300, 3, 2, '2024-01-01 00:00:00', NULL);
INSERT INTO prediction (id, user_id, game_id, home_score, away_score, created_at, updated_at) VALUES (2477, 15, 300, 2, 3, '2024-01-01 00:00:00', NULL);
INSERT INTO prediction (id, user_id, game_id, home_score, away_score, created_at, updated_at) VALUES (2478, 6, 300, 2, 1, '2024-01-01 00:00:00', NULL);
INSERT INTO prediction (id, user_id, game_id, home_score, away_score, created_at, updated_at) VALUES (2479, 10, 300, 3, 2, '2024-01-01 00:00:00', NULL);
INSERT INTO prediction (id, user_id, game_id, home_score, away_score, created_at, updated_at) VALUES (2480, 11, 301, 2, 3, '2024-01-01 00:00:00', NULL);
INSERT INTO prediction (id, user_id, game_id, home_score, away_score, created_at, updated_at) VALUES (2481, 14, 301, 2, 4, '2024-01-01 00:00:00', NULL);
INSERT INTO prediction (id, user_id, game_id, home_score, away_score, created_at, updated_at) VALUES (2482, 8, 301, 2, 5, '2024-01-01 00:00:00', NULL);
INSERT INTO prediction (id, user_id, game_id, home_score, away_score, created_at, updated_at) VALUES (2483, 12, 301, 2, 4, '2024-01-01 00:00:00', NULL);
INSERT INTO prediction (id, user_id, game_id, home_score, away_score, created_at, updated_at) VALUES (2484, 16, 301, 2, 4, '2024-01-01 00:00:00', NULL);
INSERT INTO prediction (id, user_id, game_id, home_score, away_score, created_at, updated_at) VALUES (2485, 15, 301, 3, 4, '2024-01-01 00:00:00', NULL);
INSERT INTO prediction (id, user_id, game_id, home_score, away_score, created_at, updated_at) VALUES (2486, 6, 301, 1, 5, '2024-01-01 00:00:00', NULL);
INSERT INTO prediction (id, user_id, game_id, home_score, away_score, created_at, updated_at) VALUES (2487, 10, 301, 2, 6, '2024-01-01 00:00:00', NULL);
INSERT INTO prediction (id, user_id, game_id, home_score, away_score, created_at, updated_at) VALUES (2488, 11, 302, 3, 2, '2024-01-01 00:00:00', NULL);
INSERT INTO prediction (id, user_id, game_id, home_score, away_score, created_at, updated_at) VALUES (2489, 14, 302, 3, 1, '2024-01-01 00:00:00', NULL);
INSERT INTO prediction (id, user_id, game_id, home_score, away_score, created_at, updated_at) VALUES (2490, 8, 302, 3, 1, '2024-01-01 00:00:00', NULL);
INSERT INTO prediction (id, user_id, game_id, home_score, away_score, created_at, updated_at) VALUES (2491, 12, 302, 3, 2, '2024-01-01 00:00:00', NULL);
INSERT INTO prediction (id, user_id, game_id, home_score, away_score, created_at, updated_at) VALUES (2492, 16, 302, 2, 3, '2024-01-01 00:00:00', NULL);
INSERT INTO prediction (id, user_id, game_id, home_score, away_score, created_at, updated_at) VALUES (2493, 15, 302, 4, 1, '2024-01-01 00:00:00', NULL);
INSERT INTO prediction (id, user_id, game_id, home_score, away_score, created_at, updated_at) VALUES (2494, 6, 302, 3, 1, '2024-01-01 00:00:00', NULL);
INSERT INTO prediction (id, user_id, game_id, home_score, away_score, created_at, updated_at) VALUES (2495, 10, 302, 4, 1, '2024-01-01 00:00:00', NULL);
INSERT INTO prediction (id, user_id, game_id, home_score, away_score, created_at, updated_at) VALUES (2496, 11, 303, 0, 3, '2024-01-01 00:00:00', NULL);
INSERT INTO prediction (id, user_id, game_id, home_score, away_score, created_at, updated_at) VALUES (2497, 14, 303, 2, 3, '2024-01-01 00:00:00', NULL);
INSERT INTO prediction (id, user_id, game_id, home_score, away_score, created_at, updated_at) VALUES (2498, 8, 303, 1, 4, '2024-01-01 00:00:00', NULL);
INSERT INTO prediction (id, user_id, game_id, home_score, away_score, created_at, updated_at) VALUES (2499, 12, 303, 1, 3, '2024-01-01 00:00:00', NULL);
INSERT INTO prediction (id, user_id, game_id, home_score, away_score, created_at, updated_at) VALUES (2500, 16, 303, 1, 4, '2024-01-01 00:00:00', NULL);
INSERT INTO prediction (id, user_id, game_id, home_score, away_score, created_at, updated_at) VALUES (2501, 15, 303, 1, 5, '2024-01-01 00:00:00', NULL);
INSERT INTO prediction (id, user_id, game_id, home_score, away_score, created_at, updated_at) VALUES (2502, 6, 303, 2, 4, '2024-01-01 00:00:00', NULL);
INSERT INTO prediction (id, user_id, game_id, home_score, away_score, created_at, updated_at) VALUES (2503, 10, 303, 0, 4, '2024-01-01 00:00:00', NULL);
INSERT INTO prediction (id, user_id, game_id, home_score, away_score, created_at, updated_at) VALUES (2504, 11, 304, 3, 2, '2024-01-01 00:00:00', NULL);
INSERT INTO prediction (id, user_id, game_id, home_score, away_score, created_at, updated_at) VALUES (2505, 14, 304, 4, 2, '2024-01-01 00:00:00', NULL);
INSERT INTO prediction (id, user_id, game_id, home_score, away_score, created_at, updated_at) VALUES (2506, 8, 304, 3, 2, '2024-01-01 00:00:00', NULL);
INSERT INTO prediction (id, user_id, game_id, home_score, away_score, created_at, updated_at) VALUES (2507, 12, 304, 3, 2, '2024-01-01 00:00:00', NULL);
INSERT INTO prediction (id, user_id, game_id, home_score, away_score, created_at, updated_at) VALUES (2508, 16, 304, 4, 2, '2024-01-01 00:00:00', NULL);
INSERT INTO prediction (id, user_id, game_id, home_score, away_score, created_at, updated_at) VALUES (2509, 15, 304, 3, 2, '2024-01-01 00:00:00', NULL);
INSERT INTO prediction (id, user_id, game_id, home_score, away_score, created_at, updated_at) VALUES (2510, 6, 304, 3, 1, '2024-01-01 00:00:00', NULL);
INSERT INTO prediction (id, user_id, game_id, home_score, away_score, created_at, updated_at) VALUES (2511, 10, 304, 2, 1, '2024-01-01 00:00:00', NULL);
INSERT INTO prediction (id, user_id, game_id, home_score, away_score, created_at, updated_at) VALUES (2512, 11, 305, 0, 2, '2024-01-01 00:00:00', NULL);
INSERT INTO prediction (id, user_id, game_id, home_score, away_score, created_at, updated_at) VALUES (2513, 14, 305, 2, 5, '2024-01-01 00:00:00', NULL);
INSERT INTO prediction (id, user_id, game_id, home_score, away_score, created_at, updated_at) VALUES (2514, 8, 305, 2, 4, '2024-01-01 00:00:00', NULL);
INSERT INTO prediction (id, user_id, game_id, home_score, away_score, created_at, updated_at) VALUES (2515, 12, 305, 2, 6, '2024-01-01 00:00:00', NULL);
INSERT INTO prediction (id, user_id, game_id, home_score, away_score, created_at, updated_at) VALUES (2516, 16, 305, 1, 5, '2024-01-01 00:00:00', NULL);
INSERT INTO prediction (id, user_id, game_id, home_score, away_score, created_at, updated_at) VALUES (2517, 15, 305, 1, 5, '2024-01-01 00:00:00', NULL);
INSERT INTO prediction (id, user_id, game_id, home_score, away_score, created_at, updated_at) VALUES (2518, 6, 305, 2, 4, '2024-01-01 00:00:00', NULL);
INSERT INTO prediction (id, user_id, game_id, home_score, away_score, created_at, updated_at) VALUES (2519, 10, 305, 1, 5, '2024-01-01 00:00:00', NULL);
INSERT INTO prediction (id, user_id, game_id, home_score, away_score, created_at, updated_at) VALUES (2520, 11, 306, 4, 1, '2024-01-01 00:00:00', NULL);
INSERT INTO prediction (id, user_id, game_id, home_score, away_score, created_at, updated_at) VALUES (2521, 14, 306, 6, 1, '2024-01-01 00:00:00', NULL);
INSERT INTO prediction (id, user_id, game_id, home_score, away_score, created_at, updated_at) VALUES (2522, 8, 306, 6, 1, '2024-01-01 00:00:00', NULL);
INSERT INTO prediction (id, user_id, game_id, home_score, away_score, created_at, updated_at) VALUES (2523, 12, 306, 5, 2, '2024-01-01 00:00:00', NULL);
INSERT INTO prediction (id, user_id, game_id, home_score, away_score, created_at, updated_at) VALUES (2524, 16, 306, 4, 2, '2024-01-01 00:00:00', NULL);
INSERT INTO prediction (id, user_id, game_id, home_score, away_score, created_at, updated_at) VALUES (2525, 15, 306, 5, 2, '2024-01-01 00:00:00', NULL);
INSERT INTO prediction (id, user_id, game_id, home_score, away_score, created_at, updated_at) VALUES (2526, 6, 306, 4, 2, '2024-01-01 00:00:00', NULL);
INSERT INTO prediction (id, user_id, game_id, home_score, away_score, created_at, updated_at) VALUES (2527, 10, 306, 4, 3, '2024-01-01 00:00:00', NULL);
INSERT INTO prediction (id, user_id, game_id, home_score, away_score, created_at, updated_at) VALUES (2528, 11, 307, 3, 0, '2024-01-01 00:00:00', NULL);
INSERT INTO prediction (id, user_id, game_id, home_score, away_score, created_at, updated_at) VALUES (2529, 14, 307, 5, 0, '2024-01-01 00:00:00', NULL);
INSERT INTO prediction (id, user_id, game_id, home_score, away_score, created_at, updated_at) VALUES (2530, 8, 307, 5, 1, '2024-01-01 00:00:00', NULL);
INSERT INTO prediction (id, user_id, game_id, home_score, away_score, created_at, updated_at) VALUES (2531, 12, 307, 7, 1, '2024-01-01 00:00:00', NULL);
INSERT INTO prediction (id, user_id, game_id, home_score, away_score, created_at, updated_at) VALUES (2532, 16, 307, 6, 1, '2024-01-01 00:00:00', NULL);
INSERT INTO prediction (id, user_id, game_id, home_score, away_score, created_at, updated_at) VALUES (2533, 15, 307, 6, 0, '2024-01-01 00:00:00', NULL);
INSERT INTO prediction (id, user_id, game_id, home_score, away_score, created_at, updated_at) VALUES (2534, 6, 307, 6, 1, '2024-01-01 00:00:00', NULL);
INSERT INTO prediction (id, user_id, game_id, home_score, away_score, created_at, updated_at) VALUES (2535, 10, 307, 6, 1, '2024-01-01 00:00:00', NULL);
INSERT INTO prediction (id, user_id, game_id, home_score, away_score, created_at, updated_at) VALUES (2536, 11, 308, 6, 1, '2024-01-01 00:00:00', NULL);
INSERT INTO prediction (id, user_id, game_id, home_score, away_score, created_at, updated_at) VALUES (2537, 14, 308, 8, 1, '2024-01-01 00:00:00', NULL);
INSERT INTO prediction (id, user_id, game_id, home_score, away_score, created_at, updated_at) VALUES (2538, 8, 308, 7, 1, '2024-01-01 00:00:00', NULL);
INSERT INTO prediction (id, user_id, game_id, home_score, away_score, created_at, updated_at) VALUES (2539, 12, 308, 6, 0, '2024-01-01 00:00:00', NULL);
INSERT INTO prediction (id, user_id, game_id, home_score, away_score, created_at, updated_at) VALUES (2540, 16, 308, 8, 1, '2024-01-01 00:00:00', NULL);
INSERT INTO prediction (id, user_id, game_id, home_score, away_score, created_at, updated_at) VALUES (2541, 15, 308, 6, 0, '2024-01-01 00:00:00', NULL);
INSERT INTO prediction (id, user_id, game_id, home_score, away_score, created_at, updated_at) VALUES (2542, 6, 308, 5, 1, '2024-01-01 00:00:00', NULL);
INSERT INTO prediction (id, user_id, game_id, home_score, away_score, created_at, updated_at) VALUES (2543, 10, 308, 5, 1, '2024-01-01 00:00:00', NULL);
INSERT INTO prediction (id, user_id, game_id, home_score, away_score, created_at, updated_at) VALUES (2544, 11, 309, 3, 1, '2024-01-01 00:00:00', NULL);
INSERT INTO prediction (id, user_id, game_id, home_score, away_score, created_at, updated_at) VALUES (2545, 14, 309, 4, 2, '2024-01-01 00:00:00', NULL);
INSERT INTO prediction (id, user_id, game_id, home_score, away_score, created_at, updated_at) VALUES (2546, 8, 309, 4, 2, '2024-01-01 00:00:00', NULL);
INSERT INTO prediction (id, user_id, game_id, home_score, away_score, created_at, updated_at) VALUES (2547, 12, 309, 3, 2, '2024-01-01 00:00:00', NULL);
INSERT INTO prediction (id, user_id, game_id, home_score, away_score, created_at, updated_at) VALUES (2548, 16, 309, 4, 1, '2024-01-01 00:00:00', NULL);
INSERT INTO prediction (id, user_id, game_id, home_score, away_score, created_at, updated_at) VALUES (2549, 15, 309, 4, 2, '2024-01-01 00:00:00', NULL);
INSERT INTO prediction (id, user_id, game_id, home_score, away_score, created_at, updated_at) VALUES (2550, 6, 309, 3, 1, '2024-01-01 00:00:00', NULL);
INSERT INTO prediction (id, user_id, game_id, home_score, away_score, created_at, updated_at) VALUES (2551, 10, 309, 4, 3, '2024-01-01 00:00:00', NULL);
INSERT INTO prediction (id, user_id, game_id, home_score, away_score, created_at, updated_at) VALUES (2552, 11, 310, 4, 3, '2024-01-01 00:00:00', NULL);
INSERT INTO prediction (id, user_id, game_id, home_score, away_score, created_at, updated_at) VALUES (2553, 14, 310, 3, 2, '2024-01-01 00:00:00', NULL);
INSERT INTO prediction (id, user_id, game_id, home_score, away_score, created_at, updated_at) VALUES (2554, 8, 310, 1, 3, '2024-01-01 00:00:00', NULL);
INSERT INTO prediction (id, user_id, game_id, home_score, away_score, created_at, updated_at) VALUES (2555, 12, 310, 1, 3, '2024-01-01 00:00:00', NULL);
INSERT INTO prediction (id, user_id, game_id, home_score, away_score, created_at, updated_at) VALUES (2556, 16, 310, 2, 3, '2024-01-01 00:00:00', NULL);
INSERT INTO prediction (id, user_id, game_id, home_score, away_score, created_at, updated_at) VALUES (2557, 15, 310, 3, 1, '2024-01-01 00:00:00', NULL);
INSERT INTO prediction (id, user_id, game_id, home_score, away_score, created_at, updated_at) VALUES (2558, 6, 310, 3, 1, '2024-01-01 00:00:00', NULL);
INSERT INTO prediction (id, user_id, game_id, home_score, away_score, created_at, updated_at) VALUES (2559, 10, 310, 1, 2, '2024-01-01 00:00:00', NULL);
INSERT INTO prediction (id, user_id, game_id, home_score, away_score, created_at, updated_at) VALUES (2560, 11, 311, 4, 2, '2024-01-01 00:00:00', NULL);
INSERT INTO prediction (id, user_id, game_id, home_score, away_score, created_at, updated_at) VALUES (2561, 14, 311, 3, 4, '2024-01-01 00:00:00', NULL);
INSERT INTO prediction (id, user_id, game_id, home_score, away_score, created_at, updated_at) VALUES (2562, 8, 311, 4, 2, '2024-01-01 00:00:00', NULL);
INSERT INTO prediction (id, user_id, game_id, home_score, away_score, created_at, updated_at) VALUES (2563, 12, 311, 2, 3, '2024-01-01 00:00:00', NULL);
INSERT INTO prediction (id, user_id, game_id, home_score, away_score, created_at, updated_at) VALUES (2564, 16, 311, 2, 3, '2024-01-01 00:00:00', NULL);
INSERT INTO prediction (id, user_id, game_id, home_score, away_score, created_at, updated_at) VALUES (2565, 15, 311, 4, 2, '2024-01-01 00:00:00', NULL);
INSERT INTO prediction (id, user_id, game_id, home_score, away_score, created_at, updated_at) VALUES (2566, 6, 311, 3, 1, '2024-01-01 00:00:00', NULL);
INSERT INTO prediction (id, user_id, game_id, home_score, away_score, created_at, updated_at) VALUES (2567, 10, 311, 4, 2, '2024-01-01 00:00:00', NULL);
INSERT INTO prediction (id, user_id, game_id, home_score, away_score, created_at, updated_at) VALUES (2568, 11, 312, 3, 2, '2024-01-01 00:00:00', NULL);
INSERT INTO prediction (id, user_id, game_id, home_score, away_score, created_at, updated_at) VALUES (2569, 14, 312, 2, 1, '2024-01-01 00:00:00', NULL);
INSERT INTO prediction (id, user_id, game_id, home_score, away_score, created_at, updated_at) VALUES (2570, 8, 312, 4, 2, '2024-01-01 00:00:00', NULL);
INSERT INTO prediction (id, user_id, game_id, home_score, away_score, created_at, updated_at) VALUES (2571, 12, 312, 4, 3, '2024-01-01 00:00:00', NULL);
INSERT INTO prediction (id, user_id, game_id, home_score, away_score, created_at, updated_at) VALUES (2572, 16, 312, 3, 1, '2024-01-01 00:00:00', NULL);
INSERT INTO prediction (id, user_id, game_id, home_score, away_score, created_at, updated_at) VALUES (2573, 15, 312, 2, 4, '2024-01-01 00:00:00', NULL);
INSERT INTO prediction (id, user_id, game_id, home_score, away_score, created_at, updated_at) VALUES (2574, 6, 312, 2, 3, '2024-01-01 00:00:00', NULL);
INSERT INTO prediction (id, user_id, game_id, home_score, away_score, created_at, updated_at) VALUES (2575, 10, 312, 2, 0, '2024-01-01 00:00:00', NULL);
INSERT INTO prediction (id, user_id, game_id, home_score, away_score, created_at, updated_at) VALUES (2576, 11, 313, 4, 3, '2024-01-01 00:00:00', NULL);
INSERT INTO prediction (id, user_id, game_id, home_score, away_score, created_at, updated_at) VALUES (2577, 14, 313, 4, 2, '2024-01-01 00:00:00', NULL);
INSERT INTO prediction (id, user_id, game_id, home_score, away_score, created_at, updated_at) VALUES (2578, 8, 313, 4, 1, '2024-01-01 00:00:00', NULL);
INSERT INTO prediction (id, user_id, game_id, home_score, away_score, created_at, updated_at) VALUES (2579, 12, 313, 4, 2, '2024-01-01 00:00:00', NULL);
INSERT INTO prediction (id, user_id, game_id, home_score, away_score, created_at, updated_at) VALUES (2580, 16, 313, 3, 2, '2024-01-01 00:00:00', NULL);
INSERT INTO prediction (id, user_id, game_id, home_score, away_score, created_at, updated_at) VALUES (2581, 15, 313, 3, 2, '2024-01-01 00:00:00', NULL);
INSERT INTO prediction (id, user_id, game_id, home_score, away_score, created_at, updated_at) VALUES (2582, 6, 313, 3, 2, '2024-01-01 00:00:00', NULL);
INSERT INTO prediction (id, user_id, game_id, home_score, away_score, created_at, updated_at) VALUES (2583, 10, 313, 3, 2, '2024-01-01 00:00:00', NULL);
INSERT INTO prediction (id, user_id, game_id, home_score, away_score, created_at, updated_at) VALUES (2584, 11, 314, 1, 3, '2024-01-01 00:00:00', NULL);
INSERT INTO prediction (id, user_id, game_id, home_score, away_score, created_at, updated_at) VALUES (2585, 14, 314, 1, 5, '2024-01-01 00:00:00', NULL);
INSERT INTO prediction (id, user_id, game_id, home_score, away_score, created_at, updated_at) VALUES (2586, 8, 314, 1, 7, '2024-01-01 00:00:00', NULL);
INSERT INTO prediction (id, user_id, game_id, home_score, away_score, created_at, updated_at) VALUES (2587, 12, 314, 0, 6, '2024-01-01 00:00:00', NULL);
INSERT INTO prediction (id, user_id, game_id, home_score, away_score, created_at, updated_at) VALUES (2588, 16, 314, 1, 4, '2024-01-01 00:00:00', NULL);
INSERT INTO prediction (id, user_id, game_id, home_score, away_score, created_at, updated_at) VALUES (2589, 15, 314, 1, 6, '2024-01-01 00:00:00', NULL);
INSERT INTO prediction (id, user_id, game_id, home_score, away_score, created_at, updated_at) VALUES (2590, 6, 314, 1, 5, '2024-01-01 00:00:00', NULL);
INSERT INTO prediction (id, user_id, game_id, home_score, away_score, created_at, updated_at) VALUES (2591, 10, 314, 1, 5, '2024-01-01 00:00:00', NULL);
INSERT INTO prediction (id, user_id, game_id, home_score, away_score, created_at, updated_at) VALUES (2592, 11, 315, 4, 0, '2024-01-01 00:00:00', NULL);
INSERT INTO prediction (id, user_id, game_id, home_score, away_score, created_at, updated_at) VALUES (2593, 14, 315, 6, 0, '2024-01-01 00:00:00', NULL);
INSERT INTO prediction (id, user_id, game_id, home_score, away_score, created_at, updated_at) VALUES (2594, 8, 315, 7, 1, '2024-01-01 00:00:00', NULL);
INSERT INTO prediction (id, user_id, game_id, home_score, away_score, created_at, updated_at) VALUES (2595, 12, 315, 7, 0, '2024-01-01 00:00:00', NULL);
INSERT INTO prediction (id, user_id, game_id, home_score, away_score, created_at, updated_at) VALUES (2596, 16, 315, 8, 1, '2024-01-01 00:00:00', NULL);
INSERT INTO prediction (id, user_id, game_id, home_score, away_score, created_at, updated_at) VALUES (2597, 15, 315, 7, 0, '2024-01-01 00:00:00', NULL);
INSERT INTO prediction (id, user_id, game_id, home_score, away_score, created_at, updated_at) VALUES (2598, 6, 315, 6, 0, '2024-01-01 00:00:00', NULL);
INSERT INTO prediction (id, user_id, game_id, home_score, away_score, created_at, updated_at) VALUES (2599, 10, 315, 6, 0, '2024-01-01 00:00:00', NULL);
INSERT INTO prediction (id, user_id, game_id, home_score, away_score, created_at, updated_at) VALUES (2600, 11, 316, 3, 2, '2024-01-01 00:00:00', NULL);
INSERT INTO prediction (id, user_id, game_id, home_score, away_score, created_at, updated_at) VALUES (2601, 14, 316, 5, 2, '2024-01-01 00:00:00', NULL);
INSERT INTO prediction (id, user_id, game_id, home_score, away_score, created_at, updated_at) VALUES (2602, 8, 316, 4, 1, '2024-01-01 00:00:00', NULL);
INSERT INTO prediction (id, user_id, game_id, home_score, away_score, created_at, updated_at) VALUES (2603, 12, 316, 4, 1, '2024-01-01 00:00:00', NULL);
INSERT INTO prediction (id, user_id, game_id, home_score, away_score, created_at, updated_at) VALUES (2604, 16, 316, 3, 2, '2024-01-01 00:00:00', NULL);
INSERT INTO prediction (id, user_id, game_id, home_score, away_score, created_at, updated_at) VALUES (2605, 15, 316, 4, 1, '2024-01-01 00:00:00', NULL);
INSERT INTO prediction (id, user_id, game_id, home_score, away_score, created_at, updated_at) VALUES (2606, 6, 316, 3, 1, '2024-01-01 00:00:00', NULL);
INSERT INTO prediction (id, user_id, game_id, home_score, away_score, created_at, updated_at) VALUES (2607, 10, 316, 1, 3, '2024-01-01 00:00:00', NULL);
INSERT INTO prediction (id, user_id, game_id, home_score, away_score, created_at, updated_at) VALUES (2608, 11, 317, 4, 0, '2024-01-01 00:00:00', NULL);
INSERT INTO prediction (id, user_id, game_id, home_score, away_score, created_at, updated_at) VALUES (2609, 14, 317, 4, 1, '2024-01-01 00:00:00', NULL);
INSERT INTO prediction (id, user_id, game_id, home_score, away_score, created_at, updated_at) VALUES (2610, 8, 317, 4, 1, '2024-01-01 00:00:00', NULL);
INSERT INTO prediction (id, user_id, game_id, home_score, away_score, created_at, updated_at) VALUES (2611, 12, 317, 3, 1, '2024-01-01 00:00:00', NULL);
INSERT INTO prediction (id, user_id, game_id, home_score, away_score, created_at, updated_at) VALUES (2612, 16, 317, 4, 1, '2024-01-01 00:00:00', NULL);
INSERT INTO prediction (id, user_id, game_id, home_score, away_score, created_at, updated_at) VALUES (2613, 15, 317, 4, 2, '2024-01-01 00:00:00', NULL);
INSERT INTO prediction (id, user_id, game_id, home_score, away_score, created_at, updated_at) VALUES (2614, 6, 317, 4, 1, '2024-01-01 00:00:00', NULL);
INSERT INTO prediction (id, user_id, game_id, home_score, away_score, created_at, updated_at) VALUES (2615, 10, 317, 5, 1, '2024-01-01 00:00:00', NULL);
INSERT INTO prediction (id, user_id, game_id, home_score, away_score, created_at, updated_at) VALUES (2616, 11, 318, 1, 4, '2024-01-01 00:00:00', NULL);
INSERT INTO prediction (id, user_id, game_id, home_score, away_score, created_at, updated_at) VALUES (2617, 14, 318, 0, 5, '2024-01-01 00:00:00', NULL);
INSERT INTO prediction (id, user_id, game_id, home_score, away_score, created_at, updated_at) VALUES (2618, 8, 318, 0, 5, '2024-01-01 00:00:00', NULL);
INSERT INTO prediction (id, user_id, game_id, home_score, away_score, created_at, updated_at) VALUES (2619, 12, 318, 1, 6, '2024-01-01 00:00:00', NULL);
INSERT INTO prediction (id, user_id, game_id, home_score, away_score, created_at, updated_at) VALUES (2620, 16, 318, 0, 6, '2024-01-01 00:00:00', NULL);
INSERT INTO prediction (id, user_id, game_id, home_score, away_score, created_at, updated_at) VALUES (2621, 15, 318, 0, 5, '2024-01-01 00:00:00', NULL);
INSERT INTO prediction (id, user_id, game_id, home_score, away_score, created_at, updated_at) VALUES (2622, 6, 318, 0, 4, '2024-01-01 00:00:00', NULL);
INSERT INTO prediction (id, user_id, game_id, home_score, away_score, created_at, updated_at) VALUES (2623, 10, 318, 2, 6, '2024-01-01 00:00:00', NULL);
INSERT INTO prediction (id, user_id, game_id, home_score, away_score, created_at, updated_at) VALUES (2624, 11, 319, 2, 4, '2024-01-01 00:00:00', NULL);
INSERT INTO prediction (id, user_id, game_id, home_score, away_score, created_at, updated_at) VALUES (2625, 14, 319, 2, 4, '2024-01-01 00:00:00', NULL);
INSERT INTO prediction (id, user_id, game_id, home_score, away_score, created_at, updated_at) VALUES (2626, 8, 319, 1, 4, '2024-01-01 00:00:00', NULL);
INSERT INTO prediction (id, user_id, game_id, home_score, away_score, created_at, updated_at) VALUES (2627, 12, 319, 2, 5, '2024-01-01 00:00:00', NULL);
INSERT INTO prediction (id, user_id, game_id, home_score, away_score, created_at, updated_at) VALUES (2628, 16, 319, 2, 4, '2024-01-01 00:00:00', NULL);
INSERT INTO prediction (id, user_id, game_id, home_score, away_score, created_at, updated_at) VALUES (2629, 15, 319, 2, 4, '2024-01-01 00:00:00', NULL);
INSERT INTO prediction (id, user_id, game_id, home_score, away_score, created_at, updated_at) VALUES (2630, 6, 319, 1, 4, '2024-01-01 00:00:00', NULL);
INSERT INTO prediction (id, user_id, game_id, home_score, away_score, created_at, updated_at) VALUES (2631, 10, 319, 2, 3, '2024-01-01 00:00:00', NULL);
INSERT INTO prediction (id, user_id, game_id, home_score, away_score, created_at, updated_at) VALUES (2632, 11, 320, 4, 2, '2024-01-01 00:00:00', NULL);
INSERT INTO prediction (id, user_id, game_id, home_score, away_score, created_at, updated_at) VALUES (2633, 14, 320, 3, 2, '2024-01-01 00:00:00', NULL);
INSERT INTO prediction (id, user_id, game_id, home_score, away_score, created_at, updated_at) VALUES (2634, 8, 320, 2, 3, '2024-01-01 00:00:00', NULL);
INSERT INTO prediction (id, user_id, game_id, home_score, away_score, created_at, updated_at) VALUES (2635, 12, 320, 3, 2, '2024-01-01 00:00:00', NULL);
INSERT INTO prediction (id, user_id, game_id, home_score, away_score, created_at, updated_at) VALUES (2636, 16, 320, 3, 2, '2024-01-01 00:00:00', NULL);
INSERT INTO prediction (id, user_id, game_id, home_score, away_score, created_at, updated_at) VALUES (2637, 15, 320, 4, 2, '2024-01-01 00:00:00', NULL);
INSERT INTO prediction (id, user_id, game_id, home_score, away_score, created_at, updated_at) VALUES (2638, 6, 320, 3, 1, '2024-01-01 00:00:00', NULL);
INSERT INTO prediction (id, user_id, game_id, home_score, away_score, created_at, updated_at) VALUES (2639, 10, 320, 3, 2, '2024-01-01 00:00:00', NULL);
INSERT INTO prediction (id, user_id, game_id, home_score, away_score, created_at, updated_at) VALUES (2640, 11, 321, 3, 1, '2024-01-01 00:00:00', NULL);
INSERT INTO prediction (id, user_id, game_id, home_score, away_score, created_at, updated_at) VALUES (2641, 14, 321, 4, 2, '2024-01-01 00:00:00', NULL);
INSERT INTO prediction (id, user_id, game_id, home_score, away_score, created_at, updated_at) VALUES (2642, 8, 321, 4, 1, '2024-01-01 00:00:00', NULL);
INSERT INTO prediction (id, user_id, game_id, home_score, away_score, created_at, updated_at) VALUES (2643, 12, 321, 2, 3, '2024-01-01 00:00:00', NULL);
INSERT INTO prediction (id, user_id, game_id, home_score, away_score, created_at, updated_at) VALUES (2644, 16, 321, 5, 2, '2024-01-01 00:00:00', NULL);
INSERT INTO prediction (id, user_id, game_id, home_score, away_score, created_at, updated_at) VALUES (2645, 15, 321, 3, 1, '2024-01-01 00:00:00', NULL);
INSERT INTO prediction (id, user_id, game_id, home_score, away_score, created_at, updated_at) VALUES (2646, 6, 321, 3, 2, '2024-01-01 00:00:00', NULL);
INSERT INTO prediction (id, user_id, game_id, home_score, away_score, created_at, updated_at) VALUES (2647, 10, 321, 5, 2, '2024-01-01 00:00:00', NULL);
INSERT INTO prediction (id, user_id, game_id, home_score, away_score, created_at, updated_at) VALUES (2648, 11, 322, 1, 2, '2024-01-01 00:00:00', NULL);
INSERT INTO prediction (id, user_id, game_id, home_score, away_score, created_at, updated_at) VALUES (2649, 14, 322, 2, 3, '2024-01-01 00:00:00', NULL);
INSERT INTO prediction (id, user_id, game_id, home_score, away_score, created_at, updated_at) VALUES (2650, 8, 322, 1, 3, '2024-01-01 00:00:00', NULL);
INSERT INTO prediction (id, user_id, game_id, home_score, away_score, created_at, updated_at) VALUES (2651, 12, 322, 2, 4, '2024-01-01 00:00:00', NULL);
INSERT INTO prediction (id, user_id, game_id, home_score, away_score, created_at, updated_at) VALUES (2652, 16, 322, 2, 4, '2024-01-01 00:00:00', NULL);
INSERT INTO prediction (id, user_id, game_id, home_score, away_score, created_at, updated_at) VALUES (2653, 15, 322, 2, 5, '2024-01-01 00:00:00', NULL);
INSERT INTO prediction (id, user_id, game_id, home_score, away_score, created_at, updated_at) VALUES (2654, 6, 322, 1, 4, '2024-01-01 00:00:00', NULL);
INSERT INTO prediction (id, user_id, game_id, home_score, away_score, created_at, updated_at) VALUES (2655, 10, 322, 4, 3, '2024-01-01 00:00:00', NULL);
INSERT INTO prediction (id, user_id, game_id, home_score, away_score, created_at, updated_at) VALUES (2656, 11, 323, 2, 3, '2024-01-01 00:00:00', NULL);
INSERT INTO prediction (id, user_id, game_id, home_score, away_score, created_at, updated_at) VALUES (2657, 14, 323, 3, 4, '2024-01-01 00:00:00', NULL);
INSERT INTO prediction (id, user_id, game_id, home_score, away_score, created_at, updated_at) VALUES (2658, 8, 323, 2, 4, '2024-01-01 00:00:00', NULL);
INSERT INTO prediction (id, user_id, game_id, home_score, away_score, created_at, updated_at) VALUES (2659, 12, 323, 2, 1, '2024-01-01 00:00:00', NULL);
INSERT INTO prediction (id, user_id, game_id, home_score, away_score, created_at, updated_at) VALUES (2660, 16, 323, 2, 4, '2024-01-01 00:00:00', NULL);
INSERT INTO prediction (id, user_id, game_id, home_score, away_score, created_at, updated_at) VALUES (2661, 15, 323, 3, 4, '2024-01-01 00:00:00', NULL);
INSERT INTO prediction (id, user_id, game_id, home_score, away_score, created_at, updated_at) VALUES (2662, 6, 323, 3, 2, '2024-01-01 00:00:00', NULL);
INSERT INTO prediction (id, user_id, game_id, home_score, away_score, created_at, updated_at) VALUES (2663, 10, 323, 5, 3, '2024-01-01 00:00:00', NULL);
INSERT INTO prediction (id, user_id, game_id, home_score, away_score, created_at, updated_at) VALUES (2664, 11, 324, 0, 3, '2024-01-01 00:00:00', NULL);
INSERT INTO prediction (id, user_id, game_id, home_score, away_score, created_at, updated_at) VALUES (2665, 14, 324, 0, 5, '2024-01-01 00:00:00', NULL);
INSERT INTO prediction (id, user_id, game_id, home_score, away_score, created_at, updated_at) VALUES (2666, 8, 324, 1, 3, '2024-01-01 00:00:00', NULL);
INSERT INTO prediction (id, user_id, game_id, home_score, away_score, created_at, updated_at) VALUES (2667, 12, 324, 1, 5, '2024-01-01 00:00:00', NULL);
INSERT INTO prediction (id, user_id, game_id, home_score, away_score, created_at, updated_at) VALUES (2668, 16, 324, 1, 4, '2024-01-01 00:00:00', NULL);
INSERT INTO prediction (id, user_id, game_id, home_score, away_score, created_at, updated_at) VALUES (2669, 15, 324, 0, 5, '2024-01-01 00:00:00', NULL);
INSERT INTO prediction (id, user_id, game_id, home_score, away_score, created_at, updated_at) VALUES (2670, 6, 324, 0, 4, '2024-01-01 00:00:00', NULL);
INSERT INTO prediction (id, user_id, game_id, home_score, away_score, created_at, updated_at) VALUES (2671, 10, 324, 1, 4, '2024-01-01 00:00:00', NULL);
INSERT INTO prediction (id, user_id, game_id, home_score, away_score, created_at, updated_at) VALUES (2672, 11, 325, 1, 3, '2024-01-01 00:00:00', NULL);
INSERT INTO prediction (id, user_id, game_id, home_score, away_score, created_at, updated_at) VALUES (2673, 14, 325, 1, 5, '2024-01-01 00:00:00', NULL);
INSERT INTO prediction (id, user_id, game_id, home_score, away_score, created_at, updated_at) VALUES (2674, 8, 325, 1, 4, '2024-01-01 00:00:00', NULL);
INSERT INTO prediction (id, user_id, game_id, home_score, away_score, created_at, updated_at) VALUES (2675, 12, 325, 2, 5, '2024-01-01 00:00:00', NULL);
INSERT INTO prediction (id, user_id, game_id, home_score, away_score, created_at, updated_at) VALUES (2676, 16, 325, 2, 4, '2024-01-01 00:00:00', NULL);
INSERT INTO prediction (id, user_id, game_id, home_score, away_score, created_at, updated_at) VALUES (2677, 15, 325, 1, 4, '2024-01-01 00:00:00', NULL);
INSERT INTO prediction (id, user_id, game_id, home_score, away_score, created_at, updated_at) VALUES (2678, 6, 325, 1, 5, '2024-01-01 00:00:00', NULL);
INSERT INTO prediction (id, user_id, game_id, home_score, away_score, created_at, updated_at) VALUES (2679, 10, 325, 1, 5, '2024-01-01 00:00:00', NULL);
INSERT INTO prediction (id, user_id, game_id, home_score, away_score, created_at, updated_at) VALUES (2680, 11, 326, 1, 4, '2024-01-01 00:00:00', NULL);
INSERT INTO prediction (id, user_id, game_id, home_score, away_score, created_at, updated_at) VALUES (2681, 14, 326, 2, 6, '2024-01-01 00:00:00', NULL);
INSERT INTO prediction (id, user_id, game_id, home_score, away_score, created_at, updated_at) VALUES (2682, 8, 326, 1, 4, '2024-01-01 00:00:00', NULL);
INSERT INTO prediction (id, user_id, game_id, home_score, away_score, created_at, updated_at) VALUES (2683, 12, 326, 2, 4, '2024-01-01 00:00:00', NULL);
INSERT INTO prediction (id, user_id, game_id, home_score, away_score, created_at, updated_at) VALUES (2684, 16, 326, 1, 4, '2024-01-01 00:00:00', NULL);
INSERT INTO prediction (id, user_id, game_id, home_score, away_score, created_at, updated_at) VALUES (2685, 15, 326, 1, 6, '2024-01-01 00:00:00', NULL);
INSERT INTO prediction (id, user_id, game_id, home_score, away_score, created_at, updated_at) VALUES (2686, 6, 326, 1, 5, '2024-01-01 00:00:00', NULL);
INSERT INTO prediction (id, user_id, game_id, home_score, away_score, created_at, updated_at) VALUES (2687, 10, 326, 2, 4, '2024-01-01 00:00:00', NULL);
INSERT INTO prediction (id, user_id, game_id, home_score, away_score, created_at, updated_at) VALUES (2688, 11, 327, 2, 4, '2024-01-01 00:00:00', NULL);
INSERT INTO prediction (id, user_id, game_id, home_score, away_score, created_at, updated_at) VALUES (2689, 14, 327, 1, 4, '2024-01-01 00:00:00', NULL);
INSERT INTO prediction (id, user_id, game_id, home_score, away_score, created_at, updated_at) VALUES (2690, 8, 327, 1, 4, '2024-01-01 00:00:00', NULL);
INSERT INTO prediction (id, user_id, game_id, home_score, away_score, created_at, updated_at) VALUES (2691, 12, 327, 2, 4, '2024-01-01 00:00:00', NULL);
INSERT INTO prediction (id, user_id, game_id, home_score, away_score, created_at, updated_at) VALUES (2692, 16, 327, 1, 3, '2024-01-01 00:00:00', NULL);
INSERT INTO prediction (id, user_id, game_id, home_score, away_score, created_at, updated_at) VALUES (2693, 15, 327, 1, 4, '2024-01-01 00:00:00', NULL);
INSERT INTO prediction (id, user_id, game_id, home_score, away_score, created_at, updated_at) VALUES (2694, 6, 327, 1, 4, '2024-01-01 00:00:00', NULL);
INSERT INTO prediction (id, user_id, game_id, home_score, away_score, created_at, updated_at) VALUES (2695, 10, 327, 2, 5, '2024-01-01 00:00:00', NULL);
INSERT INTO prediction (id, user_id, game_id, home_score, away_score, created_at, updated_at) VALUES (2696, 11, 328, 1, 3, '2024-01-01 00:00:00', NULL);
INSERT INTO prediction (id, user_id, game_id, home_score, away_score, created_at, updated_at) VALUES (2697, 14, 328, 3, 4, '2024-01-01 00:00:00', NULL);
INSERT INTO prediction (id, user_id, game_id, home_score, away_score, created_at, updated_at) VALUES (2698, 8, 328, 1, 4, '2024-01-01 00:00:00', NULL);
INSERT INTO prediction (id, user_id, game_id, home_score, away_score, created_at, updated_at) VALUES (2699, 12, 328, 1, 3, '2024-01-01 00:00:00', NULL);
INSERT INTO prediction (id, user_id, game_id, home_score, away_score, created_at, updated_at) VALUES (2700, 16, 328, 2, 4, '2024-01-01 00:00:00', NULL);
INSERT INTO prediction (id, user_id, game_id, home_score, away_score, created_at, updated_at) VALUES (2701, 15, 328, 2, 4, '2024-01-01 00:00:00', NULL);
INSERT INTO prediction (id, user_id, game_id, home_score, away_score, created_at, updated_at) VALUES (2702, 6, 328, 1, 3, '2024-01-01 00:00:00', NULL);
INSERT INTO prediction (id, user_id, game_id, home_score, away_score, created_at, updated_at) VALUES (2703, 10, 328, 1, 6, '2024-01-01 00:00:00', NULL);
INSERT INTO prediction (id, user_id, game_id, home_score, away_score, created_at, updated_at) VALUES (2704, 11, 329, 4, 0, '2024-01-01 00:00:00', NULL);
INSERT INTO prediction (id, user_id, game_id, home_score, away_score, created_at, updated_at) VALUES (2705, 14, 329, 4, 2, '2024-01-01 00:00:00', NULL);
INSERT INTO prediction (id, user_id, game_id, home_score, away_score, created_at, updated_at) VALUES (2706, 8, 329, 4, 1, '2024-01-01 00:00:00', NULL);
INSERT INTO prediction (id, user_id, game_id, home_score, away_score, created_at, updated_at) VALUES (2707, 12, 329, 6, 0, '2024-01-01 00:00:00', NULL);
INSERT INTO prediction (id, user_id, game_id, home_score, away_score, created_at, updated_at) VALUES (2708, 16, 329, 8, 1, '2024-01-01 00:00:00', NULL);
INSERT INTO prediction (id, user_id, game_id, home_score, away_score, created_at, updated_at) VALUES (2709, 15, 329, 5, 1, '2024-01-01 00:00:00', NULL);
INSERT INTO prediction (id, user_id, game_id, home_score, away_score, created_at, updated_at) VALUES (2710, 6, 329, 5, 0, '2024-01-01 00:00:00', NULL);
INSERT INTO prediction (id, user_id, game_id, home_score, away_score, created_at, updated_at) VALUES (2711, 10, 329, 3, 0, '2024-01-01 00:00:00', NULL);
INSERT INTO prediction (id, user_id, game_id, home_score, away_score, created_at, updated_at) VALUES (2712, 11, 330, 3, 1, '2024-01-01 00:00:00', NULL);
INSERT INTO prediction (id, user_id, game_id, home_score, away_score, created_at, updated_at) VALUES (2713, 14, 330, 5, 1, '2024-01-01 00:00:00', NULL);
INSERT INTO prediction (id, user_id, game_id, home_score, away_score, created_at, updated_at) VALUES (2714, 8, 330, 4, 1, '2024-01-01 00:00:00', NULL);
INSERT INTO prediction (id, user_id, game_id, home_score, away_score, created_at, updated_at) VALUES (2715, 12, 330, 4, 1, '2024-01-01 00:00:00', NULL);
INSERT INTO prediction (id, user_id, game_id, home_score, away_score, created_at, updated_at) VALUES (2716, 16, 330, 4, 1, '2024-01-01 00:00:00', NULL);
INSERT INTO prediction (id, user_id, game_id, home_score, away_score, created_at, updated_at) VALUES (2717, 15, 330, 4, 0, '2024-01-01 00:00:00', NULL);
INSERT INTO prediction (id, user_id, game_id, home_score, away_score, created_at, updated_at) VALUES (2718, 6, 330, 4, 1, '2024-01-01 00:00:00', NULL);
INSERT INTO prediction (id, user_id, game_id, home_score, away_score, created_at, updated_at) VALUES (2719, 10, 330, 5, 1, '2024-01-01 00:00:00', NULL);
INSERT INTO prediction (id, user_id, game_id, home_score, away_score, created_at, updated_at) VALUES (2720, 11, 331, 4, 3, '2024-01-01 00:00:00', NULL);
INSERT INTO prediction (id, user_id, game_id, home_score, away_score, created_at, updated_at) VALUES (2721, 14, 331, 3, 4, '2024-01-01 00:00:00', NULL);
INSERT INTO prediction (id, user_id, game_id, home_score, away_score, created_at, updated_at) VALUES (2722, 8, 331, 3, 2, '2024-01-01 00:00:00', NULL);
INSERT INTO prediction (id, user_id, game_id, home_score, away_score, created_at, updated_at) VALUES (2723, 12, 331, 5, 4, '2024-01-01 00:00:00', NULL);
INSERT INTO prediction (id, user_id, game_id, home_score, away_score, created_at, updated_at) VALUES (2724, 16, 331, 3, 2, '2024-01-01 00:00:00', NULL);
INSERT INTO prediction (id, user_id, game_id, home_score, away_score, created_at, updated_at) VALUES (2725, 15, 331, 4, 2, '2024-01-01 00:00:00', NULL);
INSERT INTO prediction (id, user_id, game_id, home_score, away_score, created_at, updated_at) VALUES (2726, 6, 331, 5, 3, '2024-01-01 00:00:00', NULL);
INSERT INTO prediction (id, user_id, game_id, home_score, away_score, created_at, updated_at) VALUES (2727, 10, 331, 5, 4, '2024-01-01 00:00:00', NULL);
INSERT INTO prediction (id, user_id, game_id, home_score, away_score, created_at, updated_at) VALUES (2728, 11, 332, 1, 3, '2024-01-01 00:00:00', NULL);
INSERT INTO prediction (id, user_id, game_id, home_score, away_score, created_at, updated_at) VALUES (2729, 14, 332, 2, 3, '2024-01-01 00:00:00', NULL);
INSERT INTO prediction (id, user_id, game_id, home_score, away_score, created_at, updated_at) VALUES (2730, 8, 332, 2, 4, '2024-01-01 00:00:00', NULL);
INSERT INTO prediction (id, user_id, game_id, home_score, away_score, created_at, updated_at) VALUES (2731, 12, 332, 3, 4, '2024-01-01 00:00:00', NULL);
INSERT INTO prediction (id, user_id, game_id, home_score, away_score, created_at, updated_at) VALUES (2732, 16, 332, 2, 4, '2024-01-01 00:00:00', NULL);
INSERT INTO prediction (id, user_id, game_id, home_score, away_score, created_at, updated_at) VALUES (2733, 15, 332, 3, 4, '2024-01-01 00:00:00', NULL);
INSERT INTO prediction (id, user_id, game_id, home_score, away_score, created_at, updated_at) VALUES (2734, 6, 332, 3, 2, '2024-01-01 00:00:00', NULL);
INSERT INTO prediction (id, user_id, game_id, home_score, away_score, created_at, updated_at) VALUES (2735, 10, 332, 3, 4, '2024-01-01 00:00:00', NULL);
INSERT INTO prediction (id, user_id, game_id, home_score, away_score, created_at, updated_at) VALUES (2736, 11, 333, 4, 1, '2024-01-01 00:00:00', NULL);
INSERT INTO prediction (id, user_id, game_id, home_score, away_score, created_at, updated_at) VALUES (2737, 14, 333, 6, 2, '2024-01-01 00:00:00', NULL);
INSERT INTO prediction (id, user_id, game_id, home_score, away_score, created_at, updated_at) VALUES (2738, 8, 333, 4, 1, '2024-01-01 00:00:00', NULL);
INSERT INTO prediction (id, user_id, game_id, home_score, away_score, created_at, updated_at) VALUES (2739, 12, 333, 4, 2, '2024-01-01 00:00:00', NULL);
INSERT INTO prediction (id, user_id, game_id, home_score, away_score, created_at, updated_at) VALUES (2740, 16, 333, 4, 1, '2024-01-01 00:00:00', NULL);
INSERT INTO prediction (id, user_id, game_id, home_score, away_score, created_at, updated_at) VALUES (2741, 15, 333, 4, 1, '2024-01-01 00:00:00', NULL);
INSERT INTO prediction (id, user_id, game_id, home_score, away_score, created_at, updated_at) VALUES (2742, 6, 333, 5, 1, '2024-01-01 00:00:00', NULL);
INSERT INTO prediction (id, user_id, game_id, home_score, away_score, created_at, updated_at) VALUES (2743, 10, 333, 4, 2, '2024-01-01 00:00:00', NULL);
INSERT INTO prediction (id, user_id, game_id, home_score, away_score, created_at, updated_at) VALUES (2744, 11, 334, 4, 2, '2024-01-01 00:00:00', NULL);
INSERT INTO prediction (id, user_id, game_id, home_score, away_score, created_at, updated_at) VALUES (2745, 14, 334, 4, 2, '2024-01-01 00:00:00', NULL);
INSERT INTO prediction (id, user_id, game_id, home_score, away_score, created_at, updated_at) VALUES (2746, 8, 334, 4, 1, '2024-01-01 00:00:00', NULL);
INSERT INTO prediction (id, user_id, game_id, home_score, away_score, created_at, updated_at) VALUES (2747, 12, 334, 5, 3, '2024-01-01 00:00:00', NULL);
INSERT INTO prediction (id, user_id, game_id, home_score, away_score, created_at, updated_at) VALUES (2748, 16, 334, 5, 3, '2024-01-01 00:00:00', NULL);
INSERT INTO prediction (id, user_id, game_id, home_score, away_score, created_at, updated_at) VALUES (2749, 15, 334, 3, 2, '2024-01-01 00:00:00', NULL);
INSERT INTO prediction (id, user_id, game_id, home_score, away_score, created_at, updated_at) VALUES (2750, 6, 334, 3, 2, '2024-01-01 00:00:00', NULL);
INSERT INTO prediction (id, user_id, game_id, home_score, away_score, created_at, updated_at) VALUES (2751, 10, 334, 5, 2, '2024-01-01 00:00:00', NULL);
INSERT INTO prediction (id, user_id, game_id, home_score, away_score, created_at, updated_at) VALUES (2752, 11, 335, 3, 2, '2024-01-01 00:00:00', NULL);
INSERT INTO prediction (id, user_id, game_id, home_score, away_score, created_at, updated_at) VALUES (2753, 14, 335, 2, 4, '2024-01-01 00:00:00', NULL);
INSERT INTO prediction (id, user_id, game_id, home_score, away_score, created_at, updated_at) VALUES (2754, 8, 335, 2, 4, '2024-01-01 00:00:00', NULL);
INSERT INTO prediction (id, user_id, game_id, home_score, away_score, created_at, updated_at) VALUES (2755, 12, 335, 2, 4, '2024-01-01 00:00:00', NULL);
INSERT INTO prediction (id, user_id, game_id, home_score, away_score, created_at, updated_at) VALUES (2756, 16, 335, 2, 4, '2024-01-01 00:00:00', NULL);
INSERT INTO prediction (id, user_id, game_id, home_score, away_score, created_at, updated_at) VALUES (2757, 15, 335, 1, 4, '2024-01-01 00:00:00', NULL);
INSERT INTO prediction (id, user_id, game_id, home_score, away_score, created_at, updated_at) VALUES (2758, 6, 335, 2, 4, '2024-01-01 00:00:00', NULL);
INSERT INTO prediction (id, user_id, game_id, home_score, away_score, created_at, updated_at) VALUES (2759, 10, 335, 2, 4, '2024-01-01 00:00:00', NULL);
INSERT INTO prediction (id, user_id, game_id, home_score, away_score, created_at, updated_at) VALUES (2760, 11, 336, 3, 1, '2024-01-01 00:00:00', NULL);
INSERT INTO prediction (id, user_id, game_id, home_score, away_score, created_at, updated_at) VALUES (2761, 14, 336, 4, 1, '2024-01-01 00:00:00', NULL);
INSERT INTO prediction (id, user_id, game_id, home_score, away_score, created_at, updated_at) VALUES (2762, 8, 336, 4, 1, '2024-01-01 00:00:00', NULL);
INSERT INTO prediction (id, user_id, game_id, home_score, away_score, created_at, updated_at) VALUES (2763, 12, 336, 4, 1, '2024-01-01 00:00:00', NULL);
INSERT INTO prediction (id, user_id, game_id, home_score, away_score, created_at, updated_at) VALUES (2764, 16, 336, 3, 1, '2024-01-01 00:00:00', NULL);
INSERT INTO prediction (id, user_id, game_id, home_score, away_score, created_at, updated_at) VALUES (2765, 15, 336, 5, 1, '2024-01-01 00:00:00', NULL);
INSERT INTO prediction (id, user_id, game_id, home_score, away_score, created_at, updated_at) VALUES (2766, 6, 336, 5, 1, '2024-01-01 00:00:00', NULL);
INSERT INTO prediction (id, user_id, game_id, home_score, away_score, created_at, updated_at) VALUES (2767, 10, 336, 5, 4, '2024-01-01 00:00:00', NULL);
INSERT INTO prediction (id, user_id, game_id, home_score, away_score, created_at, updated_at) VALUES (2768, 11, 337, 4, 1, '2024-01-01 00:00:00', NULL);
INSERT INTO prediction (id, user_id, game_id, home_score, away_score, created_at, updated_at) VALUES (2769, 14, 337, 3, 2, '2024-01-01 00:00:00', NULL);
INSERT INTO prediction (id, user_id, game_id, home_score, away_score, created_at, updated_at) VALUES (2770, 8, 337, 2, 4, '2024-01-01 00:00:00', NULL);
INSERT INTO prediction (id, user_id, game_id, home_score, away_score, created_at, updated_at) VALUES (2771, 12, 337, 3, 2, '2024-01-01 00:00:00', NULL);
INSERT INTO prediction (id, user_id, game_id, home_score, away_score, created_at, updated_at) VALUES (2772, 16, 337, 3, 1, '2024-01-01 00:00:00', NULL);
INSERT INTO prediction (id, user_id, game_id, home_score, away_score, created_at, updated_at) VALUES (2773, 15, 337, 2, 1, '2024-01-01 00:00:00', NULL);
INSERT INTO prediction (id, user_id, game_id, home_score, away_score, created_at, updated_at) VALUES (2774, 6, 337, 2, 4, '2024-01-01 00:00:00', NULL);
INSERT INTO prediction (id, user_id, game_id, home_score, away_score, created_at, updated_at) VALUES (2775, 10, 337, 4, 3, '2024-01-01 00:00:00', NULL);
INSERT INTO prediction (id, user_id, game_id, home_score, away_score, created_at, updated_at) VALUES (2776, 11, 338, 3, 2, '2024-01-01 00:00:00', NULL);
INSERT INTO prediction (id, user_id, game_id, home_score, away_score, created_at, updated_at) VALUES (2777, 14, 338, 3, 0, '2024-01-01 00:00:00', NULL);
INSERT INTO prediction (id, user_id, game_id, home_score, away_score, created_at, updated_at) VALUES (2778, 8, 338, 3, 1, '2024-01-01 00:00:00', NULL);
INSERT INTO prediction (id, user_id, game_id, home_score, away_score, created_at, updated_at) VALUES (2779, 12, 338, 4, 1, '2024-01-01 00:00:00', NULL);
INSERT INTO prediction (id, user_id, game_id, home_score, away_score, created_at, updated_at) VALUES (2780, 16, 338, 3, 2, '2024-01-01 00:00:00', NULL);
INSERT INTO prediction (id, user_id, game_id, home_score, away_score, created_at, updated_at) VALUES (2781, 15, 338, 4, 2, '2024-01-01 00:00:00', NULL);
INSERT INTO prediction (id, user_id, game_id, home_score, away_score, created_at, updated_at) VALUES (2782, 6, 338, 3, 1, '2024-01-01 00:00:00', NULL);
INSERT INTO prediction (id, user_id, game_id, home_score, away_score, created_at, updated_at) VALUES (2783, 10, 338, 5, 2, '2024-01-01 00:00:00', NULL);
INSERT INTO prediction (id, user_id, game_id, home_score, away_score, created_at, updated_at) VALUES (2784, 11, 339, 4, 2, '2024-01-01 00:00:00', NULL);
INSERT INTO prediction (id, user_id, game_id, home_score, away_score, created_at, updated_at) VALUES (2785, 14, 339, 4, 2, '2024-01-01 00:00:00', NULL);
INSERT INTO prediction (id, user_id, game_id, home_score, away_score, created_at, updated_at) VALUES (2786, 8, 339, 5, 1, '2024-01-01 00:00:00', NULL);
INSERT INTO prediction (id, user_id, game_id, home_score, away_score, created_at, updated_at) VALUES (2787, 12, 339, 5, 2, '2024-01-01 00:00:00', NULL);
INSERT INTO prediction (id, user_id, game_id, home_score, away_score, created_at, updated_at) VALUES (2788, 16, 339, 6, 1, '2024-01-01 00:00:00', NULL);
INSERT INTO prediction (id, user_id, game_id, home_score, away_score, created_at, updated_at) VALUES (2789, 15, 339, 3, 0, '2024-01-01 00:00:00', NULL);
INSERT INTO prediction (id, user_id, game_id, home_score, away_score, created_at, updated_at) VALUES (2790, 6, 339, 5, 0, '2024-01-01 00:00:00', NULL);
INSERT INTO prediction (id, user_id, game_id, home_score, away_score, created_at, updated_at) VALUES (2791, 10, 339, 6, 1, '2024-01-01 00:00:00', NULL);
INSERT INTO prediction (id, user_id, game_id, home_score, away_score, created_at, updated_at) VALUES (2792, 11, 340, 2, 3, '2024-01-01 00:00:00', NULL);
INSERT INTO prediction (id, user_id, game_id, home_score, away_score, created_at, updated_at) VALUES (2793, 14, 340, 1, 2, '2024-01-01 00:00:00', NULL);
INSERT INTO prediction (id, user_id, game_id, home_score, away_score, created_at, updated_at) VALUES (2794, 8, 340, 3, 1, '2024-01-01 00:00:00', NULL);
INSERT INTO prediction (id, user_id, game_id, home_score, away_score, created_at, updated_at) VALUES (2795, 12, 340, 2, 3, '2024-01-01 00:00:00', NULL);
INSERT INTO prediction (id, user_id, game_id, home_score, away_score, created_at, updated_at) VALUES (2796, 16, 340, 2, 3, '2024-01-01 00:00:00', NULL);
INSERT INTO prediction (id, user_id, game_id, home_score, away_score, created_at, updated_at) VALUES (2797, 15, 340, 1, 2, '2024-01-01 00:00:00', NULL);
INSERT INTO prediction (id, user_id, game_id, home_score, away_score, created_at, updated_at) VALUES (2798, 6, 340, 2, 1, '2024-01-01 00:00:00', NULL);
INSERT INTO prediction (id, user_id, game_id, home_score, away_score, created_at, updated_at) VALUES (2799, 10, 340, 4, 2, '2024-01-01 00:00:00', NULL);
INSERT INTO prediction (id, user_id, game_id, home_score, away_score, created_at, updated_at) VALUES (2800, 11, 341, 1, 3, '2024-01-01 00:00:00', NULL);
INSERT INTO prediction (id, user_id, game_id, home_score, away_score, created_at, updated_at) VALUES (2801, 14, 341, 1, 2, '2024-01-01 00:00:00', NULL);
INSERT INTO prediction (id, user_id, game_id, home_score, away_score, created_at, updated_at) VALUES (2802, 8, 341, 2, 4, '2024-01-01 00:00:00', NULL);
INSERT INTO prediction (id, user_id, game_id, home_score, away_score, created_at, updated_at) VALUES (2803, 12, 341, 1, 3, '2024-01-01 00:00:00', NULL);
INSERT INTO prediction (id, user_id, game_id, home_score, away_score, created_at, updated_at) VALUES (2804, 16, 341, 3, 4, '2024-01-01 00:00:00', NULL);
INSERT INTO prediction (id, user_id, game_id, home_score, away_score, created_at, updated_at) VALUES (2805, 15, 341, 2, 3, '2024-01-01 00:00:00', NULL);
INSERT INTO prediction (id, user_id, game_id, home_score, away_score, created_at, updated_at) VALUES (2806, 6, 341, 1, 3, '2024-01-01 00:00:00', NULL);
INSERT INTO prediction (id, user_id, game_id, home_score, away_score, created_at, updated_at) VALUES (2807, 10, 341, 4, 5, '2024-01-01 00:00:00', NULL);
INSERT INTO prediction (id, user_id, game_id, home_score, away_score, created_at, updated_at) VALUES (2808, 11, 342, 3, 2, '2024-01-01 00:00:00', NULL);
INSERT INTO prediction (id, user_id, game_id, home_score, away_score, created_at, updated_at) VALUES (2809, 14, 342, 3, 2, '2024-01-01 00:00:00', NULL);
INSERT INTO prediction (id, user_id, game_id, home_score, away_score, created_at, updated_at) VALUES (2810, 8, 342, 2, 4, '2024-01-01 00:00:00', NULL);
INSERT INTO prediction (id, user_id, game_id, home_score, away_score, created_at, updated_at) VALUES (2811, 12, 342, 4, 3, '2024-01-01 00:00:00', NULL);
INSERT INTO prediction (id, user_id, game_id, home_score, away_score, created_at, updated_at) VALUES (2812, 16, 342, 5, 3, '2024-01-01 00:00:00', NULL);
INSERT INTO prediction (id, user_id, game_id, home_score, away_score, created_at, updated_at) VALUES (2813, 15, 342, 4, 2, '2024-01-01 00:00:00', NULL);
INSERT INTO prediction (id, user_id, game_id, home_score, away_score, created_at, updated_at) VALUES (2814, 6, 342, 3, 4, '2024-01-01 00:00:00', NULL);
INSERT INTO prediction (id, user_id, game_id, home_score, away_score, created_at, updated_at) VALUES (2815, 10, 342, 2, 4, '2024-01-01 00:00:00', NULL);
INSERT INTO prediction (id, user_id, game_id, home_score, away_score, created_at, updated_at) VALUES (2816, 11, 343, 3, 2, '2024-01-01 00:00:00', NULL);
INSERT INTO prediction (id, user_id, game_id, home_score, away_score, created_at, updated_at) VALUES (2817, 14, 343, 3, 1, '2024-01-01 00:00:00', NULL);
INSERT INTO prediction (id, user_id, game_id, home_score, away_score, created_at, updated_at) VALUES (2818, 8, 343, 4, 2, '2024-01-01 00:00:00', NULL);
INSERT INTO prediction (id, user_id, game_id, home_score, away_score, created_at, updated_at) VALUES (2819, 12, 343, 2, 4, '2024-01-01 00:00:00', NULL);
INSERT INTO prediction (id, user_id, game_id, home_score, away_score, created_at, updated_at) VALUES (2820, 16, 343, 4, 2, '2024-01-01 00:00:00', NULL);
INSERT INTO prediction (id, user_id, game_id, home_score, away_score, created_at, updated_at) VALUES (2821, 15, 343, 2, 1, '2024-01-01 00:00:00', NULL);
INSERT INTO prediction (id, user_id, game_id, home_score, away_score, created_at, updated_at) VALUES (2822, 6, 343, 4, 2, '2024-01-01 00:00:00', NULL);
INSERT INTO prediction (id, user_id, game_id, home_score, away_score, created_at, updated_at) VALUES (2823, 10, 343, 2, 1, '2024-01-01 00:00:00', NULL);
INSERT INTO prediction (id, user_id, game_id, home_score, away_score, created_at, updated_at) VALUES (2824, 11, 344, 2, 1, '2024-01-01 00:00:00', NULL);
INSERT INTO prediction (id, user_id, game_id, home_score, away_score, created_at, updated_at) VALUES (2825, 14, 344, 4, 1, '2024-01-01 00:00:00', NULL);
INSERT INTO prediction (id, user_id, game_id, home_score, away_score, created_at, updated_at) VALUES (2826, 8, 344, 3, 1, '2024-01-01 00:00:00', NULL);
INSERT INTO prediction (id, user_id, game_id, home_score, away_score, created_at, updated_at) VALUES (2827, 12, 344, 4, 1, '2024-01-01 00:00:00', NULL);
INSERT INTO prediction (id, user_id, game_id, home_score, away_score, created_at, updated_at) VALUES (2828, 16, 344, 3, 4, '2024-01-01 00:00:00', NULL);
INSERT INTO prediction (id, user_id, game_id, home_score, away_score, created_at, updated_at) VALUES (2829, 15, 344, 3, 1, '2024-01-01 00:00:00', NULL);
INSERT INTO prediction (id, user_id, game_id, home_score, away_score, created_at, updated_at) VALUES (2830, 6, 344, 3, 0, '2024-01-01 00:00:00', NULL);
INSERT INTO prediction (id, user_id, game_id, home_score, away_score, created_at, updated_at) VALUES (2831, 10, 344, 4, 2, '2024-01-01 00:00:00', NULL);
INSERT INTO prediction (id, user_id, game_id, home_score, away_score, created_at, updated_at) VALUES (2832, 11, 345, 3, 1, '2024-01-01 00:00:00', NULL);
INSERT INTO prediction (id, user_id, game_id, home_score, away_score, created_at, updated_at) VALUES (2833, 14, 345, 3, 1, '2024-01-01 00:00:00', NULL);
INSERT INTO prediction (id, user_id, game_id, home_score, away_score, created_at, updated_at) VALUES (2834, 8, 345, 0, 0, '2024-01-01 00:00:00', NULL);
INSERT INTO prediction (id, user_id, game_id, home_score, away_score, created_at, updated_at) VALUES (2835, 12, 345, 3, 1, '2024-01-01 00:00:00', NULL);
INSERT INTO prediction (id, user_id, game_id, home_score, away_score, created_at, updated_at) VALUES (2836, 16, 345, 4, 2, '2024-01-01 00:00:00', NULL);
INSERT INTO prediction (id, user_id, game_id, home_score, away_score, created_at, updated_at) VALUES (2837, 15, 345, 3, 2, '2024-01-01 00:00:00', NULL);
INSERT INTO prediction (id, user_id, game_id, home_score, away_score, created_at, updated_at) VALUES (2838, 6, 345, 3, 2, '2024-01-01 00:00:00', NULL);
INSERT INTO prediction (id, user_id, game_id, home_score, away_score, created_at, updated_at) VALUES (2839, 10, 345, 3, 2, '2024-01-01 00:00:00', NULL);
INSERT INTO prediction (id, user_id, game_id, home_score, away_score, created_at, updated_at) VALUES (2840, 11, 346, 2, 3, '2024-01-01 00:00:00', NULL);
INSERT INTO prediction (id, user_id, game_id, home_score, away_score, created_at, updated_at) VALUES (2841, 14, 346, 2, 4, '2024-01-01 00:00:00', NULL);
INSERT INTO prediction (id, user_id, game_id, home_score, away_score, created_at, updated_at) VALUES (2842, 8, 346, 0, 0, '2024-01-01 00:00:00', NULL);
INSERT INTO prediction (id, user_id, game_id, home_score, away_score, created_at, updated_at) VALUES (2843, 12, 346, 2, 3, '2024-01-01 00:00:00', NULL);
INSERT INTO prediction (id, user_id, game_id, home_score, away_score, created_at, updated_at) VALUES (2844, 16, 346, 1, 3, '2024-01-01 00:00:00', NULL);
INSERT INTO prediction (id, user_id, game_id, home_score, away_score, created_at, updated_at) VALUES (2845, 15, 346, 3, 2, '2024-01-01 00:00:00', NULL);
INSERT INTO prediction (id, user_id, game_id, home_score, away_score, created_at, updated_at) VALUES (2846, 6, 346, 4, 2, '2024-01-01 00:00:00', NULL);
INSERT INTO prediction (id, user_id, game_id, home_score, away_score, created_at, updated_at) VALUES (2847, 10, 346, 3, 2, '2024-01-01 00:00:00', NULL);
INSERT INTO prediction (id, user_id, game_id, home_score, away_score, created_at, updated_at) VALUES (2848, 11, 347, 3, 2, '2024-01-01 00:00:00', NULL);
INSERT INTO prediction (id, user_id, game_id, home_score, away_score, created_at, updated_at) VALUES (2849, 14, 347, 3, 2, '2024-01-01 00:00:00', NULL);
INSERT INTO prediction (id, user_id, game_id, home_score, away_score, created_at, updated_at) VALUES (2850, 8, 347, 4, 2, '2024-01-01 00:00:00', NULL);
INSERT INTO prediction (id, user_id, game_id, home_score, away_score, created_at, updated_at) VALUES (2851, 12, 347, 4, 3, '2024-01-01 00:00:00', NULL);
INSERT INTO prediction (id, user_id, game_id, home_score, away_score, created_at, updated_at) VALUES (2852, 16, 347, 3, 1, '2024-01-01 00:00:00', NULL);
INSERT INTO prediction (id, user_id, game_id, home_score, away_score, created_at, updated_at) VALUES (2853, 15, 347, 1, 5, '2024-01-01 00:00:00', NULL);
INSERT INTO prediction (id, user_id, game_id, home_score, away_score, created_at, updated_at) VALUES (2854, 6, 347, 0, 0, '2024-01-01 00:00:00', NULL);
INSERT INTO prediction (id, user_id, game_id, home_score, away_score, created_at, updated_at) VALUES (2855, 10, 347, 2, 4, '2024-01-01 00:00:00', NULL);
INSERT INTO prediction (id, user_id, game_id, home_score, away_score, created_at, updated_at) VALUES (2856, 11, 348, 3, 1, '2024-01-01 00:00:00', NULL);
INSERT INTO prediction (id, user_id, game_id, home_score, away_score, created_at, updated_at) VALUES (2857, 14, 348, 2, 1, '2024-01-01 00:00:00', NULL);
INSERT INTO prediction (id, user_id, game_id, home_score, away_score, created_at, updated_at) VALUES (2858, 8, 348, 4, 2, '2024-01-01 00:00:00', NULL);
INSERT INTO prediction (id, user_id, game_id, home_score, away_score, created_at, updated_at) VALUES (2859, 12, 348, 3, 2, '2024-01-01 00:00:00', NULL);
INSERT INTO prediction (id, user_id, game_id, home_score, away_score, created_at, updated_at) VALUES (2860, 16, 348, 4, 2, '2024-01-01 00:00:00', NULL);
INSERT INTO prediction (id, user_id, game_id, home_score, away_score, created_at, updated_at) VALUES (2861, 15, 348, 4, 3, '2024-01-01 00:00:00', NULL);
INSERT INTO prediction (id, user_id, game_id, home_score, away_score, created_at, updated_at) VALUES (2862, 6, 348, 2, 3, '2024-01-01 00:00:00', NULL);
INSERT INTO prediction (id, user_id, game_id, home_score, away_score, created_at, updated_at) VALUES (2863, 10, 348, 4, 3, '2024-01-01 00:00:00', NULL);
INSERT INTO special_bet_rule (id, tournament_id, name, value_type, scoring_type, points, sort_order, actual_team_value_id, actual_string_value, actual_int_value) VALUES (31, 6, 'Medaile - 1. místo', 'team', 'podium', 2.0, 0, 8, NULL, NULL);
INSERT INTO special_bet (id, user_id, rule_id, team_value_id, string_value, int_value) VALUES (256, 11, 31, 6, NULL, NULL);
INSERT INTO special_bet (id, user_id, rule_id, team_value_id, string_value, int_value) VALUES (257, 14, 31, 6, NULL, NULL);
INSERT INTO special_bet (id, user_id, rule_id, team_value_id, string_value, int_value) VALUES (258, 8, 31, 4, NULL, NULL);
INSERT INTO special_bet (id, user_id, rule_id, team_value_id, string_value, int_value) VALUES (259, 12, 31, 6, NULL, NULL);
INSERT INTO special_bet (id, user_id, rule_id, team_value_id, string_value, int_value) VALUES (260, 16, 31, 6, NULL, NULL);
INSERT INTO special_bet (id, user_id, rule_id, team_value_id, string_value, int_value) VALUES (261, 15, 31, 23, NULL, NULL);
INSERT INTO special_bet (id, user_id, rule_id, team_value_id, string_value, int_value) VALUES (262, 6, 31, 4, NULL, NULL);
INSERT INTO special_bet (id, user_id, rule_id, team_value_id, string_value, int_value) VALUES (263, 10, 31, 8, NULL, NULL);
INSERT INTO special_bet_rule (id, tournament_id, name, value_type, scoring_type, points, sort_order, actual_team_value_id, actual_string_value, actual_int_value) VALUES (32, 6, 'Medaile - 2. místo', 'team', 'podium', 2.0, 1, 4, NULL, NULL);
INSERT INTO special_bet (id, user_id, rule_id, team_value_id, string_value, int_value) VALUES (264, 11, 32, 4, NULL, NULL);
INSERT INTO special_bet (id, user_id, rule_id, team_value_id, string_value, int_value) VALUES (265, 14, 32, 8, NULL, NULL);
INSERT INTO special_bet (id, user_id, rule_id, team_value_id, string_value, int_value) VALUES (266, 8, 32, 6, NULL, NULL);
INSERT INTO special_bet (id, user_id, rule_id, team_value_id, string_value, int_value) VALUES (267, 12, 32, 8, NULL, NULL);
INSERT INTO special_bet (id, user_id, rule_id, team_value_id, string_value, int_value) VALUES (268, 16, 32, 4, NULL, NULL);
INSERT INTO special_bet (id, user_id, rule_id, team_value_id, string_value, int_value) VALUES (269, 15, 32, 6, NULL, NULL);
INSERT INTO special_bet (id, user_id, rule_id, team_value_id, string_value, int_value) VALUES (270, 6, 32, 6, NULL, NULL);
INSERT INTO special_bet (id, user_id, rule_id, team_value_id, string_value, int_value) VALUES (271, 10, 32, 23, NULL, NULL);
INSERT INTO special_bet_rule (id, tournament_id, name, value_type, scoring_type, points, sort_order, actual_team_value_id, actual_string_value, actual_int_value) VALUES (33, 6, 'Medaile - 3. místo', 'team', 'podium', 2.0, 2, 6, NULL, NULL);
INSERT INTO special_bet (id, user_id, rule_id, team_value_id, string_value, int_value) VALUES (272, 11, 33, 21, NULL, NULL);
INSERT INTO special_bet (id, user_id, rule_id, team_value_id, string_value, int_value) VALUES (273, 14, 33, 22, NULL, NULL);
INSERT INTO special_bet (id, user_id, rule_id, team_value_id, string_value, int_value) VALUES (274, 8, 33, 8, NULL, NULL);
INSERT INTO special_bet (id, user_id, rule_id, team_value_id, string_value, int_value) VALUES (275, 12, 33, 24, NULL, NULL);
INSERT INTO special_bet (id, user_id, rule_id, team_value_id, string_value, int_value) VALUES (276, 16, 33, 23, NULL, NULL);
INSERT INTO special_bet (id, user_id, rule_id, team_value_id, string_value, int_value) VALUES (277, 15, 33, 8, NULL, NULL);
INSERT INTO special_bet (id, user_id, rule_id, team_value_id, string_value, int_value) VALUES (278, 6, 33, 23, NULL, NULL);
INSERT INTO special_bet (id, user_id, rule_id, team_value_id, string_value, int_value) VALUES (279, 10, 33, 4, NULL, NULL);
INSERT INTO special_bet_rule (id, tournament_id, name, value_type, scoring_type, points, sort_order, actual_team_value_id, actual_string_value, actual_int_value) VALUES (34, 6, 'Nejlepší Čech #1', 'string', 'any_match', 2.0, 3, NULL, 'Červenka', NULL);
INSERT INTO special_bet (id, user_id, rule_id, team_value_id, string_value, int_value) VALUES (280, 11, 34, NULL, 'Krejčí', NULL);
INSERT INTO special_bet (id, user_id, rule_id, team_value_id, string_value, int_value) VALUES (281, 14, 34, NULL, 'Červenka', NULL);
INSERT INTO special_bet (id, user_id, rule_id, team_value_id, string_value, int_value) VALUES (282, 8, 34, NULL, 'Krejčí', NULL);
INSERT INTO special_bet (id, user_id, rule_id, team_value_id, string_value, int_value) VALUES (283, 12, 34, NULL, 'Simon', NULL);
INSERT INTO special_bet (id, user_id, rule_id, team_value_id, string_value, int_value) VALUES (284, 16, 34, NULL, 'Červenka', NULL);
INSERT INTO special_bet (id, user_id, rule_id, team_value_id, string_value, int_value) VALUES (285, 15, 34, NULL, 'Červenka', NULL);
INSERT INTO special_bet (id, user_id, rule_id, team_value_id, string_value, int_value) VALUES (286, 6, 34, NULL, 'Červenka', NULL);
INSERT INTO special_bet (id, user_id, rule_id, team_value_id, string_value, int_value) VALUES (287, 10, 34, NULL, 'Krejčí', NULL);
INSERT INTO special_bet_rule (id, tournament_id, name, value_type, scoring_type, points, sort_order, actual_team_value_id, actual_string_value, actual_int_value) VALUES (35, 6, 'Nejlepší Čech #2', 'string', 'any_match', 2.0, 4, NULL, 'Krejčí', NULL);
INSERT INTO special_bet (id, user_id, rule_id, team_value_id, string_value, int_value) VALUES (288, 11, 35, NULL, 'Hertl', NULL);
INSERT INTO special_bet (id, user_id, rule_id, team_value_id, string_value, int_value) VALUES (289, 14, 35, NULL, 'Krejčí', NULL);
INSERT INTO special_bet (id, user_id, rule_id, team_value_id, string_value, int_value) VALUES (290, 8, 35, NULL, 'Hertl', NULL);
INSERT INTO special_bet (id, user_id, rule_id, team_value_id, string_value, int_value) VALUES (291, 12, 35, NULL, 'Hertl', NULL);
INSERT INTO special_bet (id, user_id, rule_id, team_value_id, string_value, int_value) VALUES (292, 16, 35, NULL, 'Hertl', NULL);
INSERT INTO special_bet (id, user_id, rule_id, team_value_id, string_value, int_value) VALUES (293, 15, 35, NULL, 'Hertl', NULL);
INSERT INTO special_bet (id, user_id, rule_id, team_value_id, string_value, int_value) VALUES (294, 6, 35, NULL, 'Hertl', NULL);
INSERT INTO special_bet (id, user_id, rule_id, team_value_id, string_value, int_value) VALUES (295, 10, 35, NULL, 'Hertl', NULL);
INSERT INTO special_bet_rule (id, tournament_id, name, value_type, scoring_type, points, sort_order, actual_team_value_id, actual_string_value, actual_int_value) VALUES (36, 6, 'Nejlepší Čech #3', 'string', 'any_match', 2.0, 5, NULL, 'Hertl', NULL);
INSERT INTO special_bet (id, user_id, rule_id, team_value_id, string_value, int_value) VALUES (296, 11, 36, NULL, 'Vrána', NULL);
INSERT INTO special_bet (id, user_id, rule_id, team_value_id, string_value, int_value) VALUES (297, 14, 36, NULL, 'Vrána', NULL);
INSERT INTO special_bet (id, user_id, rule_id, team_value_id, string_value, int_value) VALUES (298, 8, 36, NULL, 'Vrána', NULL);
INSERT INTO special_bet (id, user_id, rule_id, team_value_id, string_value, int_value) VALUES (299, 12, 36, NULL, 'Vrána', NULL);
INSERT INTO special_bet (id, user_id, rule_id, team_value_id, string_value, int_value) VALUES (300, 16, 36, NULL, 'Vrána', NULL);
INSERT INTO special_bet (id, user_id, rule_id, team_value_id, string_value, int_value) VALUES (301, 15, 36, NULL, 'Vrána', NULL);
INSERT INTO special_bet (id, user_id, rule_id, team_value_id, string_value, int_value) VALUES (302, 6, 36, NULL, 'Vrána', NULL);
INSERT INTO special_bet (id, user_id, rule_id, team_value_id, string_value, int_value) VALUES (303, 10, 36, NULL, 'Stránský', NULL);
INSERT INTO special_bet_rule (id, tournament_id, name, value_type, scoring_type, points, sort_order, actual_team_value_id, actual_string_value, actual_int_value) VALUES (37, 6, 'Počet gólů české reprezentace', 'integer', 'closest', 2.0, 6, NULL, NULL, 32);
INSERT INTO special_bet (id, user_id, rule_id, team_value_id, string_value, int_value) VALUES (304, 11, 37, NULL, NULL, 32);
INSERT INTO special_bet (id, user_id, rule_id, team_value_id, string_value, int_value) VALUES (305, 14, 37, NULL, NULL, 38);
INSERT INTO special_bet (id, user_id, rule_id, team_value_id, string_value, int_value) VALUES (306, 8, 37, NULL, NULL, 31);
INSERT INTO special_bet (id, user_id, rule_id, team_value_id, string_value, int_value) VALUES (307, 12, 37, NULL, NULL, 41);
INSERT INTO special_bet (id, user_id, rule_id, team_value_id, string_value, int_value) VALUES (308, 16, 37, NULL, NULL, 38);
INSERT INTO special_bet (id, user_id, rule_id, team_value_id, string_value, int_value) VALUES (309, 15, 37, NULL, NULL, 33);
INSERT INTO special_bet (id, user_id, rule_id, team_value_id, string_value, int_value) VALUES (310, 6, 37, NULL, NULL, 34);
INSERT INTO special_bet (id, user_id, rule_id, team_value_id, string_value, int_value) VALUES (311, 10, 37, NULL, NULL, 25);
INSERT INTO special_bet_rule (id, tournament_id, name, value_type, scoring_type, points, sort_order, actual_team_value_id, actual_string_value, actual_int_value) VALUES (38, 6, 'Sestupující tým 1', 'team', 'exact_match', 2.0, 7, 13, NULL, NULL);
INSERT INTO special_bet (id, user_id, rule_id, team_value_id, string_value, int_value) VALUES (312, 11, 38, 13, NULL, NULL);
INSERT INTO special_bet (id, user_id, rule_id, team_value_id, string_value, int_value) VALUES (313, 14, 38, 14, NULL, NULL);
INSERT INTO special_bet (id, user_id, rule_id, team_value_id, string_value, int_value) VALUES (314, 8, 38, 13, NULL, NULL);
INSERT INTO special_bet (id, user_id, rule_id, team_value_id, string_value, int_value) VALUES (315, 12, 38, 13, NULL, NULL);
INSERT INTO special_bet (id, user_id, rule_id, team_value_id, string_value, int_value) VALUES (316, 16, 38, 13, NULL, NULL);
INSERT INTO special_bet (id, user_id, rule_id, team_value_id, string_value, int_value) VALUES (317, 15, 38, 13, NULL, NULL);
INSERT INTO special_bet (id, user_id, rule_id, team_value_id, string_value, int_value) VALUES (318, 6, 38, 13, NULL, NULL);
INSERT INTO special_bet (id, user_id, rule_id, team_value_id, string_value, int_value) VALUES (319, 10, 38, 13, NULL, NULL);
INSERT INTO special_bet_rule (id, tournament_id, name, value_type, scoring_type, points, sort_order, actual_team_value_id, actual_string_value, actual_int_value) VALUES (39, 6, 'Sestupující tým 2', 'team', 'exact_match', 2.0, 8, 10, NULL, NULL);
INSERT INTO special_bet (id, user_id, rule_id, team_value_id, string_value, int_value) VALUES (320, 11, 39, 10, NULL, NULL);
INSERT INTO special_bet (id, user_id, rule_id, team_value_id, string_value, int_value) VALUES (321, 14, 39, 10, NULL, NULL);
INSERT INTO special_bet (id, user_id, rule_id, team_value_id, string_value, int_value) VALUES (322, 8, 39, 10, NULL, NULL);
INSERT INTO special_bet (id, user_id, rule_id, team_value_id, string_value, int_value) VALUES (323, 12, 39, 10, NULL, NULL);
INSERT INTO special_bet (id, user_id, rule_id, team_value_id, string_value, int_value) VALUES (324, 16, 39, 10, NULL, NULL);
INSERT INTO special_bet (id, user_id, rule_id, team_value_id, string_value, int_value) VALUES (325, 15, 39, 10, NULL, NULL);
INSERT INTO special_bet (id, user_id, rule_id, team_value_id, string_value, int_value) VALUES (326, 6, 39, 10, NULL, NULL);
INSERT INTO special_bet (id, user_id, rule_id, team_value_id, string_value, int_value) VALUES (327, 10, 39, 10, NULL, NULL);

-- Tournament: MS 2023
INSERT INTO tournament (id, name, year, slug, status, created_at) VALUES (7, 'MS 2023', 2023, 'ms-2023', 'finished', '2024-01-01 00:00:00');
INSERT INTO rule_set (id, tournament_id, winner_base_points, wrong_opponent_bonus, exact_score_bonus, prizes) VALUES (7, 7, 1.0, 0.25, 2.0, '{"1": 300, "2": 150, "3": 50}');
INSERT INTO "match" (id, tournament_id, home_team_id, away_team_id, phase, played_at, home_score, away_score, is_finished) VALUES (349, 7, 8, 24, 'group_stage', '2022-05-12 15:20:00', 1, 4, true);
INSERT INTO "match" (id, tournament_id, home_team_id, away_team_id, phase, played_at, home_score, away_score, is_finished) VALUES (350, 7, 22, 6, 'group_stage', '2022-05-12 15:20:00', 2, 3, true);
INSERT INTO "match" (id, tournament_id, home_team_id, away_team_id, phase, played_at, home_score, away_score, is_finished) VALUES (351, 7, 23, 11, 'group_stage', '2022-05-12 19:20:00', 1, 0, true);
INSERT INTO "match" (id, tournament_id, home_team_id, away_team_id, phase, played_at, home_score, away_score, is_finished) VALUES (352, 7, 15, 4, 'group_stage', '2022-05-12 19:20:00', 0, 6, true);
INSERT INTO "match" (id, tournament_id, home_team_id, away_team_id, phase, played_at, home_score, away_score, is_finished) VALUES (353, 7, 9, 1, 'group_stage', '2022-05-13 11:20:00', 2, 1, true);
INSERT INTO "match" (id, tournament_id, home_team_id, away_team_id, phase, played_at, home_score, away_score, is_finished) VALUES (354, 7, 21, 20, 'group_stage', '2022-05-13 11:20:00', 7, 0, true);
INSERT INTO "match" (id, tournament_id, home_team_id, away_team_id, phase, played_at, home_score, away_score, is_finished) VALUES (355, 7, 12, 7, 'group_stage', '2022-05-13 15:20:00', 1, 3, true);
INSERT INTO "match" (id, tournament_id, home_team_id, away_team_id, phase, played_at, home_score, away_score, is_finished) VALUES (356, 7, 16, 14, 'group_stage', '2022-05-13 15:20:00', 3, 4, true);
INSERT INTO "match" (id, tournament_id, home_team_id, away_team_id, phase, played_at, home_score, away_score, is_finished) VALUES (357, 7, 11, 8, 'group_stage', '2022-05-13 19:20:00', 3, 4, true);
INSERT INTO "match" (id, tournament_id, home_team_id, away_team_id, phase, played_at, home_score, away_score, is_finished) VALUES (358, 7, 22, 15, 'group_stage', '2022-05-13 19:20:00', 2, 1, true);
INSERT INTO "match" (id, tournament_id, home_team_id, away_team_id, phase, played_at, home_score, away_score, is_finished) VALUES (359, 7, 24, 12, 'group_stage', '2022-05-14 11:20:00', 7, 1, true);
INSERT INTO "match" (id, tournament_id, home_team_id, away_team_id, phase, played_at, home_score, away_score, is_finished) VALUES (360, 7, 20, 4, 'group_stage', '2022-05-14 11:20:00', 2, 5, true);
INSERT INTO "match" (id, tournament_id, home_team_id, away_team_id, phase, played_at, home_score, away_score, is_finished) VALUES (361, 7, 9, 7, 'group_stage', '2022-05-14 15:20:00', 3, 4, true);
INSERT INTO "match" (id, tournament_id, home_team_id, away_team_id, phase, played_at, home_score, away_score, is_finished) VALUES (362, 7, 16, 21, 'group_stage', '2022-05-14 15:20:00', 0, 3, true);
INSERT INTO "match" (id, tournament_id, home_team_id, away_team_id, phase, played_at, home_score, away_score, is_finished) VALUES (363, 7, 23, 1, 'group_stage', '2022-05-14 19:20:00', 5, 0, true);
INSERT INTO "match" (id, tournament_id, home_team_id, away_team_id, phase, played_at, home_score, away_score, is_finished) VALUES (364, 7, 6, 14, 'group_stage', '2022-05-14 19:20:00', 5, 1, true);
INSERT INTO "match" (id, tournament_id, home_team_id, away_team_id, phase, played_at, home_score, away_score, is_finished) VALUES (365, 7, 11, 24, 'group_stage', '2022-05-15 15:20:00', 2, 3, true);
INSERT INTO "match" (id, tournament_id, home_team_id, away_team_id, phase, played_at, home_score, away_score, is_finished) VALUES (366, 7, 22, 4, 'group_stage', '2022-05-15 15:20:00', 1, 2, true);
INSERT INTO "match" (id, tournament_id, home_team_id, away_team_id, phase, played_at, home_score, away_score, is_finished) VALUES (367, 7, 8, 23, 'group_stage', '2022-05-15 19:20:00', 1, 2, true);
INSERT INTO "match" (id, tournament_id, home_team_id, away_team_id, phase, played_at, home_score, away_score, is_finished) VALUES (368, 7, 6, 15, 'group_stage', '2022-05-15 19:20:00', 3, 4, true);
INSERT INTO "match" (id, tournament_id, home_team_id, away_team_id, phase, played_at, home_score, away_score, is_finished) VALUES (369, 7, 7, 1, 'group_stage', '2022-05-16 15:20:00', 6, 2, true);
INSERT INTO "match" (id, tournament_id, home_team_id, away_team_id, phase, played_at, home_score, away_score, is_finished) VALUES (370, 7, 20, 16, 'group_stage', '2022-05-16 15:20:00', 0, 1, true);
INSERT INTO "match" (id, tournament_id, home_team_id, away_team_id, phase, played_at, home_score, away_score, is_finished) VALUES (371, 7, 9, 12, 'group_stage', '2022-05-16 19:20:00', 2, 3, true);
INSERT INTO "match" (id, tournament_id, home_team_id, away_team_id, phase, played_at, home_score, away_score, is_finished) VALUES (372, 7, 21, 14, 'group_stage', '2022-05-16 19:20:00', 5, 0, true);
INSERT INTO "match" (id, tournament_id, home_team_id, away_team_id, phase, played_at, home_score, away_score, is_finished) VALUES (373, 7, 24, 1, 'group_stage', '2022-05-17 15:20:00', 4, 1, true);
INSERT INTO "match" (id, tournament_id, home_team_id, away_team_id, phase, played_at, home_score, away_score, is_finished) VALUES (374, 7, 15, 16, 'group_stage', '2022-05-17 15:20:00', 2, 1, true);
INSERT INTO "match" (id, tournament_id, home_team_id, away_team_id, phase, played_at, home_score, away_score, is_finished) VALUES (375, 7, 8, 9, 'group_stage', '2022-05-17 19:20:00', 5, 3, true);
INSERT INTO "match" (id, tournament_id, home_team_id, away_team_id, phase, played_at, home_score, away_score, is_finished) VALUES (376, 7, 4, 14, 'group_stage', '2022-05-17 19:20:00', 5, 1, true);
INSERT INTO "match" (id, tournament_id, home_team_id, away_team_id, phase, played_at, home_score, away_score, is_finished) VALUES (377, 7, 12, 23, 'group_stage', '2022-05-18 15:20:00', 1, 7, true);
INSERT INTO "match" (id, tournament_id, home_team_id, away_team_id, phase, played_at, home_score, away_score, is_finished) VALUES (378, 7, 6, 20, 'group_stage', '2022-05-18 15:20:00', 6, 2, true);
INSERT INTO "match" (id, tournament_id, home_team_id, away_team_id, phase, played_at, home_score, away_score, is_finished) VALUES (379, 7, 7, 11, 'group_stage', '2022-05-18 19:20:00', 4, 6, true);
INSERT INTO "match" (id, tournament_id, home_team_id, away_team_id, phase, played_at, home_score, away_score, is_finished) VALUES (380, 7, 21, 22, 'group_stage', '2022-05-18 19:20:00', 4, 2, true);
INSERT INTO "match" (id, tournament_id, home_team_id, away_team_id, phase, played_at, home_score, away_score, is_finished) VALUES (381, 7, 12, 8, 'group_stage', '2022-05-19 15:20:00', 1, 7, true);
INSERT INTO "match" (id, tournament_id, home_team_id, away_team_id, phase, played_at, home_score, away_score, is_finished) VALUES (382, 7, 15, 20, 'group_stage', '2022-05-19 15:20:00', 3, 2, true);
INSERT INTO "match" (id, tournament_id, home_team_id, away_team_id, phase, played_at, home_score, away_score, is_finished) VALUES (383, 7, 1, 11, 'group_stage', '2022-05-19 19:20:00', 2, 4, true);
INSERT INTO "match" (id, tournament_id, home_team_id, away_team_id, phase, played_at, home_score, away_score, is_finished) VALUES (384, 7, 14, 22, 'group_stage', '2022-05-19 19:20:00', 4, 3, true);
INSERT INTO "match" (id, tournament_id, home_team_id, away_team_id, phase, played_at, home_score, away_score, is_finished) VALUES (385, 7, 24, 7, 'group_stage', '2022-05-20 11:20:00', 3, 0, true);
INSERT INTO "match" (id, tournament_id, home_team_id, away_team_id, phase, played_at, home_score, away_score, is_finished) VALUES (386, 7, 16, 6, 'group_stage', '2022-05-20 11:20:00', 0, 2, true);
INSERT INTO "match" (id, tournament_id, home_team_id, away_team_id, phase, played_at, home_score, away_score, is_finished) VALUES (387, 7, 1, 8, 'group_stage', '2022-05-20 15:20:00', 1, 3, true);
INSERT INTO "match" (id, tournament_id, home_team_id, away_team_id, phase, played_at, home_score, away_score, is_finished) VALUES (388, 7, 4, 21, 'group_stage', '2022-05-20 15:20:00', 2, 3, true);
INSERT INTO "match" (id, tournament_id, home_team_id, away_team_id, phase, played_at, home_score, away_score, is_finished) VALUES (389, 7, 23, 9, 'group_stage', '2022-05-20 19:20:00', 4, 0, true);
INSERT INTO "match" (id, tournament_id, home_team_id, away_team_id, phase, played_at, home_score, away_score, is_finished) VALUES (390, 7, 14, 15, 'group_stage', '2022-05-20 19:20:00', 0, 7, true);
INSERT INTO "match" (id, tournament_id, home_team_id, away_team_id, phase, played_at, home_score, away_score, is_finished) VALUES (391, 7, 11, 12, 'group_stage', '2022-05-21 15:20:00', 7, 2, true);
INSERT INTO "match" (id, tournament_id, home_team_id, away_team_id, phase, played_at, home_score, away_score, is_finished) VALUES (392, 7, 20, 22, 'group_stage', '2022-05-21 15:20:00', 0, 1, true);
INSERT INTO "match" (id, tournament_id, home_team_id, away_team_id, phase, played_at, home_score, away_score, is_finished) VALUES (393, 7, 24, 9, 'group_stage', '2022-05-21 19:20:00', 9, 0, true);
INSERT INTO "match" (id, tournament_id, home_team_id, away_team_id, phase, played_at, home_score, away_score, is_finished) VALUES (394, 7, 6, 21, 'group_stage', '2022-05-21 19:20:00', 2, 4, true);
INSERT INTO "match" (id, tournament_id, home_team_id, away_team_id, phase, played_at, home_score, away_score, is_finished) VALUES (395, 7, 7, 23, 'group_stage', '2022-05-22 15:20:00', 1, 4, true);
INSERT INTO "match" (id, tournament_id, home_team_id, away_team_id, phase, played_at, home_score, away_score, is_finished) VALUES (396, 7, 4, 16, 'group_stage', '2022-05-22 15:20:00', 2, 3, true);
INSERT INTO "match" (id, tournament_id, home_team_id, away_team_id, phase, played_at, home_score, away_score, is_finished) VALUES (397, 7, 1, 12, 'group_stage', '2022-05-22 19:20:00', 4, 3, true);
INSERT INTO "match" (id, tournament_id, home_team_id, away_team_id, phase, played_at, home_score, away_score, is_finished) VALUES (398, 7, 14, 20, 'group_stage', '2022-05-22 19:20:00', 4, 3, true);
INSERT INTO "match" (id, tournament_id, home_team_id, away_team_id, phase, played_at, home_score, away_score, is_finished) VALUES (399, 7, 11, 9, 'group_stage', '2022-05-23 11:20:00', 5, 0, true);
INSERT INTO "match" (id, tournament_id, home_team_id, away_team_id, phase, played_at, home_score, away_score, is_finished) VALUES (400, 7, 22, 16, 'group_stage', '2022-05-23 11:20:00', 4, 1, true);
INSERT INTO "match" (id, tournament_id, home_team_id, away_team_id, phase, played_at, home_score, away_score, is_finished) VALUES (401, 7, 23, 24, 'group_stage', '2022-05-23 15:20:00', 3, 4, true);
INSERT INTO "match" (id, tournament_id, home_team_id, away_team_id, phase, played_at, home_score, away_score, is_finished) VALUES (402, 7, 4, 6, 'group_stage', '2022-05-23 15:20:00', 3, 1, true);
INSERT INTO "match" (id, tournament_id, home_team_id, away_team_id, phase, played_at, home_score, away_score, is_finished) VALUES (403, 7, 8, 7, 'group_stage', '2022-05-23 19:20:00', 7, 1, true);
INSERT INTO "match" (id, tournament_id, home_team_id, away_team_id, phase, played_at, home_score, away_score, is_finished) VALUES (404, 7, 21, 15, 'group_stage', '2022-05-23 19:20:00', 3, 4, true);
INSERT INTO "match" (id, tournament_id, home_team_id, away_team_id, phase, played_at, home_score, away_score, is_finished) VALUES (405, 7, 21, 11, 'group_stage', '2022-05-25 15:20:00', 1, 3, true);
INSERT INTO "match" (id, tournament_id, home_team_id, away_team_id, phase, played_at, home_score, away_score, is_finished) VALUES (406, 7, 24, 6, 'group_stage', '2022-05-25 15:20:00', 3, 0, true);
INSERT INTO "match" (id, tournament_id, home_team_id, away_team_id, phase, played_at, home_score, away_score, is_finished) VALUES (407, 7, 4, 8, 'group_stage', '2022-05-25 19:20:00', 4, 1, true);
INSERT INTO "match" (id, tournament_id, home_team_id, away_team_id, phase, played_at, home_score, away_score, is_finished) VALUES (408, 7, 23, 15, 'group_stage', '2022-05-25 19:20:00', 1, 3, true);
INSERT INTO "match" (id, tournament_id, home_team_id, away_team_id, phase, played_at, home_score, away_score, is_finished) VALUES (409, 7, 4, 15, 'semifinal', '2022-05-27 13:20:00', 4, 2, true);
INSERT INTO "match" (id, tournament_id, home_team_id, away_team_id, phase, played_at, home_score, away_score, is_finished) VALUES (410, 7, 24, 11, 'semifinal', '2022-05-27 17:20:00', 3, 4, true);
INSERT INTO "match" (id, tournament_id, home_team_id, away_team_id, phase, played_at, home_score, away_score, is_finished) VALUES (411, 7, 24, 15, 'bronze_medal', '2022-05-28 14:20:00', 3, 4, true);
INSERT INTO "match" (id, tournament_id, home_team_id, away_team_id, phase, played_at, home_score, away_score, is_finished) VALUES (412, 7, 11, 4, 'gold_medal', '2022-05-28 19:20:00', 2, 5, true);
INSERT INTO prediction (id, user_id, game_id, home_score, away_score, created_at, updated_at) VALUES (2864, 11, 349, 3, 1, '2024-01-01 00:00:00', NULL);
INSERT INTO prediction (id, user_id, game_id, home_score, away_score, created_at, updated_at) VALUES (2865, 14, 349, 4, 2, '2024-01-01 00:00:00', NULL);
INSERT INTO prediction (id, user_id, game_id, home_score, away_score, created_at, updated_at) VALUES (2866, 8, 349, 3, 2, '2024-01-01 00:00:00', NULL);
INSERT INTO prediction (id, user_id, game_id, home_score, away_score, created_at, updated_at) VALUES (2867, 12, 349, 3, 1, '2024-01-01 00:00:00', NULL);
INSERT INTO prediction (id, user_id, game_id, home_score, away_score, created_at, updated_at) VALUES (2868, 16, 349, 5, 3, '2024-01-01 00:00:00', NULL);
INSERT INTO prediction (id, user_id, game_id, home_score, away_score, created_at, updated_at) VALUES (2869, 17, 349, 4, 3, '2024-01-01 00:00:00', NULL);
INSERT INTO prediction (id, user_id, game_id, home_score, away_score, created_at, updated_at) VALUES (2870, 6, 349, 4, 2, '2024-01-01 00:00:00', NULL);
INSERT INTO prediction (id, user_id, game_id, home_score, away_score, created_at, updated_at) VALUES (2871, 10, 349, 5, 4, '2024-01-01 00:00:00', NULL);
INSERT INTO prediction (id, user_id, game_id, home_score, away_score, created_at, updated_at) VALUES (2872, 5, 349, 3, 1, '2024-01-01 00:00:00', NULL);
INSERT INTO prediction (id, user_id, game_id, home_score, away_score, created_at, updated_at) VALUES (2873, 11, 350, 0, 3, '2024-01-01 00:00:00', NULL);
INSERT INTO prediction (id, user_id, game_id, home_score, away_score, created_at, updated_at) VALUES (2874, 14, 350, 2, 5, '2024-01-01 00:00:00', NULL);
INSERT INTO prediction (id, user_id, game_id, home_score, away_score, created_at, updated_at) VALUES (2875, 8, 350, 2, 5, '2024-01-01 00:00:00', NULL);
INSERT INTO prediction (id, user_id, game_id, home_score, away_score, created_at, updated_at) VALUES (2876, 12, 350, 2, 5, '2024-01-01 00:00:00', NULL);
INSERT INTO prediction (id, user_id, game_id, home_score, away_score, created_at, updated_at) VALUES (2877, 16, 350, 1, 3, '2024-01-01 00:00:00', NULL);
INSERT INTO prediction (id, user_id, game_id, home_score, away_score, created_at, updated_at) VALUES (2878, 17, 350, 2, 5, '2024-01-01 00:00:00', NULL);
INSERT INTO prediction (id, user_id, game_id, home_score, away_score, created_at, updated_at) VALUES (2879, 6, 350, 2, 4, '2024-01-01 00:00:00', NULL);
INSERT INTO prediction (id, user_id, game_id, home_score, away_score, created_at, updated_at) VALUES (2880, 10, 350, 2, 1, '2024-01-01 00:00:00', NULL);
INSERT INTO prediction (id, user_id, game_id, home_score, away_score, created_at, updated_at) VALUES (2881, 5, 350, 1, 3, '2024-01-01 00:00:00', NULL);
INSERT INTO prediction (id, user_id, game_id, home_score, away_score, created_at, updated_at) VALUES (2882, 11, 351, 4, 3, '2024-01-01 00:00:00', NULL);
INSERT INTO prediction (id, user_id, game_id, home_score, away_score, created_at, updated_at) VALUES (2883, 14, 351, 6, 2, '2024-01-01 00:00:00', NULL);
INSERT INTO prediction (id, user_id, game_id, home_score, away_score, created_at, updated_at) VALUES (2884, 8, 351, 4, 1, '2024-01-01 00:00:00', NULL);
INSERT INTO prediction (id, user_id, game_id, home_score, away_score, created_at, updated_at) VALUES (2885, 12, 351, 4, 2, '2024-01-01 00:00:00', NULL);
INSERT INTO prediction (id, user_id, game_id, home_score, away_score, created_at, updated_at) VALUES (2886, 16, 351, 3, 2, '2024-01-01 00:00:00', NULL);
INSERT INTO prediction (id, user_id, game_id, home_score, away_score, created_at, updated_at) VALUES (2887, 17, 351, 6, 2, '2024-01-01 00:00:00', NULL);
INSERT INTO prediction (id, user_id, game_id, home_score, away_score, created_at, updated_at) VALUES (2888, 6, 351, 5, 1, '2024-01-01 00:00:00', NULL);
INSERT INTO prediction (id, user_id, game_id, home_score, away_score, created_at, updated_at) VALUES (2889, 10, 351, 5, 1, '2024-01-01 00:00:00', NULL);
INSERT INTO prediction (id, user_id, game_id, home_score, away_score, created_at, updated_at) VALUES (2890, 5, 351, 3, 0, '2024-01-01 00:00:00', NULL);
INSERT INTO prediction (id, user_id, game_id, home_score, away_score, created_at, updated_at) VALUES (2891, 11, 352, 2, 3, '2024-01-01 00:00:00', NULL);
INSERT INTO prediction (id, user_id, game_id, home_score, away_score, created_at, updated_at) VALUES (2892, 14, 352, 1, 7, '2024-01-01 00:00:00', NULL);
INSERT INTO prediction (id, user_id, game_id, home_score, away_score, created_at, updated_at) VALUES (2893, 8, 352, 1, 4, '2024-01-01 00:00:00', NULL);
INSERT INTO prediction (id, user_id, game_id, home_score, away_score, created_at, updated_at) VALUES (2894, 12, 352, 1, 5, '2024-01-01 00:00:00', NULL);
INSERT INTO prediction (id, user_id, game_id, home_score, away_score, created_at, updated_at) VALUES (2895, 16, 352, 0, 4, '2024-01-01 00:00:00', NULL);
INSERT INTO prediction (id, user_id, game_id, home_score, away_score, created_at, updated_at) VALUES (2896, 17, 352, 2, 6, '2024-01-01 00:00:00', NULL);
INSERT INTO prediction (id, user_id, game_id, home_score, away_score, created_at, updated_at) VALUES (2897, 6, 352, 2, 3, '2024-01-01 00:00:00', NULL);
INSERT INTO prediction (id, user_id, game_id, home_score, away_score, created_at, updated_at) VALUES (2898, 10, 352, 1, 4, '2024-01-01 00:00:00', NULL);
INSERT INTO prediction (id, user_id, game_id, home_score, away_score, created_at, updated_at) VALUES (2899, 5, 352, 1, 3, '2024-01-01 00:00:00', NULL);
INSERT INTO prediction (id, user_id, game_id, home_score, away_score, created_at, updated_at) VALUES (2900, 11, 353, 3, 2, '2024-01-01 00:00:00', NULL);
INSERT INTO prediction (id, user_id, game_id, home_score, away_score, created_at, updated_at) VALUES (2901, 14, 353, 2, 3, '2024-01-01 00:00:00', NULL);
INSERT INTO prediction (id, user_id, game_id, home_score, away_score, created_at, updated_at) VALUES (2902, 8, 353, 4, 2, '2024-01-01 00:00:00', NULL);
INSERT INTO prediction (id, user_id, game_id, home_score, away_score, created_at, updated_at) VALUES (2903, 12, 353, 2, 3, '2024-01-01 00:00:00', NULL);
INSERT INTO prediction (id, user_id, game_id, home_score, away_score, created_at, updated_at) VALUES (2904, 16, 353, 1, 3, '2024-01-01 00:00:00', NULL);
INSERT INTO prediction (id, user_id, game_id, home_score, away_score, created_at, updated_at) VALUES (2905, 17, 353, 3, 2, '2024-01-01 00:00:00', NULL);
INSERT INTO prediction (id, user_id, game_id, home_score, away_score, created_at, updated_at) VALUES (2906, 6, 353, 1, 3, '2024-01-01 00:00:00', NULL);
INSERT INTO prediction (id, user_id, game_id, home_score, away_score, created_at, updated_at) VALUES (2907, 10, 353, 4, 3, '2024-01-01 00:00:00', NULL);
INSERT INTO prediction (id, user_id, game_id, home_score, away_score, created_at, updated_at) VALUES (2908, 5, 353, 3, 2, '2024-01-01 00:00:00', NULL);
INSERT INTO prediction (id, user_id, game_id, home_score, away_score, created_at, updated_at) VALUES (2909, 11, 354, 4, 0, '2024-01-01 00:00:00', NULL);
INSERT INTO prediction (id, user_id, game_id, home_score, away_score, created_at, updated_at) VALUES (2910, 14, 354, 5, 1, '2024-01-01 00:00:00', NULL);
INSERT INTO prediction (id, user_id, game_id, home_score, away_score, created_at, updated_at) VALUES (2911, 8, 354, 4, 1, '2024-01-01 00:00:00', NULL);
INSERT INTO prediction (id, user_id, game_id, home_score, away_score, created_at, updated_at) VALUES (2912, 12, 354, 5, 0, '2024-01-01 00:00:00', NULL);
INSERT INTO prediction (id, user_id, game_id, home_score, away_score, created_at, updated_at) VALUES (2913, 16, 354, 4, 1, '2024-01-01 00:00:00', NULL);
INSERT INTO prediction (id, user_id, game_id, home_score, away_score, created_at, updated_at) VALUES (2914, 17, 354, 5, 1, '2024-01-01 00:00:00', NULL);
INSERT INTO prediction (id, user_id, game_id, home_score, away_score, created_at, updated_at) VALUES (2915, 6, 354, 3, 1, '2024-01-01 00:00:00', NULL);
INSERT INTO prediction (id, user_id, game_id, home_score, away_score, created_at, updated_at) VALUES (2916, 10, 354, 4, 2, '2024-01-01 00:00:00', NULL);
INSERT INTO prediction (id, user_id, game_id, home_score, away_score, created_at, updated_at) VALUES (2917, 5, 354, 4, 0, '2024-01-01 00:00:00', NULL);
INSERT INTO prediction (id, user_id, game_id, home_score, away_score, created_at, updated_at) VALUES (2918, 11, 355, 1, 3, '2024-01-01 00:00:00', NULL);
INSERT INTO prediction (id, user_id, game_id, home_score, away_score, created_at, updated_at) VALUES (2919, 14, 355, 3, 6, '2024-01-01 00:00:00', NULL);
INSERT INTO prediction (id, user_id, game_id, home_score, away_score, created_at, updated_at) VALUES (2920, 8, 355, 1, 3, '2024-01-01 00:00:00', NULL);
INSERT INTO prediction (id, user_id, game_id, home_score, away_score, created_at, updated_at) VALUES (2921, 12, 355, 1, 4, '2024-01-01 00:00:00', NULL);
INSERT INTO prediction (id, user_id, game_id, home_score, away_score, created_at, updated_at) VALUES (2922, 16, 355, 0, 3, '2024-01-01 00:00:00', NULL);
INSERT INTO prediction (id, user_id, game_id, home_score, away_score, created_at, updated_at) VALUES (2923, 17, 355, 1, 3, '2024-01-01 00:00:00', NULL);
INSERT INTO prediction (id, user_id, game_id, home_score, away_score, created_at, updated_at) VALUES (2924, 6, 355, 0, 5, '2024-01-01 00:00:00', NULL);
INSERT INTO prediction (id, user_id, game_id, home_score, away_score, created_at, updated_at) VALUES (2925, 10, 355, 2, 6, '2024-01-01 00:00:00', NULL);
INSERT INTO prediction (id, user_id, game_id, home_score, away_score, created_at, updated_at) VALUES (2926, 5, 355, 0, 4, '2024-01-01 00:00:00', NULL);
INSERT INTO prediction (id, user_id, game_id, home_score, away_score, created_at, updated_at) VALUES (2927, 11, 356, 4, 2, '2024-01-01 00:00:00', NULL);
INSERT INTO prediction (id, user_id, game_id, home_score, away_score, created_at, updated_at) VALUES (2928, 14, 356, 4, 3, '2024-01-01 00:00:00', NULL);
INSERT INTO prediction (id, user_id, game_id, home_score, away_score, created_at, updated_at) VALUES (2929, 8, 356, 4, 1, '2024-01-01 00:00:00', NULL);
INSERT INTO prediction (id, user_id, game_id, home_score, away_score, created_at, updated_at) VALUES (2930, 12, 356, 2, 3, '2024-01-01 00:00:00', NULL);
INSERT INTO prediction (id, user_id, game_id, home_score, away_score, created_at, updated_at) VALUES (2931, 16, 356, 3, 2, '2024-01-01 00:00:00', NULL);
INSERT INTO prediction (id, user_id, game_id, home_score, away_score, created_at, updated_at) VALUES (2932, 17, 356, 2, 3, '2024-01-01 00:00:00', NULL);
INSERT INTO prediction (id, user_id, game_id, home_score, away_score, created_at, updated_at) VALUES (2933, 6, 356, 4, 0, '2024-01-01 00:00:00', NULL);
INSERT INTO prediction (id, user_id, game_id, home_score, away_score, created_at, updated_at) VALUES (2934, 10, 356, 5, 1, '2024-01-01 00:00:00', NULL);
INSERT INTO prediction (id, user_id, game_id, home_score, away_score, created_at, updated_at) VALUES (2935, 5, 356, 3, 1, '2024-01-01 00:00:00', NULL);
INSERT INTO prediction (id, user_id, game_id, home_score, away_score, created_at, updated_at) VALUES (2936, 11, 357, 2, 3, '2024-01-01 00:00:00', NULL);
INSERT INTO prediction (id, user_id, game_id, home_score, away_score, created_at, updated_at) VALUES (2937, 14, 357, 1, 3, '2024-01-01 00:00:00', NULL);
INSERT INTO prediction (id, user_id, game_id, home_score, away_score, created_at, updated_at) VALUES (2938, 8, 357, 1, 3, '2024-01-01 00:00:00', NULL);
INSERT INTO prediction (id, user_id, game_id, home_score, away_score, created_at, updated_at) VALUES (2939, 12, 357, 1, 6, '2024-01-01 00:00:00', NULL);
INSERT INTO prediction (id, user_id, game_id, home_score, away_score, created_at, updated_at) VALUES (2940, 16, 357, 2, 3, '2024-01-01 00:00:00', NULL);
INSERT INTO prediction (id, user_id, game_id, home_score, away_score, created_at, updated_at) VALUES (2941, 17, 357, 2, 3, '2024-01-01 00:00:00', NULL);
INSERT INTO prediction (id, user_id, game_id, home_score, away_score, created_at, updated_at) VALUES (2942, 6, 357, 1, 4, '2024-01-01 00:00:00', NULL);
INSERT INTO prediction (id, user_id, game_id, home_score, away_score, created_at, updated_at) VALUES (2943, 10, 357, 2, 3, '2024-01-01 00:00:00', NULL);
INSERT INTO prediction (id, user_id, game_id, home_score, away_score, created_at, updated_at) VALUES (2944, 5, 357, 0, 2, '2024-01-01 00:00:00', NULL);
INSERT INTO prediction (id, user_id, game_id, home_score, away_score, created_at, updated_at) VALUES (2945, 11, 358, 1, 2, '2024-01-01 00:00:00', NULL);
INSERT INTO prediction (id, user_id, game_id, home_score, away_score, created_at, updated_at) VALUES (2946, 14, 358, 2, 3, '2024-01-01 00:00:00', NULL);
INSERT INTO prediction (id, user_id, game_id, home_score, away_score, created_at, updated_at) VALUES (2947, 8, 358, 4, 2, '2024-01-01 00:00:00', NULL);
INSERT INTO prediction (id, user_id, game_id, home_score, away_score, created_at, updated_at) VALUES (2948, 12, 358, 3, 1, '2024-01-01 00:00:00', NULL);
INSERT INTO prediction (id, user_id, game_id, home_score, away_score, created_at, updated_at) VALUES (2949, 16, 358, 2, 1, '2024-01-01 00:00:00', NULL);
INSERT INTO prediction (id, user_id, game_id, home_score, away_score, created_at, updated_at) VALUES (2950, 17, 358, 3, 2, '2024-01-01 00:00:00', NULL);
INSERT INTO prediction (id, user_id, game_id, home_score, away_score, created_at, updated_at) VALUES (2951, 6, 358, 1, 2, '2024-01-01 00:00:00', NULL);
INSERT INTO prediction (id, user_id, game_id, home_score, away_score, created_at, updated_at) VALUES (2952, 10, 358, 4, 3, '2024-01-01 00:00:00', NULL);
INSERT INTO prediction (id, user_id, game_id, home_score, away_score, created_at, updated_at) VALUES (2953, 5, 358, 3, 1, '2024-01-01 00:00:00', NULL);
INSERT INTO prediction (id, user_id, game_id, home_score, away_score, created_at, updated_at) VALUES (2954, 11, 359, 5, 0, '2024-01-01 00:00:00', NULL);
INSERT INTO prediction (id, user_id, game_id, home_score, away_score, created_at, updated_at) VALUES (2955, 14, 359, 7, 0, '2024-01-01 00:00:00', NULL);
INSERT INTO prediction (id, user_id, game_id, home_score, away_score, created_at, updated_at) VALUES (2956, 8, 359, 7, 1, '2024-01-01 00:00:00', NULL);
INSERT INTO prediction (id, user_id, game_id, home_score, away_score, created_at, updated_at) VALUES (2957, 12, 359, 6, 0, '2024-01-01 00:00:00', NULL);
INSERT INTO prediction (id, user_id, game_id, home_score, away_score, created_at, updated_at) VALUES (2958, 16, 359, 6, 0, '2024-01-01 00:00:00', NULL);
INSERT INTO prediction (id, user_id, game_id, home_score, away_score, created_at, updated_at) VALUES (2959, 17, 359, 7, 0, '2024-01-01 00:00:00', NULL);
INSERT INTO prediction (id, user_id, game_id, home_score, away_score, created_at, updated_at) VALUES (2960, 6, 359, 7, 0, '2024-01-01 00:00:00', NULL);
INSERT INTO prediction (id, user_id, game_id, home_score, away_score, created_at, updated_at) VALUES (2961, 10, 359, 7, 0, '2024-01-01 00:00:00', NULL);
INSERT INTO prediction (id, user_id, game_id, home_score, away_score, created_at, updated_at) VALUES (2962, 5, 359, 6, 0, '2024-01-01 00:00:00', NULL);
INSERT INTO prediction (id, user_id, game_id, home_score, away_score, created_at, updated_at) VALUES (2963, 11, 360, 2, 5, '2024-01-01 00:00:00', NULL);
INSERT INTO prediction (id, user_id, game_id, home_score, away_score, created_at, updated_at) VALUES (2964, 14, 360, 0, 10, '2024-01-01 00:00:00', NULL);
INSERT INTO prediction (id, user_id, game_id, home_score, away_score, created_at, updated_at) VALUES (2965, 8, 360, 1, 7, '2024-01-01 00:00:00', NULL);
INSERT INTO prediction (id, user_id, game_id, home_score, away_score, created_at, updated_at) VALUES (2966, 12, 360, 1, 8, '2024-01-01 00:00:00', NULL);
INSERT INTO prediction (id, user_id, game_id, home_score, away_score, created_at, updated_at) VALUES (2967, 16, 360, 0, 6, '2024-01-01 00:00:00', NULL);
INSERT INTO prediction (id, user_id, game_id, home_score, away_score, created_at, updated_at) VALUES (2968, 17, 360, 0, 7, '2024-01-01 00:00:00', NULL);
INSERT INTO prediction (id, user_id, game_id, home_score, away_score, created_at, updated_at) VALUES (2969, 6, 360, 2, 5, '2024-01-01 00:00:00', NULL);
INSERT INTO prediction (id, user_id, game_id, home_score, away_score, created_at, updated_at) VALUES (2970, 10, 360, 3, 5, '2024-01-01 00:00:00', NULL);
INSERT INTO prediction (id, user_id, game_id, home_score, away_score, created_at, updated_at) VALUES (2971, 5, 360, 0, 7, '2024-01-01 00:00:00', NULL);
INSERT INTO prediction (id, user_id, game_id, home_score, away_score, created_at, updated_at) VALUES (2972, 11, 361, 1, 2, '2024-01-01 00:00:00', NULL);
INSERT INTO prediction (id, user_id, game_id, home_score, away_score, created_at, updated_at) VALUES (2973, 14, 361, 1, 4, '2024-01-01 00:00:00', NULL);
INSERT INTO prediction (id, user_id, game_id, home_score, away_score, created_at, updated_at) VALUES (2974, 8, 361, 4, 2, '2024-01-01 00:00:00', NULL);
INSERT INTO prediction (id, user_id, game_id, home_score, away_score, created_at, updated_at) VALUES (2975, 12, 361, 2, 3, '2024-01-01 00:00:00', NULL);
INSERT INTO prediction (id, user_id, game_id, home_score, away_score, created_at, updated_at) VALUES (2976, 16, 361, 2, 4, '2024-01-01 00:00:00', NULL);
INSERT INTO prediction (id, user_id, game_id, home_score, away_score, created_at, updated_at) VALUES (2977, 17, 361, 1, 3, '2024-01-01 00:00:00', NULL);
INSERT INTO prediction (id, user_id, game_id, home_score, away_score, created_at, updated_at) VALUES (2978, 6, 361, 1, 3, '2024-01-01 00:00:00', NULL);
INSERT INTO prediction (id, user_id, game_id, home_score, away_score, created_at, updated_at) VALUES (2979, 10, 361, 2, 4, '2024-01-01 00:00:00', NULL);
INSERT INTO prediction (id, user_id, game_id, home_score, away_score, created_at, updated_at) VALUES (2980, 5, 361, 2, 3, '2024-01-01 00:00:00', NULL);
INSERT INTO prediction (id, user_id, game_id, home_score, away_score, created_at, updated_at) VALUES (2981, 11, 362, 0, 4, '2024-01-01 00:00:00', NULL);
INSERT INTO prediction (id, user_id, game_id, home_score, away_score, created_at, updated_at) VALUES (2982, 14, 362, 2, 5, '2024-01-01 00:00:00', NULL);
INSERT INTO prediction (id, user_id, game_id, home_score, away_score, created_at, updated_at) VALUES (2983, 8, 362, 1, 4, '2024-01-01 00:00:00', NULL);
INSERT INTO prediction (id, user_id, game_id, home_score, away_score, created_at, updated_at) VALUES (2984, 12, 362, 2, 4, '2024-01-01 00:00:00', NULL);
INSERT INTO prediction (id, user_id, game_id, home_score, away_score, created_at, updated_at) VALUES (2985, 16, 362, 2, 3, '2024-01-01 00:00:00', NULL);
INSERT INTO prediction (id, user_id, game_id, home_score, away_score, created_at, updated_at) VALUES (2986, 17, 362, 1, 3, '2024-01-01 00:00:00', NULL);
INSERT INTO prediction (id, user_id, game_id, home_score, away_score, created_at, updated_at) VALUES (2987, 6, 362, 2, 3, '2024-01-01 00:00:00', NULL);
INSERT INTO prediction (id, user_id, game_id, home_score, away_score, created_at, updated_at) VALUES (2988, 10, 362, 2, 3, '2024-01-01 00:00:00', NULL);
INSERT INTO prediction (id, user_id, game_id, home_score, away_score, created_at, updated_at) VALUES (2989, 5, 362, 1, 4, '2024-01-01 00:00:00', NULL);
INSERT INTO prediction (id, user_id, game_id, home_score, away_score, created_at, updated_at) VALUES (2990, 11, 363, 4, 1, '2024-01-01 00:00:00', NULL);
INSERT INTO prediction (id, user_id, game_id, home_score, away_score, created_at, updated_at) VALUES (2991, 14, 363, 6, 0, '2024-01-01 00:00:00', NULL);
INSERT INTO prediction (id, user_id, game_id, home_score, away_score, created_at, updated_at) VALUES (2992, 8, 363, 4, 1, '2024-01-01 00:00:00', NULL);
INSERT INTO prediction (id, user_id, game_id, home_score, away_score, created_at, updated_at) VALUES (2993, 12, 363, 4, 2, '2024-01-01 00:00:00', NULL);
INSERT INTO prediction (id, user_id, game_id, home_score, away_score, created_at, updated_at) VALUES (2994, 16, 363, 5, 1, '2024-01-01 00:00:00', NULL);
INSERT INTO prediction (id, user_id, game_id, home_score, away_score, created_at, updated_at) VALUES (2995, 17, 363, 5, 2, '2024-01-01 00:00:00', NULL);
INSERT INTO prediction (id, user_id, game_id, home_score, away_score, created_at, updated_at) VALUES (2996, 6, 363, 6, 0, '2024-01-01 00:00:00', NULL);
INSERT INTO prediction (id, user_id, game_id, home_score, away_score, created_at, updated_at) VALUES (2997, 10, 363, 6, 1, '2024-01-01 00:00:00', NULL);
INSERT INTO prediction (id, user_id, game_id, home_score, away_score, created_at, updated_at) VALUES (2998, 5, 363, 2, 1, '2024-01-01 00:00:00', NULL);
INSERT INTO prediction (id, user_id, game_id, home_score, away_score, created_at, updated_at) VALUES (2999, 11, 364, 5, 1, '2024-01-01 00:00:00', NULL);
INSERT INTO prediction (id, user_id, game_id, home_score, away_score, created_at, updated_at) VALUES (3000, 14, 364, 6, 1, '2024-01-01 00:00:00', NULL);
INSERT INTO prediction (id, user_id, game_id, home_score, away_score, created_at, updated_at) VALUES (3001, 8, 364, 4, 1, '2024-01-01 00:00:00', NULL);
INSERT INTO prediction (id, user_id, game_id, home_score, away_score, created_at, updated_at) VALUES (3002, 12, 364, 5, 2, '2024-01-01 00:00:00', NULL);
INSERT INTO prediction (id, user_id, game_id, home_score, away_score, created_at, updated_at) VALUES (3003, 16, 364, 3, 1, '2024-01-01 00:00:00', NULL);
INSERT INTO prediction (id, user_id, game_id, home_score, away_score, created_at, updated_at) VALUES (3004, 17, 364, 4, 2, '2024-01-01 00:00:00', NULL);
INSERT INTO prediction (id, user_id, game_id, home_score, away_score, created_at, updated_at) VALUES (3005, 6, 364, 5, 1, '2024-01-01 00:00:00', NULL);
INSERT INTO prediction (id, user_id, game_id, home_score, away_score, created_at, updated_at) VALUES (3006, 10, 364, 3, 1, '2024-01-01 00:00:00', NULL);
INSERT INTO prediction (id, user_id, game_id, home_score, away_score, created_at, updated_at) VALUES (3007, 5, 364, 4, 2, '2024-01-01 00:00:00', NULL);
INSERT INTO prediction (id, user_id, game_id, home_score, away_score, created_at, updated_at) VALUES (3008, 11, 365, 0, 3, '2024-01-01 00:00:00', NULL);
INSERT INTO prediction (id, user_id, game_id, home_score, away_score, created_at, updated_at) VALUES (3009, 14, 365, 2, 4, '2024-01-01 00:00:00', NULL);
INSERT INTO prediction (id, user_id, game_id, home_score, away_score, created_at, updated_at) VALUES (3010, 8, 365, 2, 5, '2024-01-01 00:00:00', NULL);
INSERT INTO prediction (id, user_id, game_id, home_score, away_score, created_at, updated_at) VALUES (3011, 12, 365, 1, 5, '2024-01-01 00:00:00', NULL);
INSERT INTO prediction (id, user_id, game_id, home_score, away_score, created_at, updated_at) VALUES (3012, 16, 365, 2, 5, '2024-01-01 00:00:00', NULL);
INSERT INTO prediction (id, user_id, game_id, home_score, away_score, created_at, updated_at) VALUES (3013, 17, 365, 2, 5, '2024-01-01 00:00:00', NULL);
INSERT INTO prediction (id, user_id, game_id, home_score, away_score, created_at, updated_at) VALUES (3014, 6, 365, 2, 3, '2024-01-01 00:00:00', NULL);
INSERT INTO prediction (id, user_id, game_id, home_score, away_score, created_at, updated_at) VALUES (3015, 10, 365, 2, 6, '2024-01-01 00:00:00', NULL);
INSERT INTO prediction (id, user_id, game_id, home_score, away_score, created_at, updated_at) VALUES (3016, 5, 365, 1, 4, '2024-01-01 00:00:00', NULL);
INSERT INTO prediction (id, user_id, game_id, home_score, away_score, created_at, updated_at) VALUES (3017, 11, 366, 1, 5, '2024-01-01 00:00:00', NULL);
INSERT INTO prediction (id, user_id, game_id, home_score, away_score, created_at, updated_at) VALUES (3018, 14, 366, 2, 5, '2024-01-01 00:00:00', NULL);
INSERT INTO prediction (id, user_id, game_id, home_score, away_score, created_at, updated_at) VALUES (3019, 8, 366, 1, 6, '2024-01-01 00:00:00', NULL);
INSERT INTO prediction (id, user_id, game_id, home_score, away_score, created_at, updated_at) VALUES (3020, 12, 366, 2, 4, '2024-01-01 00:00:00', NULL);
INSERT INTO prediction (id, user_id, game_id, home_score, away_score, created_at, updated_at) VALUES (3021, 16, 366, 2, 6, '2024-01-01 00:00:00', NULL);
INSERT INTO prediction (id, user_id, game_id, home_score, away_score, created_at, updated_at) VALUES (3022, 17, 366, 2, 5, '2024-01-01 00:00:00', NULL);
INSERT INTO prediction (id, user_id, game_id, home_score, away_score, created_at, updated_at) VALUES (3023, 6, 366, 1, 4, '2024-01-01 00:00:00', NULL);
INSERT INTO prediction (id, user_id, game_id, home_score, away_score, created_at, updated_at) VALUES (3024, 10, 366, 3, 5, '2024-01-01 00:00:00', NULL);
INSERT INTO prediction (id, user_id, game_id, home_score, away_score, created_at, updated_at) VALUES (3025, 5, 366, 1, 5, '2024-01-01 00:00:00', NULL);
INSERT INTO prediction (id, user_id, game_id, home_score, away_score, created_at, updated_at) VALUES (3026, 11, 367, 2, 3, '2024-01-01 00:00:00', NULL);
INSERT INTO prediction (id, user_id, game_id, home_score, away_score, created_at, updated_at) VALUES (3027, 14, 367, 2, 1, '2024-01-01 00:00:00', NULL);
INSERT INTO prediction (id, user_id, game_id, home_score, away_score, created_at, updated_at) VALUES (3028, 8, 367, 3, 2, '2024-01-01 00:00:00', NULL);
INSERT INTO prediction (id, user_id, game_id, home_score, away_score, created_at, updated_at) VALUES (3029, 12, 367, 3, 1, '2024-01-01 00:00:00', NULL);
INSERT INTO prediction (id, user_id, game_id, home_score, away_score, created_at, updated_at) VALUES (3030, 16, 367, 2, 4, '2024-01-01 00:00:00', NULL);
INSERT INTO prediction (id, user_id, game_id, home_score, away_score, created_at, updated_at) VALUES (3031, 17, 367, 3, 4, '2024-01-01 00:00:00', NULL);
INSERT INTO prediction (id, user_id, game_id, home_score, away_score, created_at, updated_at) VALUES (3032, 6, 367, 3, 2, '2024-01-01 00:00:00', NULL);
INSERT INTO prediction (id, user_id, game_id, home_score, away_score, created_at, updated_at) VALUES (3033, 10, 367, 2, 3, '2024-01-01 00:00:00', NULL);
INSERT INTO prediction (id, user_id, game_id, home_score, away_score, created_at, updated_at) VALUES (3034, 5, 367, 4, 3, '2024-01-01 00:00:00', NULL);
INSERT INTO prediction (id, user_id, game_id, home_score, away_score, created_at, updated_at) VALUES (3035, 11, 368, 4, 2, '2024-01-01 00:00:00', NULL);
INSERT INTO prediction (id, user_id, game_id, home_score, away_score, created_at, updated_at) VALUES (3036, 14, 368, 4, 1, '2024-01-01 00:00:00', NULL);
INSERT INTO prediction (id, user_id, game_id, home_score, away_score, created_at, updated_at) VALUES (3037, 8, 368, 3, 1, '2024-01-01 00:00:00', NULL);
INSERT INTO prediction (id, user_id, game_id, home_score, away_score, created_at, updated_at) VALUES (3038, 12, 368, 5, 2, '2024-01-01 00:00:00', NULL);
INSERT INTO prediction (id, user_id, game_id, home_score, away_score, created_at, updated_at) VALUES (3039, 16, 368, 4, 3, '2024-01-01 00:00:00', NULL);
INSERT INTO prediction (id, user_id, game_id, home_score, away_score, created_at, updated_at) VALUES (3040, 17, 368, 5, 2, '2024-01-01 00:00:00', NULL);
INSERT INTO prediction (id, user_id, game_id, home_score, away_score, created_at, updated_at) VALUES (3041, 6, 368, 3, 1, '2024-01-01 00:00:00', NULL);
INSERT INTO prediction (id, user_id, game_id, home_score, away_score, created_at, updated_at) VALUES (3042, 10, 368, 1, 3, '2024-01-01 00:00:00', NULL);
INSERT INTO prediction (id, user_id, game_id, home_score, away_score, created_at, updated_at) VALUES (3043, 5, 368, 5, 1, '2024-01-01 00:00:00', NULL);
INSERT INTO prediction (id, user_id, game_id, home_score, away_score, created_at, updated_at) VALUES (3044, 11, 369, 3, 1, '2024-01-01 00:00:00', NULL);
INSERT INTO prediction (id, user_id, game_id, home_score, away_score, created_at, updated_at) VALUES (3045, 14, 369, 4, 1, '2024-01-01 00:00:00', NULL);
INSERT INTO prediction (id, user_id, game_id, home_score, away_score, created_at, updated_at) VALUES (3046, 8, 369, 3, 1, '2024-01-01 00:00:00', NULL);
INSERT INTO prediction (id, user_id, game_id, home_score, away_score, created_at, updated_at) VALUES (3047, 12, 369, 3, 1, '2024-01-01 00:00:00', NULL);
INSERT INTO prediction (id, user_id, game_id, home_score, away_score, created_at, updated_at) VALUES (3048, 16, 369, 3, 2, '2024-01-01 00:00:00', NULL);
INSERT INTO prediction (id, user_id, game_id, home_score, away_score, created_at, updated_at) VALUES (3049, 17, 369, 3, 2, '2024-01-01 00:00:00', NULL);
INSERT INTO prediction (id, user_id, game_id, home_score, away_score, created_at, updated_at) VALUES (3050, 6, 369, 3, 2, '2024-01-01 00:00:00', NULL);
INSERT INTO prediction (id, user_id, game_id, home_score, away_score, created_at, updated_at) VALUES (3051, 10, 369, 3, 1, '2024-01-01 00:00:00', NULL);
INSERT INTO prediction (id, user_id, game_id, home_score, away_score, created_at, updated_at) VALUES (3052, 5, 369, 4, 3, '2024-01-01 00:00:00', NULL);
INSERT INTO prediction (id, user_id, game_id, home_score, away_score, created_at, updated_at) VALUES (3053, 11, 370, 1, 2, '2024-01-01 00:00:00', NULL);
INSERT INTO prediction (id, user_id, game_id, home_score, away_score, created_at, updated_at) VALUES (3054, 14, 370, 2, 5, '2024-01-01 00:00:00', NULL);
INSERT INTO prediction (id, user_id, game_id, home_score, away_score, created_at, updated_at) VALUES (3055, 8, 370, 1, 3, '2024-01-01 00:00:00', NULL);
INSERT INTO prediction (id, user_id, game_id, home_score, away_score, created_at, updated_at) VALUES (3056, 12, 370, 1, 4, '2024-01-01 00:00:00', NULL);
INSERT INTO prediction (id, user_id, game_id, home_score, away_score, created_at, updated_at) VALUES (3057, 16, 370, 1, 4, '2024-01-01 00:00:00', NULL);
INSERT INTO prediction (id, user_id, game_id, home_score, away_score, created_at, updated_at) VALUES (3058, 17, 370, 2, 4, '2024-01-01 00:00:00', NULL);
INSERT INTO prediction (id, user_id, game_id, home_score, away_score, created_at, updated_at) VALUES (3059, 6, 370, 1, 2, '2024-01-01 00:00:00', NULL);
INSERT INTO prediction (id, user_id, game_id, home_score, away_score, created_at, updated_at) VALUES (3060, 10, 370, 4, 2, '2024-01-01 00:00:00', NULL);
INSERT INTO prediction (id, user_id, game_id, home_score, away_score, created_at, updated_at) VALUES (3061, 5, 370, 2, 3, '2024-01-01 00:00:00', NULL);
INSERT INTO prediction (id, user_id, game_id, home_score, away_score, created_at, updated_at) VALUES (3062, 11, 371, 2, 1, '2024-01-01 00:00:00', NULL);
INSERT INTO prediction (id, user_id, game_id, home_score, away_score, created_at, updated_at) VALUES (3063, 14, 371, 4, 1, '2024-01-01 00:00:00', NULL);
INSERT INTO prediction (id, user_id, game_id, home_score, away_score, created_at, updated_at) VALUES (3064, 8, 371, 4, 1, '2024-01-01 00:00:00', NULL);
INSERT INTO prediction (id, user_id, game_id, home_score, away_score, created_at, updated_at) VALUES (3065, 12, 371, 3, 2, '2024-01-01 00:00:00', NULL);
INSERT INTO prediction (id, user_id, game_id, home_score, away_score, created_at, updated_at) VALUES (3066, 16, 371, 3, 1, '2024-01-01 00:00:00', NULL);
INSERT INTO prediction (id, user_id, game_id, home_score, away_score, created_at, updated_at) VALUES (3067, 17, 371, 4, 2, '2024-01-01 00:00:00', NULL);
INSERT INTO prediction (id, user_id, game_id, home_score, away_score, created_at, updated_at) VALUES (3068, 6, 371, 3, 0, '2024-01-01 00:00:00', NULL);
INSERT INTO prediction (id, user_id, game_id, home_score, away_score, created_at, updated_at) VALUES (3069, 10, 371, 4, 2, '2024-01-01 00:00:00', NULL);
INSERT INTO prediction (id, user_id, game_id, home_score, away_score, created_at, updated_at) VALUES (3070, 5, 371, 4, 1, '2024-01-01 00:00:00', NULL);
INSERT INTO prediction (id, user_id, game_id, home_score, away_score, created_at, updated_at) VALUES (3071, 11, 372, 4, 1, '2024-01-01 00:00:00', NULL);
INSERT INTO prediction (id, user_id, game_id, home_score, away_score, created_at, updated_at) VALUES (3072, 14, 372, 5, 0, '2024-01-01 00:00:00', NULL);
INSERT INTO prediction (id, user_id, game_id, home_score, away_score, created_at, updated_at) VALUES (3073, 8, 372, 4, 0, '2024-01-01 00:00:00', NULL);
INSERT INTO prediction (id, user_id, game_id, home_score, away_score, created_at, updated_at) VALUES (3074, 12, 372, 5, 1, '2024-01-01 00:00:00', NULL);
INSERT INTO prediction (id, user_id, game_id, home_score, away_score, created_at, updated_at) VALUES (3075, 16, 372, 5, 2, '2024-01-01 00:00:00', NULL);
INSERT INTO prediction (id, user_id, game_id, home_score, away_score, created_at, updated_at) VALUES (3076, 17, 372, 5, 2, '2024-01-01 00:00:00', NULL);
INSERT INTO prediction (id, user_id, game_id, home_score, away_score, created_at, updated_at) VALUES (3077, 6, 372, 4, 0, '2024-01-01 00:00:00', NULL);
INSERT INTO prediction (id, user_id, game_id, home_score, away_score, created_at, updated_at) VALUES (3078, 10, 372, 7, 2, '2024-01-01 00:00:00', NULL);
INSERT INTO prediction (id, user_id, game_id, home_score, away_score, created_at, updated_at) VALUES (3079, 5, 372, 5, 1, '2024-01-01 00:00:00', NULL);
INSERT INTO prediction (id, user_id, game_id, home_score, away_score, created_at, updated_at) VALUES (3080, 11, 373, 4, 0, '2024-01-01 00:00:00', NULL);
INSERT INTO prediction (id, user_id, game_id, home_score, away_score, created_at, updated_at) VALUES (3081, 14, 373, 6, 1, '2024-01-01 00:00:00', NULL);
INSERT INTO prediction (id, user_id, game_id, home_score, away_score, created_at, updated_at) VALUES (3082, 8, 373, 6, 1, '2024-01-01 00:00:00', NULL);
INSERT INTO prediction (id, user_id, game_id, home_score, away_score, created_at, updated_at) VALUES (3083, 12, 373, 7, 0, '2024-01-01 00:00:00', NULL);
INSERT INTO prediction (id, user_id, game_id, home_score, away_score, created_at, updated_at) VALUES (3084, 16, 373, 5, 1, '2024-01-01 00:00:00', NULL);
INSERT INTO prediction (id, user_id, game_id, home_score, away_score, created_at, updated_at) VALUES (3085, 17, 373, 7, 1, '2024-01-01 00:00:00', NULL);
INSERT INTO prediction (id, user_id, game_id, home_score, away_score, created_at, updated_at) VALUES (3086, 6, 373, 7, 1, '2024-01-01 00:00:00', NULL);
INSERT INTO prediction (id, user_id, game_id, home_score, away_score, created_at, updated_at) VALUES (3087, 10, 373, 6, 1, '2024-01-01 00:00:00', NULL);
INSERT INTO prediction (id, user_id, game_id, home_score, away_score, created_at, updated_at) VALUES (3088, 5, 373, 5, 1, '2024-01-01 00:00:00', NULL);
INSERT INTO prediction (id, user_id, game_id, home_score, away_score, created_at, updated_at) VALUES (3089, 11, 374, 3, 1, '2024-01-01 00:00:00', NULL);
INSERT INTO prediction (id, user_id, game_id, home_score, away_score, created_at, updated_at) VALUES (3090, 14, 374, 2, 4, '2024-01-01 00:00:00', NULL);
INSERT INTO prediction (id, user_id, game_id, home_score, away_score, created_at, updated_at) VALUES (3091, 8, 374, 4, 1, '2024-01-01 00:00:00', NULL);
INSERT INTO prediction (id, user_id, game_id, home_score, away_score, created_at, updated_at) VALUES (3092, 12, 374, 3, 1, '2024-01-01 00:00:00', NULL);
INSERT INTO prediction (id, user_id, game_id, home_score, away_score, created_at, updated_at) VALUES (3093, 16, 374, 3, 2, '2024-01-01 00:00:00', NULL);
INSERT INTO prediction (id, user_id, game_id, home_score, away_score, created_at, updated_at) VALUES (3094, 17, 374, 3, 2, '2024-01-01 00:00:00', NULL);
INSERT INTO prediction (id, user_id, game_id, home_score, away_score, created_at, updated_at) VALUES (3095, 6, 374, 3, 2, '2024-01-01 00:00:00', NULL);
INSERT INTO prediction (id, user_id, game_id, home_score, away_score, created_at, updated_at) VALUES (3096, 10, 374, 3, 2, '2024-01-01 00:00:00', NULL);
INSERT INTO prediction (id, user_id, game_id, home_score, away_score, created_at, updated_at) VALUES (3097, 5, 374, 4, 2, '2024-01-01 00:00:00', NULL);
INSERT INTO prediction (id, user_id, game_id, home_score, away_score, created_at, updated_at) VALUES (3098, 11, 375, 3, 2, '2024-01-01 00:00:00', NULL);
INSERT INTO prediction (id, user_id, game_id, home_score, away_score, created_at, updated_at) VALUES (3099, 14, 375, 5, 1, '2024-01-01 00:00:00', NULL);
INSERT INTO prediction (id, user_id, game_id, home_score, away_score, created_at, updated_at) VALUES (3100, 8, 375, 4, 1, '2024-01-01 00:00:00', NULL);
INSERT INTO prediction (id, user_id, game_id, home_score, away_score, created_at, updated_at) VALUES (3101, 12, 375, 6, 0, '2024-01-01 00:00:00', NULL);
INSERT INTO prediction (id, user_id, game_id, home_score, away_score, created_at, updated_at) VALUES (3102, 16, 375, 3, 1, '2024-01-01 00:00:00', NULL);
INSERT INTO prediction (id, user_id, game_id, home_score, away_score, created_at, updated_at) VALUES (3103, 17, 375, 4, 1, '2024-01-01 00:00:00', NULL);
INSERT INTO prediction (id, user_id, game_id, home_score, away_score, created_at, updated_at) VALUES (3104, 6, 375, 4, 0, '2024-01-01 00:00:00', NULL);
INSERT INTO prediction (id, user_id, game_id, home_score, away_score, created_at, updated_at) VALUES (3105, 10, 375, 4, 0, '2024-01-01 00:00:00', NULL);
INSERT INTO prediction (id, user_id, game_id, home_score, away_score, created_at, updated_at) VALUES (3106, 5, 375, 3, 1, '2024-01-01 00:00:00', NULL);
INSERT INTO prediction (id, user_id, game_id, home_score, away_score, created_at, updated_at) VALUES (3107, 11, 376, 5, 0, '2024-01-01 00:00:00', NULL);
INSERT INTO prediction (id, user_id, game_id, home_score, away_score, created_at, updated_at) VALUES (3108, 14, 376, 6, 0, '2024-01-01 00:00:00', NULL);
INSERT INTO prediction (id, user_id, game_id, home_score, away_score, created_at, updated_at) VALUES (3109, 8, 376, 6, 1, '2024-01-01 00:00:00', NULL);
INSERT INTO prediction (id, user_id, game_id, home_score, away_score, created_at, updated_at) VALUES (3110, 12, 376, 7, 1, '2024-01-01 00:00:00', NULL);
INSERT INTO prediction (id, user_id, game_id, home_score, away_score, created_at, updated_at) VALUES (3111, 16, 376, 4, 1, '2024-01-01 00:00:00', NULL);
INSERT INTO prediction (id, user_id, game_id, home_score, away_score, created_at, updated_at) VALUES (3112, 17, 376, 7, 1, '2024-01-01 00:00:00', NULL);
INSERT INTO prediction (id, user_id, game_id, home_score, away_score, created_at, updated_at) VALUES (3113, 6, 376, 6, 1, '2024-01-01 00:00:00', NULL);
INSERT INTO prediction (id, user_id, game_id, home_score, away_score, created_at, updated_at) VALUES (3114, 10, 376, 8, 1, '2024-01-01 00:00:00', NULL);
INSERT INTO prediction (id, user_id, game_id, home_score, away_score, created_at, updated_at) VALUES (3115, 5, 376, 5, 1, '2024-01-01 00:00:00', NULL);
INSERT INTO prediction (id, user_id, game_id, home_score, away_score, created_at, updated_at) VALUES (3116, 11, 377, 1, 4, '2024-01-01 00:00:00', NULL);
INSERT INTO prediction (id, user_id, game_id, home_score, away_score, created_at, updated_at) VALUES (3117, 14, 377, 1, 6, '2024-01-01 00:00:00', NULL);
INSERT INTO prediction (id, user_id, game_id, home_score, away_score, created_at, updated_at) VALUES (3118, 8, 377, 1, 5, '2024-01-01 00:00:00', NULL);
INSERT INTO prediction (id, user_id, game_id, home_score, away_score, created_at, updated_at) VALUES (3119, 12, 377, 0, 5, '2024-01-01 00:00:00', NULL);
INSERT INTO prediction (id, user_id, game_id, home_score, away_score, created_at, updated_at) VALUES (3120, 16, 377, 0, 6, '2024-01-01 00:00:00', NULL);
INSERT INTO prediction (id, user_id, game_id, home_score, away_score, created_at, updated_at) VALUES (3121, 17, 377, 1, 6, '2024-01-01 00:00:00', NULL);
INSERT INTO prediction (id, user_id, game_id, home_score, away_score, created_at, updated_at) VALUES (3122, 6, 377, 0, 6, '2024-01-01 00:00:00', NULL);
INSERT INTO prediction (id, user_id, game_id, home_score, away_score, created_at, updated_at) VALUES (3123, 10, 377, 1, 4, '2024-01-01 00:00:00', NULL);
INSERT INTO prediction (id, user_id, game_id, home_score, away_score, created_at, updated_at) VALUES (3124, 5, 377, 1, 5, '2024-01-01 00:00:00', NULL);
INSERT INTO prediction (id, user_id, game_id, home_score, away_score, created_at, updated_at) VALUES (3125, 11, 378, 3, 1, '2024-01-01 00:00:00', NULL);
INSERT INTO prediction (id, user_id, game_id, home_score, away_score, created_at, updated_at) VALUES (3126, 14, 378, 5, 1, '2024-01-01 00:00:00', NULL);
INSERT INTO prediction (id, user_id, game_id, home_score, away_score, created_at, updated_at) VALUES (3127, 8, 378, 4, 2, '2024-01-01 00:00:00', NULL);
INSERT INTO prediction (id, user_id, game_id, home_score, away_score, created_at, updated_at) VALUES (3128, 12, 378, 5, 1, '2024-01-01 00:00:00', NULL);
INSERT INTO prediction (id, user_id, game_id, home_score, away_score, created_at, updated_at) VALUES (3129, 16, 378, 5, 2, '2024-01-01 00:00:00', NULL);
INSERT INTO prediction (id, user_id, game_id, home_score, away_score, created_at, updated_at) VALUES (3130, 17, 378, 6, 1, '2024-01-01 00:00:00', NULL);
INSERT INTO prediction (id, user_id, game_id, home_score, away_score, created_at, updated_at) VALUES (3131, 6, 378, 3, 1, '2024-01-01 00:00:00', NULL);
INSERT INTO prediction (id, user_id, game_id, home_score, away_score, created_at, updated_at) VALUES (3132, 10, 378, 2, 1, '2024-01-01 00:00:00', NULL);
INSERT INTO prediction (id, user_id, game_id, home_score, away_score, created_at, updated_at) VALUES (3133, 5, 378, 3, 2, '2024-01-01 00:00:00', NULL);
INSERT INTO prediction (id, user_id, game_id, home_score, away_score, created_at, updated_at) VALUES (3134, 11, 379, 1, 4, '2024-01-01 00:00:00', NULL);
INSERT INTO prediction (id, user_id, game_id, home_score, away_score, created_at, updated_at) VALUES (3135, 14, 379, 2, 4, '2024-01-01 00:00:00', NULL);
INSERT INTO prediction (id, user_id, game_id, home_score, away_score, created_at, updated_at) VALUES (3136, 8, 379, 1, 5, '2024-01-01 00:00:00', NULL);
INSERT INTO prediction (id, user_id, game_id, home_score, away_score, created_at, updated_at) VALUES (3137, 12, 379, 2, 4, '2024-01-01 00:00:00', NULL);
INSERT INTO prediction (id, user_id, game_id, home_score, away_score, created_at, updated_at) VALUES (3138, 16, 379, 2, 3, '2024-01-01 00:00:00', NULL);
INSERT INTO prediction (id, user_id, game_id, home_score, away_score, created_at, updated_at) VALUES (3139, 17, 379, 2, 3, '2024-01-01 00:00:00', NULL);
INSERT INTO prediction (id, user_id, game_id, home_score, away_score, created_at, updated_at) VALUES (3140, 6, 379, 2, 3, '2024-01-01 00:00:00', NULL);
INSERT INTO prediction (id, user_id, game_id, home_score, away_score, created_at, updated_at) VALUES (3141, 10, 379, 3, 4, '2024-01-01 00:00:00', NULL);
INSERT INTO prediction (id, user_id, game_id, home_score, away_score, created_at, updated_at) VALUES (3142, 5, 379, 3, 2, '2024-01-01 00:00:00', NULL);
INSERT INTO prediction (id, user_id, game_id, home_score, away_score, created_at, updated_at) VALUES (3143, 11, 380, 3, 2, '2024-01-01 00:00:00', NULL);
INSERT INTO prediction (id, user_id, game_id, home_score, away_score, created_at, updated_at) VALUES (3144, 14, 380, 5, 3, '2024-01-01 00:00:00', NULL);
INSERT INTO prediction (id, user_id, game_id, home_score, away_score, created_at, updated_at) VALUES (3145, 8, 380, 4, 1, '2024-01-01 00:00:00', NULL);
INSERT INTO prediction (id, user_id, game_id, home_score, away_score, created_at, updated_at) VALUES (3146, 12, 380, 2, 3, '2024-01-01 00:00:00', NULL);
INSERT INTO prediction (id, user_id, game_id, home_score, away_score, created_at, updated_at) VALUES (3147, 16, 380, 4, 2, '2024-01-01 00:00:00', NULL);
INSERT INTO prediction (id, user_id, game_id, home_score, away_score, created_at, updated_at) VALUES (3148, 17, 380, 4, 2, '2024-01-01 00:00:00', NULL);
INSERT INTO prediction (id, user_id, game_id, home_score, away_score, created_at, updated_at) VALUES (3149, 6, 380, 3, 1, '2024-01-01 00:00:00', NULL);
INSERT INTO prediction (id, user_id, game_id, home_score, away_score, created_at, updated_at) VALUES (3150, 10, 380, 5, 2, '2024-01-01 00:00:00', NULL);
INSERT INTO prediction (id, user_id, game_id, home_score, away_score, created_at, updated_at) VALUES (3151, 5, 380, 5, 2, '2024-01-01 00:00:00', NULL);
INSERT INTO prediction (id, user_id, game_id, home_score, away_score, created_at, updated_at) VALUES (3152, 11, 381, 0, 3, '2024-01-01 00:00:00', NULL);
INSERT INTO prediction (id, user_id, game_id, home_score, away_score, created_at, updated_at) VALUES (3153, 14, 381, 1, 6, '2024-01-01 00:00:00', NULL);
INSERT INTO prediction (id, user_id, game_id, home_score, away_score, created_at, updated_at) VALUES (3154, 8, 381, 1, 4, '2024-01-01 00:00:00', NULL);
INSERT INTO prediction (id, user_id, game_id, home_score, away_score, created_at, updated_at) VALUES (3155, 12, 381, 1, 6, '2024-01-01 00:00:00', NULL);
INSERT INTO prediction (id, user_id, game_id, home_score, away_score, created_at, updated_at) VALUES (3156, 16, 381, 1, 6, '2024-01-01 00:00:00', NULL);
INSERT INTO prediction (id, user_id, game_id, home_score, away_score, created_at, updated_at) VALUES (3157, 17, 381, 0, 0, '2024-01-01 00:00:00', NULL);
INSERT INTO prediction (id, user_id, game_id, home_score, away_score, created_at, updated_at) VALUES (3158, 6, 381, 1, 5, '2024-01-01 00:00:00', NULL);
INSERT INTO prediction (id, user_id, game_id, home_score, away_score, created_at, updated_at) VALUES (3159, 10, 381, 2, 4, '2024-01-01 00:00:00', NULL);
INSERT INTO prediction (id, user_id, game_id, home_score, away_score, created_at, updated_at) VALUES (3160, 5, 381, 1, 2, '2024-01-01 00:00:00', NULL);
INSERT INTO prediction (id, user_id, game_id, home_score, away_score, created_at, updated_at) VALUES (3161, 11, 382, 3, 1, '2024-01-01 00:00:00', NULL);
INSERT INTO prediction (id, user_id, game_id, home_score, away_score, created_at, updated_at) VALUES (3162, 14, 382, 4, 2, '2024-01-01 00:00:00', NULL);
INSERT INTO prediction (id, user_id, game_id, home_score, away_score, created_at, updated_at) VALUES (3163, 8, 382, 4, 1, '2024-01-01 00:00:00', NULL);
INSERT INTO prediction (id, user_id, game_id, home_score, away_score, created_at, updated_at) VALUES (3164, 12, 382, 4, 2, '2024-01-01 00:00:00', NULL);
INSERT INTO prediction (id, user_id, game_id, home_score, away_score, created_at, updated_at) VALUES (3165, 16, 382, 4, 2, '2024-01-01 00:00:00', NULL);
INSERT INTO prediction (id, user_id, game_id, home_score, away_score, created_at, updated_at) VALUES (3166, 17, 382, 0, 0, '2024-01-01 00:00:00', NULL);
INSERT INTO prediction (id, user_id, game_id, home_score, away_score, created_at, updated_at) VALUES (3167, 6, 382, 3, 2, '2024-01-01 00:00:00', NULL);
INSERT INTO prediction (id, user_id, game_id, home_score, away_score, created_at, updated_at) VALUES (3168, 10, 382, 3, 5, '2024-01-01 00:00:00', NULL);
INSERT INTO prediction (id, user_id, game_id, home_score, away_score, created_at, updated_at) VALUES (3169, 5, 382, 3, 1, '2024-01-01 00:00:00', NULL);
INSERT INTO prediction (id, user_id, game_id, home_score, away_score, created_at, updated_at) VALUES (3170, 11, 383, 2, 4, '2024-01-01 00:00:00', NULL);
INSERT INTO prediction (id, user_id, game_id, home_score, away_score, created_at, updated_at) VALUES (3171, 14, 383, 2, 5, '2024-01-01 00:00:00', NULL);
INSERT INTO prediction (id, user_id, game_id, home_score, away_score, created_at, updated_at) VALUES (3172, 8, 383, 1, 4, '2024-01-01 00:00:00', NULL);
INSERT INTO prediction (id, user_id, game_id, home_score, away_score, created_at, updated_at) VALUES (3173, 12, 383, 1, 5, '2024-01-01 00:00:00', NULL);
INSERT INTO prediction (id, user_id, game_id, home_score, away_score, created_at, updated_at) VALUES (3174, 16, 383, 2, 4, '2024-01-01 00:00:00', NULL);
INSERT INTO prediction (id, user_id, game_id, home_score, away_score, created_at, updated_at) VALUES (3175, 17, 383, 2, 4, '2024-01-01 00:00:00', NULL);
INSERT INTO prediction (id, user_id, game_id, home_score, away_score, created_at, updated_at) VALUES (3176, 6, 383, 2, 4, '2024-01-01 00:00:00', NULL);
INSERT INTO prediction (id, user_id, game_id, home_score, away_score, created_at, updated_at) VALUES (3177, 10, 383, 1, 5, '2024-01-01 00:00:00', NULL);
INSERT INTO prediction (id, user_id, game_id, home_score, away_score, created_at, updated_at) VALUES (3178, 5, 383, 2, 3, '2024-01-01 00:00:00', NULL);
INSERT INTO prediction (id, user_id, game_id, home_score, away_score, created_at, updated_at) VALUES (3179, 11, 384, 1, 3, '2024-01-01 00:00:00', NULL);
INSERT INTO prediction (id, user_id, game_id, home_score, away_score, created_at, updated_at) VALUES (3180, 14, 384, 2, 4, '2024-01-01 00:00:00', NULL);
INSERT INTO prediction (id, user_id, game_id, home_score, away_score, created_at, updated_at) VALUES (3181, 8, 384, 1, 4, '2024-01-01 00:00:00', NULL);
INSERT INTO prediction (id, user_id, game_id, home_score, away_score, created_at, updated_at) VALUES (3182, 12, 384, 2, 4, '2024-01-01 00:00:00', NULL);
INSERT INTO prediction (id, user_id, game_id, home_score, away_score, created_at, updated_at) VALUES (3183, 16, 384, 2, 3, '2024-01-01 00:00:00', NULL);
INSERT INTO prediction (id, user_id, game_id, home_score, away_score, created_at, updated_at) VALUES (3184, 17, 384, 2, 4, '2024-01-01 00:00:00', NULL);
INSERT INTO prediction (id, user_id, game_id, home_score, away_score, created_at, updated_at) VALUES (3185, 6, 384, 2, 3, '2024-01-01 00:00:00', NULL);
INSERT INTO prediction (id, user_id, game_id, home_score, away_score, created_at, updated_at) VALUES (3186, 10, 384, 2, 5, '2024-01-01 00:00:00', NULL);
INSERT INTO prediction (id, user_id, game_id, home_score, away_score, created_at, updated_at) VALUES (3187, 5, 384, 3, 1, '2024-01-01 00:00:00', NULL);
INSERT INTO prediction (id, user_id, game_id, home_score, away_score, created_at, updated_at) VALUES (3188, 11, 385, 3, 1, '2024-01-01 00:00:00', NULL);
INSERT INTO prediction (id, user_id, game_id, home_score, away_score, created_at, updated_at) VALUES (3189, 14, 385, 6, 1, '2024-01-01 00:00:00', NULL);
INSERT INTO prediction (id, user_id, game_id, home_score, away_score, created_at, updated_at) VALUES (3190, 8, 385, 4, 2, '2024-01-01 00:00:00', NULL);
INSERT INTO prediction (id, user_id, game_id, home_score, away_score, created_at, updated_at) VALUES (3191, 12, 385, 5, 2, '2024-01-01 00:00:00', NULL);
INSERT INTO prediction (id, user_id, game_id, home_score, away_score, created_at, updated_at) VALUES (3192, 16, 385, 4, 2, '2024-01-01 00:00:00', NULL);
INSERT INTO prediction (id, user_id, game_id, home_score, away_score, created_at, updated_at) VALUES (3193, 17, 385, 5, 2, '2024-01-01 00:00:00', NULL);
INSERT INTO prediction (id, user_id, game_id, home_score, away_score, created_at, updated_at) VALUES (3194, 6, 385, 4, 2, '2024-01-01 00:00:00', NULL);
INSERT INTO prediction (id, user_id, game_id, home_score, away_score, created_at, updated_at) VALUES (3195, 10, 385, 4, 2, '2024-01-01 00:00:00', NULL);
INSERT INTO prediction (id, user_id, game_id, home_score, away_score, created_at, updated_at) VALUES (3196, 5, 385, 5, 2, '2024-01-01 00:00:00', NULL);
INSERT INTO prediction (id, user_id, game_id, home_score, away_score, created_at, updated_at) VALUES (3197, 11, 386, 1, 4, '2024-01-01 00:00:00', NULL);
INSERT INTO prediction (id, user_id, game_id, home_score, away_score, created_at, updated_at) VALUES (3198, 14, 386, 2, 4, '2024-01-01 00:00:00', NULL);
INSERT INTO prediction (id, user_id, game_id, home_score, away_score, created_at, updated_at) VALUES (3199, 8, 386, 2, 4, '2024-01-01 00:00:00', NULL);
INSERT INTO prediction (id, user_id, game_id, home_score, away_score, created_at, updated_at) VALUES (3200, 12, 386, 2, 4, '2024-01-01 00:00:00', NULL);
INSERT INTO prediction (id, user_id, game_id, home_score, away_score, created_at, updated_at) VALUES (3201, 16, 386, 2, 3, '2024-01-01 00:00:00', NULL);
INSERT INTO prediction (id, user_id, game_id, home_score, away_score, created_at, updated_at) VALUES (3202, 17, 386, 2, 4, '2024-01-01 00:00:00', NULL);
INSERT INTO prediction (id, user_id, game_id, home_score, away_score, created_at, updated_at) VALUES (3203, 6, 386, 1, 4, '2024-01-01 00:00:00', NULL);
INSERT INTO prediction (id, user_id, game_id, home_score, away_score, created_at, updated_at) VALUES (3204, 10, 386, 3, 1, '2024-01-01 00:00:00', NULL);
INSERT INTO prediction (id, user_id, game_id, home_score, away_score, created_at, updated_at) VALUES (3205, 5, 386, 2, 3, '2024-01-01 00:00:00', NULL);
INSERT INTO prediction (id, user_id, game_id, home_score, away_score, created_at, updated_at) VALUES (3206, 11, 387, 0, 3, '2024-01-01 00:00:00', NULL);
INSERT INTO prediction (id, user_id, game_id, home_score, away_score, created_at, updated_at) VALUES (3207, 14, 387, 1, 6, '2024-01-01 00:00:00', NULL);
INSERT INTO prediction (id, user_id, game_id, home_score, away_score, created_at, updated_at) VALUES (3208, 8, 387, 1, 4, '2024-01-01 00:00:00', NULL);
INSERT INTO prediction (id, user_id, game_id, home_score, away_score, created_at, updated_at) VALUES (3209, 12, 387, 2, 5, '2024-01-01 00:00:00', NULL);
INSERT INTO prediction (id, user_id, game_id, home_score, away_score, created_at, updated_at) VALUES (3210, 16, 387, 2, 5, '2024-01-01 00:00:00', NULL);
INSERT INTO prediction (id, user_id, game_id, home_score, away_score, created_at, updated_at) VALUES (3211, 17, 387, 2, 5, '2024-01-01 00:00:00', NULL);
INSERT INTO prediction (id, user_id, game_id, home_score, away_score, created_at, updated_at) VALUES (3212, 6, 387, 0, 4, '2024-01-01 00:00:00', NULL);
INSERT INTO prediction (id, user_id, game_id, home_score, away_score, created_at, updated_at) VALUES (3213, 10, 387, 3, 4, '2024-01-01 00:00:00', NULL);
INSERT INTO prediction (id, user_id, game_id, home_score, away_score, created_at, updated_at) VALUES (3214, 5, 387, 2, 4, '2024-01-01 00:00:00', NULL);
INSERT INTO prediction (id, user_id, game_id, home_score, away_score, created_at, updated_at) VALUES (3215, 11, 388, 4, 3, '2024-01-01 00:00:00', NULL);
INSERT INTO prediction (id, user_id, game_id, home_score, away_score, created_at, updated_at) VALUES (3216, 14, 388, 3, 2, '2024-01-01 00:00:00', NULL);
INSERT INTO prediction (id, user_id, game_id, home_score, away_score, created_at, updated_at) VALUES (3217, 8, 388, 2, 4, '2024-01-01 00:00:00', NULL);
INSERT INTO prediction (id, user_id, game_id, home_score, away_score, created_at, updated_at) VALUES (3218, 12, 388, 3, 2, '2024-01-01 00:00:00', NULL);
INSERT INTO prediction (id, user_id, game_id, home_score, away_score, created_at, updated_at) VALUES (3219, 16, 388, 4, 2, '2024-01-01 00:00:00', NULL);
INSERT INTO prediction (id, user_id, game_id, home_score, away_score, created_at, updated_at) VALUES (3220, 17, 388, 4, 3, '2024-01-01 00:00:00', NULL);
INSERT INTO prediction (id, user_id, game_id, home_score, away_score, created_at, updated_at) VALUES (3221, 6, 388, 2, 3, '2024-01-01 00:00:00', NULL);
INSERT INTO prediction (id, user_id, game_id, home_score, away_score, created_at, updated_at) VALUES (3222, 10, 388, 5, 4, '2024-01-01 00:00:00', NULL);
INSERT INTO prediction (id, user_id, game_id, home_score, away_score, created_at, updated_at) VALUES (3223, 5, 388, 2, 3, '2024-01-01 00:00:00', NULL);
INSERT INTO prediction (id, user_id, game_id, home_score, away_score, created_at, updated_at) VALUES (3224, 11, 389, 4, 1, '2024-01-01 00:00:00', NULL);
INSERT INTO prediction (id, user_id, game_id, home_score, away_score, created_at, updated_at) VALUES (3225, 14, 389, 5, 1, '2024-01-01 00:00:00', NULL);
INSERT INTO prediction (id, user_id, game_id, home_score, away_score, created_at, updated_at) VALUES (3226, 8, 389, 5, 1, '2024-01-01 00:00:00', NULL);
INSERT INTO prediction (id, user_id, game_id, home_score, away_score, created_at, updated_at) VALUES (3227, 12, 389, 5, 1, '2024-01-01 00:00:00', NULL);
INSERT INTO prediction (id, user_id, game_id, home_score, away_score, created_at, updated_at) VALUES (3228, 16, 389, 5, 2, '2024-01-01 00:00:00', NULL);
INSERT INTO prediction (id, user_id, game_id, home_score, away_score, created_at, updated_at) VALUES (3229, 17, 389, 6, 1, '2024-01-01 00:00:00', NULL);
INSERT INTO prediction (id, user_id, game_id, home_score, away_score, created_at, updated_at) VALUES (3230, 6, 389, 6, 1, '2024-01-01 00:00:00', NULL);
INSERT INTO prediction (id, user_id, game_id, home_score, away_score, created_at, updated_at) VALUES (3231, 10, 389, 4, 1, '2024-01-01 00:00:00', NULL);
INSERT INTO prediction (id, user_id, game_id, home_score, away_score, created_at, updated_at) VALUES (3232, 5, 389, 5, 1, '2024-01-01 00:00:00', NULL);
INSERT INTO prediction (id, user_id, game_id, home_score, away_score, created_at, updated_at) VALUES (3233, 11, 390, 2, 3, '2024-01-01 00:00:00', NULL);
INSERT INTO prediction (id, user_id, game_id, home_score, away_score, created_at, updated_at) VALUES (3234, 14, 390, 2, 4, '2024-01-01 00:00:00', NULL);
INSERT INTO prediction (id, user_id, game_id, home_score, away_score, created_at, updated_at) VALUES (3235, 8, 390, 1, 3, '2024-01-01 00:00:00', NULL);
INSERT INTO prediction (id, user_id, game_id, home_score, away_score, created_at, updated_at) VALUES (3236, 12, 390, 2, 4, '2024-01-01 00:00:00', NULL);
INSERT INTO prediction (id, user_id, game_id, home_score, away_score, created_at, updated_at) VALUES (3237, 16, 390, 2, 4, '2024-01-01 00:00:00', NULL);
INSERT INTO prediction (id, user_id, game_id, home_score, away_score, created_at, updated_at) VALUES (3238, 17, 390, 2, 4, '2024-01-01 00:00:00', NULL);
INSERT INTO prediction (id, user_id, game_id, home_score, away_score, created_at, updated_at) VALUES (3239, 6, 390, 1, 2, '2024-01-01 00:00:00', NULL);
INSERT INTO prediction (id, user_id, game_id, home_score, away_score, created_at, updated_at) VALUES (3240, 10, 390, 2, 3, '2024-01-01 00:00:00', NULL);
INSERT INTO prediction (id, user_id, game_id, home_score, away_score, created_at, updated_at) VALUES (3241, 5, 390, 2, 3, '2024-01-01 00:00:00', NULL);
INSERT INTO prediction (id, user_id, game_id, home_score, away_score, created_at, updated_at) VALUES (3242, 11, 391, 5, 3, '2024-01-01 00:00:00', NULL);
INSERT INTO prediction (id, user_id, game_id, home_score, away_score, created_at, updated_at) VALUES (3243, 14, 391, 4, 2, '2024-01-01 00:00:00', NULL);
INSERT INTO prediction (id, user_id, game_id, home_score, away_score, created_at, updated_at) VALUES (3244, 8, 391, 5, 1, '2024-01-01 00:00:00', NULL);
INSERT INTO prediction (id, user_id, game_id, home_score, away_score, created_at, updated_at) VALUES (3245, 12, 391, 4, 1, '2024-01-01 00:00:00', NULL);
INSERT INTO prediction (id, user_id, game_id, home_score, away_score, created_at, updated_at) VALUES (3246, 16, 391, 4, 3, '2024-01-01 00:00:00', NULL);
INSERT INTO prediction (id, user_id, game_id, home_score, away_score, created_at, updated_at) VALUES (3247, 17, 391, 5, 2, '2024-01-01 00:00:00', NULL);
INSERT INTO prediction (id, user_id, game_id, home_score, away_score, created_at, updated_at) VALUES (3248, 6, 391, 4, 1, '2024-01-01 00:00:00', NULL);
INSERT INTO prediction (id, user_id, game_id, home_score, away_score, created_at, updated_at) VALUES (3249, 10, 391, 4, 1, '2024-01-01 00:00:00', NULL);
INSERT INTO prediction (id, user_id, game_id, home_score, away_score, created_at, updated_at) VALUES (3250, 5, 391, 4, 1, '2024-01-01 00:00:00', NULL);
INSERT INTO prediction (id, user_id, game_id, home_score, away_score, created_at, updated_at) VALUES (3251, 11, 392, 1, 2, '2024-01-01 00:00:00', NULL);
INSERT INTO prediction (id, user_id, game_id, home_score, away_score, created_at, updated_at) VALUES (3252, 14, 392, 1, 3, '2024-01-01 00:00:00', NULL);
INSERT INTO prediction (id, user_id, game_id, home_score, away_score, created_at, updated_at) VALUES (3253, 8, 392, 2, 5, '2024-01-01 00:00:00', NULL);
INSERT INTO prediction (id, user_id, game_id, home_score, away_score, created_at, updated_at) VALUES (3254, 12, 392, 4, 1, '2024-01-01 00:00:00', NULL);
INSERT INTO prediction (id, user_id, game_id, home_score, away_score, created_at, updated_at) VALUES (3255, 16, 392, 2, 3, '2024-01-01 00:00:00', NULL);
INSERT INTO prediction (id, user_id, game_id, home_score, away_score, created_at, updated_at) VALUES (3256, 17, 392, 2, 4, '2024-01-01 00:00:00', NULL);
INSERT INTO prediction (id, user_id, game_id, home_score, away_score, created_at, updated_at) VALUES (3257, 6, 392, 1, 3, '2024-01-01 00:00:00', NULL);
INSERT INTO prediction (id, user_id, game_id, home_score, away_score, created_at, updated_at) VALUES (3258, 10, 392, 1, 3, '2024-01-01 00:00:00', NULL);
INSERT INTO prediction (id, user_id, game_id, home_score, away_score, created_at, updated_at) VALUES (3259, 5, 392, 1, 3, '2024-01-01 00:00:00', NULL);
INSERT INTO prediction (id, user_id, game_id, home_score, away_score, created_at, updated_at) VALUES (3260, 11, 393, 5, 1, '2024-01-01 00:00:00', NULL);
INSERT INTO prediction (id, user_id, game_id, home_score, away_score, created_at, updated_at) VALUES (3261, 14, 393, 5, 1, '2024-01-01 00:00:00', NULL);
INSERT INTO prediction (id, user_id, game_id, home_score, away_score, created_at, updated_at) VALUES (3262, 8, 393, 7, 1, '2024-01-01 00:00:00', NULL);
INSERT INTO prediction (id, user_id, game_id, home_score, away_score, created_at, updated_at) VALUES (3263, 12, 393, 4, 0, '2024-01-01 00:00:00', NULL);
INSERT INTO prediction (id, user_id, game_id, home_score, away_score, created_at, updated_at) VALUES (3264, 16, 393, 4, 3, '2024-01-01 00:00:00', NULL);
INSERT INTO prediction (id, user_id, game_id, home_score, away_score, created_at, updated_at) VALUES (3265, 17, 393, 5, 2, '2024-01-01 00:00:00', NULL);
INSERT INTO prediction (id, user_id, game_id, home_score, away_score, created_at, updated_at) VALUES (3266, 6, 393, 5, 1, '2024-01-01 00:00:00', NULL);
INSERT INTO prediction (id, user_id, game_id, home_score, away_score, created_at, updated_at) VALUES (3267, 10, 393, 8, 0, '2024-01-01 00:00:00', NULL);
INSERT INTO prediction (id, user_id, game_id, home_score, away_score, created_at, updated_at) VALUES (3268, 5, 393, 5, 2, '2024-01-01 00:00:00', NULL);
INSERT INTO prediction (id, user_id, game_id, home_score, away_score, created_at, updated_at) VALUES (3269, 11, 394, 3, 1, '2024-01-01 00:00:00', NULL);
INSERT INTO prediction (id, user_id, game_id, home_score, away_score, created_at, updated_at) VALUES (3270, 14, 394, 3, 2, '2024-01-01 00:00:00', NULL);
INSERT INTO prediction (id, user_id, game_id, home_score, away_score, created_at, updated_at) VALUES (3271, 8, 394, 2, 4, '2024-01-01 00:00:00', NULL);
INSERT INTO prediction (id, user_id, game_id, home_score, away_score, created_at, updated_at) VALUES (3272, 12, 394, 3, 2, '2024-01-01 00:00:00', NULL);
INSERT INTO prediction (id, user_id, game_id, home_score, away_score, created_at, updated_at) VALUES (3273, 16, 394, 3, 2, '2024-01-01 00:00:00', NULL);
INSERT INTO prediction (id, user_id, game_id, home_score, away_score, created_at, updated_at) VALUES (3274, 17, 394, 3, 2, '2024-01-01 00:00:00', NULL);
INSERT INTO prediction (id, user_id, game_id, home_score, away_score, created_at, updated_at) VALUES (3275, 6, 394, 2, 4, '2024-01-01 00:00:00', NULL);
INSERT INTO prediction (id, user_id, game_id, home_score, away_score, created_at, updated_at) VALUES (3276, 10, 394, 2, 4, '2024-01-01 00:00:00', NULL);
INSERT INTO prediction (id, user_id, game_id, home_score, away_score, created_at, updated_at) VALUES (3277, 5, 394, 1, 4, '2024-01-01 00:00:00', NULL);
INSERT INTO prediction (id, user_id, game_id, home_score, away_score, created_at, updated_at) VALUES (3278, 11, 395, 2, 4, '2024-01-01 00:00:00', NULL);
INSERT INTO prediction (id, user_id, game_id, home_score, away_score, created_at, updated_at) VALUES (3279, 14, 395, 1, 4, '2024-01-01 00:00:00', NULL);
INSERT INTO prediction (id, user_id, game_id, home_score, away_score, created_at, updated_at) VALUES (3280, 8, 395, 1, 4, '2024-01-01 00:00:00', NULL);
INSERT INTO prediction (id, user_id, game_id, home_score, away_score, created_at, updated_at) VALUES (3281, 12, 395, 1, 4, '2024-01-01 00:00:00', NULL);
INSERT INTO prediction (id, user_id, game_id, home_score, away_score, created_at, updated_at) VALUES (3282, 16, 395, 2, 4, '2024-01-01 00:00:00', NULL);
INSERT INTO prediction (id, user_id, game_id, home_score, away_score, created_at, updated_at) VALUES (3283, 17, 395, 2, 5, '2024-01-01 00:00:00', NULL);
INSERT INTO prediction (id, user_id, game_id, home_score, away_score, created_at, updated_at) VALUES (3284, 6, 395, 0, 5, '2024-01-01 00:00:00', NULL);
INSERT INTO prediction (id, user_id, game_id, home_score, away_score, created_at, updated_at) VALUES (3285, 10, 395, 2, 4, '2024-01-01 00:00:00', NULL);
INSERT INTO prediction (id, user_id, game_id, home_score, away_score, created_at, updated_at) VALUES (3286, 5, 395, 1, 4, '2024-01-01 00:00:00', NULL);
INSERT INTO prediction (id, user_id, game_id, home_score, away_score, created_at, updated_at) VALUES (3287, 11, 396, 5, 0, '2024-01-01 00:00:00', NULL);
INSERT INTO prediction (id, user_id, game_id, home_score, away_score, created_at, updated_at) VALUES (3288, 14, 396, 5, 2, '2024-01-01 00:00:00', NULL);
INSERT INTO prediction (id, user_id, game_id, home_score, away_score, created_at, updated_at) VALUES (3289, 8, 396, 4, 1, '2024-01-01 00:00:00', NULL);
INSERT INTO prediction (id, user_id, game_id, home_score, away_score, created_at, updated_at) VALUES (3290, 12, 396, 4, 1, '2024-01-01 00:00:00', NULL);
INSERT INTO prediction (id, user_id, game_id, home_score, away_score, created_at, updated_at) VALUES (3291, 16, 396, 5, 1, '2024-01-01 00:00:00', NULL);
INSERT INTO prediction (id, user_id, game_id, home_score, away_score, created_at, updated_at) VALUES (3292, 17, 396, 5, 1, '2024-01-01 00:00:00', NULL);
INSERT INTO prediction (id, user_id, game_id, home_score, away_score, created_at, updated_at) VALUES (3293, 6, 396, 5, 1, '2024-01-01 00:00:00', NULL);
INSERT INTO prediction (id, user_id, game_id, home_score, away_score, created_at, updated_at) VALUES (3294, 10, 396, 4, 1, '2024-01-01 00:00:00', NULL);
INSERT INTO prediction (id, user_id, game_id, home_score, away_score, created_at, updated_at) VALUES (3295, 5, 396, 5, 1, '2024-01-01 00:00:00', NULL);
INSERT INTO prediction (id, user_id, game_id, home_score, away_score, created_at, updated_at) VALUES (3296, 11, 397, 3, 1, '2024-01-01 00:00:00', NULL);
INSERT INTO prediction (id, user_id, game_id, home_score, away_score, created_at, updated_at) VALUES (3297, 14, 397, 4, 3, '2024-01-01 00:00:00', NULL);
INSERT INTO prediction (id, user_id, game_id, home_score, away_score, created_at, updated_at) VALUES (3298, 8, 397, 3, 1, '2024-01-01 00:00:00', NULL);
INSERT INTO prediction (id, user_id, game_id, home_score, away_score, created_at, updated_at) VALUES (3299, 12, 397, 3, 1, '2024-01-01 00:00:00', NULL);
INSERT INTO prediction (id, user_id, game_id, home_score, away_score, created_at, updated_at) VALUES (3300, 16, 397, 2, 1, '2024-01-01 00:00:00', NULL);
INSERT INTO prediction (id, user_id, game_id, home_score, away_score, created_at, updated_at) VALUES (3301, 17, 397, 4, 2, '2024-01-01 00:00:00', NULL);
INSERT INTO prediction (id, user_id, game_id, home_score, away_score, created_at, updated_at) VALUES (3302, 6, 397, 3, 1, '2024-01-01 00:00:00', NULL);
INSERT INTO prediction (id, user_id, game_id, home_score, away_score, created_at, updated_at) VALUES (3303, 10, 397, 1, 3, '2024-01-01 00:00:00', NULL);
INSERT INTO prediction (id, user_id, game_id, home_score, away_score, created_at, updated_at) VALUES (3304, 5, 397, 3, 1, '2024-01-01 00:00:00', NULL);
INSERT INTO prediction (id, user_id, game_id, home_score, away_score, created_at, updated_at) VALUES (3305, 11, 398, 3, 1, '2024-01-01 00:00:00', NULL);
INSERT INTO prediction (id, user_id, game_id, home_score, away_score, created_at, updated_at) VALUES (3306, 14, 398, 3, 2, '2024-01-01 00:00:00', NULL);
INSERT INTO prediction (id, user_id, game_id, home_score, away_score, created_at, updated_at) VALUES (3307, 8, 398, 3, 1, '2024-01-01 00:00:00', NULL);
INSERT INTO prediction (id, user_id, game_id, home_score, away_score, created_at, updated_at) VALUES (3308, 12, 398, 4, 2, '2024-01-01 00:00:00', NULL);
INSERT INTO prediction (id, user_id, game_id, home_score, away_score, created_at, updated_at) VALUES (3309, 16, 398, 4, 1, '2024-01-01 00:00:00', NULL);
INSERT INTO prediction (id, user_id, game_id, home_score, away_score, created_at, updated_at) VALUES (3310, 17, 398, 4, 2, '2024-01-01 00:00:00', NULL);
INSERT INTO prediction (id, user_id, game_id, home_score, away_score, created_at, updated_at) VALUES (3311, 6, 398, 1, 2, '2024-01-01 00:00:00', NULL);
INSERT INTO prediction (id, user_id, game_id, home_score, away_score, created_at, updated_at) VALUES (3312, 10, 398, 2, 6, '2024-01-01 00:00:00', NULL);
INSERT INTO prediction (id, user_id, game_id, home_score, away_score, created_at, updated_at) VALUES (3313, 5, 398, 3, 2, '2024-01-01 00:00:00', NULL);
INSERT INTO prediction (id, user_id, game_id, home_score, away_score, created_at, updated_at) VALUES (3314, 11, 399, 3, 0, '2024-01-01 00:00:00', NULL);
INSERT INTO prediction (id, user_id, game_id, home_score, away_score, created_at, updated_at) VALUES (3315, 14, 399, 4, 2, '2024-01-01 00:00:00', NULL);
INSERT INTO prediction (id, user_id, game_id, home_score, away_score, created_at, updated_at) VALUES (3316, 8, 399, 4, 1, '2024-01-01 00:00:00', NULL);
INSERT INTO prediction (id, user_id, game_id, home_score, away_score, created_at, updated_at) VALUES (3317, 12, 399, 3, 1, '2024-01-01 00:00:00', NULL);
INSERT INTO prediction (id, user_id, game_id, home_score, away_score, created_at, updated_at) VALUES (3318, 16, 399, 4, 3, '2024-01-01 00:00:00', NULL);
INSERT INTO prediction (id, user_id, game_id, home_score, away_score, created_at, updated_at) VALUES (3319, 17, 399, 4, 2, '2024-01-01 00:00:00', NULL);
INSERT INTO prediction (id, user_id, game_id, home_score, away_score, created_at, updated_at) VALUES (3320, 6, 399, 4, 1, '2024-01-01 00:00:00', NULL);
INSERT INTO prediction (id, user_id, game_id, home_score, away_score, created_at, updated_at) VALUES (3321, 10, 399, 5, 2, '2024-01-01 00:00:00', NULL);
INSERT INTO prediction (id, user_id, game_id, home_score, away_score, created_at, updated_at) VALUES (3322, 5, 399, 4, 1, '2024-01-01 00:00:00', NULL);
INSERT INTO prediction (id, user_id, game_id, home_score, away_score, created_at, updated_at) VALUES (3323, 11, 400, 3, 1, '2024-01-01 00:00:00', NULL);
INSERT INTO prediction (id, user_id, game_id, home_score, away_score, created_at, updated_at) VALUES (3324, 14, 400, 4, 3, '2024-01-01 00:00:00', NULL);
INSERT INTO prediction (id, user_id, game_id, home_score, away_score, created_at, updated_at) VALUES (3325, 8, 400, 4, 1, '2024-01-01 00:00:00', NULL);
INSERT INTO prediction (id, user_id, game_id, home_score, away_score, created_at, updated_at) VALUES (3326, 12, 400, 3, 2, '2024-01-01 00:00:00', NULL);
INSERT INTO prediction (id, user_id, game_id, home_score, away_score, created_at, updated_at) VALUES (3327, 16, 400, 2, 1, '2024-01-01 00:00:00', NULL);
INSERT INTO prediction (id, user_id, game_id, home_score, away_score, created_at, updated_at) VALUES (3328, 17, 400, 3, 2, '2024-01-01 00:00:00', NULL);
INSERT INTO prediction (id, user_id, game_id, home_score, away_score, created_at, updated_at) VALUES (3329, 6, 400, 2, 1, '2024-01-01 00:00:00', NULL);
INSERT INTO prediction (id, user_id, game_id, home_score, away_score, created_at, updated_at) VALUES (3330, 10, 400, 3, 1, '2024-01-01 00:00:00', NULL);
INSERT INTO prediction (id, user_id, game_id, home_score, away_score, created_at, updated_at) VALUES (3331, 5, 400, 3, 2, '2024-01-01 00:00:00', NULL);
INSERT INTO prediction (id, user_id, game_id, home_score, away_score, created_at, updated_at) VALUES (3332, 11, 401, 4, 3, '2024-01-01 00:00:00', NULL);
INSERT INTO prediction (id, user_id, game_id, home_score, away_score, created_at, updated_at) VALUES (3333, 14, 401, 3, 2, '2024-01-01 00:00:00', NULL);
INSERT INTO prediction (id, user_id, game_id, home_score, away_score, created_at, updated_at) VALUES (3334, 8, 401, 3, 2, '2024-01-01 00:00:00', NULL);
INSERT INTO prediction (id, user_id, game_id, home_score, away_score, created_at, updated_at) VALUES (3335, 12, 401, 1, 3, '2024-01-01 00:00:00', NULL);
INSERT INTO prediction (id, user_id, game_id, home_score, away_score, created_at, updated_at) VALUES (3336, 16, 401, 5, 3, '2024-01-01 00:00:00', NULL);
INSERT INTO prediction (id, user_id, game_id, home_score, away_score, created_at, updated_at) VALUES (3337, 17, 401, 3, 2, '2024-01-01 00:00:00', NULL);
INSERT INTO prediction (id, user_id, game_id, home_score, away_score, created_at, updated_at) VALUES (3338, 6, 401, 3, 2, '2024-01-01 00:00:00', NULL);
INSERT INTO prediction (id, user_id, game_id, home_score, away_score, created_at, updated_at) VALUES (3339, 10, 401, 5, 4, '2024-01-01 00:00:00', NULL);
INSERT INTO prediction (id, user_id, game_id, home_score, away_score, created_at, updated_at) VALUES (3340, 5, 401, 2, 3, '2024-01-01 00:00:00', NULL);
INSERT INTO prediction (id, user_id, game_id, home_score, away_score, created_at, updated_at) VALUES (3341, 11, 402, 1, 3, '2024-01-01 00:00:00', NULL);
INSERT INTO prediction (id, user_id, game_id, home_score, away_score, created_at, updated_at) VALUES (3342, 14, 402, 3, 4, '2024-01-01 00:00:00', NULL);
INSERT INTO prediction (id, user_id, game_id, home_score, away_score, created_at, updated_at) VALUES (3343, 8, 402, 4, 2, '2024-01-01 00:00:00', NULL);
INSERT INTO prediction (id, user_id, game_id, home_score, away_score, created_at, updated_at) VALUES (3344, 12, 402, 2, 3, '2024-01-01 00:00:00', NULL);
INSERT INTO prediction (id, user_id, game_id, home_score, away_score, created_at, updated_at) VALUES (3345, 16, 402, 2, 3, '2024-01-01 00:00:00', NULL);
INSERT INTO prediction (id, user_id, game_id, home_score, away_score, created_at, updated_at) VALUES (3346, 17, 402, 2, 3, '2024-01-01 00:00:00', NULL);
INSERT INTO prediction (id, user_id, game_id, home_score, away_score, created_at, updated_at) VALUES (3347, 6, 402, 2, 3, '2024-01-01 00:00:00', NULL);
INSERT INTO prediction (id, user_id, game_id, home_score, away_score, created_at, updated_at) VALUES (3348, 10, 402, 4, 2, '2024-01-01 00:00:00', NULL);
INSERT INTO prediction (id, user_id, game_id, home_score, away_score, created_at, updated_at) VALUES (3349, 5, 402, 4, 2, '2024-01-01 00:00:00', NULL);
INSERT INTO prediction (id, user_id, game_id, home_score, away_score, created_at, updated_at) VALUES (3350, 11, 403, 4, 1, '2024-01-01 00:00:00', NULL);
INSERT INTO prediction (id, user_id, game_id, home_score, away_score, created_at, updated_at) VALUES (3351, 14, 403, 5, 1, '2024-01-01 00:00:00', NULL);
INSERT INTO prediction (id, user_id, game_id, home_score, away_score, created_at, updated_at) VALUES (3352, 8, 403, 3, 1, '2024-01-01 00:00:00', NULL);
INSERT INTO prediction (id, user_id, game_id, home_score, away_score, created_at, updated_at) VALUES (3353, 12, 403, 4, 1, '2024-01-01 00:00:00', NULL);
INSERT INTO prediction (id, user_id, game_id, home_score, away_score, created_at, updated_at) VALUES (3354, 16, 403, 5, 2, '2024-01-01 00:00:00', NULL);
INSERT INTO prediction (id, user_id, game_id, home_score, away_score, created_at, updated_at) VALUES (3355, 17, 403, 4, 2, '2024-01-01 00:00:00', NULL);
INSERT INTO prediction (id, user_id, game_id, home_score, away_score, created_at, updated_at) VALUES (3356, 6, 403, 4, 1, '2024-01-01 00:00:00', NULL);
INSERT INTO prediction (id, user_id, game_id, home_score, away_score, created_at, updated_at) VALUES (3357, 10, 403, 3, 1, '2024-01-01 00:00:00', NULL);
INSERT INTO prediction (id, user_id, game_id, home_score, away_score, created_at, updated_at) VALUES (3358, 5, 403, 4, 2, '2024-01-01 00:00:00', NULL);
INSERT INTO prediction (id, user_id, game_id, home_score, away_score, created_at, updated_at) VALUES (3359, 11, 404, 2, 1, '2024-01-01 00:00:00', NULL);
INSERT INTO prediction (id, user_id, game_id, home_score, away_score, created_at, updated_at) VALUES (3360, 14, 404, 4, 2, '2024-01-01 00:00:00', NULL);
INSERT INTO prediction (id, user_id, game_id, home_score, away_score, created_at, updated_at) VALUES (3361, 8, 404, 3, 1, '2024-01-01 00:00:00', NULL);
INSERT INTO prediction (id, user_id, game_id, home_score, away_score, created_at, updated_at) VALUES (3362, 12, 404, 5, 2, '2024-01-01 00:00:00', NULL);
INSERT INTO prediction (id, user_id, game_id, home_score, away_score, created_at, updated_at) VALUES (3363, 16, 404, 6, 2, '2024-01-01 00:00:00', NULL);
INSERT INTO prediction (id, user_id, game_id, home_score, away_score, created_at, updated_at) VALUES (3364, 17, 404, 4, 2, '2024-01-01 00:00:00', NULL);
INSERT INTO prediction (id, user_id, game_id, home_score, away_score, created_at, updated_at) VALUES (3365, 6, 404, 3, 1, '2024-01-01 00:00:00', NULL);
INSERT INTO prediction (id, user_id, game_id, home_score, away_score, created_at, updated_at) VALUES (3366, 10, 404, 7, 2, '2024-01-01 00:00:00', NULL);
INSERT INTO prediction (id, user_id, game_id, home_score, away_score, created_at, updated_at) VALUES (3367, 5, 404, 5, 1, '2024-01-01 00:00:00', NULL);
INSERT INTO prediction (id, user_id, game_id, home_score, away_score, created_at, updated_at) VALUES (3368, 11, 405, 4, 1, '2024-01-01 00:00:00', NULL);
INSERT INTO prediction (id, user_id, game_id, home_score, away_score, created_at, updated_at) VALUES (3369, 14, 405, 4, 2, '2024-01-01 00:00:00', NULL);
INSERT INTO prediction (id, user_id, game_id, home_score, away_score, created_at, updated_at) VALUES (3370, 8, 405, 4, 2, '2024-01-01 00:00:00', NULL);
INSERT INTO prediction (id, user_id, game_id, home_score, away_score, created_at, updated_at) VALUES (3371, 12, 405, 4, 1, '2024-01-01 00:00:00', NULL);
INSERT INTO prediction (id, user_id, game_id, home_score, away_score, created_at, updated_at) VALUES (3372, 16, 405, 5, 2, '2024-01-01 00:00:00', NULL);
INSERT INTO prediction (id, user_id, game_id, home_score, away_score, created_at, updated_at) VALUES (3373, 17, 405, 4, 2, '2024-01-01 00:00:00', NULL);
INSERT INTO prediction (id, user_id, game_id, home_score, away_score, created_at, updated_at) VALUES (3374, 6, 405, 3, 1, '2024-01-01 00:00:00', NULL);
INSERT INTO prediction (id, user_id, game_id, home_score, away_score, created_at, updated_at) VALUES (3375, 10, 405, 5, 3, '2024-01-01 00:00:00', NULL);
INSERT INTO prediction (id, user_id, game_id, home_score, away_score, created_at, updated_at) VALUES (3376, 5, 405, 4, 2, '2024-01-01 00:00:00', NULL);
INSERT INTO prediction (id, user_id, game_id, home_score, away_score, created_at, updated_at) VALUES (3377, 11, 406, 1, 3, '2024-01-01 00:00:00', NULL);
INSERT INTO prediction (id, user_id, game_id, home_score, away_score, created_at, updated_at) VALUES (3378, 14, 406, 2, 3, '2024-01-01 00:00:00', NULL);
INSERT INTO prediction (id, user_id, game_id, home_score, away_score, created_at, updated_at) VALUES (3379, 8, 406, 2, 3, '2024-01-01 00:00:00', NULL);
INSERT INTO prediction (id, user_id, game_id, home_score, away_score, created_at, updated_at) VALUES (3380, 12, 406, 2, 4, '2024-01-01 00:00:00', NULL);
INSERT INTO prediction (id, user_id, game_id, home_score, away_score, created_at, updated_at) VALUES (3381, 16, 406, 2, 4, '2024-01-01 00:00:00', NULL);
INSERT INTO prediction (id, user_id, game_id, home_score, away_score, created_at, updated_at) VALUES (3382, 17, 406, 2, 3, '2024-01-01 00:00:00', NULL);
INSERT INTO prediction (id, user_id, game_id, home_score, away_score, created_at, updated_at) VALUES (3383, 6, 406, 4, 2, '2024-01-01 00:00:00', NULL);
INSERT INTO prediction (id, user_id, game_id, home_score, away_score, created_at, updated_at) VALUES (3384, 10, 406, 5, 3, '2024-01-01 00:00:00', NULL);
INSERT INTO prediction (id, user_id, game_id, home_score, away_score, created_at, updated_at) VALUES (3385, 5, 406, 4, 1, '2024-01-01 00:00:00', NULL);
INSERT INTO prediction (id, user_id, game_id, home_score, away_score, created_at, updated_at) VALUES (3386, 11, 407, 1, 3, '2024-01-01 00:00:00', NULL);
INSERT INTO prediction (id, user_id, game_id, home_score, away_score, created_at, updated_at) VALUES (3387, 14, 407, 1, 2, '2024-01-01 00:00:00', NULL);
INSERT INTO prediction (id, user_id, game_id, home_score, away_score, created_at, updated_at) VALUES (3388, 8, 407, 1, 3, '2024-01-01 00:00:00', NULL);
INSERT INTO prediction (id, user_id, game_id, home_score, away_score, created_at, updated_at) VALUES (3389, 12, 407, 2, 1, '2024-01-01 00:00:00', NULL);
INSERT INTO prediction (id, user_id, game_id, home_score, away_score, created_at, updated_at) VALUES (3390, 16, 407, 3, 2, '2024-01-01 00:00:00', NULL);
INSERT INTO prediction (id, user_id, game_id, home_score, away_score, created_at, updated_at) VALUES (3391, 17, 407, 4, 3, '2024-01-01 00:00:00', NULL);
INSERT INTO prediction (id, user_id, game_id, home_score, away_score, created_at, updated_at) VALUES (3392, 6, 407, 2, 3, '2024-01-01 00:00:00', NULL);
INSERT INTO prediction (id, user_id, game_id, home_score, away_score, created_at, updated_at) VALUES (3393, 10, 407, 3, 4, '2024-01-01 00:00:00', NULL);
INSERT INTO prediction (id, user_id, game_id, home_score, away_score, created_at, updated_at) VALUES (3394, 5, 407, 3, 2, '2024-01-01 00:00:00', NULL);
INSERT INTO prediction (id, user_id, game_id, home_score, away_score, created_at, updated_at) VALUES (3395, 11, 408, 4, 1, '2024-01-01 00:00:00', NULL);
INSERT INTO prediction (id, user_id, game_id, home_score, away_score, created_at, updated_at) VALUES (3396, 14, 408, 4, 1, '2024-01-01 00:00:00', NULL);
INSERT INTO prediction (id, user_id, game_id, home_score, away_score, created_at, updated_at) VALUES (3397, 8, 408, 4, 1, '2024-01-01 00:00:00', NULL);
INSERT INTO prediction (id, user_id, game_id, home_score, away_score, created_at, updated_at) VALUES (3398, 12, 408, 2, 3, '2024-01-01 00:00:00', NULL);
INSERT INTO prediction (id, user_id, game_id, home_score, away_score, created_at, updated_at) VALUES (3399, 16, 408, 4, 1, '2024-01-01 00:00:00', NULL);
INSERT INTO prediction (id, user_id, game_id, home_score, away_score, created_at, updated_at) VALUES (3400, 17, 408, 5, 2, '2024-01-01 00:00:00', NULL);
INSERT INTO prediction (id, user_id, game_id, home_score, away_score, created_at, updated_at) VALUES (3401, 6, 408, 4, 1, '2024-01-01 00:00:00', NULL);
INSERT INTO prediction (id, user_id, game_id, home_score, away_score, created_at, updated_at) VALUES (3402, 10, 408, 4, 3, '2024-01-01 00:00:00', NULL);
INSERT INTO prediction (id, user_id, game_id, home_score, away_score, created_at, updated_at) VALUES (3403, 5, 408, 4, 1, '2024-01-01 00:00:00', NULL);
INSERT INTO prediction (id, user_id, game_id, home_score, away_score, created_at, updated_at) VALUES (3404, 11, 409, 1, 2, '2024-01-01 00:00:00', NULL);
INSERT INTO prediction (id, user_id, game_id, home_score, away_score, created_at, updated_at) VALUES (3405, 14, 409, 3, 1, '2024-01-01 00:00:00', NULL);
INSERT INTO prediction (id, user_id, game_id, home_score, away_score, created_at, updated_at) VALUES (3406, 8, 409, 4, 2, '2024-01-01 00:00:00', NULL);
INSERT INTO prediction (id, user_id, game_id, home_score, away_score, created_at, updated_at) VALUES (3407, 12, 409, 4, 1, '2024-01-01 00:00:00', NULL);
INSERT INTO prediction (id, user_id, game_id, home_score, away_score, created_at, updated_at) VALUES (3408, 16, 409, 2, 4, '2024-01-01 00:00:00', NULL);
INSERT INTO prediction (id, user_id, game_id, home_score, away_score, created_at, updated_at) VALUES (3409, 17, 409, 0, 0, '2024-01-01 00:00:00', NULL);
INSERT INTO prediction (id, user_id, game_id, home_score, away_score, created_at, updated_at) VALUES (3410, 6, 409, 0, 0, '2024-01-01 00:00:00', NULL);
INSERT INTO prediction (id, user_id, game_id, home_score, away_score, created_at, updated_at) VALUES (3411, 10, 409, 4, 3, '2024-01-01 00:00:00', NULL);
INSERT INTO prediction (id, user_id, game_id, home_score, away_score, created_at, updated_at) VALUES (3412, 5, 409, 3, 2, '2024-01-01 00:00:00', NULL);
INSERT INTO prediction (id, user_id, game_id, home_score, away_score, created_at, updated_at) VALUES (3413, 11, 410, 3, 4, '2024-01-01 00:00:00', NULL);
INSERT INTO prediction (id, user_id, game_id, home_score, away_score, created_at, updated_at) VALUES (3414, 14, 410, 2, 4, '2024-01-01 00:00:00', NULL);
INSERT INTO prediction (id, user_id, game_id, home_score, away_score, created_at, updated_at) VALUES (3415, 8, 410, 3, 2, '2024-01-01 00:00:00', NULL);
INSERT INTO prediction (id, user_id, game_id, home_score, away_score, created_at, updated_at) VALUES (3416, 12, 410, 2, 3, '2024-01-01 00:00:00', NULL);
INSERT INTO prediction (id, user_id, game_id, home_score, away_score, created_at, updated_at) VALUES (3417, 16, 410, 1, 3, '2024-01-01 00:00:00', NULL);
INSERT INTO prediction (id, user_id, game_id, home_score, away_score, created_at, updated_at) VALUES (3418, 17, 410, 0, 0, '2024-01-01 00:00:00', NULL);
INSERT INTO prediction (id, user_id, game_id, home_score, away_score, created_at, updated_at) VALUES (3419, 6, 410, 0, 0, '2024-01-01 00:00:00', NULL);
INSERT INTO prediction (id, user_id, game_id, home_score, away_score, created_at, updated_at) VALUES (3420, 10, 410, 4, 5, '2024-01-01 00:00:00', NULL);
INSERT INTO prediction (id, user_id, game_id, home_score, away_score, created_at, updated_at) VALUES (3421, 5, 410, 4, 2, '2024-01-01 00:00:00', NULL);
INSERT INTO prediction (id, user_id, game_id, home_score, away_score, created_at, updated_at) VALUES (3422, 11, 411, 3, 4, '2024-01-01 00:00:00', NULL);
INSERT INTO prediction (id, user_id, game_id, home_score, away_score, created_at, updated_at) VALUES (3423, 14, 411, 2, 3, '2024-01-01 00:00:00', NULL);
INSERT INTO prediction (id, user_id, game_id, home_score, away_score, created_at, updated_at) VALUES (3424, 8, 411, 2, 3, '2024-01-01 00:00:00', NULL);
INSERT INTO prediction (id, user_id, game_id, home_score, away_score, created_at, updated_at) VALUES (3425, 12, 411, 2, 3, '2024-01-01 00:00:00', NULL);
INSERT INTO prediction (id, user_id, game_id, home_score, away_score, created_at, updated_at) VALUES (3426, 16, 411, 2, 3, '2024-01-01 00:00:00', NULL);
INSERT INTO prediction (id, user_id, game_id, home_score, away_score, created_at, updated_at) VALUES (3427, 17, 411, 0, 0, '2024-01-01 00:00:00', NULL);
INSERT INTO prediction (id, user_id, game_id, home_score, away_score, created_at, updated_at) VALUES (3428, 6, 411, 5, 3, '2024-01-01 00:00:00', NULL);
INSERT INTO prediction (id, user_id, game_id, home_score, away_score, created_at, updated_at) VALUES (3429, 10, 411, 5, 3, '2024-01-01 00:00:00', NULL);
INSERT INTO prediction (id, user_id, game_id, home_score, away_score, created_at, updated_at) VALUES (3430, 5, 411, 3, 2, '2024-01-01 00:00:00', NULL);
INSERT INTO prediction (id, user_id, game_id, home_score, away_score, created_at, updated_at) VALUES (3431, 11, 412, 2, 1, '2024-01-01 00:00:00', NULL);
INSERT INTO prediction (id, user_id, game_id, home_score, away_score, created_at, updated_at) VALUES (3432, 14, 412, 3, 1, '2024-01-01 00:00:00', NULL);
INSERT INTO prediction (id, user_id, game_id, home_score, away_score, created_at, updated_at) VALUES (3433, 8, 412, 1, 4, '2024-01-01 00:00:00', NULL);
INSERT INTO prediction (id, user_id, game_id, home_score, away_score, created_at, updated_at) VALUES (3434, 12, 412, 2, 4, '2024-01-01 00:00:00', NULL);
INSERT INTO prediction (id, user_id, game_id, home_score, away_score, created_at, updated_at) VALUES (3435, 16, 412, 3, 2, '2024-01-01 00:00:00', NULL);
INSERT INTO prediction (id, user_id, game_id, home_score, away_score, created_at, updated_at) VALUES (3436, 17, 412, 0, 0, '2024-01-01 00:00:00', NULL);
INSERT INTO prediction (id, user_id, game_id, home_score, away_score, created_at, updated_at) VALUES (3437, 6, 412, 2, 3, '2024-01-01 00:00:00', NULL);
INSERT INTO prediction (id, user_id, game_id, home_score, away_score, created_at, updated_at) VALUES (3438, 10, 412, 3, 4, '2024-01-01 00:00:00', NULL);
INSERT INTO prediction (id, user_id, game_id, home_score, away_score, created_at, updated_at) VALUES (3439, 5, 412, 3, 4, '2024-01-01 00:00:00', NULL);
INSERT INTO special_bet_rule (id, tournament_id, name, value_type, scoring_type, points, sort_order, actual_team_value_id, actual_string_value, actual_int_value) VALUES (40, 7, 'Medaile - 1. místo', 'team', 'podium', 2.0, 0, 4, NULL, NULL);
INSERT INTO special_bet (id, user_id, rule_id, team_value_id, string_value, int_value) VALUES (328, 11, 40, 8, NULL, NULL);
INSERT INTO special_bet (id, user_id, rule_id, team_value_id, string_value, int_value) VALUES (329, 14, 40, 6, NULL, NULL);
INSERT INTO special_bet (id, user_id, rule_id, team_value_id, string_value, int_value) VALUES (330, 8, 40, 4, NULL, NULL);
INSERT INTO special_bet (id, user_id, rule_id, team_value_id, string_value, int_value) VALUES (331, 12, 40, 4, NULL, NULL);
INSERT INTO special_bet (id, user_id, rule_id, team_value_id, string_value, int_value) VALUES (332, 16, 40, 23, NULL, NULL);
INSERT INTO special_bet (id, user_id, rule_id, team_value_id, string_value, int_value) VALUES (333, 17, 40, 4, NULL, NULL);
INSERT INTO special_bet (id, user_id, rule_id, team_value_id, string_value, int_value) VALUES (334, 6, 40, 4, NULL, NULL);
INSERT INTO special_bet (id, user_id, rule_id, team_value_id, string_value, int_value) VALUES (335, 10, 40, 8, NULL, NULL);
INSERT INTO special_bet (id, user_id, rule_id, team_value_id, string_value, int_value) VALUES (336, 5, 40, 4, NULL, NULL);
INSERT INTO special_bet_rule (id, tournament_id, name, value_type, scoring_type, points, sort_order, actual_team_value_id, actual_string_value, actual_int_value) VALUES (41, 7, 'Medaile - 2. místo', 'team', 'podium', 2.0, 1, 11, NULL, NULL);
INSERT INTO special_bet (id, user_id, rule_id, team_value_id, string_value, int_value) VALUES (337, 11, 41, 23, NULL, NULL);
INSERT INTO special_bet (id, user_id, rule_id, team_value_id, string_value, int_value) VALUES (338, 14, 41, 8, NULL, NULL);
INSERT INTO special_bet (id, user_id, rule_id, team_value_id, string_value, int_value) VALUES (339, 8, 41, 6, NULL, NULL);
INSERT INTO special_bet (id, user_id, rule_id, team_value_id, string_value, int_value) VALUES (340, 12, 41, 8, NULL, NULL);
INSERT INTO special_bet (id, user_id, rule_id, team_value_id, string_value, int_value) VALUES (341, 16, 41, 4, NULL, NULL);
INSERT INTO special_bet (id, user_id, rule_id, team_value_id, string_value, int_value) VALUES (342, 17, 41, 8, NULL, NULL);
INSERT INTO special_bet (id, user_id, rule_id, team_value_id, string_value, int_value) VALUES (343, 6, 41, 8, NULL, NULL);
INSERT INTO special_bet (id, user_id, rule_id, team_value_id, string_value, int_value) VALUES (344, 10, 41, 23, NULL, NULL);
INSERT INTO special_bet (id, user_id, rule_id, team_value_id, string_value, int_value) VALUES (345, 5, 41, 8, NULL, NULL);
INSERT INTO special_bet_rule (id, tournament_id, name, value_type, scoring_type, points, sort_order, actual_team_value_id, actual_string_value, actual_int_value) VALUES (42, 7, 'Medaile - 3. místo', 'team', 'podium', 2.0, 2, 15, NULL, NULL);
INSERT INTO special_bet (id, user_id, rule_id, team_value_id, string_value, int_value) VALUES (346, 11, 42, 6, NULL, NULL);
INSERT INTO special_bet (id, user_id, rule_id, team_value_id, string_value, int_value) VALUES (347, 14, 42, 4, NULL, NULL);
INSERT INTO special_bet (id, user_id, rule_id, team_value_id, string_value, int_value) VALUES (348, 8, 42, 8, NULL, NULL);
INSERT INTO special_bet (id, user_id, rule_id, team_value_id, string_value, int_value) VALUES (349, 12, 42, 6, NULL, NULL);
INSERT INTO special_bet (id, user_id, rule_id, team_value_id, string_value, int_value) VALUES (350, 16, 42, 6, NULL, NULL);
INSERT INTO special_bet (id, user_id, rule_id, team_value_id, string_value, int_value) VALUES (351, 17, 42, 6, NULL, NULL);
INSERT INTO special_bet (id, user_id, rule_id, team_value_id, string_value, int_value) VALUES (352, 6, 42, 23, NULL, NULL);
INSERT INTO special_bet (id, user_id, rule_id, team_value_id, string_value, int_value) VALUES (353, 10, 42, 4, NULL, NULL);
INSERT INTO special_bet (id, user_id, rule_id, team_value_id, string_value, int_value) VALUES (354, 5, 42, 6, NULL, NULL);
INSERT INTO special_bet_rule (id, tournament_id, name, value_type, scoring_type, points, sort_order, actual_team_value_id, actual_string_value, actual_int_value) VALUES (43, 7, 'Nejlepší Čech #1', 'string', 'any_match', 2.0, 3, NULL, 'Červenka', NULL);
INSERT INTO special_bet (id, user_id, rule_id, team_value_id, string_value, int_value) VALUES (355, 11, 43, NULL, 'Červenka', NULL);
INSERT INTO special_bet (id, user_id, rule_id, team_value_id, string_value, int_value) VALUES (356, 14, 43, NULL, 'Červenka', NULL);
INSERT INTO special_bet (id, user_id, rule_id, team_value_id, string_value, int_value) VALUES (357, 8, 43, NULL, 'Červenka', NULL);
INSERT INTO special_bet (id, user_id, rule_id, team_value_id, string_value, int_value) VALUES (358, 12, 43, NULL, 'Červenka', NULL);
INSERT INTO special_bet (id, user_id, rule_id, team_value_id, string_value, int_value) VALUES (359, 16, 43, NULL, 'Červenka', NULL);
INSERT INTO special_bet (id, user_id, rule_id, team_value_id, string_value, int_value) VALUES (360, 17, 43, NULL, 'Červenka', NULL);
INSERT INTO special_bet (id, user_id, rule_id, team_value_id, string_value, int_value) VALUES (361, 6, 43, NULL, 'Červenka', NULL);
INSERT INTO special_bet (id, user_id, rule_id, team_value_id, string_value, int_value) VALUES (362, 10, 43, NULL, 'Červenka', NULL);
INSERT INTO special_bet (id, user_id, rule_id, team_value_id, string_value, int_value) VALUES (363, 5, 43, NULL, 'Červenka', NULL);
INSERT INTO special_bet_rule (id, tournament_id, name, value_type, scoring_type, points, sort_order, actual_team_value_id, actual_string_value, actual_int_value) VALUES (44, 7, 'Nejlepší Čech #2', 'string', 'any_match', 2.0, 4, NULL, 'Kubalík', NULL);
INSERT INTO special_bet (id, user_id, rule_id, team_value_id, string_value, int_value) VALUES (364, 11, 44, NULL, 'Smejkal', NULL);
INSERT INTO special_bet (id, user_id, rule_id, team_value_id, string_value, int_value) VALUES (365, 14, 44, NULL, 'Kubalík', NULL);
INSERT INTO special_bet (id, user_id, rule_id, team_value_id, string_value, int_value) VALUES (366, 8, 44, NULL, 'Kubalík', NULL);
INSERT INTO special_bet (id, user_id, rule_id, team_value_id, string_value, int_value) VALUES (367, 12, 44, NULL, 'Kubalík', NULL);
INSERT INTO special_bet (id, user_id, rule_id, team_value_id, string_value, int_value) VALUES (368, 16, 44, NULL, 'Kubalík', NULL);
INSERT INTO special_bet (id, user_id, rule_id, team_value_id, string_value, int_value) VALUES (369, 17, 44, NULL, 'Kubalík', NULL);
INSERT INTO special_bet (id, user_id, rule_id, team_value_id, string_value, int_value) VALUES (370, 6, 44, NULL, 'Kubalík', NULL);
INSERT INTO special_bet (id, user_id, rule_id, team_value_id, string_value, int_value) VALUES (371, 10, 44, NULL, 'Kundrátek', NULL);
INSERT INTO special_bet (id, user_id, rule_id, team_value_id, string_value, int_value) VALUES (372, 5, 44, NULL, 'Špaček', NULL);
INSERT INTO special_bet_rule (id, tournament_id, name, value_type, scoring_type, points, sort_order, actual_team_value_id, actual_string_value, actual_int_value) VALUES (45, 7, 'Nejlepší Čech #3', 'string', 'any_match', 2.0, 5, NULL, 'Špaček', NULL);
INSERT INTO special_bet (id, user_id, rule_id, team_value_id, string_value, int_value) VALUES (373, 11, 45, NULL, 'Chytil', NULL);
INSERT INTO special_bet (id, user_id, rule_id, team_value_id, string_value, int_value) VALUES (374, 14, 45, NULL, 'Chytil', NULL);
INSERT INTO special_bet (id, user_id, rule_id, team_value_id, string_value, int_value) VALUES (375, 8, 45, NULL, 'Špaček', NULL);
INSERT INTO special_bet (id, user_id, rule_id, team_value_id, string_value, int_value) VALUES (376, 12, 45, NULL, 'Špaček', NULL);
INSERT INTO special_bet (id, user_id, rule_id, team_value_id, string_value, int_value) VALUES (377, 16, 45, NULL, 'Chytil', NULL);
INSERT INTO special_bet (id, user_id, rule_id, team_value_id, string_value, int_value) VALUES (378, 17, 45, NULL, 'Chytil', NULL);
INSERT INTO special_bet (id, user_id, rule_id, team_value_id, string_value, int_value) VALUES (379, 6, 45, NULL, 'Chytil', NULL);
INSERT INTO special_bet (id, user_id, rule_id, team_value_id, string_value, int_value) VALUES (380, 10, 45, NULL, 'Smejkal', NULL);
INSERT INTO special_bet (id, user_id, rule_id, team_value_id, string_value, int_value) VALUES (381, 5, 45, NULL, 'Chytil', NULL);
INSERT INTO special_bet_rule (id, tournament_id, name, value_type, scoring_type, points, sort_order, actual_team_value_id, actual_string_value, actual_int_value) VALUES (46, 7, 'Počet gólů české reprezentace', 'integer', 'closest', 2.0, 6, NULL, NULL, 28);
INSERT INTO special_bet (id, user_id, rule_id, team_value_id, string_value, int_value) VALUES (382, 11, 46, NULL, NULL, 28);
INSERT INTO special_bet (id, user_id, rule_id, team_value_id, string_value, int_value) VALUES (383, 14, 46, NULL, NULL, 33);
INSERT INTO special_bet (id, user_id, rule_id, team_value_id, string_value, int_value) VALUES (384, 8, 46, NULL, NULL, 25);
INSERT INTO special_bet (id, user_id, rule_id, team_value_id, string_value, int_value) VALUES (385, 12, 46, NULL, NULL, 36);
INSERT INTO special_bet (id, user_id, rule_id, team_value_id, string_value, int_value) VALUES (386, 16, 46, NULL, NULL, 28);
INSERT INTO special_bet (id, user_id, rule_id, team_value_id, string_value, int_value) VALUES (387, 17, 46, NULL, NULL, 32);
INSERT INTO special_bet (id, user_id, rule_id, team_value_id, string_value, int_value) VALUES (388, 6, 46, NULL, NULL, 29);
INSERT INTO special_bet (id, user_id, rule_id, team_value_id, string_value, int_value) VALUES (389, 10, 46, NULL, NULL, 26);
INSERT INTO special_bet (id, user_id, rule_id, team_value_id, string_value, int_value) VALUES (390, 5, 46, NULL, NULL, 33);
INSERT INTO special_bet_rule (id, tournament_id, name, value_type, scoring_type, points, sort_order, actual_team_value_id, actual_string_value, actual_int_value) VALUES (47, 7, 'Počet zápasů rozhodnutých na nájezdy', 'integer', 'closest', 2.0, 7, NULL, NULL, NULL);
INSERT INTO special_bet (id, user_id, rule_id, team_value_id, string_value, int_value) VALUES (391, 11, 47, NULL, NULL, 7);
INSERT INTO special_bet (id, user_id, rule_id, team_value_id, string_value, int_value) VALUES (392, 14, 47, NULL, NULL, 11);
INSERT INTO special_bet (id, user_id, rule_id, team_value_id, string_value, int_value) VALUES (393, 8, 47, NULL, NULL, 8);
INSERT INTO special_bet (id, user_id, rule_id, team_value_id, string_value, int_value) VALUES (394, 12, 47, NULL, NULL, 4);
INSERT INTO special_bet (id, user_id, rule_id, team_value_id, string_value, int_value) VALUES (395, 16, 47, NULL, NULL, 6);
INSERT INTO special_bet (id, user_id, rule_id, team_value_id, string_value, int_value) VALUES (396, 17, 47, NULL, NULL, 6);
INSERT INTO special_bet (id, user_id, rule_id, team_value_id, string_value, int_value) VALUES (397, 6, 47, NULL, NULL, 7);
INSERT INTO special_bet (id, user_id, rule_id, team_value_id, string_value, int_value) VALUES (398, 10, 47, NULL, NULL, 6);
INSERT INTO special_bet (id, user_id, rule_id, team_value_id, string_value, int_value) VALUES (399, 5, 47, NULL, NULL, 5);
INSERT INTO special_bet_rule (id, tournament_id, name, value_type, scoring_type, points, sort_order, actual_team_value_id, actual_string_value, actual_int_value) VALUES (48, 7, 'Sestupující tým 1', 'team', 'exact_match', 2.0, 8, 20, NULL, NULL);
INSERT INTO special_bet (id, user_id, rule_id, team_value_id, string_value, int_value) VALUES (400, 11, 48, 20, NULL, NULL);
INSERT INTO special_bet (id, user_id, rule_id, team_value_id, string_value, int_value) VALUES (401, 14, 48, 20, NULL, NULL);
INSERT INTO special_bet (id, user_id, rule_id, team_value_id, string_value, int_value) VALUES (402, 8, 48, 20, NULL, NULL);
INSERT INTO special_bet (id, user_id, rule_id, team_value_id, string_value, int_value) VALUES (403, 12, 48, 20, NULL, NULL);
INSERT INTO special_bet (id, user_id, rule_id, team_value_id, string_value, int_value) VALUES (404, 16, 48, 20, NULL, NULL);
INSERT INTO special_bet (id, user_id, rule_id, team_value_id, string_value, int_value) VALUES (405, 17, 48, 20, NULL, NULL);
INSERT INTO special_bet (id, user_id, rule_id, team_value_id, string_value, int_value) VALUES (406, 6, 48, 14, NULL, NULL);
INSERT INTO special_bet (id, user_id, rule_id, team_value_id, string_value, int_value) VALUES (407, 10, 48, 14, NULL, NULL);
INSERT INTO special_bet (id, user_id, rule_id, team_value_id, string_value, int_value) VALUES (408, 5, 48, 20, NULL, NULL);
INSERT INTO special_bet_rule (id, tournament_id, name, value_type, scoring_type, points, sort_order, actual_team_value_id, actual_string_value, actual_int_value) VALUES (49, 7, 'Sestupující tým 2', 'team', 'exact_match', 2.0, 9, 12, NULL, NULL);
INSERT INTO special_bet (id, user_id, rule_id, team_value_id, string_value, int_value) VALUES (409, 11, 49, 12, NULL, NULL);
INSERT INTO special_bet (id, user_id, rule_id, team_value_id, string_value, int_value) VALUES (410, 14, 49, 12, NULL, NULL);
INSERT INTO special_bet (id, user_id, rule_id, team_value_id, string_value, int_value) VALUES (411, 8, 49, 12, NULL, NULL);
INSERT INTO special_bet (id, user_id, rule_id, team_value_id, string_value, int_value) VALUES (412, 12, 49, 12, NULL, NULL);
INSERT INTO special_bet (id, user_id, rule_id, team_value_id, string_value, int_value) VALUES (413, 16, 49, 12, NULL, NULL);
INSERT INTO special_bet (id, user_id, rule_id, team_value_id, string_value, int_value) VALUES (414, 17, 49, 12, NULL, NULL);
INSERT INTO special_bet (id, user_id, rule_id, team_value_id, string_value, int_value) VALUES (415, 6, 49, 12, NULL, NULL);
INSERT INTO special_bet (id, user_id, rule_id, team_value_id, string_value, int_value) VALUES (416, 10, 49, 12, NULL, NULL);
INSERT INTO special_bet (id, user_id, rule_id, team_value_id, string_value, int_value) VALUES (417, 5, 49, 12, NULL, NULL);

-- Tournament: MS 2024
INSERT INTO tournament (id, name, year, slug, status, created_at) VALUES (8, 'MS 2024', 2024, 'ms-2024', 'finished', '2024-01-01 00:00:00');
INSERT INTO rule_set (id, tournament_id, winner_base_points, wrong_opponent_bonus, exact_score_bonus, prizes) VALUES (8, 8, 1.0, 0.25, 2.0, '{"1": 300, "2": 150, "3": 50}');
INSERT INTO "match" (id, tournament_id, home_team_id, away_team_id, phase, played_at, home_score, away_score, is_finished) VALUES (413, 8, 22, 11, 'group_stage', '2024-05-10 16:20:00', 4, 6, true);
INSERT INTO "match" (id, tournament_id, home_team_id, away_team_id, phase, played_at, home_score, away_score, is_finished) VALUES (414, 8, 21, 16, 'group_stage', '2024-05-10 16:20:00', 5, 2, true);
INSERT INTO "match" (id, tournament_id, home_team_id, away_team_id, phase, played_at, home_score, away_score, is_finished) VALUES (415, 8, 23, 24, 'group_stage', '2024-05-10 20:20:00', 5, 2, true);
INSERT INTO "match" (id, tournament_id, home_team_id, away_team_id, phase, played_at, home_score, away_score, is_finished) VALUES (416, 8, 6, 8, 'group_stage', '2024-05-10 20:20:00', 1, 0, true);
INSERT INTO "match" (id, tournament_id, home_team_id, away_team_id, phase, played_at, home_score, away_score, is_finished) VALUES (417, 8, 9, 14, 'group_stage', '2024-05-11 12:20:00', 1, 3, true);
INSERT INTO "match" (id, tournament_id, home_team_id, away_team_id, phase, played_at, home_score, away_score, is_finished) VALUES (418, 8, 10, 4, 'group_stage', '2024-05-11 12:20:00', 2, 4, true);
INSERT INTO "match" (id, tournament_id, home_team_id, away_team_id, phase, played_at, home_score, away_score, is_finished) VALUES (419, 8, 17, 15, 'group_stage', '2024-05-11 16:20:00', 4, 5, true);
INSERT INTO "match" (id, tournament_id, home_team_id, away_team_id, phase, played_at, home_score, away_score, is_finished) VALUES (420, 8, 1, 7, 'group_stage', '2024-05-11 16:20:00', 1, 5, true);
INSERT INTO "match" (id, tournament_id, home_team_id, away_team_id, phase, played_at, home_score, away_score, is_finished) VALUES (421, 8, 24, 11, 'group_stage', '2024-05-11 20:20:00', 6, 1, true);
INSERT INTO "match" (id, tournament_id, home_team_id, away_team_id, phase, played_at, home_score, away_score, is_finished) VALUES (422, 8, 16, 6, 'group_stage', '2024-05-11 20:20:00', 3, 6, true);
INSERT INTO "match" (id, tournament_id, home_team_id, away_team_id, phase, played_at, home_score, away_score, is_finished) VALUES (423, 8, 22, 14, 'group_stage', '2024-05-12 12:20:00', 6, 2, true);
INSERT INTO "match" (id, tournament_id, home_team_id, away_team_id, phase, played_at, home_score, away_score, is_finished) VALUES (424, 8, 8, 10, 'group_stage', '2024-05-12 12:20:00', 8, 0, true);
INSERT INTO "match" (id, tournament_id, home_team_id, away_team_id, phase, played_at, home_score, away_score, is_finished) VALUES (425, 8, 15, 9, 'group_stage', '2024-05-12 16:20:00', 3, 2, true);
INSERT INTO "match" (id, tournament_id, home_team_id, away_team_id, phase, played_at, home_score, away_score, is_finished) VALUES (426, 8, 7, 4, 'group_stage', '2024-05-12 16:20:00', 1, 5, true);
INSERT INTO "match" (id, tournament_id, home_team_id, away_team_id, phase, played_at, home_score, away_score, is_finished) VALUES (427, 8, 23, 17, 'group_stage', '2024-05-12 20:20:00', 5, 1, true);
INSERT INTO "match" (id, tournament_id, home_team_id, away_team_id, phase, played_at, home_score, away_score, is_finished) VALUES (428, 8, 1, 21, 'group_stage', '2024-05-12 20:20:00', 5, 6, true);
INSERT INTO "match" (id, tournament_id, home_team_id, away_team_id, phase, played_at, home_score, away_score, is_finished) VALUES (429, 8, 24, 22, 'group_stage', '2024-05-13 16:20:00', 4, 5, true);
INSERT INTO "match" (id, tournament_id, home_team_id, away_team_id, phase, played_at, home_score, away_score, is_finished) VALUES (430, 8, 16, 8, 'group_stage', '2024-05-13 16:20:00', 1, 4, true);
INSERT INTO "match" (id, tournament_id, home_team_id, away_team_id, phase, played_at, home_score, away_score, is_finished) VALUES (431, 8, 11, 23, 'group_stage', '2024-05-13 20:20:00', 1, 6, true);
INSERT INTO "match" (id, tournament_id, home_team_id, away_team_id, phase, played_at, home_score, away_score, is_finished) VALUES (432, 8, 21, 6, 'group_stage', '2024-05-13 20:20:00', 2, 1, true);
INSERT INTO "match" (id, tournament_id, home_team_id, away_team_id, phase, played_at, home_score, away_score, is_finished) VALUES (433, 8, 14, 15, 'group_stage', '2024-05-14 16:20:00', 0, 2, true);
INSERT INTO "match" (id, tournament_id, home_team_id, away_team_id, phase, played_at, home_score, away_score, is_finished) VALUES (434, 8, 7, 16, 'group_stage', '2024-05-14 16:20:00', 0, 2, true);
INSERT INTO "match" (id, tournament_id, home_team_id, away_team_id, phase, played_at, home_score, away_score, is_finished) VALUES (435, 8, 17, 9, 'group_stage', '2024-05-14 20:20:00', 2, 4, true);
INSERT INTO "match" (id, tournament_id, home_team_id, away_team_id, phase, played_at, home_score, away_score, is_finished) VALUES (436, 8, 4, 1, 'group_stage', '2024-05-14 20:20:00', 7, 6, true);
INSERT INTO "match" (id, tournament_id, home_team_id, away_team_id, phase, played_at, home_score, away_score, is_finished) VALUES (437, 8, 11, 15, 'group_stage', '2024-05-15 16:20:00', 8, 1, true);
INSERT INTO "match" (id, tournament_id, home_team_id, away_team_id, phase, played_at, home_score, away_score, is_finished) VALUES (438, 8, 6, 7, 'group_stage', '2024-05-15 16:20:00', 7, 4, true);
INSERT INTO "match" (id, tournament_id, home_team_id, away_team_id, phase, played_at, home_score, away_score, is_finished) VALUES (439, 8, 22, 17, 'group_stage', '2024-05-15 20:20:00', 4, 0, true);
INSERT INTO "match" (id, tournament_id, home_team_id, away_team_id, phase, played_at, home_score, away_score, is_finished) VALUES (440, 8, 21, 10, 'group_stage', '2024-05-15 20:20:00', 3, 0, true);
INSERT INTO "match" (id, tournament_id, home_team_id, away_team_id, phase, played_at, home_score, away_score, is_finished) VALUES (441, 8, 14, 23, 'group_stage', '2024-05-16 16:20:00', 1, 3, true);
INSERT INTO "match" (id, tournament_id, home_team_id, away_team_id, phase, played_at, home_score, away_score, is_finished) VALUES (442, 8, 8, 1, 'group_stage', '2024-05-16 16:20:00', 2, 3, true);
INSERT INTO "match" (id, tournament_id, home_team_id, away_team_id, phase, played_at, home_score, away_score, is_finished) VALUES (443, 8, 24, 9, 'group_stage', '2024-05-16 20:20:00', 5, 0, true);
INSERT INTO "match" (id, tournament_id, home_team_id, away_team_id, phase, played_at, home_score, away_score, is_finished) VALUES (444, 8, 4, 16, 'group_stage', '2024-05-16 20:20:00', 4, 1, true);
INSERT INTO "match" (id, tournament_id, home_team_id, away_team_id, phase, played_at, home_score, away_score, is_finished) VALUES (445, 8, 11, 14, 'group_stage', '2024-05-17 16:20:00', 8, 2, true);
INSERT INTO "match" (id, tournament_id, home_team_id, away_team_id, phase, played_at, home_score, away_score, is_finished) VALUES (446, 8, 10, 7, 'group_stage', '2024-05-17 16:20:00', 3, 4, true);
INSERT INTO "match" (id, tournament_id, home_team_id, away_team_id, phase, played_at, home_score, away_score, is_finished) VALUES (447, 8, 17, 24, 'group_stage', '2024-05-17 20:20:00', 1, 4, true);
INSERT INTO "match" (id, tournament_id, home_team_id, away_team_id, phase, played_at, home_score, away_score, is_finished) VALUES (448, 8, 6, 1, 'group_stage', '2024-05-17 20:20:00', 4, 0, true);
INSERT INTO "match" (id, tournament_id, home_team_id, away_team_id, phase, played_at, home_score, away_score, is_finished) VALUES (449, 8, 15, 23, 'group_stage', '2024-05-18 12:20:00', 2, 7, true);
INSERT INTO "match" (id, tournament_id, home_team_id, away_team_id, phase, played_at, home_score, away_score, is_finished) VALUES (450, 8, 7, 21, 'group_stage', '2024-05-18 12:20:00', 0, 8, true);
INSERT INTO "match" (id, tournament_id, home_team_id, away_team_id, phase, played_at, home_score, away_score, is_finished) VALUES (451, 8, 11, 17, 'group_stage', '2024-05-18 16:20:00', 4, 2, true);
INSERT INTO "match" (id, tournament_id, home_team_id, away_team_id, phase, played_at, home_score, away_score, is_finished) VALUES (452, 8, 4, 8, 'group_stage', '2024-05-18 16:20:00', 5, 3, true);
INSERT INTO "match" (id, tournament_id, home_team_id, away_team_id, phase, played_at, home_score, away_score, is_finished) VALUES (453, 8, 9, 22, 'group_stage', '2024-05-18 20:20:00', 2, 4, true);
INSERT INTO "match" (id, tournament_id, home_team_id, away_team_id, phase, played_at, home_score, away_score, is_finished) VALUES (454, 8, 6, 10, 'group_stage', '2024-05-18 20:20:00', 4, 1, true);
INSERT INTO "match" (id, tournament_id, home_team_id, away_team_id, phase, played_at, home_score, away_score, is_finished) VALUES (455, 8, 24, 14, 'group_stage', '2024-05-19 16:20:00', 10, 1, true);
INSERT INTO "match" (id, tournament_id, home_team_id, away_team_id, phase, played_at, home_score, away_score, is_finished) VALUES (456, 8, 16, 1, 'group_stage', '2024-05-19 16:20:00', 1, 4, true);
INSERT INTO "match" (id, tournament_id, home_team_id, away_team_id, phase, played_at, home_score, away_score, is_finished) VALUES (457, 8, 22, 15, 'group_stage', '2024-05-19 20:20:00', 2, 3, true);
INSERT INTO "match" (id, tournament_id, home_team_id, away_team_id, phase, played_at, home_score, away_score, is_finished) VALUES (458, 8, 21, 4, 'group_stage', '2024-05-19 20:20:00', 2, 3, true);
INSERT INTO "match" (id, tournament_id, home_team_id, away_team_id, phase, played_at, home_score, away_score, is_finished) VALUES (459, 8, 23, 9, 'group_stage', '2024-05-20 16:20:00', 3, 1, true);
INSERT INTO "match" (id, tournament_id, home_team_id, away_team_id, phase, played_at, home_score, away_score, is_finished) VALUES (460, 8, 10, 16, 'group_stage', '2024-05-20 16:20:00', 2, 5, true);
INSERT INTO "match" (id, tournament_id, home_team_id, away_team_id, phase, played_at, home_score, away_score, is_finished) VALUES (461, 8, 14, 17, 'group_stage', '2024-05-20 20:20:00', 3, 1, true);
INSERT INTO "match" (id, tournament_id, home_team_id, away_team_id, phase, played_at, home_score, away_score, is_finished) VALUES (462, 8, 8, 7, 'group_stage', '2024-05-20 20:20:00', 3, 1, true);
INSERT INTO "match" (id, tournament_id, home_team_id, away_team_id, phase, played_at, home_score, away_score, is_finished) VALUES (463, 8, 9, 11, 'group_stage', '2024-05-21 12:20:00', 3, 6, true);
INSERT INTO "match" (id, tournament_id, home_team_id, away_team_id, phase, played_at, home_score, away_score, is_finished) VALUES (464, 8, 1, 10, 'group_stage', '2024-05-21 12:20:00', 2, 4, true);
INSERT INTO "match" (id, tournament_id, home_team_id, away_team_id, phase, played_at, home_score, away_score, is_finished) VALUES (465, 8, 15, 24, 'group_stage', '2024-05-21 16:20:00', 3, 6, true);
INSERT INTO "match" (id, tournament_id, home_team_id, away_team_id, phase, played_at, home_score, away_score, is_finished) VALUES (466, 8, 4, 6, 'group_stage', '2024-05-21 16:20:00', 4, 3, true);
INSERT INTO "match" (id, tournament_id, home_team_id, away_team_id, phase, played_at, home_score, away_score, is_finished) VALUES (467, 8, 23, 22, 'group_stage', '2024-05-21 20:20:00', 6, 1, true);
INSERT INTO "match" (id, tournament_id, home_team_id, away_team_id, phase, played_at, home_score, away_score, is_finished) VALUES (468, 8, 8, 21, 'group_stage', '2024-05-21 20:20:00', 1, 3, true);
INSERT INTO "match" (id, tournament_id, home_team_id, away_team_id, phase, played_at, home_score, away_score, is_finished) VALUES (469, 8, 4, 22, 'group_stage', '2024-05-23 16:20:00', 6, 3, true);
INSERT INTO "match" (id, tournament_id, home_team_id, away_team_id, phase, played_at, home_score, away_score, is_finished) VALUES (470, 8, 21, 11, 'group_stage', '2024-05-23 16:20:00', 3, 1, true);
INSERT INTO "match" (id, tournament_id, home_team_id, away_team_id, phase, played_at, home_score, away_score, is_finished) VALUES (471, 8, 23, 8, 'group_stage', '2024-05-23 20:20:00', 2, 1, true);
INSERT INTO "match" (id, tournament_id, home_team_id, away_team_id, phase, played_at, home_score, away_score, is_finished) VALUES (472, 8, 24, 6, 'group_stage', '2024-05-23 20:20:00', 0, 1, true);
INSERT INTO "match" (id, tournament_id, home_team_id, away_team_id, phase, played_at, home_score, away_score, is_finished) VALUES (473, 8, 23, 6, 'semifinal', '2024-05-25 14:20:00', 3, 7, true);
INSERT INTO "match" (id, tournament_id, home_team_id, away_team_id, phase, played_at, home_score, away_score, is_finished) VALUES (474, 8, 4, 21, 'semifinal', '2024-05-25 18:20:00', 2, 3, true);
INSERT INTO "match" (id, tournament_id, home_team_id, away_team_id, phase, played_at, home_score, away_score, is_finished) VALUES (475, 8, 23, 4, 'bronze_medal', '2024-05-26 15:20:00', 4, 2, true);
INSERT INTO "match" (id, tournament_id, home_team_id, away_team_id, phase, played_at, home_score, away_score, is_finished) VALUES (476, 8, 21, 6, 'gold_medal', '2024-05-26 20:20:00', 0, 2, true);
INSERT INTO prediction (id, user_id, game_id, home_score, away_score, created_at, updated_at) VALUES (3440, 11, 413, 3, 1, '2024-01-01 00:00:00', NULL);
INSERT INTO prediction (id, user_id, game_id, home_score, away_score, created_at, updated_at) VALUES (3441, 14, 413, 4, 3, '2024-01-01 00:00:00', NULL);
INSERT INTO prediction (id, user_id, game_id, home_score, away_score, created_at, updated_at) VALUES (3442, 8, 413, 2, 4, '2024-01-01 00:00:00', NULL);
INSERT INTO prediction (id, user_id, game_id, home_score, away_score, created_at, updated_at) VALUES (3443, 12, 413, 3, 2, '2024-01-01 00:00:00', NULL);
INSERT INTO prediction (id, user_id, game_id, home_score, away_score, created_at, updated_at) VALUES (3444, 16, 413, 3, 1, '2024-01-01 00:00:00', NULL);
INSERT INTO prediction (id, user_id, game_id, home_score, away_score, created_at, updated_at) VALUES (3445, 2, 413, 4, 3, '2024-01-01 00:00:00', NULL);
INSERT INTO prediction (id, user_id, game_id, home_score, away_score, created_at, updated_at) VALUES (3446, 6, 413, 3, 1, '2024-01-01 00:00:00', NULL);
INSERT INTO prediction (id, user_id, game_id, home_score, away_score, created_at, updated_at) VALUES (3447, 10, 413, 3, 1, '2024-01-01 00:00:00', NULL);
INSERT INTO prediction (id, user_id, game_id, home_score, away_score, created_at, updated_at) VALUES (3448, 5, 413, 2, 1, '2024-01-01 00:00:00', NULL);
INSERT INTO prediction (id, user_id, game_id, home_score, away_score, created_at, updated_at) VALUES (3449, 9, 413, 3, 2, '2024-01-01 00:00:00', NULL);
INSERT INTO prediction (id, user_id, game_id, home_score, away_score, created_at, updated_at) VALUES (3450, 11, 414, 4, 0, '2024-01-01 00:00:00', NULL);
INSERT INTO prediction (id, user_id, game_id, home_score, away_score, created_at, updated_at) VALUES (3451, 14, 414, 5, 2, '2024-01-01 00:00:00', NULL);
INSERT INTO prediction (id, user_id, game_id, home_score, away_score, created_at, updated_at) VALUES (3452, 8, 414, 4, 1, '2024-01-01 00:00:00', NULL);
INSERT INTO prediction (id, user_id, game_id, home_score, away_score, created_at, updated_at) VALUES (3453, 12, 414, 4, 1, '2024-01-01 00:00:00', NULL);
INSERT INTO prediction (id, user_id, game_id, home_score, away_score, created_at, updated_at) VALUES (3454, 16, 414, 4, 2, '2024-01-01 00:00:00', NULL);
INSERT INTO prediction (id, user_id, game_id, home_score, away_score, created_at, updated_at) VALUES (3455, 2, 414, 6, 0, '2024-01-01 00:00:00', NULL);
INSERT INTO prediction (id, user_id, game_id, home_score, away_score, created_at, updated_at) VALUES (3456, 6, 414, 5, 0, '2024-01-01 00:00:00', NULL);
INSERT INTO prediction (id, user_id, game_id, home_score, away_score, created_at, updated_at) VALUES (3457, 10, 414, 5, 1, '2024-01-01 00:00:00', NULL);
INSERT INTO prediction (id, user_id, game_id, home_score, away_score, created_at, updated_at) VALUES (3458, 5, 414, 3, 1, '2024-01-01 00:00:00', NULL);
INSERT INTO prediction (id, user_id, game_id, home_score, away_score, created_at, updated_at) VALUES (3459, 9, 414, 1, 0, '2024-01-01 00:00:00', NULL);
INSERT INTO prediction (id, user_id, game_id, home_score, away_score, created_at, updated_at) VALUES (3460, 11, 415, 2, 3, '2024-01-01 00:00:00', NULL);
INSERT INTO prediction (id, user_id, game_id, home_score, away_score, created_at, updated_at) VALUES (3461, 14, 415, 2, 1, '2024-01-01 00:00:00', NULL);
INSERT INTO prediction (id, user_id, game_id, home_score, away_score, created_at, updated_at) VALUES (3462, 8, 415, 3, 2, '2024-01-01 00:00:00', NULL);
INSERT INTO prediction (id, user_id, game_id, home_score, away_score, created_at, updated_at) VALUES (3463, 12, 415, 1, 2, '2024-01-01 00:00:00', NULL);
INSERT INTO prediction (id, user_id, game_id, home_score, away_score, created_at, updated_at) VALUES (3464, 16, 415, 1, 2, '2024-01-01 00:00:00', NULL);
INSERT INTO prediction (id, user_id, game_id, home_score, away_score, created_at, updated_at) VALUES (3465, 2, 415, 4, 5, '2024-01-01 00:00:00', NULL);
INSERT INTO prediction (id, user_id, game_id, home_score, away_score, created_at, updated_at) VALUES (3466, 6, 415, 3, 2, '2024-01-01 00:00:00', NULL);
INSERT INTO prediction (id, user_id, game_id, home_score, away_score, created_at, updated_at) VALUES (3467, 10, 415, 3, 4, '2024-01-01 00:00:00', NULL);
INSERT INTO prediction (id, user_id, game_id, home_score, away_score, created_at, updated_at) VALUES (3468, 5, 415, 3, 2, '2024-01-01 00:00:00', NULL);
INSERT INTO prediction (id, user_id, game_id, home_score, away_score, created_at, updated_at) VALUES (3469, 9, 415, 1, 2, '2024-01-01 00:00:00', NULL);
INSERT INTO prediction (id, user_id, game_id, home_score, away_score, created_at, updated_at) VALUES (3470, 11, 416, 2, 3, '2024-01-01 00:00:00', NULL);
INSERT INTO prediction (id, user_id, game_id, home_score, away_score, created_at, updated_at) VALUES (3471, 14, 416, 2, 1, '2024-01-01 00:00:00', NULL);
INSERT INTO prediction (id, user_id, game_id, home_score, away_score, created_at, updated_at) VALUES (3472, 8, 416, 1, 3, '2024-01-01 00:00:00', NULL);
INSERT INTO prediction (id, user_id, game_id, home_score, away_score, created_at, updated_at) VALUES (3473, 12, 416, 2, 3, '2024-01-01 00:00:00', NULL);
INSERT INTO prediction (id, user_id, game_id, home_score, away_score, created_at, updated_at) VALUES (3474, 16, 416, 3, 1, '2024-01-01 00:00:00', NULL);
INSERT INTO prediction (id, user_id, game_id, home_score, away_score, created_at, updated_at) VALUES (3475, 2, 416, 3, 1, '2024-01-01 00:00:00', NULL);
INSERT INTO prediction (id, user_id, game_id, home_score, away_score, created_at, updated_at) VALUES (3476, 6, 416, 1, 2, '2024-01-01 00:00:00', NULL);
INSERT INTO prediction (id, user_id, game_id, home_score, away_score, created_at, updated_at) VALUES (3477, 10, 416, 0, 4, '2024-01-01 00:00:00', NULL);
INSERT INTO prediction (id, user_id, game_id, home_score, away_score, created_at, updated_at) VALUES (3478, 5, 416, 2, 1, '2024-01-01 00:00:00', NULL);
INSERT INTO prediction (id, user_id, game_id, home_score, away_score, created_at, updated_at) VALUES (3479, 9, 416, 2, 0, '2024-01-01 00:00:00', NULL);
INSERT INTO prediction (id, user_id, game_id, home_score, away_score, created_at, updated_at) VALUES (3480, 11, 417, 4, 2, '2024-01-01 00:00:00', NULL);
INSERT INTO prediction (id, user_id, game_id, home_score, away_score, created_at, updated_at) VALUES (3481, 14, 417, 4, 2, '2024-01-01 00:00:00', NULL);
INSERT INTO prediction (id, user_id, game_id, home_score, away_score, created_at, updated_at) VALUES (3482, 8, 417, 4, 2, '2024-01-01 00:00:00', NULL);
INSERT INTO prediction (id, user_id, game_id, home_score, away_score, created_at, updated_at) VALUES (3483, 12, 417, 4, 6, '2024-01-01 00:00:00', NULL);
INSERT INTO prediction (id, user_id, game_id, home_score, away_score, created_at, updated_at) VALUES (3484, 16, 417, 1, 2, '2024-01-01 00:00:00', NULL);
INSERT INTO prediction (id, user_id, game_id, home_score, away_score, created_at, updated_at) VALUES (3485, 2, 417, 2, 1, '2024-01-01 00:00:00', NULL);
INSERT INTO prediction (id, user_id, game_id, home_score, away_score, created_at, updated_at) VALUES (3486, 6, 417, 2, 3, '2024-01-01 00:00:00', NULL);
INSERT INTO prediction (id, user_id, game_id, home_score, away_score, created_at, updated_at) VALUES (3487, 10, 417, 4, 2, '2024-01-01 00:00:00', NULL);
INSERT INTO prediction (id, user_id, game_id, home_score, away_score, created_at, updated_at) VALUES (3488, 5, 417, 1, 2, '2024-01-01 00:00:00', NULL);
INSERT INTO prediction (id, user_id, game_id, home_score, away_score, created_at, updated_at) VALUES (3489, 9, 417, 3, 0, '2024-01-01 00:00:00', NULL);
INSERT INTO prediction (id, user_id, game_id, home_score, away_score, created_at, updated_at) VALUES (3490, 11, 418, 1, 5, '2024-01-01 00:00:00', NULL);
INSERT INTO prediction (id, user_id, game_id, home_score, away_score, created_at, updated_at) VALUES (3491, 14, 418, 2, 11, '2024-01-01 00:00:00', NULL);
INSERT INTO prediction (id, user_id, game_id, home_score, away_score, created_at, updated_at) VALUES (3492, 8, 418, 1, 7, '2024-01-01 00:00:00', NULL);
INSERT INTO prediction (id, user_id, game_id, home_score, away_score, created_at, updated_at) VALUES (3493, 12, 418, 0, 7, '2024-01-01 00:00:00', NULL);
INSERT INTO prediction (id, user_id, game_id, home_score, away_score, created_at, updated_at) VALUES (3494, 16, 418, 1, 6, '2024-01-01 00:00:00', NULL);
INSERT INTO prediction (id, user_id, game_id, home_score, away_score, created_at, updated_at) VALUES (3495, 2, 418, 0, 12, '2024-01-01 00:00:00', NULL);
INSERT INTO prediction (id, user_id, game_id, home_score, away_score, created_at, updated_at) VALUES (3496, 6, 418, 0, 7, '2024-01-01 00:00:00', NULL);
INSERT INTO prediction (id, user_id, game_id, home_score, away_score, created_at, updated_at) VALUES (3497, 10, 418, 1, 8, '2024-01-01 00:00:00', NULL);
INSERT INTO prediction (id, user_id, game_id, home_score, away_score, created_at, updated_at) VALUES (3498, 5, 418, 0, 6, '2024-01-01 00:00:00', NULL);
INSERT INTO prediction (id, user_id, game_id, home_score, away_score, created_at, updated_at) VALUES (3499, 9, 418, 0, 6, '2024-01-01 00:00:00', NULL);
INSERT INTO prediction (id, user_id, game_id, home_score, away_score, created_at, updated_at) VALUES (3500, 11, 419, 0, 3, '2024-01-01 00:00:00', NULL);
INSERT INTO prediction (id, user_id, game_id, home_score, away_score, created_at, updated_at) VALUES (3501, 14, 419, 1, 4, '2024-01-01 00:00:00', NULL);
INSERT INTO prediction (id, user_id, game_id, home_score, away_score, created_at, updated_at) VALUES (3502, 8, 419, 1, 4, '2024-01-01 00:00:00', NULL);
INSERT INTO prediction (id, user_id, game_id, home_score, away_score, created_at, updated_at) VALUES (3503, 12, 419, 2, 5, '2024-01-01 00:00:00', NULL);
INSERT INTO prediction (id, user_id, game_id, home_score, away_score, created_at, updated_at) VALUES (3504, 16, 419, 0, 4, '2024-01-01 00:00:00', NULL);
INSERT INTO prediction (id, user_id, game_id, home_score, away_score, created_at, updated_at) VALUES (3505, 2, 419, 2, 3, '2024-01-01 00:00:00', NULL);
INSERT INTO prediction (id, user_id, game_id, home_score, away_score, created_at, updated_at) VALUES (3506, 6, 419, 1, 5, '2024-01-01 00:00:00', NULL);
INSERT INTO prediction (id, user_id, game_id, home_score, away_score, created_at, updated_at) VALUES (3507, 10, 419, 0, 6, '2024-01-01 00:00:00', NULL);
INSERT INTO prediction (id, user_id, game_id, home_score, away_score, created_at, updated_at) VALUES (3508, 5, 419, 0, 3, '2024-01-01 00:00:00', NULL);
INSERT INTO prediction (id, user_id, game_id, home_score, away_score, created_at, updated_at) VALUES (3509, 9, 419, 1, 2, '2024-01-01 00:00:00', NULL);
INSERT INTO prediction (id, user_id, game_id, home_score, away_score, created_at, updated_at) VALUES (3510, 11, 420, 2, 3, '2024-01-01 00:00:00', NULL);
INSERT INTO prediction (id, user_id, game_id, home_score, away_score, created_at, updated_at) VALUES (3511, 14, 420, 2, 3, '2024-01-01 00:00:00', NULL);
INSERT INTO prediction (id, user_id, game_id, home_score, away_score, created_at, updated_at) VALUES (3512, 8, 420, 2, 3, '2024-01-01 00:00:00', NULL);
INSERT INTO prediction (id, user_id, game_id, home_score, away_score, created_at, updated_at) VALUES (3513, 12, 420, 2, 3, '2024-01-01 00:00:00', NULL);
INSERT INTO prediction (id, user_id, game_id, home_score, away_score, created_at, updated_at) VALUES (3514, 16, 420, 3, 2, '2024-01-01 00:00:00', NULL);
INSERT INTO prediction (id, user_id, game_id, home_score, away_score, created_at, updated_at) VALUES (3515, 2, 420, 1, 5, '2024-01-01 00:00:00', NULL);
INSERT INTO prediction (id, user_id, game_id, home_score, away_score, created_at, updated_at) VALUES (3516, 6, 420, 1, 3, '2024-01-01 00:00:00', NULL);
INSERT INTO prediction (id, user_id, game_id, home_score, away_score, created_at, updated_at) VALUES (3517, 10, 420, 0, 3, '2024-01-01 00:00:00', NULL);
INSERT INTO prediction (id, user_id, game_id, home_score, away_score, created_at, updated_at) VALUES (3518, 5, 420, 1, 3, '2024-01-01 00:00:00', NULL);
INSERT INTO prediction (id, user_id, game_id, home_score, away_score, created_at, updated_at) VALUES (3519, 9, 420, 4, 1, '2024-01-01 00:00:00', NULL);
INSERT INTO prediction (id, user_id, game_id, home_score, away_score, created_at, updated_at) VALUES (3520, 11, 421, 4, 1, '2024-01-01 00:00:00', NULL);
INSERT INTO prediction (id, user_id, game_id, home_score, away_score, created_at, updated_at) VALUES (3521, 14, 421, 5, 1, '2024-01-01 00:00:00', NULL);
INSERT INTO prediction (id, user_id, game_id, home_score, away_score, created_at, updated_at) VALUES (3522, 8, 421, 4, 2, '2024-01-01 00:00:00', NULL);
INSERT INTO prediction (id, user_id, game_id, home_score, away_score, created_at, updated_at) VALUES (3523, 12, 421, 4, 2, '2024-01-01 00:00:00', NULL);
INSERT INTO prediction (id, user_id, game_id, home_score, away_score, created_at, updated_at) VALUES (3524, 16, 421, 4, 2, '2024-01-01 00:00:00', NULL);
INSERT INTO prediction (id, user_id, game_id, home_score, away_score, created_at, updated_at) VALUES (3525, 2, 421, 2, 3, '2024-01-01 00:00:00', NULL);
INSERT INTO prediction (id, user_id, game_id, home_score, away_score, created_at, updated_at) VALUES (3526, 6, 421, 4, 2, '2024-01-01 00:00:00', NULL);
INSERT INTO prediction (id, user_id, game_id, home_score, away_score, created_at, updated_at) VALUES (3527, 10, 421, 4, 2, '2024-01-01 00:00:00', NULL);
INSERT INTO prediction (id, user_id, game_id, home_score, away_score, created_at, updated_at) VALUES (3528, 5, 421, 4, 2, '2024-01-01 00:00:00', NULL);
INSERT INTO prediction (id, user_id, game_id, home_score, away_score, created_at, updated_at) VALUES (3529, 9, 421, 3, 1, '2024-01-01 00:00:00', NULL);
INSERT INTO prediction (id, user_id, game_id, home_score, away_score, created_at, updated_at) VALUES (3530, 11, 422, 1, 3, '2024-01-01 00:00:00', NULL);
INSERT INTO prediction (id, user_id, game_id, home_score, away_score, created_at, updated_at) VALUES (3531, 14, 422, 0, 4, '2024-01-01 00:00:00', NULL);
INSERT INTO prediction (id, user_id, game_id, home_score, away_score, created_at, updated_at) VALUES (3532, 8, 422, 1, 4, '2024-01-01 00:00:00', NULL);
INSERT INTO prediction (id, user_id, game_id, home_score, away_score, created_at, updated_at) VALUES (3533, 12, 422, 0, 5, '2024-01-01 00:00:00', NULL);
INSERT INTO prediction (id, user_id, game_id, home_score, away_score, created_at, updated_at) VALUES (3534, 16, 422, 2, 3, '2024-01-01 00:00:00', NULL);
INSERT INTO prediction (id, user_id, game_id, home_score, away_score, created_at, updated_at) VALUES (3535, 2, 422, 1, 6, '2024-01-01 00:00:00', NULL);
INSERT INTO prediction (id, user_id, game_id, home_score, away_score, created_at, updated_at) VALUES (3536, 6, 422, 1, 3, '2024-01-01 00:00:00', NULL);
INSERT INTO prediction (id, user_id, game_id, home_score, away_score, created_at, updated_at) VALUES (3537, 10, 422, 1, 3, '2024-01-01 00:00:00', NULL);
INSERT INTO prediction (id, user_id, game_id, home_score, away_score, created_at, updated_at) VALUES (3538, 5, 422, 1, 3, '2024-01-01 00:00:00', NULL);
INSERT INTO prediction (id, user_id, game_id, home_score, away_score, created_at, updated_at) VALUES (3539, 9, 422, 0, 3, '2024-01-01 00:00:00', NULL);
INSERT INTO prediction (id, user_id, game_id, home_score, away_score, created_at, updated_at) VALUES (3540, 11, 423, 4, 3, '2024-01-01 00:00:00', NULL);
INSERT INTO prediction (id, user_id, game_id, home_score, away_score, created_at, updated_at) VALUES (3541, 14, 423, 4, 2, '2024-01-01 00:00:00', NULL);
INSERT INTO prediction (id, user_id, game_id, home_score, away_score, created_at, updated_at) VALUES (3542, 8, 423, 4, 1, '2024-01-01 00:00:00', NULL);
INSERT INTO prediction (id, user_id, game_id, home_score, away_score, created_at, updated_at) VALUES (3543, 12, 423, 3, 1, '2024-01-01 00:00:00', NULL);
INSERT INTO prediction (id, user_id, game_id, home_score, away_score, created_at, updated_at) VALUES (3544, 16, 423, 4, 1, '2024-01-01 00:00:00', NULL);
INSERT INTO prediction (id, user_id, game_id, home_score, away_score, created_at, updated_at) VALUES (3545, 2, 423, 4, 2, '2024-01-01 00:00:00', NULL);
INSERT INTO prediction (id, user_id, game_id, home_score, away_score, created_at, updated_at) VALUES (3546, 6, 423, 4, 3, '2024-01-01 00:00:00', NULL);
INSERT INTO prediction (id, user_id, game_id, home_score, away_score, created_at, updated_at) VALUES (3547, 10, 423, 5, 2, '2024-01-01 00:00:00', NULL);
INSERT INTO prediction (id, user_id, game_id, home_score, away_score, created_at, updated_at) VALUES (3548, 5, 423, 3, 1, '2024-01-01 00:00:00', NULL);
INSERT INTO prediction (id, user_id, game_id, home_score, away_score, created_at, updated_at) VALUES (3549, 9, 423, 2, 1, '2024-01-01 00:00:00', NULL);
INSERT INTO prediction (id, user_id, game_id, home_score, away_score, created_at, updated_at) VALUES (3550, 11, 424, 3, 0, '2024-01-01 00:00:00', NULL);
INSERT INTO prediction (id, user_id, game_id, home_score, away_score, created_at, updated_at) VALUES (3551, 14, 424, 6, 2, '2024-01-01 00:00:00', NULL);
INSERT INTO prediction (id, user_id, game_id, home_score, away_score, created_at, updated_at) VALUES (3552, 8, 424, 4, 1, '2024-01-01 00:00:00', NULL);
INSERT INTO prediction (id, user_id, game_id, home_score, away_score, created_at, updated_at) VALUES (3553, 12, 424, 5, 1, '2024-01-01 00:00:00', NULL);
INSERT INTO prediction (id, user_id, game_id, home_score, away_score, created_at, updated_at) VALUES (3554, 16, 424, 5, 1, '2024-01-01 00:00:00', NULL);
INSERT INTO prediction (id, user_id, game_id, home_score, away_score, created_at, updated_at) VALUES (3555, 2, 424, 8, 0, '2024-01-01 00:00:00', NULL);
INSERT INTO prediction (id, user_id, game_id, home_score, away_score, created_at, updated_at) VALUES (3556, 6, 424, 5, 0, '2024-01-01 00:00:00', NULL);
INSERT INTO prediction (id, user_id, game_id, home_score, away_score, created_at, updated_at) VALUES (3557, 10, 424, 4, 0, '2024-01-01 00:00:00', NULL);
INSERT INTO prediction (id, user_id, game_id, home_score, away_score, created_at, updated_at) VALUES (3558, 5, 424, 3, 1, '2024-01-01 00:00:00', NULL);
INSERT INTO prediction (id, user_id, game_id, home_score, away_score, created_at, updated_at) VALUES (3559, 9, 424, 2, 0, '2024-01-01 00:00:00', NULL);
INSERT INTO prediction (id, user_id, game_id, home_score, away_score, created_at, updated_at) VALUES (3560, 11, 425, 3, 2, '2024-01-01 00:00:00', NULL);
INSERT INTO prediction (id, user_id, game_id, home_score, away_score, created_at, updated_at) VALUES (3561, 14, 425, 4, 3, '2024-01-01 00:00:00', NULL);
INSERT INTO prediction (id, user_id, game_id, home_score, away_score, created_at, updated_at) VALUES (3562, 8, 425, 3, 1, '2024-01-01 00:00:00', NULL);
INSERT INTO prediction (id, user_id, game_id, home_score, away_score, created_at, updated_at) VALUES (3563, 12, 425, 4, 2, '2024-01-01 00:00:00', NULL);
INSERT INTO prediction (id, user_id, game_id, home_score, away_score, created_at, updated_at) VALUES (3564, 16, 425, 3, 2, '2024-01-01 00:00:00', NULL);
INSERT INTO prediction (id, user_id, game_id, home_score, away_score, created_at, updated_at) VALUES (3565, 2, 425, 3, 1, '2024-01-01 00:00:00', NULL);
INSERT INTO prediction (id, user_id, game_id, home_score, away_score, created_at, updated_at) VALUES (3566, 6, 425, 3, 2, '2024-01-01 00:00:00', NULL);
INSERT INTO prediction (id, user_id, game_id, home_score, away_score, created_at, updated_at) VALUES (3567, 10, 425, 5, 3, '2024-01-01 00:00:00', NULL);
INSERT INTO prediction (id, user_id, game_id, home_score, away_score, created_at, updated_at) VALUES (3568, 5, 425, 3, 2, '2024-01-01 00:00:00', NULL);
INSERT INTO prediction (id, user_id, game_id, home_score, away_score, created_at, updated_at) VALUES (3569, 9, 425, 3, 1, '2024-01-01 00:00:00', NULL);
INSERT INTO prediction (id, user_id, game_id, home_score, away_score, created_at, updated_at) VALUES (3570, 11, 426, 2, 5, '2024-01-01 00:00:00', NULL);
INSERT INTO prediction (id, user_id, game_id, home_score, away_score, created_at, updated_at) VALUES (3571, 14, 426, 1, 5, '2024-01-01 00:00:00', NULL);
INSERT INTO prediction (id, user_id, game_id, home_score, away_score, created_at, updated_at) VALUES (3572, 8, 426, 1, 5, '2024-01-01 00:00:00', NULL);
INSERT INTO prediction (id, user_id, game_id, home_score, away_score, created_at, updated_at) VALUES (3573, 12, 426, 2, 5, '2024-01-01 00:00:00', NULL);
INSERT INTO prediction (id, user_id, game_id, home_score, away_score, created_at, updated_at) VALUES (3574, 16, 426, 1, 5, '2024-01-01 00:00:00', NULL);
INSERT INTO prediction (id, user_id, game_id, home_score, away_score, created_at, updated_at) VALUES (3575, 2, 426, 0, 6, '2024-01-01 00:00:00', NULL);
INSERT INTO prediction (id, user_id, game_id, home_score, away_score, created_at, updated_at) VALUES (3576, 6, 426, 2, 5, '2024-01-01 00:00:00', NULL);
INSERT INTO prediction (id, user_id, game_id, home_score, away_score, created_at, updated_at) VALUES (3577, 10, 426, 1, 5, '2024-01-01 00:00:00', NULL);
INSERT INTO prediction (id, user_id, game_id, home_score, away_score, created_at, updated_at) VALUES (3578, 5, 426, 1, 4, '2024-01-01 00:00:00', NULL);
INSERT INTO prediction (id, user_id, game_id, home_score, away_score, created_at, updated_at) VALUES (3579, 9, 426, 1, 4, '2024-01-01 00:00:00', NULL);
INSERT INTO prediction (id, user_id, game_id, home_score, away_score, created_at, updated_at) VALUES (3580, 11, 427, 5, 2, '2024-01-01 00:00:00', NULL);
INSERT INTO prediction (id, user_id, game_id, home_score, away_score, created_at, updated_at) VALUES (3581, 14, 427, 6, 0, '2024-01-01 00:00:00', NULL);
INSERT INTO prediction (id, user_id, game_id, home_score, away_score, created_at, updated_at) VALUES (3582, 8, 427, 5, 1, '2024-01-01 00:00:00', NULL);
INSERT INTO prediction (id, user_id, game_id, home_score, away_score, created_at, updated_at) VALUES (3583, 12, 427, 4, 1, '2024-01-01 00:00:00', NULL);
INSERT INTO prediction (id, user_id, game_id, home_score, away_score, created_at, updated_at) VALUES (3584, 16, 427, 4, 0, '2024-01-01 00:00:00', NULL);
INSERT INTO prediction (id, user_id, game_id, home_score, away_score, created_at, updated_at) VALUES (3585, 2, 427, 5, 0, '2024-01-01 00:00:00', NULL);
INSERT INTO prediction (id, user_id, game_id, home_score, away_score, created_at, updated_at) VALUES (3586, 6, 427, 7, 0, '2024-01-01 00:00:00', NULL);
INSERT INTO prediction (id, user_id, game_id, home_score, away_score, created_at, updated_at) VALUES (3587, 10, 427, 6, 1, '2024-01-01 00:00:00', NULL);
INSERT INTO prediction (id, user_id, game_id, home_score, away_score, created_at, updated_at) VALUES (3588, 5, 427, 5, 1, '2024-01-01 00:00:00', NULL);
INSERT INTO prediction (id, user_id, game_id, home_score, away_score, created_at, updated_at) VALUES (3589, 9, 427, 2, 0, '2024-01-01 00:00:00', NULL);
INSERT INTO prediction (id, user_id, game_id, home_score, away_score, created_at, updated_at) VALUES (3590, 11, 428, 2, 4, '2024-01-01 00:00:00', NULL);
INSERT INTO prediction (id, user_id, game_id, home_score, away_score, created_at, updated_at) VALUES (3591, 14, 428, 2, 5, '2024-01-01 00:00:00', NULL);
INSERT INTO prediction (id, user_id, game_id, home_score, away_score, created_at, updated_at) VALUES (3592, 8, 428, 1, 4, '2024-01-01 00:00:00', NULL);
INSERT INTO prediction (id, user_id, game_id, home_score, away_score, created_at, updated_at) VALUES (3593, 12, 428, 2, 5, '2024-01-01 00:00:00', NULL);
INSERT INTO prediction (id, user_id, game_id, home_score, away_score, created_at, updated_at) VALUES (3594, 16, 428, 1, 4, '2024-01-01 00:00:00', NULL);
INSERT INTO prediction (id, user_id, game_id, home_score, away_score, created_at, updated_at) VALUES (3595, 2, 428, 1, 4, '2024-01-01 00:00:00', NULL);
INSERT INTO prediction (id, user_id, game_id, home_score, away_score, created_at, updated_at) VALUES (3596, 6, 428, 1, 6, '2024-01-01 00:00:00', NULL);
INSERT INTO prediction (id, user_id, game_id, home_score, away_score, created_at, updated_at) VALUES (3597, 10, 428, 1, 4, '2024-01-01 00:00:00', NULL);
INSERT INTO prediction (id, user_id, game_id, home_score, away_score, created_at, updated_at) VALUES (3598, 5, 428, 1, 5, '2024-01-01 00:00:00', NULL);
INSERT INTO prediction (id, user_id, game_id, home_score, away_score, created_at, updated_at) VALUES (3599, 9, 428, 2, 5, '2024-01-01 00:00:00', NULL);
INSERT INTO prediction (id, user_id, game_id, home_score, away_score, created_at, updated_at) VALUES (3600, 11, 429, 1, 2, '2024-01-01 00:00:00', NULL);
INSERT INTO prediction (id, user_id, game_id, home_score, away_score, created_at, updated_at) VALUES (3601, 14, 429, 5, 2, '2024-01-01 00:00:00', NULL);
INSERT INTO prediction (id, user_id, game_id, home_score, away_score, created_at, updated_at) VALUES (3602, 8, 429, 4, 2, '2024-01-01 00:00:00', NULL);
INSERT INTO prediction (id, user_id, game_id, home_score, away_score, created_at, updated_at) VALUES (3603, 12, 429, 4, 2, '2024-01-01 00:00:00', NULL);
INSERT INTO prediction (id, user_id, game_id, home_score, away_score, created_at, updated_at) VALUES (3604, 16, 429, 4, 2, '2024-01-01 00:00:00', NULL);
INSERT INTO prediction (id, user_id, game_id, home_score, away_score, created_at, updated_at) VALUES (3605, 2, 429, 2, 3, '2024-01-01 00:00:00', NULL);
INSERT INTO prediction (id, user_id, game_id, home_score, away_score, created_at, updated_at) VALUES (3606, 6, 429, 4, 3, '2024-01-01 00:00:00', NULL);
INSERT INTO prediction (id, user_id, game_id, home_score, away_score, created_at, updated_at) VALUES (3607, 10, 429, 5, 2, '2024-01-01 00:00:00', NULL);
INSERT INTO prediction (id, user_id, game_id, home_score, away_score, created_at, updated_at) VALUES (3608, 5, 429, 3, 2, '2024-01-01 00:00:00', NULL);
INSERT INTO prediction (id, user_id, game_id, home_score, away_score, created_at, updated_at) VALUES (3609, 9, 429, 4, 2, '2024-01-01 00:00:00', NULL);
INSERT INTO prediction (id, user_id, game_id, home_score, away_score, created_at, updated_at) VALUES (3610, 11, 430, 0, 3, '2024-01-01 00:00:00', NULL);
INSERT INTO prediction (id, user_id, game_id, home_score, away_score, created_at, updated_at) VALUES (3611, 14, 430, 1, 4, '2024-01-01 00:00:00', NULL);
INSERT INTO prediction (id, user_id, game_id, home_score, away_score, created_at, updated_at) VALUES (3612, 8, 430, 1, 3, '2024-01-01 00:00:00', NULL);
INSERT INTO prediction (id, user_id, game_id, home_score, away_score, created_at, updated_at) VALUES (3613, 12, 430, 2, 5, '2024-01-01 00:00:00', NULL);
INSERT INTO prediction (id, user_id, game_id, home_score, away_score, created_at, updated_at) VALUES (3614, 16, 430, 2, 5, '2024-01-01 00:00:00', NULL);
INSERT INTO prediction (id, user_id, game_id, home_score, away_score, created_at, updated_at) VALUES (3615, 2, 430, 2, 5, '2024-01-01 00:00:00', NULL);
INSERT INTO prediction (id, user_id, game_id, home_score, away_score, created_at, updated_at) VALUES (3616, 6, 430, 1, 3, '2024-01-01 00:00:00', NULL);
INSERT INTO prediction (id, user_id, game_id, home_score, away_score, created_at, updated_at) VALUES (3617, 10, 430, 1, 5, '2024-01-01 00:00:00', NULL);
INSERT INTO prediction (id, user_id, game_id, home_score, away_score, created_at, updated_at) VALUES (3618, 5, 430, 1, 3, '2024-01-01 00:00:00', NULL);
INSERT INTO prediction (id, user_id, game_id, home_score, away_score, created_at, updated_at) VALUES (3619, 9, 430, 2, 5, '2024-01-01 00:00:00', NULL);
INSERT INTO prediction (id, user_id, game_id, home_score, away_score, created_at, updated_at) VALUES (3620, 11, 431, 1, 4, '2024-01-01 00:00:00', NULL);
INSERT INTO prediction (id, user_id, game_id, home_score, away_score, created_at, updated_at) VALUES (3621, 14, 431, 2, 4, '2024-01-01 00:00:00', NULL);
INSERT INTO prediction (id, user_id, game_id, home_score, away_score, created_at, updated_at) VALUES (3622, 8, 431, 2, 4, '2024-01-01 00:00:00', NULL);
INSERT INTO prediction (id, user_id, game_id, home_score, away_score, created_at, updated_at) VALUES (3623, 12, 431, 2, 4, '2024-01-01 00:00:00', NULL);
INSERT INTO prediction (id, user_id, game_id, home_score, away_score, created_at, updated_at) VALUES (3624, 16, 431, 2, 4, '2024-01-01 00:00:00', NULL);
INSERT INTO prediction (id, user_id, game_id, home_score, away_score, created_at, updated_at) VALUES (3625, 2, 431, 2, 3, '2024-01-01 00:00:00', NULL);
INSERT INTO prediction (id, user_id, game_id, home_score, away_score, created_at, updated_at) VALUES (3626, 6, 431, 2, 5, '2024-01-01 00:00:00', NULL);
INSERT INTO prediction (id, user_id, game_id, home_score, away_score, created_at, updated_at) VALUES (3627, 10, 431, 1, 4, '2024-01-01 00:00:00', NULL);
INSERT INTO prediction (id, user_id, game_id, home_score, away_score, created_at, updated_at) VALUES (3628, 5, 431, 2, 4, '2024-01-01 00:00:00', NULL);
INSERT INTO prediction (id, user_id, game_id, home_score, away_score, created_at, updated_at) VALUES (3629, 9, 431, 3, 5, '2024-01-01 00:00:00', NULL);
INSERT INTO prediction (id, user_id, game_id, home_score, away_score, created_at, updated_at) VALUES (3630, 11, 432, 3, 4, '2024-01-01 00:00:00', NULL);
INSERT INTO prediction (id, user_id, game_id, home_score, away_score, created_at, updated_at) VALUES (3631, 14, 432, 1, 4, '2024-01-01 00:00:00', NULL);
INSERT INTO prediction (id, user_id, game_id, home_score, away_score, created_at, updated_at) VALUES (3632, 8, 432, 2, 3, '2024-01-01 00:00:00', NULL);
INSERT INTO prediction (id, user_id, game_id, home_score, away_score, created_at, updated_at) VALUES (3633, 12, 432, 3, 4, '2024-01-01 00:00:00', NULL);
INSERT INTO prediction (id, user_id, game_id, home_score, away_score, created_at, updated_at) VALUES (3634, 16, 432, 3, 5, '2024-01-01 00:00:00', NULL);
INSERT INTO prediction (id, user_id, game_id, home_score, away_score, created_at, updated_at) VALUES (3635, 2, 432, 2, 4, '2024-01-01 00:00:00', NULL);
INSERT INTO prediction (id, user_id, game_id, home_score, away_score, created_at, updated_at) VALUES (3636, 6, 432, 2, 3, '2024-01-01 00:00:00', NULL);
INSERT INTO prediction (id, user_id, game_id, home_score, away_score, created_at, updated_at) VALUES (3637, 10, 432, 2, 3, '2024-01-01 00:00:00', NULL);
INSERT INTO prediction (id, user_id, game_id, home_score, away_score, created_at, updated_at) VALUES (3638, 5, 432, 2, 3, '2024-01-01 00:00:00', NULL);
INSERT INTO prediction (id, user_id, game_id, home_score, away_score, created_at, updated_at) VALUES (3639, 9, 432, 2, 3, '2024-01-01 00:00:00', NULL);
INSERT INTO prediction (id, user_id, game_id, home_score, away_score, created_at, updated_at) VALUES (3640, 11, 433, 1, 3, '2024-01-01 00:00:00', NULL);
INSERT INTO prediction (id, user_id, game_id, home_score, away_score, created_at, updated_at) VALUES (3641, 14, 433, 2, 4, '2024-01-01 00:00:00', NULL);
INSERT INTO prediction (id, user_id, game_id, home_score, away_score, created_at, updated_at) VALUES (3642, 8, 433, 3, 2, '2024-01-01 00:00:00', NULL);
INSERT INTO prediction (id, user_id, game_id, home_score, away_score, created_at, updated_at) VALUES (3643, 12, 433, 2, 3, '2024-01-01 00:00:00', NULL);
INSERT INTO prediction (id, user_id, game_id, home_score, away_score, created_at, updated_at) VALUES (3644, 16, 433, 1, 4, '2024-01-01 00:00:00', NULL);
INSERT INTO prediction (id, user_id, game_id, home_score, away_score, created_at, updated_at) VALUES (3645, 2, 433, 1, 4, '2024-01-01 00:00:00', NULL);
INSERT INTO prediction (id, user_id, game_id, home_score, away_score, created_at, updated_at) VALUES (3646, 6, 433, 1, 2, '2024-01-01 00:00:00', NULL);
INSERT INTO prediction (id, user_id, game_id, home_score, away_score, created_at, updated_at) VALUES (3647, 10, 433, 4, 3, '2024-01-01 00:00:00', NULL);
INSERT INTO prediction (id, user_id, game_id, home_score, away_score, created_at, updated_at) VALUES (3648, 5, 433, 1, 3, '2024-01-01 00:00:00', NULL);
INSERT INTO prediction (id, user_id, game_id, home_score, away_score, created_at, updated_at) VALUES (3649, 9, 433, 1, 4, '2024-01-01 00:00:00', NULL);
INSERT INTO prediction (id, user_id, game_id, home_score, away_score, created_at, updated_at) VALUES (3650, 11, 434, 1, 2, '2024-01-01 00:00:00', NULL);
INSERT INTO prediction (id, user_id, game_id, home_score, away_score, created_at, updated_at) VALUES (3651, 14, 434, 3, 2, '2024-01-01 00:00:00', NULL);
INSERT INTO prediction (id, user_id, game_id, home_score, away_score, created_at, updated_at) VALUES (3652, 8, 434, 3, 2, '2024-01-01 00:00:00', NULL);
INSERT INTO prediction (id, user_id, game_id, home_score, away_score, created_at, updated_at) VALUES (3653, 12, 434, 2, 3, '2024-01-01 00:00:00', NULL);
INSERT INTO prediction (id, user_id, game_id, home_score, away_score, created_at, updated_at) VALUES (3654, 16, 434, 2, 3, '2024-01-01 00:00:00', NULL);
INSERT INTO prediction (id, user_id, game_id, home_score, away_score, created_at, updated_at) VALUES (3655, 2, 434, 2, 3, '2024-01-01 00:00:00', NULL);
INSERT INTO prediction (id, user_id, game_id, home_score, away_score, created_at, updated_at) VALUES (3656, 6, 434, 3, 4, '2024-01-01 00:00:00', NULL);
INSERT INTO prediction (id, user_id, game_id, home_score, away_score, created_at, updated_at) VALUES (3657, 10, 434, 4, 2, '2024-01-01 00:00:00', NULL);
INSERT INTO prediction (id, user_id, game_id, home_score, away_score, created_at, updated_at) VALUES (3658, 5, 434, 3, 2, '2024-01-01 00:00:00', NULL);
INSERT INTO prediction (id, user_id, game_id, home_score, away_score, created_at, updated_at) VALUES (3659, 9, 434, 2, 3, '2024-01-01 00:00:00', NULL);
INSERT INTO prediction (id, user_id, game_id, home_score, away_score, created_at, updated_at) VALUES (3660, 11, 435, 2, 3, '2024-01-01 00:00:00', NULL);
INSERT INTO prediction (id, user_id, game_id, home_score, away_score, created_at, updated_at) VALUES (3661, 14, 435, 2, 5, '2024-01-01 00:00:00', NULL);
INSERT INTO prediction (id, user_id, game_id, home_score, away_score, created_at, updated_at) VALUES (3662, 8, 435, 3, 2, '2024-01-01 00:00:00', NULL);
INSERT INTO prediction (id, user_id, game_id, home_score, away_score, created_at, updated_at) VALUES (3663, 12, 435, 1, 3, '2024-01-01 00:00:00', NULL);
INSERT INTO prediction (id, user_id, game_id, home_score, away_score, created_at, updated_at) VALUES (3664, 16, 435, 3, 1, '2024-01-01 00:00:00', NULL);
INSERT INTO prediction (id, user_id, game_id, home_score, away_score, created_at, updated_at) VALUES (3665, 2, 435, 5, 3, '2024-01-01 00:00:00', NULL);
INSERT INTO prediction (id, user_id, game_id, home_score, away_score, created_at, updated_at) VALUES (3666, 6, 435, 2, 4, '2024-01-01 00:00:00', NULL);
INSERT INTO prediction (id, user_id, game_id, home_score, away_score, created_at, updated_at) VALUES (3667, 10, 435, 4, 3, '2024-01-01 00:00:00', NULL);
INSERT INTO prediction (id, user_id, game_id, home_score, away_score, created_at, updated_at) VALUES (3668, 5, 435, 1, 3, '2024-01-01 00:00:00', NULL);
INSERT INTO prediction (id, user_id, game_id, home_score, away_score, created_at, updated_at) VALUES (3669, 9, 435, 2, 1, '2024-01-01 00:00:00', NULL);
INSERT INTO prediction (id, user_id, game_id, home_score, away_score, created_at, updated_at) VALUES (3670, 11, 436, 5, 0, '2024-01-01 00:00:00', NULL);
INSERT INTO prediction (id, user_id, game_id, home_score, away_score, created_at, updated_at) VALUES (3671, 14, 436, 7, 1, '2024-01-01 00:00:00', NULL);
INSERT INTO prediction (id, user_id, game_id, home_score, away_score, created_at, updated_at) VALUES (3672, 8, 436, 6, 1, '2024-01-01 00:00:00', NULL);
INSERT INTO prediction (id, user_id, game_id, home_score, away_score, created_at, updated_at) VALUES (3673, 12, 436, 6, 1, '2024-01-01 00:00:00', NULL);
INSERT INTO prediction (id, user_id, game_id, home_score, away_score, created_at, updated_at) VALUES (3674, 16, 436, 5, 2, '2024-01-01 00:00:00', NULL);
INSERT INTO prediction (id, user_id, game_id, home_score, away_score, created_at, updated_at) VALUES (3675, 2, 436, 10, 2, '2024-01-01 00:00:00', NULL);
INSERT INTO prediction (id, user_id, game_id, home_score, away_score, created_at, updated_at) VALUES (3676, 6, 436, 5, 1, '2024-01-01 00:00:00', NULL);
INSERT INTO prediction (id, user_id, game_id, home_score, away_score, created_at, updated_at) VALUES (3677, 10, 436, 7, 1, '2024-01-01 00:00:00', NULL);
INSERT INTO prediction (id, user_id, game_id, home_score, away_score, created_at, updated_at) VALUES (3678, 5, 436, 5, 1, '2024-01-01 00:00:00', NULL);
INSERT INTO prediction (id, user_id, game_id, home_score, away_score, created_at, updated_at) VALUES (3679, 9, 436, 4, 2, '2024-01-01 00:00:00', NULL);
INSERT INTO prediction (id, user_id, game_id, home_score, away_score, created_at, updated_at) VALUES (3680, 11, 437, 3, 2, '2024-01-01 00:00:00', NULL);
INSERT INTO prediction (id, user_id, game_id, home_score, away_score, created_at, updated_at) VALUES (3681, 14, 437, 4, 1, '2024-01-01 00:00:00', NULL);
INSERT INTO prediction (id, user_id, game_id, home_score, away_score, created_at, updated_at) VALUES (3682, 8, 437, 4, 2, '2024-01-01 00:00:00', NULL);
INSERT INTO prediction (id, user_id, game_id, home_score, away_score, created_at, updated_at) VALUES (3683, 12, 437, 3, 1, '2024-01-01 00:00:00', NULL);
INSERT INTO prediction (id, user_id, game_id, home_score, away_score, created_at, updated_at) VALUES (3684, 16, 437, 3, 1, '2024-01-01 00:00:00', NULL);
INSERT INTO prediction (id, user_id, game_id, home_score, away_score, created_at, updated_at) VALUES (3685, 2, 437, 2, 3, '2024-01-01 00:00:00', NULL);
INSERT INTO prediction (id, user_id, game_id, home_score, away_score, created_at, updated_at) VALUES (3686, 6, 437, 3, 1, '2024-01-01 00:00:00', NULL);
INSERT INTO prediction (id, user_id, game_id, home_score, away_score, created_at, updated_at) VALUES (3687, 10, 437, 4, 3, '2024-01-01 00:00:00', NULL);
INSERT INTO prediction (id, user_id, game_id, home_score, away_score, created_at, updated_at) VALUES (3688, 5, 437, 4, 2, '2024-01-01 00:00:00', NULL);
INSERT INTO prediction (id, user_id, game_id, home_score, away_score, created_at, updated_at) VALUES (3689, 9, 437, 3, 1, '2024-01-01 00:00:00', NULL);
INSERT INTO prediction (id, user_id, game_id, home_score, away_score, created_at, updated_at) VALUES (3690, 11, 438, 4, 2, '2024-01-01 00:00:00', NULL);
INSERT INTO prediction (id, user_id, game_id, home_score, away_score, created_at, updated_at) VALUES (3691, 14, 438, 5, 1, '2024-01-01 00:00:00', NULL);
INSERT INTO prediction (id, user_id, game_id, home_score, away_score, created_at, updated_at) VALUES (3692, 8, 438, 4, 1, '2024-01-01 00:00:00', NULL);
INSERT INTO prediction (id, user_id, game_id, home_score, away_score, created_at, updated_at) VALUES (3693, 12, 438, 4, 1, '2024-01-01 00:00:00', NULL);
INSERT INTO prediction (id, user_id, game_id, home_score, away_score, created_at, updated_at) VALUES (3694, 16, 438, 4, 1, '2024-01-01 00:00:00', NULL);
INSERT INTO prediction (id, user_id, game_id, home_score, away_score, created_at, updated_at) VALUES (3695, 2, 438, 4, 1, '2024-01-01 00:00:00', NULL);
INSERT INTO prediction (id, user_id, game_id, home_score, away_score, created_at, updated_at) VALUES (3696, 6, 438, 4, 1, '2024-01-01 00:00:00', NULL);
INSERT INTO prediction (id, user_id, game_id, home_score, away_score, created_at, updated_at) VALUES (3697, 10, 438, 4, 1, '2024-01-01 00:00:00', NULL);
INSERT INTO prediction (id, user_id, game_id, home_score, away_score, created_at, updated_at) VALUES (3698, 5, 438, 3, 1, '2024-01-01 00:00:00', NULL);
INSERT INTO prediction (id, user_id, game_id, home_score, away_score, created_at, updated_at) VALUES (3699, 9, 438, 4, 1, '2024-01-01 00:00:00', NULL);
INSERT INTO prediction (id, user_id, game_id, home_score, away_score, created_at, updated_at) VALUES (3700, 11, 439, 4, 1, '2024-01-01 00:00:00', NULL);
INSERT INTO prediction (id, user_id, game_id, home_score, away_score, created_at, updated_at) VALUES (3701, 14, 439, 5, 3, '2024-01-01 00:00:00', NULL);
INSERT INTO prediction (id, user_id, game_id, home_score, away_score, created_at, updated_at) VALUES (3702, 8, 439, 7, 0, '2024-01-01 00:00:00', NULL);
INSERT INTO prediction (id, user_id, game_id, home_score, away_score, created_at, updated_at) VALUES (3703, 12, 439, 5, 1, '2024-01-01 00:00:00', NULL);
INSERT INTO prediction (id, user_id, game_id, home_score, away_score, created_at, updated_at) VALUES (3704, 16, 439, 3, 1, '2024-01-01 00:00:00', NULL);
INSERT INTO prediction (id, user_id, game_id, home_score, away_score, created_at, updated_at) VALUES (3705, 2, 439, 7, 2, '2024-01-01 00:00:00', NULL);
INSERT INTO prediction (id, user_id, game_id, home_score, away_score, created_at, updated_at) VALUES (3706, 6, 439, 5, 1, '2024-01-01 00:00:00', NULL);
INSERT INTO prediction (id, user_id, game_id, home_score, away_score, created_at, updated_at) VALUES (3707, 10, 439, 5, 1, '2024-01-01 00:00:00', NULL);
INSERT INTO prediction (id, user_id, game_id, home_score, away_score, created_at, updated_at) VALUES (3708, 5, 439, 4, 1, '2024-01-01 00:00:00', NULL);
INSERT INTO prediction (id, user_id, game_id, home_score, away_score, created_at, updated_at) VALUES (3709, 9, 439, 3, 1, '2024-01-01 00:00:00', NULL);
INSERT INTO prediction (id, user_id, game_id, home_score, away_score, created_at, updated_at) VALUES (3710, 11, 440, 5, 2, '2024-01-01 00:00:00', NULL);
INSERT INTO prediction (id, user_id, game_id, home_score, away_score, created_at, updated_at) VALUES (3711, 14, 440, 6, 2, '2024-01-01 00:00:00', NULL);
INSERT INTO prediction (id, user_id, game_id, home_score, away_score, created_at, updated_at) VALUES (3712, 8, 440, 5, 1, '2024-01-01 00:00:00', NULL);
INSERT INTO prediction (id, user_id, game_id, home_score, away_score, created_at, updated_at) VALUES (3713, 12, 440, 6, 1, '2024-01-01 00:00:00', NULL);
INSERT INTO prediction (id, user_id, game_id, home_score, away_score, created_at, updated_at) VALUES (3714, 16, 440, 4, 2, '2024-01-01 00:00:00', NULL);
INSERT INTO prediction (id, user_id, game_id, home_score, away_score, created_at, updated_at) VALUES (3715, 2, 440, 8, 3, '2024-01-01 00:00:00', NULL);
INSERT INTO prediction (id, user_id, game_id, home_score, away_score, created_at, updated_at) VALUES (3716, 6, 440, 6, 0, '2024-01-01 00:00:00', NULL);
INSERT INTO prediction (id, user_id, game_id, home_score, away_score, created_at, updated_at) VALUES (3717, 10, 440, 6, 1, '2024-01-01 00:00:00', NULL);
INSERT INTO prediction (id, user_id, game_id, home_score, away_score, created_at, updated_at) VALUES (3718, 5, 440, 5, 1, '2024-01-01 00:00:00', NULL);
INSERT INTO prediction (id, user_id, game_id, home_score, away_score, created_at, updated_at) VALUES (3719, 9, 440, 5, 1, '2024-01-01 00:00:00', NULL);
INSERT INTO prediction (id, user_id, game_id, home_score, away_score, created_at, updated_at) VALUES (3720, 11, 441, 1, 4, '2024-01-01 00:00:00', NULL);
INSERT INTO prediction (id, user_id, game_id, home_score, away_score, created_at, updated_at) VALUES (3721, 14, 441, 2, 5, '2024-01-01 00:00:00', NULL);
INSERT INTO prediction (id, user_id, game_id, home_score, away_score, created_at, updated_at) VALUES (3722, 8, 441, 1, 5, '2024-01-01 00:00:00', NULL);
INSERT INTO prediction (id, user_id, game_id, home_score, away_score, created_at, updated_at) VALUES (3723, 12, 441, 1, 8, '2024-01-01 00:00:00', NULL);
INSERT INTO prediction (id, user_id, game_id, home_score, away_score, created_at, updated_at) VALUES (3724, 16, 441, 1, 6, '2024-01-01 00:00:00', NULL);
INSERT INTO prediction (id, user_id, game_id, home_score, away_score, created_at, updated_at) VALUES (3725, 2, 441, 2, 7, '2024-01-01 00:00:00', NULL);
INSERT INTO prediction (id, user_id, game_id, home_score, away_score, created_at, updated_at) VALUES (3726, 6, 441, 0, 7, '2024-01-01 00:00:00', NULL);
INSERT INTO prediction (id, user_id, game_id, home_score, away_score, created_at, updated_at) VALUES (3727, 10, 441, 0, 7, '2024-01-01 00:00:00', NULL);
INSERT INTO prediction (id, user_id, game_id, home_score, away_score, created_at, updated_at) VALUES (3728, 5, 441, 1, 4, '2024-01-01 00:00:00', NULL);
INSERT INTO prediction (id, user_id, game_id, home_score, away_score, created_at, updated_at) VALUES (3729, 9, 441, 0, 3, '2024-01-01 00:00:00', NULL);
INSERT INTO prediction (id, user_id, game_id, home_score, away_score, created_at, updated_at) VALUES (3730, 11, 442, 3, 2, '2024-01-01 00:00:00', NULL);
INSERT INTO prediction (id, user_id, game_id, home_score, away_score, created_at, updated_at) VALUES (3731, 14, 442, 7, 2, '2024-01-01 00:00:00', NULL);
INSERT INTO prediction (id, user_id, game_id, home_score, away_score, created_at, updated_at) VALUES (3732, 8, 442, 3, 1, '2024-01-01 00:00:00', NULL);
INSERT INTO prediction (id, user_id, game_id, home_score, away_score, created_at, updated_at) VALUES (3733, 12, 442, 4, 2, '2024-01-01 00:00:00', NULL);
INSERT INTO prediction (id, user_id, game_id, home_score, away_score, created_at, updated_at) VALUES (3734, 16, 442, 3, 2, '2024-01-01 00:00:00', NULL);
INSERT INTO prediction (id, user_id, game_id, home_score, away_score, created_at, updated_at) VALUES (3735, 2, 442, 5, 1, '2024-01-01 00:00:00', NULL);
INSERT INTO prediction (id, user_id, game_id, home_score, away_score, created_at, updated_at) VALUES (3736, 6, 442, 5, 2, '2024-01-01 00:00:00', NULL);
INSERT INTO prediction (id, user_id, game_id, home_score, away_score, created_at, updated_at) VALUES (3737, 10, 442, 6, 1, '2024-01-01 00:00:00', NULL);
INSERT INTO prediction (id, user_id, game_id, home_score, away_score, created_at, updated_at) VALUES (3738, 5, 442, 3, 2, '2024-01-01 00:00:00', NULL);
INSERT INTO prediction (id, user_id, game_id, home_score, away_score, created_at, updated_at) VALUES (3739, 9, 442, 4, 2, '2024-01-01 00:00:00', NULL);
INSERT INTO prediction (id, user_id, game_id, home_score, away_score, created_at, updated_at) VALUES (3740, 11, 443, 4, 1, '2024-01-01 00:00:00', NULL);
INSERT INTO prediction (id, user_id, game_id, home_score, away_score, created_at, updated_at) VALUES (3741, 14, 443, 4, 1, '2024-01-01 00:00:00', NULL);
INSERT INTO prediction (id, user_id, game_id, home_score, away_score, created_at, updated_at) VALUES (3742, 8, 443, 5, 1, '2024-01-01 00:00:00', NULL);
INSERT INTO prediction (id, user_id, game_id, home_score, away_score, created_at, updated_at) VALUES (3743, 12, 443, 6, 1, '2024-01-01 00:00:00', NULL);
INSERT INTO prediction (id, user_id, game_id, home_score, away_score, created_at, updated_at) VALUES (3744, 16, 443, 4, 2, '2024-01-01 00:00:00', NULL);
INSERT INTO prediction (id, user_id, game_id, home_score, away_score, created_at, updated_at) VALUES (3745, 2, 443, 8, 1, '2024-01-01 00:00:00', NULL);
INSERT INTO prediction (id, user_id, game_id, home_score, away_score, created_at, updated_at) VALUES (3746, 6, 443, 6, 1, '2024-01-01 00:00:00', NULL);
INSERT INTO prediction (id, user_id, game_id, home_score, away_score, created_at, updated_at) VALUES (3747, 10, 443, 8, 2, '2024-01-01 00:00:00', NULL);
INSERT INTO prediction (id, user_id, game_id, home_score, away_score, created_at, updated_at) VALUES (3748, 5, 443, 4, 1, '2024-01-01 00:00:00', NULL);
INSERT INTO prediction (id, user_id, game_id, home_score, away_score, created_at, updated_at) VALUES (3749, 9, 443, 5, 1, '2024-01-01 00:00:00', NULL);
INSERT INTO prediction (id, user_id, game_id, home_score, away_score, created_at, updated_at) VALUES (3750, 11, 444, 5, 1, '2024-01-01 00:00:00', NULL);
INSERT INTO prediction (id, user_id, game_id, home_score, away_score, created_at, updated_at) VALUES (3751, 14, 444, 6, 2, '2024-01-01 00:00:00', NULL);
INSERT INTO prediction (id, user_id, game_id, home_score, away_score, created_at, updated_at) VALUES (3752, 8, 444, 5, 1, '2024-01-01 00:00:00', NULL);
INSERT INTO prediction (id, user_id, game_id, home_score, away_score, created_at, updated_at) VALUES (3753, 12, 444, 6, 2, '2024-01-01 00:00:00', NULL);
INSERT INTO prediction (id, user_id, game_id, home_score, away_score, created_at, updated_at) VALUES (3754, 16, 444, 5, 2, '2024-01-01 00:00:00', NULL);
INSERT INTO prediction (id, user_id, game_id, home_score, away_score, created_at, updated_at) VALUES (3755, 2, 444, 5, 3, '2024-01-01 00:00:00', NULL);
INSERT INTO prediction (id, user_id, game_id, home_score, away_score, created_at, updated_at) VALUES (3756, 6, 444, 5, 2, '2024-01-01 00:00:00', NULL);
INSERT INTO prediction (id, user_id, game_id, home_score, away_score, created_at, updated_at) VALUES (3757, 10, 444, 8, 1, '2024-01-01 00:00:00', NULL);
INSERT INTO prediction (id, user_id, game_id, home_score, away_score, created_at, updated_at) VALUES (3758, 5, 444, 5, 0, '2024-01-01 00:00:00', NULL);
INSERT INTO prediction (id, user_id, game_id, home_score, away_score, created_at, updated_at) VALUES (3759, 9, 444, 4, 2, '2024-01-01 00:00:00', NULL);
INSERT INTO prediction (id, user_id, game_id, home_score, away_score, created_at, updated_at) VALUES (3760, 11, 445, 4, 1, '2024-01-01 00:00:00', NULL);
INSERT INTO prediction (id, user_id, game_id, home_score, away_score, created_at, updated_at) VALUES (3761, 14, 445, 4, 2, '2024-01-01 00:00:00', NULL);
INSERT INTO prediction (id, user_id, game_id, home_score, away_score, created_at, updated_at) VALUES (3762, 8, 445, 5, 1, '2024-01-01 00:00:00', NULL);
INSERT INTO prediction (id, user_id, game_id, home_score, away_score, created_at, updated_at) VALUES (3763, 12, 445, 4, 2, '2024-01-01 00:00:00', NULL);
INSERT INTO prediction (id, user_id, game_id, home_score, away_score, created_at, updated_at) VALUES (3764, 16, 445, 4, 1, '2024-01-01 00:00:00', NULL);
INSERT INTO prediction (id, user_id, game_id, home_score, away_score, created_at, updated_at) VALUES (3765, 2, 445, 4, 1, '2024-01-01 00:00:00', NULL);
INSERT INTO prediction (id, user_id, game_id, home_score, away_score, created_at, updated_at) VALUES (3766, 6, 445, 3, 1, '2024-01-01 00:00:00', NULL);
INSERT INTO prediction (id, user_id, game_id, home_score, away_score, created_at, updated_at) VALUES (3767, 10, 445, 5, 2, '2024-01-01 00:00:00', NULL);
INSERT INTO prediction (id, user_id, game_id, home_score, away_score, created_at, updated_at) VALUES (3768, 5, 445, 5, 0, '2024-01-01 00:00:00', NULL);
INSERT INTO prediction (id, user_id, game_id, home_score, away_score, created_at, updated_at) VALUES (3769, 9, 445, 4, 1, '2024-01-01 00:00:00', NULL);
INSERT INTO prediction (id, user_id, game_id, home_score, away_score, created_at, updated_at) VALUES (3770, 11, 446, 1, 3, '2024-01-01 00:00:00', NULL);
INSERT INTO prediction (id, user_id, game_id, home_score, away_score, created_at, updated_at) VALUES (3771, 14, 446, 2, 5, '2024-01-01 00:00:00', NULL);
INSERT INTO prediction (id, user_id, game_id, home_score, away_score, created_at, updated_at) VALUES (3772, 8, 446, 3, 2, '2024-01-01 00:00:00', NULL);
INSERT INTO prediction (id, user_id, game_id, home_score, away_score, created_at, updated_at) VALUES (3773, 12, 446, 2, 4, '2024-01-01 00:00:00', NULL);
INSERT INTO prediction (id, user_id, game_id, home_score, away_score, created_at, updated_at) VALUES (3774, 16, 446, 2, 3, '2024-01-01 00:00:00', NULL);
INSERT INTO prediction (id, user_id, game_id, home_score, away_score, created_at, updated_at) VALUES (3775, 2, 446, 3, 5, '2024-01-01 00:00:00', NULL);
INSERT INTO prediction (id, user_id, game_id, home_score, away_score, created_at, updated_at) VALUES (3776, 6, 446, 1, 2, '2024-01-01 00:00:00', NULL);
INSERT INTO prediction (id, user_id, game_id, home_score, away_score, created_at, updated_at) VALUES (3777, 10, 446, 1, 5, '2024-01-01 00:00:00', NULL);
INSERT INTO prediction (id, user_id, game_id, home_score, away_score, created_at, updated_at) VALUES (3778, 5, 446, 1, 3, '2024-01-01 00:00:00', NULL);
INSERT INTO prediction (id, user_id, game_id, home_score, away_score, created_at, updated_at) VALUES (3779, 9, 446, 2, 3, '2024-01-01 00:00:00', NULL);
INSERT INTO prediction (id, user_id, game_id, home_score, away_score, created_at, updated_at) VALUES (3780, 11, 447, 0, 4, '2024-01-01 00:00:00', NULL);
INSERT INTO prediction (id, user_id, game_id, home_score, away_score, created_at, updated_at) VALUES (3781, 14, 447, 1, 6, '2024-01-01 00:00:00', NULL);
INSERT INTO prediction (id, user_id, game_id, home_score, away_score, created_at, updated_at) VALUES (3782, 8, 447, 1, 5, '2024-01-01 00:00:00', NULL);
INSERT INTO prediction (id, user_id, game_id, home_score, away_score, created_at, updated_at) VALUES (3783, 12, 447, 1, 6, '2024-01-01 00:00:00', NULL);
INSERT INTO prediction (id, user_id, game_id, home_score, away_score, created_at, updated_at) VALUES (3784, 16, 447, 2, 3, '2024-01-01 00:00:00', NULL);
INSERT INTO prediction (id, user_id, game_id, home_score, away_score, created_at, updated_at) VALUES (3785, 2, 447, 1, 6, '2024-01-01 00:00:00', NULL);
INSERT INTO prediction (id, user_id, game_id, home_score, away_score, created_at, updated_at) VALUES (3786, 6, 447, 0, 8, '2024-01-01 00:00:00', NULL);
INSERT INTO prediction (id, user_id, game_id, home_score, away_score, created_at, updated_at) VALUES (3787, 10, 447, 0, 7, '2024-01-01 00:00:00', NULL);
INSERT INTO prediction (id, user_id, game_id, home_score, away_score, created_at, updated_at) VALUES (3788, 5, 447, 0, 6, '2024-01-01 00:00:00', NULL);
INSERT INTO prediction (id, user_id, game_id, home_score, away_score, created_at, updated_at) VALUES (3789, 9, 447, 0, 6, '2024-01-01 00:00:00', NULL);
INSERT INTO prediction (id, user_id, game_id, home_score, away_score, created_at, updated_at) VALUES (3790, 11, 448, 5, 3, '2024-01-01 00:00:00', NULL);
INSERT INTO prediction (id, user_id, game_id, home_score, away_score, created_at, updated_at) VALUES (3791, 14, 448, 4, 2, '2024-01-01 00:00:00', NULL);
INSERT INTO prediction (id, user_id, game_id, home_score, away_score, created_at, updated_at) VALUES (3792, 8, 448, 4, 2, '2024-01-01 00:00:00', NULL);
INSERT INTO prediction (id, user_id, game_id, home_score, away_score, created_at, updated_at) VALUES (3793, 12, 448, 5, 3, '2024-01-01 00:00:00', NULL);
INSERT INTO prediction (id, user_id, game_id, home_score, away_score, created_at, updated_at) VALUES (3794, 16, 448, 4, 1, '2024-01-01 00:00:00', NULL);
INSERT INTO prediction (id, user_id, game_id, home_score, away_score, created_at, updated_at) VALUES (3795, 2, 448, 5, 2, '2024-01-01 00:00:00', NULL);
INSERT INTO prediction (id, user_id, game_id, home_score, away_score, created_at, updated_at) VALUES (3796, 6, 448, 5, 3, '2024-01-01 00:00:00', NULL);
INSERT INTO prediction (id, user_id, game_id, home_score, away_score, created_at, updated_at) VALUES (3797, 10, 448, 4, 5, '2024-01-01 00:00:00', NULL);
INSERT INTO prediction (id, user_id, game_id, home_score, away_score, created_at, updated_at) VALUES (3798, 5, 448, 2, 4, '2024-01-01 00:00:00', NULL);
INSERT INTO prediction (id, user_id, game_id, home_score, away_score, created_at, updated_at) VALUES (3799, 9, 448, 4, 2, '2024-01-01 00:00:00', NULL);
INSERT INTO prediction (id, user_id, game_id, home_score, away_score, created_at, updated_at) VALUES (3800, 11, 449, 2, 4, '2024-01-01 00:00:00', NULL);
INSERT INTO prediction (id, user_id, game_id, home_score, away_score, created_at, updated_at) VALUES (3801, 14, 449, 1, 5, '2024-01-01 00:00:00', NULL);
INSERT INTO prediction (id, user_id, game_id, home_score, away_score, created_at, updated_at) VALUES (3802, 8, 449, 1, 4, '2024-01-01 00:00:00', NULL);
INSERT INTO prediction (id, user_id, game_id, home_score, away_score, created_at, updated_at) VALUES (3803, 12, 449, 0, 0, '2024-01-01 00:00:00', NULL);
INSERT INTO prediction (id, user_id, game_id, home_score, away_score, created_at, updated_at) VALUES (3804, 16, 449, 2, 5, '2024-01-01 00:00:00', NULL);
INSERT INTO prediction (id, user_id, game_id, home_score, away_score, created_at, updated_at) VALUES (3805, 2, 449, 0, 0, '2024-01-01 00:00:00', NULL);
INSERT INTO prediction (id, user_id, game_id, home_score, away_score, created_at, updated_at) VALUES (3806, 6, 449, 2, 5, '2024-01-01 00:00:00', NULL);
INSERT INTO prediction (id, user_id, game_id, home_score, away_score, created_at, updated_at) VALUES (3807, 10, 449, 1, 5, '2024-01-01 00:00:00', NULL);
INSERT INTO prediction (id, user_id, game_id, home_score, away_score, created_at, updated_at) VALUES (3808, 5, 449, 1, 4, '2024-01-01 00:00:00', NULL);
INSERT INTO prediction (id, user_id, game_id, home_score, away_score, created_at, updated_at) VALUES (3809, 9, 449, 1, 4, '2024-01-01 00:00:00', NULL);
INSERT INTO prediction (id, user_id, game_id, home_score, away_score, created_at, updated_at) VALUES (3810, 11, 450, 1, 3, '2024-01-01 00:00:00', NULL);
INSERT INTO prediction (id, user_id, game_id, home_score, away_score, created_at, updated_at) VALUES (3811, 14, 450, 2, 4, '2024-01-01 00:00:00', NULL);
INSERT INTO prediction (id, user_id, game_id, home_score, away_score, created_at, updated_at) VALUES (3812, 8, 450, 1, 4, '2024-01-01 00:00:00', NULL);
INSERT INTO prediction (id, user_id, game_id, home_score, away_score, created_at, updated_at) VALUES (3813, 12, 450, 0, 0, '2024-01-01 00:00:00', NULL);
INSERT INTO prediction (id, user_id, game_id, home_score, away_score, created_at, updated_at) VALUES (3814, 16, 450, 1, 3, '2024-01-01 00:00:00', NULL);
INSERT INTO prediction (id, user_id, game_id, home_score, away_score, created_at, updated_at) VALUES (3815, 2, 450, 0, 0, '2024-01-01 00:00:00', NULL);
INSERT INTO prediction (id, user_id, game_id, home_score, away_score, created_at, updated_at) VALUES (3816, 6, 450, 1, 4, '2024-01-01 00:00:00', NULL);
INSERT INTO prediction (id, user_id, game_id, home_score, away_score, created_at, updated_at) VALUES (3817, 10, 450, 1, 3, '2024-01-01 00:00:00', NULL);
INSERT INTO prediction (id, user_id, game_id, home_score, away_score, created_at, updated_at) VALUES (3818, 5, 450, 0, 2, '2024-01-01 00:00:00', NULL);
INSERT INTO prediction (id, user_id, game_id, home_score, away_score, created_at, updated_at) VALUES (3819, 9, 450, 2, 4, '2024-01-01 00:00:00', NULL);
INSERT INTO prediction (id, user_id, game_id, home_score, away_score, created_at, updated_at) VALUES (3820, 11, 451, 4, 1, '2024-01-01 00:00:00', NULL);
INSERT INTO prediction (id, user_id, game_id, home_score, away_score, created_at, updated_at) VALUES (3821, 14, 451, 7, 2, '2024-01-01 00:00:00', NULL);
INSERT INTO prediction (id, user_id, game_id, home_score, away_score, created_at, updated_at) VALUES (3822, 8, 451, 4, 1, '2024-01-01 00:00:00', NULL);
INSERT INTO prediction (id, user_id, game_id, home_score, away_score, created_at, updated_at) VALUES (3823, 12, 451, 5, 2, '2024-01-01 00:00:00', NULL);
INSERT INTO prediction (id, user_id, game_id, home_score, away_score, created_at, updated_at) VALUES (3824, 16, 451, 6, 1, '2024-01-01 00:00:00', NULL);
INSERT INTO prediction (id, user_id, game_id, home_score, away_score, created_at, updated_at) VALUES (3825, 2, 451, 7, 2, '2024-01-01 00:00:00', NULL);
INSERT INTO prediction (id, user_id, game_id, home_score, away_score, created_at, updated_at) VALUES (3826, 6, 451, 4, 1, '2024-01-01 00:00:00', NULL);
INSERT INTO prediction (id, user_id, game_id, home_score, away_score, created_at, updated_at) VALUES (3827, 10, 451, 4, 1, '2024-01-01 00:00:00', NULL);
INSERT INTO prediction (id, user_id, game_id, home_score, away_score, created_at, updated_at) VALUES (3828, 5, 451, 7, 1, '2024-01-01 00:00:00', NULL);
INSERT INTO prediction (id, user_id, game_id, home_score, away_score, created_at, updated_at) VALUES (3829, 9, 451, 4, 2, '2024-01-01 00:00:00', NULL);
INSERT INTO prediction (id, user_id, game_id, home_score, away_score, created_at, updated_at) VALUES (3830, 11, 452, 4, 2, '2024-01-01 00:00:00', NULL);
INSERT INTO prediction (id, user_id, game_id, home_score, away_score, created_at, updated_at) VALUES (3831, 14, 452, 2, 1, '2024-01-01 00:00:00', NULL);
INSERT INTO prediction (id, user_id, game_id, home_score, away_score, created_at, updated_at) VALUES (3832, 8, 452, 2, 3, '2024-01-01 00:00:00', NULL);
INSERT INTO prediction (id, user_id, game_id, home_score, away_score, created_at, updated_at) VALUES (3833, 12, 452, 3, 2, '2024-01-01 00:00:00', NULL);
INSERT INTO prediction (id, user_id, game_id, home_score, away_score, created_at, updated_at) VALUES (3834, 16, 452, 3, 2, '2024-01-01 00:00:00', NULL);
INSERT INTO prediction (id, user_id, game_id, home_score, away_score, created_at, updated_at) VALUES (3835, 2, 452, 4, 3, '2024-01-01 00:00:00', NULL);
INSERT INTO prediction (id, user_id, game_id, home_score, away_score, created_at, updated_at) VALUES (3836, 6, 452, 1, 2, '2024-01-01 00:00:00', NULL);
INSERT INTO prediction (id, user_id, game_id, home_score, away_score, created_at, updated_at) VALUES (3837, 10, 452, 3, 4, '2024-01-01 00:00:00', NULL);
INSERT INTO prediction (id, user_id, game_id, home_score, away_score, created_at, updated_at) VALUES (3838, 5, 452, 2, 1, '2024-01-01 00:00:00', NULL);
INSERT INTO prediction (id, user_id, game_id, home_score, away_score, created_at, updated_at) VALUES (3839, 9, 452, 3, 2, '2024-01-01 00:00:00', NULL);
INSERT INTO prediction (id, user_id, game_id, home_score, away_score, created_at, updated_at) VALUES (3840, 11, 453, 1, 4, '2024-01-01 00:00:00', NULL);
INSERT INTO prediction (id, user_id, game_id, home_score, away_score, created_at, updated_at) VALUES (3841, 14, 453, 3, 5, '2024-01-01 00:00:00', NULL);
INSERT INTO prediction (id, user_id, game_id, home_score, away_score, created_at, updated_at) VALUES (3842, 8, 453, 1, 7, '2024-01-01 00:00:00', NULL);
INSERT INTO prediction (id, user_id, game_id, home_score, away_score, created_at, updated_at) VALUES (3843, 12, 453, 1, 4, '2024-01-01 00:00:00', NULL);
INSERT INTO prediction (id, user_id, game_id, home_score, away_score, created_at, updated_at) VALUES (3844, 16, 453, 2, 5, '2024-01-01 00:00:00', NULL);
INSERT INTO prediction (id, user_id, game_id, home_score, away_score, created_at, updated_at) VALUES (3845, 2, 453, 2, 5, '2024-01-01 00:00:00', NULL);
INSERT INTO prediction (id, user_id, game_id, home_score, away_score, created_at, updated_at) VALUES (3846, 6, 453, 1, 4, '2024-01-01 00:00:00', NULL);
INSERT INTO prediction (id, user_id, game_id, home_score, away_score, created_at, updated_at) VALUES (3847, 10, 453, 2, 5, '2024-01-01 00:00:00', NULL);
INSERT INTO prediction (id, user_id, game_id, home_score, away_score, created_at, updated_at) VALUES (3848, 5, 453, 1, 5, '2024-01-01 00:00:00', NULL);
INSERT INTO prediction (id, user_id, game_id, home_score, away_score, created_at, updated_at) VALUES (3849, 9, 453, 2, 5, '2024-01-01 00:00:00', NULL);
INSERT INTO prediction (id, user_id, game_id, home_score, away_score, created_at, updated_at) VALUES (3850, 11, 454, 6, 1, '2024-01-01 00:00:00', NULL);
INSERT INTO prediction (id, user_id, game_id, home_score, away_score, created_at, updated_at) VALUES (3851, 14, 454, 6, 1, '2024-01-01 00:00:00', NULL);
INSERT INTO prediction (id, user_id, game_id, home_score, away_score, created_at, updated_at) VALUES (3852, 8, 454, 4, 1, '2024-01-01 00:00:00', NULL);
INSERT INTO prediction (id, user_id, game_id, home_score, away_score, created_at, updated_at) VALUES (3853, 12, 454, 6, 1, '2024-01-01 00:00:00', NULL);
INSERT INTO prediction (id, user_id, game_id, home_score, away_score, created_at, updated_at) VALUES (3854, 16, 454, 7, 1, '2024-01-01 00:00:00', NULL);
INSERT INTO prediction (id, user_id, game_id, home_score, away_score, created_at, updated_at) VALUES (3855, 2, 454, 8, 0, '2024-01-01 00:00:00', NULL);
INSERT INTO prediction (id, user_id, game_id, home_score, away_score, created_at, updated_at) VALUES (3856, 6, 454, 5, 1, '2024-01-01 00:00:00', NULL);
INSERT INTO prediction (id, user_id, game_id, home_score, away_score, created_at, updated_at) VALUES (3857, 10, 454, 6, 1, '2024-01-01 00:00:00', NULL);
INSERT INTO prediction (id, user_id, game_id, home_score, away_score, created_at, updated_at) VALUES (3858, 5, 454, 5, 1, '2024-01-01 00:00:00', NULL);
INSERT INTO prediction (id, user_id, game_id, home_score, away_score, created_at, updated_at) VALUES (3859, 9, 454, 5, 1, '2024-01-01 00:00:00', NULL);
INSERT INTO prediction (id, user_id, game_id, home_score, away_score, created_at, updated_at) VALUES (3860, 11, 455, 4, 0, '2024-01-01 00:00:00', NULL);
INSERT INTO prediction (id, user_id, game_id, home_score, away_score, created_at, updated_at) VALUES (3861, 14, 455, 5, 1, '2024-01-01 00:00:00', NULL);
INSERT INTO prediction (id, user_id, game_id, home_score, away_score, created_at, updated_at) VALUES (3862, 8, 455, 5, 1, '2024-01-01 00:00:00', NULL);
INSERT INTO prediction (id, user_id, game_id, home_score, away_score, created_at, updated_at) VALUES (3863, 12, 455, 5, 1, '2024-01-01 00:00:00', NULL);
INSERT INTO prediction (id, user_id, game_id, home_score, away_score, created_at, updated_at) VALUES (3864, 16, 455, 6, 1, '2024-01-01 00:00:00', NULL);
INSERT INTO prediction (id, user_id, game_id, home_score, away_score, created_at, updated_at) VALUES (3865, 2, 455, 6, 1, '2024-01-01 00:00:00', NULL);
INSERT INTO prediction (id, user_id, game_id, home_score, away_score, created_at, updated_at) VALUES (3866, 6, 455, 5, 1, '2024-01-01 00:00:00', NULL);
INSERT INTO prediction (id, user_id, game_id, home_score, away_score, created_at, updated_at) VALUES (3867, 10, 455, 6, 1, '2024-01-01 00:00:00', NULL);
INSERT INTO prediction (id, user_id, game_id, home_score, away_score, created_at, updated_at) VALUES (3868, 5, 455, 3, 1, '2024-01-01 00:00:00', NULL);
INSERT INTO prediction (id, user_id, game_id, home_score, away_score, created_at, updated_at) VALUES (3869, 9, 455, 8, 0, '2024-01-01 00:00:00', NULL);
INSERT INTO prediction (id, user_id, game_id, home_score, away_score, created_at, updated_at) VALUES (3870, 11, 456, 3, 1, '2024-01-01 00:00:00', NULL);
INSERT INTO prediction (id, user_id, game_id, home_score, away_score, created_at, updated_at) VALUES (3871, 14, 456, 2, 3, '2024-01-01 00:00:00', NULL);
INSERT INTO prediction (id, user_id, game_id, home_score, away_score, created_at, updated_at) VALUES (3872, 8, 456, 1, 4, '2024-01-01 00:00:00', NULL);
INSERT INTO prediction (id, user_id, game_id, home_score, away_score, created_at, updated_at) VALUES (3873, 12, 456, 2, 3, '2024-01-01 00:00:00', NULL);
INSERT INTO prediction (id, user_id, game_id, home_score, away_score, created_at, updated_at) VALUES (3874, 16, 456, 2, 4, '2024-01-01 00:00:00', NULL);
INSERT INTO prediction (id, user_id, game_id, home_score, away_score, created_at, updated_at) VALUES (3875, 2, 456, 2, 4, '2024-01-01 00:00:00', NULL);
INSERT INTO prediction (id, user_id, game_id, home_score, away_score, created_at, updated_at) VALUES (3876, 6, 456, 4, 3, '2024-01-01 00:00:00', NULL);
INSERT INTO prediction (id, user_id, game_id, home_score, away_score, created_at, updated_at) VALUES (3877, 10, 456, 2, 5, '2024-01-01 00:00:00', NULL);
INSERT INTO prediction (id, user_id, game_id, home_score, away_score, created_at, updated_at) VALUES (3878, 5, 456, 2, 3, '2024-01-01 00:00:00', NULL);
INSERT INTO prediction (id, user_id, game_id, home_score, away_score, created_at, updated_at) VALUES (3879, 9, 456, 2, 4, '2024-01-01 00:00:00', NULL);
INSERT INTO prediction (id, user_id, game_id, home_score, away_score, created_at, updated_at) VALUES (3880, 11, 457, 3, 1, '2024-01-01 00:00:00', NULL);
INSERT INTO prediction (id, user_id, game_id, home_score, away_score, created_at, updated_at) VALUES (3881, 14, 457, 4, 2, '2024-01-01 00:00:00', NULL);
INSERT INTO prediction (id, user_id, game_id, home_score, away_score, created_at, updated_at) VALUES (3882, 8, 457, 4, 2, '2024-01-01 00:00:00', NULL);
INSERT INTO prediction (id, user_id, game_id, home_score, away_score, created_at, updated_at) VALUES (3883, 12, 457, 4, 2, '2024-01-01 00:00:00', NULL);
INSERT INTO prediction (id, user_id, game_id, home_score, away_score, created_at, updated_at) VALUES (3884, 16, 457, 4, 1, '2024-01-01 00:00:00', NULL);
INSERT INTO prediction (id, user_id, game_id, home_score, away_score, created_at, updated_at) VALUES (3885, 2, 457, 5, 2, '2024-01-01 00:00:00', NULL);
INSERT INTO prediction (id, user_id, game_id, home_score, away_score, created_at, updated_at) VALUES (3886, 6, 457, 4, 2, '2024-01-01 00:00:00', NULL);
INSERT INTO prediction (id, user_id, game_id, home_score, away_score, created_at, updated_at) VALUES (3887, 10, 457, 3, 2, '2024-01-01 00:00:00', NULL);
INSERT INTO prediction (id, user_id, game_id, home_score, away_score, created_at, updated_at) VALUES (3888, 5, 457, 4, 1, '2024-01-01 00:00:00', NULL);
INSERT INTO prediction (id, user_id, game_id, home_score, away_score, created_at, updated_at) VALUES (3889, 9, 457, 3, 1, '2024-01-01 00:00:00', NULL);
INSERT INTO prediction (id, user_id, game_id, home_score, away_score, created_at, updated_at) VALUES (3890, 11, 458, 1, 3, '2024-01-01 00:00:00', NULL);
INSERT INTO prediction (id, user_id, game_id, home_score, away_score, created_at, updated_at) VALUES (3891, 14, 458, 2, 3, '2024-01-01 00:00:00', NULL);
INSERT INTO prediction (id, user_id, game_id, home_score, away_score, created_at, updated_at) VALUES (3892, 8, 458, 4, 3, '2024-01-01 00:00:00', NULL);
INSERT INTO prediction (id, user_id, game_id, home_score, away_score, created_at, updated_at) VALUES (3893, 12, 458, 3, 4, '2024-01-01 00:00:00', NULL);
INSERT INTO prediction (id, user_id, game_id, home_score, away_score, created_at, updated_at) VALUES (3894, 16, 458, 2, 3, '2024-01-01 00:00:00', NULL);
INSERT INTO prediction (id, user_id, game_id, home_score, away_score, created_at, updated_at) VALUES (3895, 2, 458, 2, 3, '2024-01-01 00:00:00', NULL);
INSERT INTO prediction (id, user_id, game_id, home_score, away_score, created_at, updated_at) VALUES (3896, 6, 458, 3, 2, '2024-01-01 00:00:00', NULL);
INSERT INTO prediction (id, user_id, game_id, home_score, away_score, created_at, updated_at) VALUES (3897, 10, 458, 3, 5, '2024-01-01 00:00:00', NULL);
INSERT INTO prediction (id, user_id, game_id, home_score, away_score, created_at, updated_at) VALUES (3898, 5, 458, 2, 4, '2024-01-01 00:00:00', NULL);
INSERT INTO prediction (id, user_id, game_id, home_score, away_score, created_at, updated_at) VALUES (3899, 9, 458, 3, 4, '2024-01-01 00:00:00', NULL);
INSERT INTO prediction (id, user_id, game_id, home_score, away_score, created_at, updated_at) VALUES (3900, 11, 459, 3, 1, '2024-01-01 00:00:00', NULL);
INSERT INTO prediction (id, user_id, game_id, home_score, away_score, created_at, updated_at) VALUES (3901, 14, 459, 6, 1, '2024-01-01 00:00:00', NULL);
INSERT INTO prediction (id, user_id, game_id, home_score, away_score, created_at, updated_at) VALUES (3902, 8, 459, 7, 1, '2024-01-01 00:00:00', NULL);
INSERT INTO prediction (id, user_id, game_id, home_score, away_score, created_at, updated_at) VALUES (3903, 12, 459, 7, 1, '2024-01-01 00:00:00', NULL);
INSERT INTO prediction (id, user_id, game_id, home_score, away_score, created_at, updated_at) VALUES (3904, 16, 459, 6, 1, '2024-01-01 00:00:00', NULL);
INSERT INTO prediction (id, user_id, game_id, home_score, away_score, created_at, updated_at) VALUES (3905, 2, 459, 12, 1, '2024-01-01 00:00:00', NULL);
INSERT INTO prediction (id, user_id, game_id, home_score, away_score, created_at, updated_at) VALUES (3906, 6, 459, 6, 1, '2024-01-01 00:00:00', NULL);
INSERT INTO prediction (id, user_id, game_id, home_score, away_score, created_at, updated_at) VALUES (3907, 10, 459, 6, 1, '2024-01-01 00:00:00', NULL);
INSERT INTO prediction (id, user_id, game_id, home_score, away_score, created_at, updated_at) VALUES (3908, 5, 459, 7, 1, '2024-01-01 00:00:00', NULL);
INSERT INTO prediction (id, user_id, game_id, home_score, away_score, created_at, updated_at) VALUES (3909, 9, 459, 3, 1, '2024-01-01 00:00:00', NULL);
INSERT INTO prediction (id, user_id, game_id, home_score, away_score, created_at, updated_at) VALUES (3910, 11, 460, 1, 4, '2024-01-01 00:00:00', NULL);
INSERT INTO prediction (id, user_id, game_id, home_score, away_score, created_at, updated_at) VALUES (3911, 14, 460, 2, 4, '2024-01-01 00:00:00', NULL);
INSERT INTO prediction (id, user_id, game_id, home_score, away_score, created_at, updated_at) VALUES (3912, 8, 460, 2, 4, '2024-01-01 00:00:00', NULL);
INSERT INTO prediction (id, user_id, game_id, home_score, away_score, created_at, updated_at) VALUES (3913, 12, 460, 2, 4, '2024-01-01 00:00:00', NULL);
INSERT INTO prediction (id, user_id, game_id, home_score, away_score, created_at, updated_at) VALUES (3914, 16, 460, 1, 3, '2024-01-01 00:00:00', NULL);
INSERT INTO prediction (id, user_id, game_id, home_score, away_score, created_at, updated_at) VALUES (3915, 2, 460, 1, 3, '2024-01-01 00:00:00', NULL);
INSERT INTO prediction (id, user_id, game_id, home_score, away_score, created_at, updated_at) VALUES (3916, 6, 460, 3, 4, '2024-01-01 00:00:00', NULL);
INSERT INTO prediction (id, user_id, game_id, home_score, away_score, created_at, updated_at) VALUES (3917, 10, 460, 2, 5, '2024-01-01 00:00:00', NULL);
INSERT INTO prediction (id, user_id, game_id, home_score, away_score, created_at, updated_at) VALUES (3918, 5, 460, 1, 3, '2024-01-01 00:00:00', NULL);
INSERT INTO prediction (id, user_id, game_id, home_score, away_score, created_at, updated_at) VALUES (3919, 9, 460, 1, 4, '2024-01-01 00:00:00', NULL);
INSERT INTO prediction (id, user_id, game_id, home_score, away_score, created_at, updated_at) VALUES (3920, 11, 461, 3, 2, '2024-01-01 00:00:00', NULL);
INSERT INTO prediction (id, user_id, game_id, home_score, away_score, created_at, updated_at) VALUES (3921, 14, 461, 4, 3, '2024-01-01 00:00:00', NULL);
INSERT INTO prediction (id, user_id, game_id, home_score, away_score, created_at, updated_at) VALUES (3922, 8, 461, 2, 4, '2024-01-01 00:00:00', NULL);
INSERT INTO prediction (id, user_id, game_id, home_score, away_score, created_at, updated_at) VALUES (3923, 12, 461, 3, 2, '2024-01-01 00:00:00', NULL);
INSERT INTO prediction (id, user_id, game_id, home_score, away_score, created_at, updated_at) VALUES (3924, 16, 461, 4, 1, '2024-01-01 00:00:00', NULL);
INSERT INTO prediction (id, user_id, game_id, home_score, away_score, created_at, updated_at) VALUES (3925, 2, 461, 1, 2, '2024-01-01 00:00:00', NULL);
INSERT INTO prediction (id, user_id, game_id, home_score, away_score, created_at, updated_at) VALUES (3926, 6, 461, 4, 3, '2024-01-01 00:00:00', NULL);
INSERT INTO prediction (id, user_id, game_id, home_score, away_score, created_at, updated_at) VALUES (3927, 10, 461, 4, 2, '2024-01-01 00:00:00', NULL);
INSERT INTO prediction (id, user_id, game_id, home_score, away_score, created_at, updated_at) VALUES (3928, 5, 461, 4, 1, '2024-01-01 00:00:00', NULL);
INSERT INTO prediction (id, user_id, game_id, home_score, away_score, created_at, updated_at) VALUES (3929, 9, 461, 2, 5, '2024-01-01 00:00:00', NULL);
INSERT INTO prediction (id, user_id, game_id, home_score, away_score, created_at, updated_at) VALUES (3930, 11, 462, 3, 1, '2024-01-01 00:00:00', NULL);
INSERT INTO prediction (id, user_id, game_id, home_score, away_score, created_at, updated_at) VALUES (3931, 14, 462, 5, 2, '2024-01-01 00:00:00', NULL);
INSERT INTO prediction (id, user_id, game_id, home_score, away_score, created_at, updated_at) VALUES (3932, 8, 462, 4, 1, '2024-01-01 00:00:00', NULL);
INSERT INTO prediction (id, user_id, game_id, home_score, away_score, created_at, updated_at) VALUES (3933, 12, 462, 4, 1, '2024-01-01 00:00:00', NULL);
INSERT INTO prediction (id, user_id, game_id, home_score, away_score, created_at, updated_at) VALUES (3934, 16, 462, 4, 1, '2024-01-01 00:00:00', NULL);
INSERT INTO prediction (id, user_id, game_id, home_score, away_score, created_at, updated_at) VALUES (3935, 2, 462, 2, 3, '2024-01-01 00:00:00', NULL);
INSERT INTO prediction (id, user_id, game_id, home_score, away_score, created_at, updated_at) VALUES (3936, 6, 462, 5, 2, '2024-01-01 00:00:00', NULL);
INSERT INTO prediction (id, user_id, game_id, home_score, away_score, created_at, updated_at) VALUES (3937, 10, 462, 5, 0, '2024-01-01 00:00:00', NULL);
INSERT INTO prediction (id, user_id, game_id, home_score, away_score, created_at, updated_at) VALUES (3938, 5, 462, 5, 1, '2024-01-01 00:00:00', NULL);
INSERT INTO prediction (id, user_id, game_id, home_score, away_score, created_at, updated_at) VALUES (3939, 9, 462, 4, 2, '2024-01-01 00:00:00', NULL);
INSERT INTO prediction (id, user_id, game_id, home_score, away_score, created_at, updated_at) VALUES (3940, 11, 463, 1, 3, '2024-01-01 00:00:00', NULL);
INSERT INTO prediction (id, user_id, game_id, home_score, away_score, created_at, updated_at) VALUES (3941, 14, 463, 2, 4, '2024-01-01 00:00:00', NULL);
INSERT INTO prediction (id, user_id, game_id, home_score, away_score, created_at, updated_at) VALUES (3942, 8, 463, 1, 4, '2024-01-01 00:00:00', NULL);
INSERT INTO prediction (id, user_id, game_id, home_score, away_score, created_at, updated_at) VALUES (3943, 12, 463, 2, 4, '2024-01-01 00:00:00', NULL);
INSERT INTO prediction (id, user_id, game_id, home_score, away_score, created_at, updated_at) VALUES (3944, 16, 463, 2, 5, '2024-01-01 00:00:00', NULL);
INSERT INTO prediction (id, user_id, game_id, home_score, away_score, created_at, updated_at) VALUES (3945, 2, 463, 3, 2, '2024-01-01 00:00:00', NULL);
INSERT INTO prediction (id, user_id, game_id, home_score, away_score, created_at, updated_at) VALUES (3946, 6, 463, 2, 4, '2024-01-01 00:00:00', NULL);
INSERT INTO prediction (id, user_id, game_id, home_score, away_score, created_at, updated_at) VALUES (3947, 10, 463, 1, 6, '2024-01-01 00:00:00', NULL);
INSERT INTO prediction (id, user_id, game_id, home_score, away_score, created_at, updated_at) VALUES (3948, 5, 463, 1, 4, '2024-01-01 00:00:00', NULL);
INSERT INTO prediction (id, user_id, game_id, home_score, away_score, created_at, updated_at) VALUES (3949, 9, 463, 1, 3, '2024-01-01 00:00:00', NULL);
INSERT INTO prediction (id, user_id, game_id, home_score, away_score, created_at, updated_at) VALUES (3950, 11, 464, 2, 1, '2024-01-01 00:00:00', NULL);
INSERT INTO prediction (id, user_id, game_id, home_score, away_score, created_at, updated_at) VALUES (3951, 14, 464, 4, 2, '2024-01-01 00:00:00', NULL);
INSERT INTO prediction (id, user_id, game_id, home_score, away_score, created_at, updated_at) VALUES (3952, 8, 464, 4, 1, '2024-01-01 00:00:00', NULL);
INSERT INTO prediction (id, user_id, game_id, home_score, away_score, created_at, updated_at) VALUES (3953, 12, 464, 3, 1, '2024-01-01 00:00:00', NULL);
INSERT INTO prediction (id, user_id, game_id, home_score, away_score, created_at, updated_at) VALUES (3954, 16, 464, 3, 2, '2024-01-01 00:00:00', NULL);
INSERT INTO prediction (id, user_id, game_id, home_score, away_score, created_at, updated_at) VALUES (3955, 2, 464, 4, 1, '2024-01-01 00:00:00', NULL);
INSERT INTO prediction (id, user_id, game_id, home_score, away_score, created_at, updated_at) VALUES (3956, 6, 464, 3, 1, '2024-01-01 00:00:00', NULL);
INSERT INTO prediction (id, user_id, game_id, home_score, away_score, created_at, updated_at) VALUES (3957, 10, 464, 8, 2, '2024-01-01 00:00:00', NULL);
INSERT INTO prediction (id, user_id, game_id, home_score, away_score, created_at, updated_at) VALUES (3958, 5, 464, 4, 1, '2024-01-01 00:00:00', NULL);
INSERT INTO prediction (id, user_id, game_id, home_score, away_score, created_at, updated_at) VALUES (3959, 9, 464, 4, 2, '2024-01-01 00:00:00', NULL);
INSERT INTO prediction (id, user_id, game_id, home_score, away_score, created_at, updated_at) VALUES (3960, 11, 465, 2, 3, '2024-01-01 00:00:00', NULL);
INSERT INTO prediction (id, user_id, game_id, home_score, away_score, created_at, updated_at) VALUES (3961, 14, 465, 2, 5, '2024-01-01 00:00:00', NULL);
INSERT INTO prediction (id, user_id, game_id, home_score, away_score, created_at, updated_at) VALUES (3962, 8, 465, 3, 2, '2024-01-01 00:00:00', NULL);
INSERT INTO prediction (id, user_id, game_id, home_score, away_score, created_at, updated_at) VALUES (3963, 12, 465, 3, 2, '2024-01-01 00:00:00', NULL);
INSERT INTO prediction (id, user_id, game_id, home_score, away_score, created_at, updated_at) VALUES (3964, 16, 465, 2, 4, '2024-01-01 00:00:00', NULL);
INSERT INTO prediction (id, user_id, game_id, home_score, away_score, created_at, updated_at) VALUES (3965, 2, 465, 3, 2, '2024-01-01 00:00:00', NULL);
INSERT INTO prediction (id, user_id, game_id, home_score, away_score, created_at, updated_at) VALUES (3966, 6, 465, 1, 4, '2024-01-01 00:00:00', NULL);
INSERT INTO prediction (id, user_id, game_id, home_score, away_score, created_at, updated_at) VALUES (3967, 10, 465, 2, 6, '2024-01-01 00:00:00', NULL);
INSERT INTO prediction (id, user_id, game_id, home_score, away_score, created_at, updated_at) VALUES (3968, 5, 465, 2, 5, '2024-01-01 00:00:00', NULL);
INSERT INTO prediction (id, user_id, game_id, home_score, away_score, created_at, updated_at) VALUES (3969, 9, 465, 1, 6, '2024-01-01 00:00:00', NULL);
INSERT INTO prediction (id, user_id, game_id, home_score, away_score, created_at, updated_at) VALUES (3970, 11, 466, 2, 4, '2024-01-01 00:00:00', NULL);
INSERT INTO prediction (id, user_id, game_id, home_score, away_score, created_at, updated_at) VALUES (3971, 14, 466, 1, 2, '2024-01-01 00:00:00', NULL);
INSERT INTO prediction (id, user_id, game_id, home_score, away_score, created_at, updated_at) VALUES (3972, 8, 466, 2, 4, '2024-01-01 00:00:00', NULL);
INSERT INTO prediction (id, user_id, game_id, home_score, away_score, created_at, updated_at) VALUES (3973, 12, 466, 3, 5, '2024-01-01 00:00:00', NULL);
INSERT INTO prediction (id, user_id, game_id, home_score, away_score, created_at, updated_at) VALUES (3974, 16, 466, 3, 5, '2024-01-01 00:00:00', NULL);
INSERT INTO prediction (id, user_id, game_id, home_score, away_score, created_at, updated_at) VALUES (3975, 2, 466, 1, 2, '2024-01-01 00:00:00', NULL);
INSERT INTO prediction (id, user_id, game_id, home_score, away_score, created_at, updated_at) VALUES (3976, 6, 466, 3, 4, '2024-01-01 00:00:00', NULL);
INSERT INTO prediction (id, user_id, game_id, home_score, away_score, created_at, updated_at) VALUES (3977, 10, 466, 3, 4, '2024-01-01 00:00:00', NULL);
INSERT INTO prediction (id, user_id, game_id, home_score, away_score, created_at, updated_at) VALUES (3978, 5, 466, 2, 3, '2024-01-01 00:00:00', NULL);
INSERT INTO prediction (id, user_id, game_id, home_score, away_score, created_at, updated_at) VALUES (3979, 9, 466, 2, 4, '2024-01-01 00:00:00', NULL);
INSERT INTO prediction (id, user_id, game_id, home_score, away_score, created_at, updated_at) VALUES (3980, 11, 467, 4, 1, '2024-01-01 00:00:00', NULL);
INSERT INTO prediction (id, user_id, game_id, home_score, away_score, created_at, updated_at) VALUES (3981, 14, 467, 2, 3, '2024-01-01 00:00:00', NULL);
INSERT INTO prediction (id, user_id, game_id, home_score, away_score, created_at, updated_at) VALUES (3982, 8, 467, 4, 2, '2024-01-01 00:00:00', NULL);
INSERT INTO prediction (id, user_id, game_id, home_score, away_score, created_at, updated_at) VALUES (3983, 12, 467, 4, 2, '2024-01-01 00:00:00', NULL);
INSERT INTO prediction (id, user_id, game_id, home_score, away_score, created_at, updated_at) VALUES (3984, 16, 467, 3, 1, '2024-01-01 00:00:00', NULL);
INSERT INTO prediction (id, user_id, game_id, home_score, away_score, created_at, updated_at) VALUES (3985, 2, 467, 1, 2, '2024-01-01 00:00:00', NULL);
INSERT INTO prediction (id, user_id, game_id, home_score, away_score, created_at, updated_at) VALUES (3986, 6, 467, 3, 2, '2024-01-01 00:00:00', NULL);
INSERT INTO prediction (id, user_id, game_id, home_score, away_score, created_at, updated_at) VALUES (3987, 10, 467, 5, 2, '2024-01-01 00:00:00', NULL);
INSERT INTO prediction (id, user_id, game_id, home_score, away_score, created_at, updated_at) VALUES (3988, 5, 467, 4, 2, '2024-01-01 00:00:00', NULL);
INSERT INTO prediction (id, user_id, game_id, home_score, away_score, created_at, updated_at) VALUES (3989, 9, 467, 2, 3, '2024-01-01 00:00:00', NULL);
INSERT INTO prediction (id, user_id, game_id, home_score, away_score, created_at, updated_at) VALUES (3990, 11, 468, 1, 2, '2024-01-01 00:00:00', NULL);
INSERT INTO prediction (id, user_id, game_id, home_score, away_score, created_at, updated_at) VALUES (3991, 14, 468, 2, 3, '2024-01-01 00:00:00', NULL);
INSERT INTO prediction (id, user_id, game_id, home_score, away_score, created_at, updated_at) VALUES (3992, 8, 468, 2, 4, '2024-01-01 00:00:00', NULL);
INSERT INTO prediction (id, user_id, game_id, home_score, away_score, created_at, updated_at) VALUES (3993, 12, 468, 1, 3, '2024-01-01 00:00:00', NULL);
INSERT INTO prediction (id, user_id, game_id, home_score, away_score, created_at, updated_at) VALUES (3994, 16, 468, 3, 2, '2024-01-01 00:00:00', NULL);
INSERT INTO prediction (id, user_id, game_id, home_score, away_score, created_at, updated_at) VALUES (3995, 2, 468, 1, 3, '2024-01-01 00:00:00', NULL);
INSERT INTO prediction (id, user_id, game_id, home_score, away_score, created_at, updated_at) VALUES (3996, 6, 468, 2, 1, '2024-01-01 00:00:00', NULL);
INSERT INTO prediction (id, user_id, game_id, home_score, away_score, created_at, updated_at) VALUES (3997, 10, 468, 3, 2, '2024-01-01 00:00:00', NULL);
INSERT INTO prediction (id, user_id, game_id, home_score, away_score, created_at, updated_at) VALUES (3998, 5, 468, 2, 4, '2024-01-01 00:00:00', NULL);
INSERT INTO prediction (id, user_id, game_id, home_score, away_score, created_at, updated_at) VALUES (3999, 9, 468, 2, 4, '2024-01-01 00:00:00', NULL);
INSERT INTO prediction (id, user_id, game_id, home_score, away_score, created_at, updated_at) VALUES (4000, 11, 469, 4, 1, '2024-01-01 00:00:00', NULL);
INSERT INTO prediction (id, user_id, game_id, home_score, away_score, created_at, updated_at) VALUES (4001, 14, 469, 5, 2, '2024-01-01 00:00:00', NULL);
INSERT INTO prediction (id, user_id, game_id, home_score, away_score, created_at, updated_at) VALUES (4002, 8, 469, 4, 2, '2024-01-01 00:00:00', NULL);
INSERT INTO prediction (id, user_id, game_id, home_score, away_score, created_at, updated_at) VALUES (4003, 12, 469, 4, 2, '2024-01-01 00:00:00', NULL);
INSERT INTO prediction (id, user_id, game_id, home_score, away_score, created_at, updated_at) VALUES (4004, 16, 469, 3, 1, '2024-01-01 00:00:00', NULL);
INSERT INTO prediction (id, user_id, game_id, home_score, away_score, created_at, updated_at) VALUES (4005, 2, 469, 1, 4, '2024-01-01 00:00:00', NULL);
INSERT INTO prediction (id, user_id, game_id, home_score, away_score, created_at, updated_at) VALUES (4006, 6, 469, 4, 0, '2024-01-01 00:00:00', NULL);
INSERT INTO prediction (id, user_id, game_id, home_score, away_score, created_at, updated_at) VALUES (4007, 10, 469, 5, 2, '2024-01-01 00:00:00', NULL);
INSERT INTO prediction (id, user_id, game_id, home_score, away_score, created_at, updated_at) VALUES (4008, 5, 469, 4, 1, '2024-01-01 00:00:00', NULL);
INSERT INTO prediction (id, user_id, game_id, home_score, away_score, created_at, updated_at) VALUES (4009, 9, 469, 4, 2, '2024-01-01 00:00:00', NULL);
INSERT INTO prediction (id, user_id, game_id, home_score, away_score, created_at, updated_at) VALUES (4010, 11, 470, 3, 2, '2024-01-01 00:00:00', NULL);
INSERT INTO prediction (id, user_id, game_id, home_score, away_score, created_at, updated_at) VALUES (4011, 14, 470, 4, 3, '2024-01-01 00:00:00', NULL);
INSERT INTO prediction (id, user_id, game_id, home_score, away_score, created_at, updated_at) VALUES (4012, 8, 470, 4, 2, '2024-01-01 00:00:00', NULL);
INSERT INTO prediction (id, user_id, game_id, home_score, away_score, created_at, updated_at) VALUES (4013, 12, 470, 3, 1, '2024-01-01 00:00:00', NULL);
INSERT INTO prediction (id, user_id, game_id, home_score, away_score, created_at, updated_at) VALUES (4014, 16, 470, 4, 2, '2024-01-01 00:00:00', NULL);
INSERT INTO prediction (id, user_id, game_id, home_score, away_score, created_at, updated_at) VALUES (4015, 2, 470, 2, 3, '2024-01-01 00:00:00', NULL);
INSERT INTO prediction (id, user_id, game_id, home_score, away_score, created_at, updated_at) VALUES (4016, 6, 470, 3, 1, '2024-01-01 00:00:00', NULL);
INSERT INTO prediction (id, user_id, game_id, home_score, away_score, created_at, updated_at) VALUES (4017, 10, 470, 5, 2, '2024-01-01 00:00:00', NULL);
INSERT INTO prediction (id, user_id, game_id, home_score, away_score, created_at, updated_at) VALUES (4018, 5, 470, 4, 2, '2024-01-01 00:00:00', NULL);
INSERT INTO prediction (id, user_id, game_id, home_score, away_score, created_at, updated_at) VALUES (4019, 9, 470, 3, 2, '2024-01-01 00:00:00', NULL);
INSERT INTO prediction (id, user_id, game_id, home_score, away_score, created_at, updated_at) VALUES (4020, 11, 471, 3, 1, '2024-01-01 00:00:00', NULL);
INSERT INTO prediction (id, user_id, game_id, home_score, away_score, created_at, updated_at) VALUES (4021, 14, 471, 4, 2, '2024-01-01 00:00:00', NULL);
INSERT INTO prediction (id, user_id, game_id, home_score, away_score, created_at, updated_at) VALUES (4022, 8, 471, 4, 2, '2024-01-01 00:00:00', NULL);
INSERT INTO prediction (id, user_id, game_id, home_score, away_score, created_at, updated_at) VALUES (4023, 12, 471, 4, 2, '2024-01-01 00:00:00', NULL);
INSERT INTO prediction (id, user_id, game_id, home_score, away_score, created_at, updated_at) VALUES (4024, 16, 471, 5, 2, '2024-01-01 00:00:00', NULL);
INSERT INTO prediction (id, user_id, game_id, home_score, away_score, created_at, updated_at) VALUES (4025, 2, 471, 2, 1, '2024-01-01 00:00:00', NULL);
INSERT INTO prediction (id, user_id, game_id, home_score, away_score, created_at, updated_at) VALUES (4026, 6, 471, 3, 1, '2024-01-01 00:00:00', NULL);
INSERT INTO prediction (id, user_id, game_id, home_score, away_score, created_at, updated_at) VALUES (4027, 10, 471, 4, 2, '2024-01-01 00:00:00', NULL);
INSERT INTO prediction (id, user_id, game_id, home_score, away_score, created_at, updated_at) VALUES (4028, 5, 471, 5, 1, '2024-01-01 00:00:00', NULL);
INSERT INTO prediction (id, user_id, game_id, home_score, away_score, created_at, updated_at) VALUES (4029, 9, 471, 2, 1, '2024-01-01 00:00:00', NULL);
INSERT INTO prediction (id, user_id, game_id, home_score, away_score, created_at, updated_at) VALUES (4030, 11, 472, 1, 3, '2024-01-01 00:00:00', NULL);
INSERT INTO prediction (id, user_id, game_id, home_score, away_score, created_at, updated_at) VALUES (4031, 14, 472, 2, 3, '2024-01-01 00:00:00', NULL);
INSERT INTO prediction (id, user_id, game_id, home_score, away_score, created_at, updated_at) VALUES (4032, 8, 472, 4, 2, '2024-01-01 00:00:00', NULL);
INSERT INTO prediction (id, user_id, game_id, home_score, away_score, created_at, updated_at) VALUES (4033, 12, 472, 2, 5, '2024-01-01 00:00:00', NULL);
INSERT INTO prediction (id, user_id, game_id, home_score, away_score, created_at, updated_at) VALUES (4034, 16, 472, 2, 4, '2024-01-01 00:00:00', NULL);
INSERT INTO prediction (id, user_id, game_id, home_score, away_score, created_at, updated_at) VALUES (4035, 2, 472, 1, 4, '2024-01-01 00:00:00', NULL);
INSERT INTO prediction (id, user_id, game_id, home_score, away_score, created_at, updated_at) VALUES (4036, 6, 472, 1, 6, '2024-01-01 00:00:00', NULL);
INSERT INTO prediction (id, user_id, game_id, home_score, away_score, created_at, updated_at) VALUES (4037, 10, 472, 4, 2, '2024-01-01 00:00:00', NULL);
INSERT INTO prediction (id, user_id, game_id, home_score, away_score, created_at, updated_at) VALUES (4038, 5, 472, 2, 3, '2024-01-01 00:00:00', NULL);
INSERT INTO prediction (id, user_id, game_id, home_score, away_score, created_at, updated_at) VALUES (4039, 9, 472, 2, 4, '2024-01-01 00:00:00', NULL);
INSERT INTO prediction (id, user_id, game_id, home_score, away_score, created_at, updated_at) VALUES (4040, 11, 473, 1, 3, '2024-01-01 00:00:00', NULL);
INSERT INTO prediction (id, user_id, game_id, home_score, away_score, created_at, updated_at) VALUES (4041, 14, 473, 1, 3, '2024-01-01 00:00:00', NULL);
INSERT INTO prediction (id, user_id, game_id, home_score, away_score, created_at, updated_at) VALUES (4042, 8, 473, 4, 2, '2024-01-01 00:00:00', NULL);
INSERT INTO prediction (id, user_id, game_id, home_score, away_score, created_at, updated_at) VALUES (4043, 12, 473, 2, 3, '2024-01-01 00:00:00', NULL);
INSERT INTO prediction (id, user_id, game_id, home_score, away_score, created_at, updated_at) VALUES (4044, 16, 473, 3, 4, '2024-01-01 00:00:00', NULL);
INSERT INTO prediction (id, user_id, game_id, home_score, away_score, created_at, updated_at) VALUES (4045, 2, 473, 2, 3, '2024-01-01 00:00:00', NULL);
INSERT INTO prediction (id, user_id, game_id, home_score, away_score, created_at, updated_at) VALUES (4046, 6, 473, 2, 3, '2024-01-01 00:00:00', NULL);
INSERT INTO prediction (id, user_id, game_id, home_score, away_score, created_at, updated_at) VALUES (4047, 10, 473, 3, 2, '2024-01-01 00:00:00', NULL);
INSERT INTO prediction (id, user_id, game_id, home_score, away_score, created_at, updated_at) VALUES (4048, 5, 473, 1, 2, '2024-01-01 00:00:00', NULL);
INSERT INTO prediction (id, user_id, game_id, home_score, away_score, created_at, updated_at) VALUES (4049, 9, 473, 1, 3, '2024-01-01 00:00:00', NULL);
INSERT INTO prediction (id, user_id, game_id, home_score, away_score, created_at, updated_at) VALUES (4050, 11, 474, 4, 1, '2024-01-01 00:00:00', NULL);
INSERT INTO prediction (id, user_id, game_id, home_score, away_score, created_at, updated_at) VALUES (4051, 14, 474, 1, 2, '2024-01-01 00:00:00', NULL);
INSERT INTO prediction (id, user_id, game_id, home_score, away_score, created_at, updated_at) VALUES (4052, 8, 474, 4, 2, '2024-01-01 00:00:00', NULL);
INSERT INTO prediction (id, user_id, game_id, home_score, away_score, created_at, updated_at) VALUES (4053, 12, 474, 3, 1, '2024-01-01 00:00:00', NULL);
INSERT INTO prediction (id, user_id, game_id, home_score, away_score, created_at, updated_at) VALUES (4054, 16, 474, 4, 1, '2024-01-01 00:00:00', NULL);
INSERT INTO prediction (id, user_id, game_id, home_score, away_score, created_at, updated_at) VALUES (4055, 2, 474, 4, 5, '2024-01-01 00:00:00', NULL);
INSERT INTO prediction (id, user_id, game_id, home_score, away_score, created_at, updated_at) VALUES (4056, 6, 474, 4, 2, '2024-01-01 00:00:00', NULL);
INSERT INTO prediction (id, user_id, game_id, home_score, away_score, created_at, updated_at) VALUES (4057, 10, 474, 5, 3, '2024-01-01 00:00:00', NULL);
INSERT INTO prediction (id, user_id, game_id, home_score, away_score, created_at, updated_at) VALUES (4058, 5, 474, 3, 2, '2024-01-01 00:00:00', NULL);
INSERT INTO prediction (id, user_id, game_id, home_score, away_score, created_at, updated_at) VALUES (4059, 9, 474, 4, 2, '2024-01-01 00:00:00', NULL);
INSERT INTO prediction (id, user_id, game_id, home_score, away_score, created_at, updated_at) VALUES (4060, 11, 475, 4, 1, '2024-01-01 00:00:00', NULL);
INSERT INTO prediction (id, user_id, game_id, home_score, away_score, created_at, updated_at) VALUES (4061, 14, 475, 1, 2, '2024-01-01 00:00:00', NULL);
INSERT INTO prediction (id, user_id, game_id, home_score, away_score, created_at, updated_at) VALUES (4062, 8, 475, 4, 2, '2024-01-01 00:00:00', NULL);
INSERT INTO prediction (id, user_id, game_id, home_score, away_score, created_at, updated_at) VALUES (4063, 12, 475, 2, 3, '2024-01-01 00:00:00', NULL);
INSERT INTO prediction (id, user_id, game_id, home_score, away_score, created_at, updated_at) VALUES (4064, 16, 475, 1, 3, '2024-01-01 00:00:00', NULL);
INSERT INTO prediction (id, user_id, game_id, home_score, away_score, created_at, updated_at) VALUES (4065, 2, 475, 0, 0, '2024-01-01 00:00:00', NULL);
INSERT INTO prediction (id, user_id, game_id, home_score, away_score, created_at, updated_at) VALUES (4066, 6, 475, 6, 4, '2024-01-01 00:00:00', NULL);
INSERT INTO prediction (id, user_id, game_id, home_score, away_score, created_at, updated_at) VALUES (4067, 10, 475, 4, 3, '2024-01-01 00:00:00', NULL);
INSERT INTO prediction (id, user_id, game_id, home_score, away_score, created_at, updated_at) VALUES (4068, 5, 475, 4, 2, '2024-01-01 00:00:00', NULL);
INSERT INTO prediction (id, user_id, game_id, home_score, away_score, created_at, updated_at) VALUES (4069, 9, 475, 3, 4, '2024-01-01 00:00:00', NULL);
INSERT INTO prediction (id, user_id, game_id, home_score, away_score, created_at, updated_at) VALUES (4070, 11, 476, 1, 3, '2024-01-01 00:00:00', NULL);
INSERT INTO prediction (id, user_id, game_id, home_score, away_score, created_at, updated_at) VALUES (4071, 14, 476, 1, 3, '2024-01-01 00:00:00', NULL);
INSERT INTO prediction (id, user_id, game_id, home_score, away_score, created_at, updated_at) VALUES (4072, 8, 476, 2, 9, '2024-01-01 00:00:00', NULL);
INSERT INTO prediction (id, user_id, game_id, home_score, away_score, created_at, updated_at) VALUES (4073, 12, 476, 2, 4, '2024-01-01 00:00:00', NULL);
INSERT INTO prediction (id, user_id, game_id, home_score, away_score, created_at, updated_at) VALUES (4074, 16, 476, 2, 4, '2024-01-01 00:00:00', NULL);
INSERT INTO prediction (id, user_id, game_id, home_score, away_score, created_at, updated_at) VALUES (4075, 2, 476, 0, 0, '2024-01-01 00:00:00', NULL);
INSERT INTO prediction (id, user_id, game_id, home_score, away_score, created_at, updated_at) VALUES (4076, 6, 476, 2, 3, '2024-01-01 00:00:00', NULL);
INSERT INTO prediction (id, user_id, game_id, home_score, away_score, created_at, updated_at) VALUES (4077, 10, 476, 2, 3, '2024-01-01 00:00:00', NULL);
INSERT INTO prediction (id, user_id, game_id, home_score, away_score, created_at, updated_at) VALUES (4078, 5, 476, 1, 3, '2024-01-01 00:00:00', NULL);
INSERT INTO prediction (id, user_id, game_id, home_score, away_score, created_at, updated_at) VALUES (4079, 9, 476, 2, 5, '2024-01-01 00:00:00', NULL);
INSERT INTO special_bet_rule (id, tournament_id, name, value_type, scoring_type, points, sort_order, actual_team_value_id, actual_string_value, actual_int_value) VALUES (50, 8, 'Medaile - 1. místo', 'team', 'podium', 2.0, 0, 6, NULL, NULL);
INSERT INTO special_bet (id, user_id, rule_id, team_value_id, string_value, int_value) VALUES (418, 11, 50, 4, NULL, NULL);
INSERT INTO special_bet (id, user_id, rule_id, team_value_id, string_value, int_value) VALUES (419, 14, 50, 6, NULL, NULL);
INSERT INTO special_bet (id, user_id, rule_id, team_value_id, string_value, int_value) VALUES (420, 8, 50, 23, NULL, NULL);
INSERT INTO special_bet (id, user_id, rule_id, team_value_id, string_value, int_value) VALUES (421, 12, 50, 4, NULL, NULL);
INSERT INTO special_bet (id, user_id, rule_id, team_value_id, string_value, int_value) VALUES (422, 16, 50, 6, NULL, NULL);
INSERT INTO special_bet (id, user_id, rule_id, team_value_id, string_value, int_value) VALUES (423, 2, 50, 4, NULL, NULL);
INSERT INTO special_bet (id, user_id, rule_id, team_value_id, string_value, int_value) VALUES (424, 6, 50, 23, NULL, NULL);
INSERT INTO special_bet (id, user_id, rule_id, team_value_id, string_value, int_value) VALUES (425, 10, 50, 4, NULL, NULL);
INSERT INTO special_bet (id, user_id, rule_id, team_value_id, string_value, int_value) VALUES (426, 5, 50, 4, NULL, NULL);
INSERT INTO special_bet (id, user_id, rule_id, team_value_id, string_value, int_value) VALUES (427, 9, 50, 4, NULL, NULL);
INSERT INTO special_bet_rule (id, tournament_id, name, value_type, scoring_type, points, sort_order, actual_team_value_id, actual_string_value, actual_int_value) VALUES (51, 8, 'Medaile - 2. místo', 'team', 'podium', 2.0, 1, 21, NULL, NULL);
INSERT INTO special_bet (id, user_id, rule_id, team_value_id, string_value, int_value) VALUES (428, 11, 51, 23, NULL, NULL);
INSERT INTO special_bet (id, user_id, rule_id, team_value_id, string_value, int_value) VALUES (429, 14, 51, 23, NULL, NULL);
INSERT INTO special_bet (id, user_id, rule_id, team_value_id, string_value, int_value) VALUES (430, 8, 51, 24, NULL, NULL);
INSERT INTO special_bet (id, user_id, rule_id, team_value_id, string_value, int_value) VALUES (431, 12, 51, 6, NULL, NULL);
INSERT INTO special_bet (id, user_id, rule_id, team_value_id, string_value, int_value) VALUES (432, 16, 51, 4, NULL, NULL);
INSERT INTO special_bet (id, user_id, rule_id, team_value_id, string_value, int_value) VALUES (433, 2, 51, 24, NULL, NULL);
INSERT INTO special_bet (id, user_id, rule_id, team_value_id, string_value, int_value) VALUES (434, 6, 51, 24, NULL, NULL);
INSERT INTO special_bet (id, user_id, rule_id, team_value_id, string_value, int_value) VALUES (435, 10, 51, 8, NULL, NULL);
INSERT INTO special_bet (id, user_id, rule_id, team_value_id, string_value, int_value) VALUES (436, 5, 51, 6, NULL, NULL);
INSERT INTO special_bet (id, user_id, rule_id, team_value_id, string_value, int_value) VALUES (437, 9, 51, 6, NULL, NULL);
INSERT INTO special_bet_rule (id, tournament_id, name, value_type, scoring_type, points, sort_order, actual_team_value_id, actual_string_value, actual_int_value) VALUES (52, 8, 'Medaile - 3. místo', 'team', 'podium', 2.0, 2, 23, NULL, NULL);
INSERT INTO special_bet (id, user_id, rule_id, team_value_id, string_value, int_value) VALUES (438, 11, 52, 8, NULL, NULL);
INSERT INTO special_bet (id, user_id, rule_id, team_value_id, string_value, int_value) VALUES (439, 14, 52, 4, NULL, NULL);
INSERT INTO special_bet (id, user_id, rule_id, team_value_id, string_value, int_value) VALUES (440, 8, 52, 4, NULL, NULL);
INSERT INTO special_bet (id, user_id, rule_id, team_value_id, string_value, int_value) VALUES (441, 12, 52, 8, NULL, NULL);
INSERT INTO special_bet (id, user_id, rule_id, team_value_id, string_value, int_value) VALUES (442, 16, 52, 23, NULL, NULL);
INSERT INTO special_bet (id, user_id, rule_id, team_value_id, string_value, int_value) VALUES (443, 2, 52, 6, NULL, NULL);
INSERT INTO special_bet (id, user_id, rule_id, team_value_id, string_value, int_value) VALUES (444, 6, 52, 8, NULL, NULL);
INSERT INTO special_bet (id, user_id, rule_id, team_value_id, string_value, int_value) VALUES (445, 10, 52, 23, NULL, NULL);
INSERT INTO special_bet (id, user_id, rule_id, team_value_id, string_value, int_value) VALUES (446, 5, 52, 23, NULL, NULL);
INSERT INTO special_bet (id, user_id, rule_id, team_value_id, string_value, int_value) VALUES (447, 9, 52, 24, NULL, NULL);
INSERT INTO special_bet_rule (id, tournament_id, name, value_type, scoring_type, points, sort_order, actual_team_value_id, actual_string_value, actual_int_value) VALUES (53, 8, 'Nejlepší Čech #1', 'string', 'any_match', 2.0, 3, NULL, 'Červenka', NULL);
INSERT INTO special_bet (id, user_id, rule_id, team_value_id, string_value, int_value) VALUES (448, 11, 53, NULL, 'Červenka', NULL);
INSERT INTO special_bet (id, user_id, rule_id, team_value_id, string_value, int_value) VALUES (449, 14, 53, NULL, 'Červenka', NULL);
INSERT INTO special_bet (id, user_id, rule_id, team_value_id, string_value, int_value) VALUES (450, 8, 53, NULL, 'Červenka', NULL);
INSERT INTO special_bet (id, user_id, rule_id, team_value_id, string_value, int_value) VALUES (451, 12, 53, NULL, 'Červenka', NULL);
INSERT INTO special_bet (id, user_id, rule_id, team_value_id, string_value, int_value) VALUES (452, 16, 53, NULL, 'Kaše', NULL);
INSERT INTO special_bet (id, user_id, rule_id, team_value_id, string_value, int_value) VALUES (453, 2, 53, NULL, 'Červenka', NULL);
INSERT INTO special_bet (id, user_id, rule_id, team_value_id, string_value, int_value) VALUES (454, 6, 53, NULL, 'Sedlák', NULL);
INSERT INTO special_bet (id, user_id, rule_id, team_value_id, string_value, int_value) VALUES (455, 10, 53, NULL, 'Červenka', NULL);
INSERT INTO special_bet (id, user_id, rule_id, team_value_id, string_value, int_value) VALUES (456, 5, 53, NULL, 'Gudas', NULL);
INSERT INTO special_bet (id, user_id, rule_id, team_value_id, string_value, int_value) VALUES (457, 9, 53, NULL, 'Flek', NULL);
INSERT INTO special_bet_rule (id, tournament_id, name, value_type, scoring_type, points, sort_order, actual_team_value_id, actual_string_value, actual_int_value) VALUES (54, 8, 'Nejlepší Čech #2', 'string', 'any_match', 2.0, 4, NULL, 'Kubalík', NULL);
INSERT INTO special_bet (id, user_id, rule_id, team_value_id, string_value, int_value) VALUES (458, 11, 54, NULL, 'Kubalík', NULL);
INSERT INTO special_bet (id, user_id, rule_id, team_value_id, string_value, int_value) VALUES (459, 14, 54, NULL, 'Kubalík', NULL);
INSERT INTO special_bet (id, user_id, rule_id, team_value_id, string_value, int_value) VALUES (460, 8, 54, NULL, 'Kubalík', NULL);
INSERT INTO special_bet (id, user_id, rule_id, team_value_id, string_value, int_value) VALUES (461, 12, 54, NULL, 'Kubalík', NULL);
INSERT INTO special_bet (id, user_id, rule_id, team_value_id, string_value, int_value) VALUES (462, 16, 54, NULL, 'Palát', NULL);
INSERT INTO special_bet (id, user_id, rule_id, team_value_id, string_value, int_value) VALUES (463, 2, 54, NULL, 'Kubalík', NULL);
INSERT INTO special_bet (id, user_id, rule_id, team_value_id, string_value, int_value) VALUES (464, 6, 54, NULL, 'Kubalík', NULL);
INSERT INTO special_bet (id, user_id, rule_id, team_value_id, string_value, int_value) VALUES (465, 10, 54, NULL, 'Kubalík', NULL);
INSERT INTO special_bet (id, user_id, rule_id, team_value_id, string_value, int_value) VALUES (466, 5, 54, NULL, 'Kubalík', NULL);
INSERT INTO special_bet (id, user_id, rule_id, team_value_id, string_value, int_value) VALUES (467, 9, 54, NULL, 'Kubalík', NULL);
INSERT INTO special_bet_rule (id, tournament_id, name, value_type, scoring_type, points, sort_order, actual_team_value_id, actual_string_value, actual_int_value) VALUES (55, 8, 'Nejlepší Čech #3', 'string', 'any_match', 2.0, 5, NULL, 'Sedlák', NULL);
INSERT INTO special_bet (id, user_id, rule_id, team_value_id, string_value, int_value) VALUES (468, 11, 55, NULL, 'Sedlák', NULL);
INSERT INTO special_bet (id, user_id, rule_id, team_value_id, string_value, int_value) VALUES (469, 14, 55, NULL, 'Kundrátek', NULL);
INSERT INTO special_bet (id, user_id, rule_id, team_value_id, string_value, int_value) VALUES (470, 8, 55, NULL, 'Sedlák', NULL);
INSERT INTO special_bet (id, user_id, rule_id, team_value_id, string_value, int_value) VALUES (471, 12, 55, NULL, 'Kampf', NULL);
INSERT INTO special_bet (id, user_id, rule_id, team_value_id, string_value, int_value) VALUES (472, 16, 55, NULL, 'Kampf', NULL);
INSERT INTO special_bet (id, user_id, rule_id, team_value_id, string_value, int_value) VALUES (473, 2, 55, NULL, 'Kaše', NULL);
INSERT INTO special_bet (id, user_id, rule_id, team_value_id, string_value, int_value) VALUES (474, 6, 55, NULL, 'Nečas', NULL);
INSERT INTO special_bet (id, user_id, rule_id, team_value_id, string_value, int_value) VALUES (475, 10, 55, NULL, 'Palát', NULL);
INSERT INTO special_bet (id, user_id, rule_id, team_value_id, string_value, int_value) VALUES (476, 5, 55, NULL, 'Tomášek', NULL);
INSERT INTO special_bet (id, user_id, rule_id, team_value_id, string_value, int_value) VALUES (477, 9, 55, NULL, 'Gudas', NULL);
INSERT INTO special_bet_rule (id, tournament_id, name, value_type, scoring_type, points, sort_order, actual_team_value_id, actual_string_value, actual_int_value) VALUES (56, 8, 'Tip na pořadí po základní části - Skupina A - 1. místo', 'team', 'exact_match', 0.5, 6, 4, NULL, NULL);
INSERT INTO special_bet (id, user_id, rule_id, team_value_id, string_value, int_value) VALUES (478, 11, 56, 4, NULL, NULL);
INSERT INTO special_bet (id, user_id, rule_id, team_value_id, string_value, int_value) VALUES (479, 14, 56, 4, NULL, NULL);
INSERT INTO special_bet (id, user_id, rule_id, team_value_id, string_value, int_value) VALUES (480, 8, 56, 4, NULL, NULL);
INSERT INTO special_bet (id, user_id, rule_id, team_value_id, string_value, int_value) VALUES (481, 12, 56, 4, NULL, NULL);
INSERT INTO special_bet (id, user_id, rule_id, team_value_id, string_value, int_value) VALUES (482, 16, 56, 4, NULL, NULL);
INSERT INTO special_bet (id, user_id, rule_id, team_value_id, string_value, int_value) VALUES (483, 2, 56, 6, NULL, NULL);
INSERT INTO special_bet (id, user_id, rule_id, team_value_id, string_value, int_value) VALUES (484, 6, 56, 21, NULL, NULL);
INSERT INTO special_bet (id, user_id, rule_id, team_value_id, string_value, int_value) VALUES (485, 10, 56, 4, NULL, NULL);
INSERT INTO special_bet (id, user_id, rule_id, team_value_id, string_value, int_value) VALUES (486, 5, 56, 4, NULL, NULL);
INSERT INTO special_bet (id, user_id, rule_id, team_value_id, string_value, int_value) VALUES (487, 9, 56, 4, NULL, NULL);
INSERT INTO special_bet_rule (id, tournament_id, name, value_type, scoring_type, points, sort_order, actual_team_value_id, actual_string_value, actual_int_value) VALUES (57, 8, 'Tip na pořadí po základní části - Skupina A - 2. místo', 'team', 'exact_match', 0.5, 7, 21, NULL, NULL);
INSERT INTO special_bet (id, user_id, rule_id, team_value_id, string_value, int_value) VALUES (488, 11, 57, 21, NULL, NULL);
INSERT INTO special_bet (id, user_id, rule_id, team_value_id, string_value, int_value) VALUES (489, 14, 57, 6, NULL, NULL);
INSERT INTO special_bet (id, user_id, rule_id, team_value_id, string_value, int_value) VALUES (490, 8, 57, 8, NULL, NULL);
INSERT INTO special_bet (id, user_id, rule_id, team_value_id, string_value, int_value) VALUES (491, 12, 57, 8, NULL, NULL);
INSERT INTO special_bet (id, user_id, rule_id, team_value_id, string_value, int_value) VALUES (492, 16, 57, 6, NULL, NULL);
INSERT INTO special_bet (id, user_id, rule_id, team_value_id, string_value, int_value) VALUES (493, 2, 57, 4, NULL, NULL);
INSERT INTO special_bet (id, user_id, rule_id, team_value_id, string_value, int_value) VALUES (494, 6, 57, 8, NULL, NULL);
INSERT INTO special_bet (id, user_id, rule_id, team_value_id, string_value, int_value) VALUES (495, 10, 57, 8, NULL, NULL);
INSERT INTO special_bet (id, user_id, rule_id, team_value_id, string_value, int_value) VALUES (496, 5, 57, 6, NULL, NULL);
INSERT INTO special_bet (id, user_id, rule_id, team_value_id, string_value, int_value) VALUES (497, 9, 57, 6, NULL, NULL);
INSERT INTO special_bet_rule (id, tournament_id, name, value_type, scoring_type, points, sort_order, actual_team_value_id, actual_string_value, actual_int_value) VALUES (58, 8, 'Tip na pořadí po základní části - Skupina A - 3. místo', 'team', 'exact_match', 0.5, 8, 6, NULL, NULL);
INSERT INTO special_bet (id, user_id, rule_id, team_value_id, string_value, int_value) VALUES (498, 11, 58, 8, NULL, NULL);
INSERT INTO special_bet (id, user_id, rule_id, team_value_id, string_value, int_value) VALUES (499, 14, 58, 8, NULL, NULL);
INSERT INTO special_bet (id, user_id, rule_id, team_value_id, string_value, int_value) VALUES (500, 8, 58, 21, NULL, NULL);
INSERT INTO special_bet (id, user_id, rule_id, team_value_id, string_value, int_value) VALUES (501, 12, 58, 6, NULL, NULL);
INSERT INTO special_bet (id, user_id, rule_id, team_value_id, string_value, int_value) VALUES (502, 16, 58, 21, NULL, NULL);
INSERT INTO special_bet (id, user_id, rule_id, team_value_id, string_value, int_value) VALUES (503, 2, 58, 21, NULL, NULL);
INSERT INTO special_bet (id, user_id, rule_id, team_value_id, string_value, int_value) VALUES (504, 6, 58, 4, NULL, NULL);
INSERT INTO special_bet (id, user_id, rule_id, team_value_id, string_value, int_value) VALUES (505, 10, 58, 21, NULL, NULL);
INSERT INTO special_bet (id, user_id, rule_id, team_value_id, string_value, int_value) VALUES (506, 5, 58, 8, NULL, NULL);
INSERT INTO special_bet (id, user_id, rule_id, team_value_id, string_value, int_value) VALUES (507, 9, 58, 8, NULL, NULL);
INSERT INTO special_bet_rule (id, tournament_id, name, value_type, scoring_type, points, sort_order, actual_team_value_id, actual_string_value, actual_int_value) VALUES (59, 8, 'Tip na pořadí po základní části - Skupina A - 4. místo', 'team', 'exact_match', 0.5, 9, 8, NULL, NULL);
INSERT INTO special_bet (id, user_id, rule_id, team_value_id, string_value, int_value) VALUES (508, 11, 59, 6, NULL, NULL);
INSERT INTO special_bet (id, user_id, rule_id, team_value_id, string_value, int_value) VALUES (509, 14, 59, 21, NULL, NULL);
INSERT INTO special_bet (id, user_id, rule_id, team_value_id, string_value, int_value) VALUES (510, 8, 59, 6, NULL, NULL);
INSERT INTO special_bet (id, user_id, rule_id, team_value_id, string_value, int_value) VALUES (511, 12, 59, 21, NULL, NULL);
INSERT INTO special_bet (id, user_id, rule_id, team_value_id, string_value, int_value) VALUES (512, 16, 59, 8, NULL, NULL);
INSERT INTO special_bet (id, user_id, rule_id, team_value_id, string_value, int_value) VALUES (513, 2, 59, 8, NULL, NULL);
INSERT INTO special_bet (id, user_id, rule_id, team_value_id, string_value, int_value) VALUES (514, 6, 59, 6, NULL, NULL);
INSERT INTO special_bet (id, user_id, rule_id, team_value_id, string_value, int_value) VALUES (515, 10, 59, 6, NULL, NULL);
INSERT INTO special_bet (id, user_id, rule_id, team_value_id, string_value, int_value) VALUES (516, 5, 59, 21, NULL, NULL);
INSERT INTO special_bet (id, user_id, rule_id, team_value_id, string_value, int_value) VALUES (517, 9, 59, 21, NULL, NULL);
INSERT INTO special_bet_rule (id, tournament_id, name, value_type, scoring_type, points, sort_order, actual_team_value_id, actual_string_value, actual_int_value) VALUES (60, 8, 'Tip na pořadí po základní části - Skupina A - 5. místo', 'team', 'exact_match', 0.5, 10, 1, NULL, NULL);
INSERT INTO special_bet (id, user_id, rule_id, team_value_id, string_value, int_value) VALUES (518, 11, 60, 16, NULL, NULL);
INSERT INTO special_bet (id, user_id, rule_id, team_value_id, string_value, int_value) VALUES (519, 14, 60, 16, NULL, NULL);
INSERT INTO special_bet (id, user_id, rule_id, team_value_id, string_value, int_value) VALUES (520, 8, 60, 16, NULL, NULL);
INSERT INTO special_bet (id, user_id, rule_id, team_value_id, string_value, int_value) VALUES (521, 12, 60, 7, NULL, NULL);
INSERT INTO special_bet (id, user_id, rule_id, team_value_id, string_value, int_value) VALUES (522, 16, 60, 1, NULL, NULL);
INSERT INTO special_bet (id, user_id, rule_id, team_value_id, string_value, int_value) VALUES (523, 2, 60, 16, NULL, NULL);
INSERT INTO special_bet (id, user_id, rule_id, team_value_id, string_value, int_value) VALUES (524, 6, 60, 7, NULL, NULL);
INSERT INTO special_bet (id, user_id, rule_id, team_value_id, string_value, int_value) VALUES (525, 10, 60, 7, NULL, NULL);
INSERT INTO special_bet (id, user_id, rule_id, team_value_id, string_value, int_value) VALUES (526, 5, 60, 7, NULL, NULL);
INSERT INTO special_bet (id, user_id, rule_id, team_value_id, string_value, int_value) VALUES (527, 9, 60, 16, NULL, NULL);
INSERT INTO special_bet_rule (id, tournament_id, name, value_type, scoring_type, points, sort_order, actual_team_value_id, actual_string_value, actual_int_value) VALUES (61, 8, 'Tip na pořadí po základní části - Skupina A - 6. místo', 'team', 'exact_match', 0.5, 11, 16, NULL, NULL);
INSERT INTO special_bet (id, user_id, rule_id, team_value_id, string_value, int_value) VALUES (528, 11, 61, 7, NULL, NULL);
INSERT INTO special_bet (id, user_id, rule_id, team_value_id, string_value, int_value) VALUES (529, 14, 61, 7, NULL, NULL);
INSERT INTO special_bet (id, user_id, rule_id, team_value_id, string_value, int_value) VALUES (530, 8, 61, 7, NULL, NULL);
INSERT INTO special_bet (id, user_id, rule_id, team_value_id, string_value, int_value) VALUES (531, 12, 61, 16, NULL, NULL);
INSERT INTO special_bet (id, user_id, rule_id, team_value_id, string_value, int_value) VALUES (532, 16, 61, 7, NULL, NULL);
INSERT INTO special_bet (id, user_id, rule_id, team_value_id, string_value, int_value) VALUES (533, 2, 61, 7, NULL, NULL);
INSERT INTO special_bet (id, user_id, rule_id, team_value_id, string_value, int_value) VALUES (534, 6, 61, 16, NULL, NULL);
INSERT INTO special_bet (id, user_id, rule_id, team_value_id, string_value, int_value) VALUES (535, 10, 61, 16, NULL, NULL);
INSERT INTO special_bet (id, user_id, rule_id, team_value_id, string_value, int_value) VALUES (536, 5, 61, 16, NULL, NULL);
INSERT INTO special_bet (id, user_id, rule_id, team_value_id, string_value, int_value) VALUES (537, 9, 61, 1, NULL, NULL);
INSERT INTO special_bet_rule (id, tournament_id, name, value_type, scoring_type, points, sort_order, actual_team_value_id, actual_string_value, actual_int_value) VALUES (62, 8, 'Tip na pořadí po základní části - Skupina A - 7. místo', 'team', 'exact_match', 0.5, 12, 7, NULL, NULL);
INSERT INTO special_bet (id, user_id, rule_id, team_value_id, string_value, int_value) VALUES (538, 11, 62, 1, NULL, NULL);
INSERT INTO special_bet (id, user_id, rule_id, team_value_id, string_value, int_value) VALUES (539, 14, 62, 1, NULL, NULL);
INSERT INTO special_bet (id, user_id, rule_id, team_value_id, string_value, int_value) VALUES (540, 8, 62, 1, NULL, NULL);
INSERT INTO special_bet (id, user_id, rule_id, team_value_id, string_value, int_value) VALUES (541, 12, 62, 1, NULL, NULL);
INSERT INTO special_bet (id, user_id, rule_id, team_value_id, string_value, int_value) VALUES (542, 16, 62, 16, NULL, NULL);
INSERT INTO special_bet (id, user_id, rule_id, team_value_id, string_value, int_value) VALUES (543, 2, 62, 1, NULL, NULL);
INSERT INTO special_bet (id, user_id, rule_id, team_value_id, string_value, int_value) VALUES (544, 6, 62, 1, NULL, NULL);
INSERT INTO special_bet (id, user_id, rule_id, team_value_id, string_value, int_value) VALUES (545, 10, 62, 10, NULL, NULL);
INSERT INTO special_bet (id, user_id, rule_id, team_value_id, string_value, int_value) VALUES (546, 5, 62, 1, NULL, NULL);
INSERT INTO special_bet (id, user_id, rule_id, team_value_id, string_value, int_value) VALUES (547, 9, 62, 7, NULL, NULL);
INSERT INTO special_bet_rule (id, tournament_id, name, value_type, scoring_type, points, sort_order, actual_team_value_id, actual_string_value, actual_int_value) VALUES (63, 8, 'Tip na pořadí po základní části - Skupina A - 8. místo', 'team', 'exact_match', 0.5, 13, 10, NULL, NULL);
INSERT INTO special_bet (id, user_id, rule_id, team_value_id, string_value, int_value) VALUES (548, 11, 63, 10, NULL, NULL);
INSERT INTO special_bet (id, user_id, rule_id, team_value_id, string_value, int_value) VALUES (549, 14, 63, 10, NULL, NULL);
INSERT INTO special_bet (id, user_id, rule_id, team_value_id, string_value, int_value) VALUES (550, 8, 63, 10, NULL, NULL);
INSERT INTO special_bet (id, user_id, rule_id, team_value_id, string_value, int_value) VALUES (551, 12, 63, 10, NULL, NULL);
INSERT INTO special_bet (id, user_id, rule_id, team_value_id, string_value, int_value) VALUES (552, 16, 63, 10, NULL, NULL);
INSERT INTO special_bet (id, user_id, rule_id, team_value_id, string_value, int_value) VALUES (553, 2, 63, 10, NULL, NULL);
INSERT INTO special_bet (id, user_id, rule_id, team_value_id, string_value, int_value) VALUES (554, 6, 63, 10, NULL, NULL);
INSERT INTO special_bet (id, user_id, rule_id, team_value_id, string_value, int_value) VALUES (555, 10, 63, 1, NULL, NULL);
INSERT INTO special_bet (id, user_id, rule_id, team_value_id, string_value, int_value) VALUES (556, 5, 63, 10, NULL, NULL);
INSERT INTO special_bet (id, user_id, rule_id, team_value_id, string_value, int_value) VALUES (557, 9, 63, 10, NULL, NULL);
INSERT INTO special_bet_rule (id, tournament_id, name, value_type, scoring_type, points, sort_order, actual_team_value_id, actual_string_value, actual_int_value) VALUES (64, 8, 'Tip na pořadí po základní části - Skupina B - 1. místo', 'team', 'exact_match', 0.5, 14, 23, NULL, NULL);
INSERT INTO special_bet (id, user_id, rule_id, team_value_id, string_value, int_value) VALUES (558, 11, 64, 24, NULL, NULL);
INSERT INTO special_bet (id, user_id, rule_id, team_value_id, string_value, int_value) VALUES (559, 14, 64, 23, NULL, NULL);
INSERT INTO special_bet (id, user_id, rule_id, team_value_id, string_value, int_value) VALUES (560, 8, 64, 23, NULL, NULL);
INSERT INTO special_bet (id, user_id, rule_id, team_value_id, string_value, int_value) VALUES (561, 12, 64, 24, NULL, NULL);
INSERT INTO special_bet (id, user_id, rule_id, team_value_id, string_value, int_value) VALUES (562, 16, 64, 23, NULL, NULL);
INSERT INTO special_bet (id, user_id, rule_id, team_value_id, string_value, int_value) VALUES (563, 2, 64, 24, NULL, NULL);
INSERT INTO special_bet (id, user_id, rule_id, team_value_id, string_value, int_value) VALUES (564, 6, 64, 23, NULL, NULL);
INSERT INTO special_bet (id, user_id, rule_id, team_value_id, string_value, int_value) VALUES (565, 10, 64, 24, NULL, NULL);
INSERT INTO special_bet (id, user_id, rule_id, team_value_id, string_value, int_value) VALUES (566, 5, 64, 23, NULL, NULL);
INSERT INTO special_bet (id, user_id, rule_id, team_value_id, string_value, int_value) VALUES (567, 9, 64, 24, NULL, NULL);
INSERT INTO special_bet_rule (id, tournament_id, name, value_type, scoring_type, points, sort_order, actual_team_value_id, actual_string_value, actual_int_value) VALUES (65, 8, 'Tip na pořadí po základní části - Skupina B - 2. místo', 'team', 'exact_match', 0.5, 15, 24, NULL, NULL);
INSERT INTO special_bet (id, user_id, rule_id, team_value_id, string_value, int_value) VALUES (568, 11, 65, 23, NULL, NULL);
INSERT INTO special_bet (id, user_id, rule_id, team_value_id, string_value, int_value) VALUES (569, 14, 65, 24, NULL, NULL);
INSERT INTO special_bet (id, user_id, rule_id, team_value_id, string_value, int_value) VALUES (570, 8, 65, 24, NULL, NULL);
INSERT INTO special_bet (id, user_id, rule_id, team_value_id, string_value, int_value) VALUES (571, 12, 65, 23, NULL, NULL);
INSERT INTO special_bet (id, user_id, rule_id, team_value_id, string_value, int_value) VALUES (572, 16, 65, 24, NULL, NULL);
INSERT INTO special_bet (id, user_id, rule_id, team_value_id, string_value, int_value) VALUES (573, 2, 65, 23, NULL, NULL);
INSERT INTO special_bet (id, user_id, rule_id, team_value_id, string_value, int_value) VALUES (574, 6, 65, 24, NULL, NULL);
INSERT INTO special_bet (id, user_id, rule_id, team_value_id, string_value, int_value) VALUES (575, 10, 65, 23, NULL, NULL);
INSERT INTO special_bet (id, user_id, rule_id, team_value_id, string_value, int_value) VALUES (576, 5, 65, 24, NULL, NULL);
INSERT INTO special_bet (id, user_id, rule_id, team_value_id, string_value, int_value) VALUES (577, 9, 65, 23, NULL, NULL);
INSERT INTO special_bet_rule (id, tournament_id, name, value_type, scoring_type, points, sort_order, actual_team_value_id, actual_string_value, actual_int_value) VALUES (66, 8, 'Tip na pořadí po základní části - Skupina B - 3. místo', 'team', 'exact_match', 0.5, 16, 11, NULL, NULL);
INSERT INTO special_bet (id, user_id, rule_id, team_value_id, string_value, int_value) VALUES (578, 11, 66, 22, NULL, NULL);
INSERT INTO special_bet (id, user_id, rule_id, team_value_id, string_value, int_value) VALUES (579, 14, 66, 11, NULL, NULL);
INSERT INTO special_bet (id, user_id, rule_id, team_value_id, string_value, int_value) VALUES (580, 8, 66, 11, NULL, NULL);
INSERT INTO special_bet (id, user_id, rule_id, team_value_id, string_value, int_value) VALUES (581, 12, 66, 15, NULL, NULL);
INSERT INTO special_bet (id, user_id, rule_id, team_value_id, string_value, int_value) VALUES (582, 16, 66, 22, NULL, NULL);
INSERT INTO special_bet (id, user_id, rule_id, team_value_id, string_value, int_value) VALUES (583, 2, 66, 11, NULL, NULL);
INSERT INTO special_bet (id, user_id, rule_id, team_value_id, string_value, int_value) VALUES (584, 6, 66, 22, NULL, NULL);
INSERT INTO special_bet (id, user_id, rule_id, team_value_id, string_value, int_value) VALUES (585, 10, 66, 11, NULL, NULL);
INSERT INTO special_bet (id, user_id, rule_id, team_value_id, string_value, int_value) VALUES (586, 5, 66, 22, NULL, NULL);
INSERT INTO special_bet (id, user_id, rule_id, team_value_id, string_value, int_value) VALUES (587, 9, 66, 22, NULL, NULL);
INSERT INTO special_bet_rule (id, tournament_id, name, value_type, scoring_type, points, sort_order, actual_team_value_id, actual_string_value, actual_int_value) VALUES (67, 8, 'Tip na pořadí po základní části - Skupina B - 4. místo', 'team', 'exact_match', 0.5, 17, 22, NULL, NULL);
INSERT INTO special_bet (id, user_id, rule_id, team_value_id, string_value, int_value) VALUES (588, 11, 67, 15, NULL, NULL);
INSERT INTO special_bet (id, user_id, rule_id, team_value_id, string_value, int_value) VALUES (589, 14, 67, 22, NULL, NULL);
INSERT INTO special_bet (id, user_id, rule_id, team_value_id, string_value, int_value) VALUES (590, 8, 67, 15, NULL, NULL);
INSERT INTO special_bet (id, user_id, rule_id, team_value_id, string_value, int_value) VALUES (591, 12, 67, 22, NULL, NULL);
INSERT INTO special_bet (id, user_id, rule_id, team_value_id, string_value, int_value) VALUES (592, 16, 67, 11, NULL, NULL);
INSERT INTO special_bet (id, user_id, rule_id, team_value_id, string_value, int_value) VALUES (593, 2, 67, 22, NULL, NULL);
INSERT INTO special_bet (id, user_id, rule_id, team_value_id, string_value, int_value) VALUES (594, 6, 67, 11, NULL, NULL);
INSERT INTO special_bet (id, user_id, rule_id, team_value_id, string_value, int_value) VALUES (595, 10, 67, 15, NULL, NULL);
INSERT INTO special_bet (id, user_id, rule_id, team_value_id, string_value, int_value) VALUES (596, 5, 67, 11, NULL, NULL);
INSERT INTO special_bet (id, user_id, rule_id, team_value_id, string_value, int_value) VALUES (597, 9, 67, 11, NULL, NULL);
INSERT INTO special_bet_rule (id, tournament_id, name, value_type, scoring_type, points, sort_order, actual_team_value_id, actual_string_value, actual_int_value) VALUES (68, 8, 'Tip na pořadí po základní části - Skupina B - 5. místo', 'team', 'exact_match', 0.5, 18, 15, NULL, NULL);
INSERT INTO special_bet (id, user_id, rule_id, team_value_id, string_value, int_value) VALUES (598, 11, 68, 11, NULL, NULL);
INSERT INTO special_bet (id, user_id, rule_id, team_value_id, string_value, int_value) VALUES (599, 14, 68, 15, NULL, NULL);
INSERT INTO special_bet (id, user_id, rule_id, team_value_id, string_value, int_value) VALUES (600, 8, 68, 22, NULL, NULL);
INSERT INTO special_bet (id, user_id, rule_id, team_value_id, string_value, int_value) VALUES (601, 12, 68, 11, NULL, NULL);
INSERT INTO special_bet (id, user_id, rule_id, team_value_id, string_value, int_value) VALUES (602, 16, 68, 15, NULL, NULL);
INSERT INTO special_bet (id, user_id, rule_id, team_value_id, string_value, int_value) VALUES (603, 2, 68, 14, NULL, NULL);
INSERT INTO special_bet (id, user_id, rule_id, team_value_id, string_value, int_value) VALUES (604, 6, 68, 15, NULL, NULL);
INSERT INTO special_bet (id, user_id, rule_id, team_value_id, string_value, int_value) VALUES (605, 10, 68, 22, NULL, NULL);
INSERT INTO special_bet (id, user_id, rule_id, team_value_id, string_value, int_value) VALUES (606, 5, 68, 15, NULL, NULL);
INSERT INTO special_bet (id, user_id, rule_id, team_value_id, string_value, int_value) VALUES (607, 9, 68, 9, NULL, NULL);
INSERT INTO special_bet_rule (id, tournament_id, name, value_type, scoring_type, points, sort_order, actual_team_value_id, actual_string_value, actual_int_value) VALUES (69, 8, 'Tip na pořadí po základní části - Skupina B - 6. místo', 'team', 'exact_match', 0.5, 19, 14, NULL, NULL);
INSERT INTO special_bet (id, user_id, rule_id, team_value_id, string_value, int_value) VALUES (608, 11, 69, 9, NULL, NULL);
INSERT INTO special_bet (id, user_id, rule_id, team_value_id, string_value, int_value) VALUES (609, 14, 69, 14, NULL, NULL);
INSERT INTO special_bet (id, user_id, rule_id, team_value_id, string_value, int_value) VALUES (610, 8, 69, 9, NULL, NULL);
INSERT INTO special_bet (id, user_id, rule_id, team_value_id, string_value, int_value) VALUES (611, 12, 69, 14, NULL, NULL);
INSERT INTO special_bet (id, user_id, rule_id, team_value_id, string_value, int_value) VALUES (612, 16, 69, 14, NULL, NULL);
INSERT INTO special_bet (id, user_id, rule_id, team_value_id, string_value, int_value) VALUES (613, 2, 69, 15, NULL, NULL);
INSERT INTO special_bet (id, user_id, rule_id, team_value_id, string_value, int_value) VALUES (614, 6, 69, 14, NULL, NULL);
INSERT INTO special_bet (id, user_id, rule_id, team_value_id, string_value, int_value) VALUES (615, 10, 69, 14, NULL, NULL);
INSERT INTO special_bet (id, user_id, rule_id, team_value_id, string_value, int_value) VALUES (616, 5, 69, 14, NULL, NULL);
INSERT INTO special_bet (id, user_id, rule_id, team_value_id, string_value, int_value) VALUES (617, 9, 69, 15, NULL, NULL);
INSERT INTO special_bet_rule (id, tournament_id, name, value_type, scoring_type, points, sort_order, actual_team_value_id, actual_string_value, actual_int_value) VALUES (70, 8, 'Tip na pořadí po základní části - Skupina B - 7. místo', 'team', 'exact_match', 0.5, 20, 9, NULL, NULL);
INSERT INTO special_bet (id, user_id, rule_id, team_value_id, string_value, int_value) VALUES (618, 11, 70, 14, NULL, NULL);
INSERT INTO special_bet (id, user_id, rule_id, team_value_id, string_value, int_value) VALUES (619, 14, 70, 9, NULL, NULL);
INSERT INTO special_bet (id, user_id, rule_id, team_value_id, string_value, int_value) VALUES (620, 8, 70, 17, NULL, NULL);
INSERT INTO special_bet (id, user_id, rule_id, team_value_id, string_value, int_value) VALUES (621, 12, 70, 9, NULL, NULL);
INSERT INTO special_bet (id, user_id, rule_id, team_value_id, string_value, int_value) VALUES (622, 16, 70, 9, NULL, NULL);
INSERT INTO special_bet (id, user_id, rule_id, team_value_id, string_value, int_value) VALUES (623, 2, 70, 9, NULL, NULL);
INSERT INTO special_bet (id, user_id, rule_id, team_value_id, string_value, int_value) VALUES (624, 6, 70, 9, NULL, NULL);
INSERT INTO special_bet (id, user_id, rule_id, team_value_id, string_value, int_value) VALUES (625, 10, 70, 9, NULL, NULL);
INSERT INTO special_bet (id, user_id, rule_id, team_value_id, string_value, int_value) VALUES (626, 5, 70, 9, NULL, NULL);
INSERT INTO special_bet (id, user_id, rule_id, team_value_id, string_value, int_value) VALUES (627, 9, 70, 14, NULL, NULL);
INSERT INTO special_bet_rule (id, tournament_id, name, value_type, scoring_type, points, sort_order, actual_team_value_id, actual_string_value, actual_int_value) VALUES (71, 8, 'Tip na pořadí po základní části - Skupina B - 8. místo', 'team', 'exact_match', 0.5, 21, 17, NULL, NULL);
INSERT INTO special_bet (id, user_id, rule_id, team_value_id, string_value, int_value) VALUES (628, 11, 71, 17, NULL, NULL);
INSERT INTO special_bet (id, user_id, rule_id, team_value_id, string_value, int_value) VALUES (629, 14, 71, 17, NULL, NULL);
INSERT INTO special_bet (id, user_id, rule_id, team_value_id, string_value, int_value) VALUES (630, 8, 71, 14, NULL, NULL);
INSERT INTO special_bet (id, user_id, rule_id, team_value_id, string_value, int_value) VALUES (631, 12, 71, 17, NULL, NULL);
INSERT INTO special_bet (id, user_id, rule_id, team_value_id, string_value, int_value) VALUES (632, 16, 71, 17, NULL, NULL);
INSERT INTO special_bet (id, user_id, rule_id, team_value_id, string_value, int_value) VALUES (633, 2, 71, 17, NULL, NULL);
INSERT INTO special_bet (id, user_id, rule_id, team_value_id, string_value, int_value) VALUES (634, 6, 71, 17, NULL, NULL);
INSERT INTO special_bet (id, user_id, rule_id, team_value_id, string_value, int_value) VALUES (635, 10, 71, 17, NULL, NULL);
INSERT INTO special_bet (id, user_id, rule_id, team_value_id, string_value, int_value) VALUES (636, 5, 71, 17, NULL, NULL);
INSERT INTO special_bet (id, user_id, rule_id, team_value_id, string_value, int_value) VALUES (637, 9, 71, 17, NULL, NULL);
INSERT INTO special_bet_rule (id, tournament_id, name, value_type, scoring_type, points, sort_order, actual_team_value_id, actual_string_value, actual_int_value) VALUES (72, 8, 'Počet gólů české reprezentace', 'integer', 'closest', 2.0, 22, NULL, NULL, 42);
INSERT INTO special_bet (id, user_id, rule_id, team_value_id, string_value, int_value) VALUES (638, 11, 72, NULL, NULL, 25);
INSERT INTO special_bet (id, user_id, rule_id, team_value_id, string_value, int_value) VALUES (639, 14, 72, NULL, NULL, 32);
INSERT INTO special_bet (id, user_id, rule_id, team_value_id, string_value, int_value) VALUES (640, 8, 72, NULL, NULL, 22);
INSERT INTO special_bet (id, user_id, rule_id, team_value_id, string_value, int_value) VALUES (641, 12, 72, NULL, NULL, 26);
INSERT INTO special_bet (id, user_id, rule_id, team_value_id, string_value, int_value) VALUES (642, 16, 72, NULL, NULL, 19);
INSERT INTO special_bet (id, user_id, rule_id, team_value_id, string_value, int_value) VALUES (643, 2, 72, NULL, NULL, 34);
INSERT INTO special_bet (id, user_id, rule_id, team_value_id, string_value, int_value) VALUES (644, 6, 72, NULL, NULL, 25);
INSERT INTO special_bet (id, user_id, rule_id, team_value_id, string_value, int_value) VALUES (645, 10, 72, NULL, NULL, 28);
INSERT INTO special_bet (id, user_id, rule_id, team_value_id, string_value, int_value) VALUES (646, 5, 72, NULL, NULL, 31);
INSERT INTO special_bet (id, user_id, rule_id, team_value_id, string_value, int_value) VALUES (647, 9, 72, NULL, NULL, 22);
INSERT INTO special_bet_rule (id, tournament_id, name, value_type, scoring_type, points, sort_order, actual_team_value_id, actual_string_value, actual_int_value) VALUES (73, 8, 'Počet remíz po základní hrací době', 'integer', 'closest', 2.0, 23, NULL, NULL, 10);
INSERT INTO special_bet (id, user_id, rule_id, team_value_id, string_value, int_value) VALUES (648, 11, 73, NULL, NULL, 7);
INSERT INTO special_bet (id, user_id, rule_id, team_value_id, string_value, int_value) VALUES (649, 14, 73, NULL, NULL, 9);
INSERT INTO special_bet (id, user_id, rule_id, team_value_id, string_value, int_value) VALUES (650, 8, 73, NULL, NULL, 8);
INSERT INTO special_bet (id, user_id, rule_id, team_value_id, string_value, int_value) VALUES (651, 12, 73, NULL, NULL, 4);
INSERT INTO special_bet (id, user_id, rule_id, team_value_id, string_value, int_value) VALUES (652, 16, 73, NULL, NULL, 4);
INSERT INTO special_bet (id, user_id, rule_id, team_value_id, string_value, int_value) VALUES (653, 2, 73, NULL, NULL, 6);
INSERT INTO special_bet (id, user_id, rule_id, team_value_id, string_value, int_value) VALUES (654, 6, 73, NULL, NULL, 9);
INSERT INTO special_bet (id, user_id, rule_id, team_value_id, string_value, int_value) VALUES (655, 10, 73, NULL, NULL, 12);
INSERT INTO special_bet (id, user_id, rule_id, team_value_id, string_value, int_value) VALUES (656, 5, 73, NULL, NULL, 6);
INSERT INTO special_bet (id, user_id, rule_id, team_value_id, string_value, int_value) VALUES (657, 9, 73, NULL, NULL, 5);
INSERT INTO special_bet_rule (id, tournament_id, name, value_type, scoring_type, points, sort_order, actual_team_value_id, actual_string_value, actual_int_value) VALUES (74, 8, 'Trestné minuty Radko Gudase', 'integer', 'closest', 2.0, 24, NULL, NULL, 18);
INSERT INTO special_bet (id, user_id, rule_id, team_value_id, string_value, int_value) VALUES (658, 11, 74, NULL, NULL, 12);
INSERT INTO special_bet (id, user_id, rule_id, team_value_id, string_value, int_value) VALUES (659, 14, 74, NULL, NULL, 40);
INSERT INTO special_bet (id, user_id, rule_id, team_value_id, string_value, int_value) VALUES (660, 8, 74, NULL, NULL, 6);
INSERT INTO special_bet (id, user_id, rule_id, team_value_id, string_value, int_value) VALUES (661, 12, 74, NULL, NULL, 6);
INSERT INTO special_bet (id, user_id, rule_id, team_value_id, string_value, int_value) VALUES (662, 16, 74, NULL, NULL, 28);
INSERT INTO special_bet (id, user_id, rule_id, team_value_id, string_value, int_value) VALUES (663, 2, 74, NULL, NULL, 10);
INSERT INTO special_bet (id, user_id, rule_id, team_value_id, string_value, int_value) VALUES (664, 6, 74, NULL, NULL, 4);
INSERT INTO special_bet (id, user_id, rule_id, team_value_id, string_value, int_value) VALUES (665, 10, 74, NULL, NULL, 12);
INSERT INTO special_bet (id, user_id, rule_id, team_value_id, string_value, int_value) VALUES (666, 5, 74, NULL, NULL, 16);
INSERT INTO special_bet (id, user_id, rule_id, team_value_id, string_value, int_value) VALUES (667, 9, 74, NULL, NULL, 20);

-- Tournament: MS 2025
INSERT INTO tournament (id, name, year, slug, status, created_at) VALUES (9, 'MS 2025', 2025, 'ms-2025', 'finished', '2024-01-01 00:00:00');
INSERT INTO rule_set (id, tournament_id, winner_base_points, wrong_opponent_bonus, exact_score_bonus, prizes) VALUES (9, 9, 1.0, 0.25, 2.0, '{"1": 350, "2": 200, "3": 50}');
INSERT INTO "match" (id, tournament_id, home_team_id, away_team_id, phase, played_at, home_score, away_score, is_finished) VALUES (477, 9, 1, 8, 'group_stage', '2025-05-09 16:20:00', 1, 2, true);
INSERT INTO "match" (id, tournament_id, home_team_id, away_team_id, phase, played_at, home_score, away_score, is_finished) VALUES (478, 9, 21, 6, 'group_stage', '2025-05-09 16:20:00', 4, 5, true);
INSERT INTO "match" (id, tournament_id, home_team_id, away_team_id, phase, played_at, home_score, away_score, is_finished) VALUES (479, 9, 23, 22, 'group_stage', '2025-05-09 20:20:00', 5, 0, true);
INSERT INTO "match" (id, tournament_id, home_team_id, away_team_id, phase, played_at, home_score, away_score, is_finished) VALUES (480, 9, 7, 24, 'group_stage', '2025-05-09 20:20:00', 0, 5, true);
INSERT INTO "match" (id, tournament_id, home_team_id, away_team_id, phase, played_at, home_score, away_score, is_finished) VALUES (481, 9, 20, 4, 'group_stage', '2025-05-10 12:20:00', 0, 4, true);
INSERT INTO "match" (id, tournament_id, home_team_id, away_team_id, phase, played_at, home_score, away_score, is_finished) VALUES (482, 9, 16, 14, 'group_stage', '2025-05-10 12:20:00', 1, 2, true);
INSERT INTO "match" (id, tournament_id, home_team_id, away_team_id, phase, played_at, home_score, away_score, is_finished) VALUES (483, 9, 23, 1, 'group_stage', '2025-05-10 16:20:00', 4, 2, true);
INSERT INTO "match" (id, tournament_id, home_team_id, away_team_id, phase, played_at, home_score, away_score, is_finished) VALUES (484, 9, 11, 12, 'group_stage', '2025-05-10 16:20:00', 6, 1, true);
INSERT INTO "match" (id, tournament_id, home_team_id, away_team_id, phase, played_at, home_score, away_score, is_finished) VALUES (485, 9, 9, 15, 'group_stage', '2025-05-10 20:20:00', 1, 4, true);
INSERT INTO "match" (id, tournament_id, home_team_id, away_team_id, phase, played_at, home_score, away_score, is_finished) VALUES (486, 9, 7, 21, 'group_stage', '2025-05-10 20:20:00', 2, 5, true);
INSERT INTO "match" (id, tournament_id, home_team_id, away_team_id, phase, played_at, home_score, away_score, is_finished) VALUES (487, 9, 22, 20, 'group_stage', '2025-05-11 12:20:00', 3, 1, true);
INSERT INTO "match" (id, tournament_id, home_team_id, away_team_id, phase, played_at, home_score, away_score, is_finished) VALUES (488, 9, 24, 12, 'group_stage', '2025-05-11 12:20:00', 6, 0, true);
INSERT INTO "match" (id, tournament_id, home_team_id, away_team_id, phase, played_at, home_score, away_score, is_finished) VALUES (489, 9, 15, 4, 'group_stage', '2025-05-11 16:20:00', 1, 7, true);
INSERT INTO "match" (id, tournament_id, home_team_id, away_team_id, phase, played_at, home_score, away_score, is_finished) VALUES (490, 9, 11, 14, 'group_stage', '2025-05-11 16:20:00', 4, 1, true);
INSERT INTO "match" (id, tournament_id, home_team_id, away_team_id, phase, played_at, home_score, away_score, is_finished) VALUES (491, 9, 8, 9, 'group_stage', '2025-05-11 20:20:00', 4, 3, true);
INSERT INTO "match" (id, tournament_id, home_team_id, away_team_id, phase, played_at, home_score, away_score, is_finished) VALUES (492, 9, 16, 6, 'group_stage', '2025-05-11 20:20:00', 1, 2, true);
INSERT INTO "match" (id, tournament_id, home_team_id, away_team_id, phase, played_at, home_score, away_score, is_finished) VALUES (493, 9, 1, 22, 'group_stage', '2025-05-12 16:20:00', 3, 2, true);
INSERT INTO "match" (id, tournament_id, home_team_id, away_team_id, phase, played_at, home_score, away_score, is_finished) VALUES (494, 9, 24, 21, 'group_stage', '2025-05-12 16:20:00', 0, 3, true);
INSERT INTO "match" (id, tournament_id, home_team_id, away_team_id, phase, played_at, home_score, away_score, is_finished) VALUES (495, 9, 8, 23, 'group_stage', '2025-05-12 20:20:00', 1, 2, true);
INSERT INTO "match" (id, tournament_id, home_team_id, away_team_id, phase, played_at, home_score, away_score, is_finished) VALUES (496, 9, 6, 7, 'group_stage', '2025-05-12 20:20:00', 7, 2, true);
INSERT INTO "match" (id, tournament_id, home_team_id, away_team_id, phase, played_at, home_score, away_score, is_finished) VALUES (497, 9, 20, 15, 'group_stage', '2025-05-13 16:20:00', 2, 5, true);
INSERT INTO "match" (id, tournament_id, home_team_id, away_team_id, phase, played_at, home_score, away_score, is_finished) VALUES (498, 9, 16, 11, 'group_stage', '2025-05-13 16:20:00', 2, 5, true);
INSERT INTO "match" (id, tournament_id, home_team_id, away_team_id, phase, played_at, home_score, away_score, is_finished) VALUES (499, 9, 4, 9, 'group_stage', '2025-05-13 20:20:00', 5, 0, true);
INSERT INTO "match" (id, tournament_id, home_team_id, away_team_id, phase, played_at, home_score, away_score, is_finished) VALUES (500, 9, 14, 12, 'group_stage', '2025-05-13 20:20:00', 2, 4, true);
INSERT INTO "match" (id, tournament_id, home_team_id, away_team_id, phase, played_at, home_score, away_score, is_finished) VALUES (501, 9, 22, 9, 'group_stage', '2025-05-14 16:20:00', 2, 1, true);
INSERT INTO "match" (id, tournament_id, home_team_id, away_team_id, phase, played_at, home_score, away_score, is_finished) VALUES (502, 9, 24, 16, 'group_stage', '2025-05-14 16:20:00', 6, 5, true);
INSERT INTO "match" (id, tournament_id, home_team_id, away_team_id, phase, played_at, home_score, away_score, is_finished) VALUES (503, 9, 15, 23, 'group_stage', '2025-05-14 20:20:00', 0, 6, true);
INSERT INTO "match" (id, tournament_id, home_team_id, away_team_id, phase, played_at, home_score, away_score, is_finished) VALUES (504, 9, 14, 7, 'group_stage', '2025-05-14 20:20:00', 1, 5, true);
INSERT INTO "match" (id, tournament_id, home_team_id, away_team_id, phase, played_at, home_score, away_score, is_finished) VALUES (505, 9, 8, 20, 'group_stage', '2025-05-15 16:20:00', 9, 1, true);
INSERT INTO "match" (id, tournament_id, home_team_id, away_team_id, phase, played_at, home_score, away_score, is_finished) VALUES (506, 9, 21, 11, 'group_stage', '2025-05-15 16:20:00', 5, 1, true);
INSERT INTO "match" (id, tournament_id, home_team_id, away_team_id, phase, played_at, home_score, away_score, is_finished) VALUES (507, 9, 4, 1, 'group_stage', '2025-05-15 20:20:00', 5, 1, true);
INSERT INTO "match" (id, tournament_id, home_team_id, away_team_id, phase, played_at, home_score, away_score, is_finished) VALUES (508, 9, 6, 12, 'group_stage', '2025-05-15 20:20:00', 6, 1, true);
INSERT INTO "match" (id, tournament_id, home_team_id, away_team_id, phase, played_at, home_score, away_score, is_finished) VALUES (509, 9, 1, 9, 'group_stage', '2025-05-16 16:20:00', 5, 2, true);
INSERT INTO "match" (id, tournament_id, home_team_id, away_team_id, phase, played_at, home_score, away_score, is_finished) VALUES (510, 9, 12, 7, 'group_stage', '2025-05-16 16:20:00', 2, 8, true);
INSERT INTO "match" (id, tournament_id, home_team_id, away_team_id, phase, played_at, home_score, away_score, is_finished) VALUES (511, 9, 23, 20, 'group_stage', '2025-05-16 20:20:00', 4, 0, true);
INSERT INTO "match" (id, tournament_id, home_team_id, away_team_id, phase, played_at, home_score, away_score, is_finished) VALUES (512, 9, 21, 16, 'group_stage', '2025-05-16 20:20:00', 3, 0, true);
INSERT INTO "match" (id, tournament_id, home_team_id, away_team_id, phase, played_at, home_score, away_score, is_finished) VALUES (513, 9, 8, 15, 'group_stage', '2025-05-17 12:20:00', 2, 1, true);
INSERT INTO "match" (id, tournament_id, home_team_id, away_team_id, phase, played_at, home_score, away_score, is_finished) VALUES (514, 9, 24, 11, 'group_stage', '2025-05-17 12:20:00', 6, 3, true);
INSERT INTO "match" (id, tournament_id, home_team_id, away_team_id, phase, played_at, home_score, away_score, is_finished) VALUES (515, 9, 9, 23, 'group_stage', '2025-05-17 16:20:00', 0, 4, true);
INSERT INTO "match" (id, tournament_id, home_team_id, away_team_id, phase, played_at, home_score, away_score, is_finished) VALUES (516, 9, 6, 14, 'group_stage', '2025-05-17 16:20:00', 8, 1, true);
INSERT INTO "match" (id, tournament_id, home_team_id, away_team_id, phase, played_at, home_score, away_score, is_finished) VALUES (517, 9, 4, 22, 'group_stage', '2025-05-17 20:20:00', 7, 0, true);
INSERT INTO "match" (id, tournament_id, home_team_id, away_team_id, phase, played_at, home_score, away_score, is_finished) VALUES (518, 9, 7, 16, 'group_stage', '2025-05-17 20:20:00', 6, 3, true);
INSERT INTO "match" (id, tournament_id, home_team_id, away_team_id, phase, played_at, home_score, away_score, is_finished) VALUES (519, 9, 20, 1, 'group_stage', '2025-05-18 16:20:00', 2, 3, true);
INSERT INTO "match" (id, tournament_id, home_team_id, away_team_id, phase, played_at, home_score, away_score, is_finished) VALUES (520, 9, 14, 24, 'group_stage', '2025-05-18 16:20:00', 1, 6, true);
INSERT INTO "match" (id, tournament_id, home_team_id, away_team_id, phase, played_at, home_score, away_score, is_finished) VALUES (521, 9, 22, 15, 'group_stage', '2025-05-18 20:20:00', 1, 5, true);
INSERT INTO "match" (id, tournament_id, home_team_id, away_team_id, phase, played_at, home_score, away_score, is_finished) VALUES (522, 9, 12, 21, 'group_stage', '2025-05-18 20:20:00', 0, 10, true);
INSERT INTO "match" (id, tournament_id, home_team_id, away_team_id, phase, played_at, home_score, away_score, is_finished) VALUES (523, 9, 9, 20, 'group_stage', '2025-05-19 16:20:00', 1, 3, true);
INSERT INTO "match" (id, tournament_id, home_team_id, away_team_id, phase, played_at, home_score, away_score, is_finished) VALUES (524, 9, 11, 6, 'group_stage', '2025-05-19 16:20:00', 0, 5, true);
INSERT INTO "match" (id, tournament_id, home_team_id, away_team_id, phase, played_at, home_score, away_score, is_finished) VALUES (525, 9, 4, 8, 'group_stage', '2025-05-19 20:20:00', 1, 2, true);
INSERT INTO "match" (id, tournament_id, home_team_id, away_team_id, phase, played_at, home_score, away_score, is_finished) VALUES (526, 9, 12, 16, 'group_stage', '2025-05-19 20:20:00', 0, 1, true);
INSERT INTO "match" (id, tournament_id, home_team_id, away_team_id, phase, played_at, home_score, away_score, is_finished) VALUES (527, 9, 15, 1, 'group_stage', '2025-05-20 12:20:00', 1, 6, true);
INSERT INTO "match" (id, tournament_id, home_team_id, away_team_id, phase, played_at, home_score, away_score, is_finished) VALUES (528, 9, 21, 14, 'group_stage', '2025-05-20 12:20:00', 4, 1, true);
INSERT INTO "match" (id, tournament_id, home_team_id, away_team_id, phase, played_at, home_score, away_score, is_finished) VALUES (529, 9, 22, 8, 'group_stage', '2025-05-20 16:20:00', 1, 2, true);
INSERT INTO "match" (id, tournament_id, home_team_id, away_team_id, phase, played_at, home_score, away_score, is_finished) VALUES (530, 9, 6, 24, 'group_stage', '2025-05-20 16:20:00', 2, 5, true);
INSERT INTO "match" (id, tournament_id, home_team_id, away_team_id, phase, played_at, home_score, away_score, is_finished) VALUES (531, 9, 23, 4, 'group_stage', '2025-05-20 20:20:00', 3, 5, true);
INSERT INTO "match" (id, tournament_id, home_team_id, away_team_id, phase, played_at, home_score, away_score, is_finished) VALUES (532, 9, 11, 7, 'group_stage', '2025-05-20 20:20:00', 1, 2, true);
INSERT INTO "match" (id, tournament_id, home_team_id, away_team_id, phase, played_at, home_score, away_score, is_finished) VALUES (533, 9, 24, 8, 'group_stage', '2025-05-22 16:20:00', 5, 2, true);
INSERT INTO "match" (id, tournament_id, home_team_id, away_team_id, phase, played_at, home_score, away_score, is_finished) VALUES (534, 9, 21, 1, 'group_stage', '2025-05-22 16:20:00', 6, 0, true);
INSERT INTO "match" (id, tournament_id, home_team_id, away_team_id, phase, played_at, home_score, away_score, is_finished) VALUES (535, 9, 23, 6, 'group_stage', '2025-05-22 20:20:00', 5, 2, true);
INSERT INTO "match" (id, tournament_id, home_team_id, away_team_id, phase, played_at, home_score, away_score, is_finished) VALUES (536, 9, 4, 7, 'group_stage', '2025-05-22 20:20:00', 1, 2, true);
INSERT INTO "match" (id, tournament_id, home_team_id, away_team_id, phase, played_at, home_score, away_score, is_finished) VALUES (537, 9, 23, 24, 'semifinal', '2025-05-24 14:20:00', 2, 6, true);
INSERT INTO "match" (id, tournament_id, home_team_id, away_team_id, phase, played_at, home_score, away_score, is_finished) VALUES (538, 9, 21, 7, 'semifinal', '2025-05-24 18:20:00', 7, 0, true);
INSERT INTO "match" (id, tournament_id, home_team_id, away_team_id, phase, played_at, home_score, away_score, is_finished) VALUES (539, 9, 23, 7, 'bronze_medal', '2025-05-25 15:20:00', 6, 2, true);
INSERT INTO "match" (id, tournament_id, home_team_id, away_team_id, phase, played_at, home_score, away_score, is_finished) VALUES (540, 9, 21, 24, 'gold_medal', '2025-05-25 20:20:00', 0, 1, true);
INSERT INTO prediction (id, user_id, game_id, home_score, away_score, created_at, updated_at) VALUES (4080, 11, 477, 2, 4, '2024-01-01 00:00:00', NULL);
INSERT INTO prediction (id, user_id, game_id, home_score, away_score, created_at, updated_at) VALUES (4081, 14, 477, 1, 4, '2024-01-01 00:00:00', NULL);
INSERT INTO prediction (id, user_id, game_id, home_score, away_score, created_at, updated_at) VALUES (4082, 8, 477, 1, 5, '2024-01-01 00:00:00', NULL);
INSERT INTO prediction (id, user_id, game_id, home_score, away_score, created_at, updated_at) VALUES (4083, 12, 477, 1, 6, '2024-01-01 00:00:00', NULL);
INSERT INTO prediction (id, user_id, game_id, home_score, away_score, created_at, updated_at) VALUES (4084, 2, 477, 1, 4, '2024-01-01 00:00:00', NULL);
INSERT INTO prediction (id, user_id, game_id, home_score, away_score, created_at, updated_at) VALUES (4085, 6, 477, 2, 4, '2024-01-01 00:00:00', NULL);
INSERT INTO prediction (id, user_id, game_id, home_score, away_score, created_at, updated_at) VALUES (4086, 10, 477, 1, 4, '2024-01-01 00:00:00', NULL);
INSERT INTO prediction (id, user_id, game_id, home_score, away_score, created_at, updated_at) VALUES (4087, 5, 477, 1, 3, '2024-01-01 00:00:00', NULL);
INSERT INTO prediction (id, user_id, game_id, home_score, away_score, created_at, updated_at) VALUES (4088, 9, 477, 3, 1, '2024-01-01 00:00:00', NULL);
INSERT INTO prediction (id, user_id, game_id, home_score, away_score, created_at, updated_at) VALUES (4089, 3, 477, 1, 5, '2024-01-01 00:00:00', NULL);
INSERT INTO prediction (id, user_id, game_id, home_score, away_score, created_at, updated_at) VALUES (4090, 4, 477, 1, 6, '2024-01-01 00:00:00', NULL);
INSERT INTO prediction (id, user_id, game_id, home_score, away_score, created_at, updated_at) VALUES (4091, 1, 477, 1, 6, '2024-01-01 00:00:00', NULL);
INSERT INTO prediction (id, user_id, game_id, home_score, away_score, created_at, updated_at) VALUES (4092, 11, 478, 2, 3, '2024-01-01 00:00:00', NULL);
INSERT INTO prediction (id, user_id, game_id, home_score, away_score, created_at, updated_at) VALUES (4093, 14, 478, 3, 5, '2024-01-01 00:00:00', NULL);
INSERT INTO prediction (id, user_id, game_id, home_score, away_score, created_at, updated_at) VALUES (4094, 8, 478, 2, 4, '2024-01-01 00:00:00', NULL);
INSERT INTO prediction (id, user_id, game_id, home_score, away_score, created_at, updated_at) VALUES (4095, 12, 478, 1, 2, '2024-01-01 00:00:00', NULL);
INSERT INTO prediction (id, user_id, game_id, home_score, away_score, created_at, updated_at) VALUES (4096, 2, 478, 2, 3, '2024-01-01 00:00:00', NULL);
INSERT INTO prediction (id, user_id, game_id, home_score, away_score, created_at, updated_at) VALUES (4097, 6, 478, 2, 3, '2024-01-01 00:00:00', NULL);
INSERT INTO prediction (id, user_id, game_id, home_score, away_score, created_at, updated_at) VALUES (4098, 10, 478, 1, 2, '2024-01-01 00:00:00', NULL);
INSERT INTO prediction (id, user_id, game_id, home_score, away_score, created_at, updated_at) VALUES (4099, 5, 478, 2, 3, '2024-01-01 00:00:00', NULL);
INSERT INTO prediction (id, user_id, game_id, home_score, away_score, created_at, updated_at) VALUES (4100, 9, 478, 1, 3, '2024-01-01 00:00:00', NULL);
INSERT INTO prediction (id, user_id, game_id, home_score, away_score, created_at, updated_at) VALUES (4101, 3, 478, 2, 3, '2024-01-01 00:00:00', NULL);
INSERT INTO prediction (id, user_id, game_id, home_score, away_score, created_at, updated_at) VALUES (4102, 4, 478, 2, 3, '2024-01-01 00:00:00', NULL);
INSERT INTO prediction (id, user_id, game_id, home_score, away_score, created_at, updated_at) VALUES (4103, 1, 478, 2, 4, '2024-01-01 00:00:00', NULL);
INSERT INTO prediction (id, user_id, game_id, home_score, away_score, created_at, updated_at) VALUES (4104, 11, 479, 4, 0, '2024-01-01 00:00:00', NULL);
INSERT INTO prediction (id, user_id, game_id, home_score, away_score, created_at, updated_at) VALUES (4105, 14, 479, 5, 2, '2024-01-01 00:00:00', NULL);
INSERT INTO prediction (id, user_id, game_id, home_score, away_score, created_at, updated_at) VALUES (4106, 8, 479, 5, 2, '2024-01-01 00:00:00', NULL);
INSERT INTO prediction (id, user_id, game_id, home_score, away_score, created_at, updated_at) VALUES (4107, 12, 479, 3, 1, '2024-01-01 00:00:00', NULL);
INSERT INTO prediction (id, user_id, game_id, home_score, away_score, created_at, updated_at) VALUES (4108, 2, 479, 5, 2, '2024-01-01 00:00:00', NULL);
INSERT INTO prediction (id, user_id, game_id, home_score, away_score, created_at, updated_at) VALUES (4109, 6, 479, 5, 1, '2024-01-01 00:00:00', NULL);
INSERT INTO prediction (id, user_id, game_id, home_score, away_score, created_at, updated_at) VALUES (4110, 10, 479, 3, 2, '2024-01-01 00:00:00', NULL);
INSERT INTO prediction (id, user_id, game_id, home_score, away_score, created_at, updated_at) VALUES (4111, 5, 479, 4, 1, '2024-01-01 00:00:00', NULL);
INSERT INTO prediction (id, user_id, game_id, home_score, away_score, created_at, updated_at) VALUES (4112, 9, 479, 2, 3, '2024-01-01 00:00:00', NULL);
INSERT INTO prediction (id, user_id, game_id, home_score, away_score, created_at, updated_at) VALUES (4113, 3, 479, 4, 2, '2024-01-01 00:00:00', NULL);
INSERT INTO prediction (id, user_id, game_id, home_score, away_score, created_at, updated_at) VALUES (4114, 4, 479, 4, 1, '2024-01-01 00:00:00', NULL);
INSERT INTO prediction (id, user_id, game_id, home_score, away_score, created_at, updated_at) VALUES (4115, 1, 479, 4, 1, '2024-01-01 00:00:00', NULL);
INSERT INTO prediction (id, user_id, game_id, home_score, away_score, created_at, updated_at) VALUES (4116, 11, 480, 2, 4, '2024-01-01 00:00:00', NULL);
INSERT INTO prediction (id, user_id, game_id, home_score, away_score, created_at, updated_at) VALUES (4117, 14, 480, 1, 6, '2024-01-01 00:00:00', NULL);
INSERT INTO prediction (id, user_id, game_id, home_score, away_score, created_at, updated_at) VALUES (4118, 8, 480, 1, 7, '2024-01-01 00:00:00', NULL);
INSERT INTO prediction (id, user_id, game_id, home_score, away_score, created_at, updated_at) VALUES (4119, 12, 480, 2, 4, '2024-01-01 00:00:00', NULL);
INSERT INTO prediction (id, user_id, game_id, home_score, away_score, created_at, updated_at) VALUES (4120, 2, 480, 1, 5, '2024-01-01 00:00:00', NULL);
INSERT INTO prediction (id, user_id, game_id, home_score, away_score, created_at, updated_at) VALUES (4121, 6, 480, 3, 4, '2024-01-01 00:00:00', NULL);
INSERT INTO prediction (id, user_id, game_id, home_score, away_score, created_at, updated_at) VALUES (4122, 10, 480, 1, 5, '2024-01-01 00:00:00', NULL);
INSERT INTO prediction (id, user_id, game_id, home_score, away_score, created_at, updated_at) VALUES (4123, 5, 480, 1, 5, '2024-01-01 00:00:00', NULL);
INSERT INTO prediction (id, user_id, game_id, home_score, away_score, created_at, updated_at) VALUES (4124, 9, 480, 1, 4, '2024-01-01 00:00:00', NULL);
INSERT INTO prediction (id, user_id, game_id, home_score, away_score, created_at, updated_at) VALUES (4125, 3, 480, 1, 4, '2024-01-01 00:00:00', NULL);
INSERT INTO prediction (id, user_id, game_id, home_score, away_score, created_at, updated_at) VALUES (4126, 4, 480, 0, 2, '2024-01-01 00:00:00', NULL);
INSERT INTO prediction (id, user_id, game_id, home_score, away_score, created_at, updated_at) VALUES (4127, 1, 480, 1, 5, '2024-01-01 00:00:00', NULL);
INSERT INTO prediction (id, user_id, game_id, home_score, away_score, created_at, updated_at) VALUES (4128, 11, 481, 1, 5, '2024-01-01 00:00:00', NULL);
INSERT INTO prediction (id, user_id, game_id, home_score, away_score, created_at, updated_at) VALUES (4129, 14, 481, 1, 11, '2024-01-01 00:00:00', NULL);
INSERT INTO prediction (id, user_id, game_id, home_score, away_score, created_at, updated_at) VALUES (4130, 8, 481, 1, 9, '2024-01-01 00:00:00', NULL);
INSERT INTO prediction (id, user_id, game_id, home_score, away_score, created_at, updated_at) VALUES (4131, 12, 481, 1, 6, '2024-01-01 00:00:00', NULL);
INSERT INTO prediction (id, user_id, game_id, home_score, away_score, created_at, updated_at) VALUES (4132, 2, 481, 2, 7, '2024-01-01 00:00:00', NULL);
INSERT INTO prediction (id, user_id, game_id, home_score, away_score, created_at, updated_at) VALUES (4133, 6, 481, 0, 8, '2024-01-01 00:00:00', NULL);
INSERT INTO prediction (id, user_id, game_id, home_score, away_score, created_at, updated_at) VALUES (4134, 10, 481, 3, 5, '2024-01-01 00:00:00', NULL);
INSERT INTO prediction (id, user_id, game_id, home_score, away_score, created_at, updated_at) VALUES (4135, 5, 481, 0, 6, '2024-01-01 00:00:00', NULL);
INSERT INTO prediction (id, user_id, game_id, home_score, away_score, created_at, updated_at) VALUES (4136, 9, 481, 1, 5, '2024-01-01 00:00:00', NULL);
INSERT INTO prediction (id, user_id, game_id, home_score, away_score, created_at, updated_at) VALUES (4137, 3, 481, 1, 6, '2024-01-01 00:00:00', NULL);
INSERT INTO prediction (id, user_id, game_id, home_score, away_score, created_at, updated_at) VALUES (4138, 4, 481, 0, 6, '2024-01-01 00:00:00', NULL);
INSERT INTO prediction (id, user_id, game_id, home_score, away_score, created_at, updated_at) VALUES (4139, 1, 481, 0, 7, '2024-01-01 00:00:00', NULL);
INSERT INTO prediction (id, user_id, game_id, home_score, away_score, created_at, updated_at) VALUES (4140, 11, 482, 4, 3, '2024-01-01 00:00:00', NULL);
INSERT INTO prediction (id, user_id, game_id, home_score, away_score, created_at, updated_at) VALUES (4141, 14, 482, 4, 2, '2024-01-01 00:00:00', NULL);
INSERT INTO prediction (id, user_id, game_id, home_score, away_score, created_at, updated_at) VALUES (4142, 8, 482, 2, 3, '2024-01-01 00:00:00', NULL);
INSERT INTO prediction (id, user_id, game_id, home_score, away_score, created_at, updated_at) VALUES (4143, 12, 482, 2, 4, '2024-01-01 00:00:00', NULL);
INSERT INTO prediction (id, user_id, game_id, home_score, away_score, created_at, updated_at) VALUES (4144, 2, 482, 3, 2, '2024-01-01 00:00:00', NULL);
INSERT INTO prediction (id, user_id, game_id, home_score, away_score, created_at, updated_at) VALUES (4145, 6, 482, 3, 2, '2024-01-01 00:00:00', NULL);
INSERT INTO prediction (id, user_id, game_id, home_score, away_score, created_at, updated_at) VALUES (4146, 10, 482, 3, 2, '2024-01-01 00:00:00', NULL);
INSERT INTO prediction (id, user_id, game_id, home_score, away_score, created_at, updated_at) VALUES (4147, 5, 482, 3, 2, '2024-01-01 00:00:00', NULL);
INSERT INTO prediction (id, user_id, game_id, home_score, away_score, created_at, updated_at) VALUES (4148, 9, 482, 4, 2, '2024-01-01 00:00:00', NULL);
INSERT INTO prediction (id, user_id, game_id, home_score, away_score, created_at, updated_at) VALUES (4149, 3, 482, 3, 2, '2024-01-01 00:00:00', NULL);
INSERT INTO prediction (id, user_id, game_id, home_score, away_score, created_at, updated_at) VALUES (4150, 4, 482, 3, 1, '2024-01-01 00:00:00', NULL);
INSERT INTO prediction (id, user_id, game_id, home_score, away_score, created_at, updated_at) VALUES (4151, 1, 482, 3, 1, '2024-01-01 00:00:00', NULL);
INSERT INTO prediction (id, user_id, game_id, home_score, away_score, created_at, updated_at) VALUES (4152, 11, 483, 4, 1, '2024-01-01 00:00:00', NULL);
INSERT INTO prediction (id, user_id, game_id, home_score, away_score, created_at, updated_at) VALUES (4153, 14, 483, 6, 0, '2024-01-01 00:00:00', NULL);
INSERT INTO prediction (id, user_id, game_id, home_score, away_score, created_at, updated_at) VALUES (4154, 8, 483, 6, 0, '2024-01-01 00:00:00', NULL);
INSERT INTO prediction (id, user_id, game_id, home_score, away_score, created_at, updated_at) VALUES (4155, 12, 483, 4, 1, '2024-01-01 00:00:00', NULL);
INSERT INTO prediction (id, user_id, game_id, home_score, away_score, created_at, updated_at) VALUES (4156, 2, 483, 4, 1, '2024-01-01 00:00:00', NULL);
INSERT INTO prediction (id, user_id, game_id, home_score, away_score, created_at, updated_at) VALUES (4157, 6, 483, 4, 0, '2024-01-01 00:00:00', NULL);
INSERT INTO prediction (id, user_id, game_id, home_score, away_score, created_at, updated_at) VALUES (4158, 10, 483, 1, 5, '2024-01-01 00:00:00', NULL);
INSERT INTO prediction (id, user_id, game_id, home_score, away_score, created_at, updated_at) VALUES (4159, 5, 483, 4, 1, '2024-01-01 00:00:00', NULL);
INSERT INTO prediction (id, user_id, game_id, home_score, away_score, created_at, updated_at) VALUES (4160, 9, 483, 3, 1, '2024-01-01 00:00:00', NULL);
INSERT INTO prediction (id, user_id, game_id, home_score, away_score, created_at, updated_at) VALUES (4161, 3, 483, 5, 1, '2024-01-01 00:00:00', NULL);
INSERT INTO prediction (id, user_id, game_id, home_score, away_score, created_at, updated_at) VALUES (4162, 4, 483, 4, 0, '2024-01-01 00:00:00', NULL);
INSERT INTO prediction (id, user_id, game_id, home_score, away_score, created_at, updated_at) VALUES (4163, 1, 483, 4, 0, '2024-01-01 00:00:00', NULL);
INSERT INTO prediction (id, user_id, game_id, home_score, away_score, created_at, updated_at) VALUES (4164, 11, 484, 3, 1, '2024-01-01 00:00:00', NULL);
INSERT INTO prediction (id, user_id, game_id, home_score, away_score, created_at, updated_at) VALUES (4165, 14, 484, 5, 2, '2024-01-01 00:00:00', NULL);
INSERT INTO prediction (id, user_id, game_id, home_score, away_score, created_at, updated_at) VALUES (4166, 8, 484, 7, 1, '2024-01-01 00:00:00', NULL);
INSERT INTO prediction (id, user_id, game_id, home_score, away_score, created_at, updated_at) VALUES (4167, 12, 484, 5, 0, '2024-01-01 00:00:00', NULL);
INSERT INTO prediction (id, user_id, game_id, home_score, away_score, created_at, updated_at) VALUES (4168, 2, 484, 5, 0, '2024-01-01 00:00:00', NULL);
INSERT INTO prediction (id, user_id, game_id, home_score, away_score, created_at, updated_at) VALUES (4169, 6, 484, 5, 1, '2024-01-01 00:00:00', NULL);
INSERT INTO prediction (id, user_id, game_id, home_score, away_score, created_at, updated_at) VALUES (4170, 10, 484, 6, 1, '2024-01-01 00:00:00', NULL);
INSERT INTO prediction (id, user_id, game_id, home_score, away_score, created_at, updated_at) VALUES (4171, 5, 484, 4, 1, '2024-01-01 00:00:00', NULL);
INSERT INTO prediction (id, user_id, game_id, home_score, away_score, created_at, updated_at) VALUES (4172, 9, 484, 5, 0, '2024-01-01 00:00:00', NULL);
INSERT INTO prediction (id, user_id, game_id, home_score, away_score, created_at, updated_at) VALUES (4173, 3, 484, 4, 2, '2024-01-01 00:00:00', NULL);
INSERT INTO prediction (id, user_id, game_id, home_score, away_score, created_at, updated_at) VALUES (4174, 4, 484, 2, 1, '2024-01-01 00:00:00', NULL);
INSERT INTO prediction (id, user_id, game_id, home_score, away_score, created_at, updated_at) VALUES (4175, 1, 484, 4, 1, '2024-01-01 00:00:00', NULL);
INSERT INTO prediction (id, user_id, game_id, home_score, away_score, created_at, updated_at) VALUES (4176, 11, 485, 2, 3, '2024-01-01 00:00:00', NULL);
INSERT INTO prediction (id, user_id, game_id, home_score, away_score, created_at, updated_at) VALUES (4177, 14, 485, 2, 3, '2024-01-01 00:00:00', NULL);
INSERT INTO prediction (id, user_id, game_id, home_score, away_score, created_at, updated_at) VALUES (4178, 8, 485, 2, 4, '2024-01-01 00:00:00', NULL);
INSERT INTO prediction (id, user_id, game_id, home_score, away_score, created_at, updated_at) VALUES (4179, 12, 485, 2, 4, '2024-01-01 00:00:00', NULL);
INSERT INTO prediction (id, user_id, game_id, home_score, away_score, created_at, updated_at) VALUES (4180, 2, 485, 2, 3, '2024-01-01 00:00:00', NULL);
INSERT INTO prediction (id, user_id, game_id, home_score, away_score, created_at, updated_at) VALUES (4181, 6, 485, 2, 4, '2024-01-01 00:00:00', NULL);
INSERT INTO prediction (id, user_id, game_id, home_score, away_score, created_at, updated_at) VALUES (4182, 10, 485, 2, 4, '2024-01-01 00:00:00', NULL);
INSERT INTO prediction (id, user_id, game_id, home_score, away_score, created_at, updated_at) VALUES (4183, 5, 485, 2, 3, '2024-01-01 00:00:00', NULL);
INSERT INTO prediction (id, user_id, game_id, home_score, away_score, created_at, updated_at) VALUES (4184, 9, 485, 1, 2, '2024-01-01 00:00:00', NULL);
INSERT INTO prediction (id, user_id, game_id, home_score, away_score, created_at, updated_at) VALUES (4185, 3, 485, 2, 4, '2024-01-01 00:00:00', NULL);
INSERT INTO prediction (id, user_id, game_id, home_score, away_score, created_at, updated_at) VALUES (4186, 4, 485, 1, 2, '2024-01-01 00:00:00', NULL);
INSERT INTO prediction (id, user_id, game_id, home_score, away_score, created_at, updated_at) VALUES (4187, 1, 485, 0, 3, '2024-01-01 00:00:00', NULL);
INSERT INTO prediction (id, user_id, game_id, home_score, away_score, created_at, updated_at) VALUES (4188, 11, 486, 2, 3, '2024-01-01 00:00:00', NULL);
INSERT INTO prediction (id, user_id, game_id, home_score, away_score, created_at, updated_at) VALUES (4189, 14, 486, 2, 4, '2024-01-01 00:00:00', NULL);
INSERT INTO prediction (id, user_id, game_id, home_score, away_score, created_at, updated_at) VALUES (4190, 8, 486, 1, 4, '2024-01-01 00:00:00', NULL);
INSERT INTO prediction (id, user_id, game_id, home_score, away_score, created_at, updated_at) VALUES (4191, 12, 486, 2, 5, '2024-01-01 00:00:00', NULL);
INSERT INTO prediction (id, user_id, game_id, home_score, away_score, created_at, updated_at) VALUES (4192, 2, 486, 2, 5, '2024-01-01 00:00:00', NULL);
INSERT INTO prediction (id, user_id, game_id, home_score, away_score, created_at, updated_at) VALUES (4193, 6, 486, 1, 3, '2024-01-01 00:00:00', NULL);
INSERT INTO prediction (id, user_id, game_id, home_score, away_score, created_at, updated_at) VALUES (4194, 10, 486, 1, 3, '2024-01-01 00:00:00', NULL);
INSERT INTO prediction (id, user_id, game_id, home_score, away_score, created_at, updated_at) VALUES (4195, 5, 486, 1, 4, '2024-01-01 00:00:00', NULL);
INSERT INTO prediction (id, user_id, game_id, home_score, away_score, created_at, updated_at) VALUES (4196, 9, 486, 2, 4, '2024-01-01 00:00:00', NULL);
INSERT INTO prediction (id, user_id, game_id, home_score, away_score, created_at, updated_at) VALUES (4197, 3, 486, 3, 4, '2024-01-01 00:00:00', NULL);
INSERT INTO prediction (id, user_id, game_id, home_score, away_score, created_at, updated_at) VALUES (4198, 4, 486, 1, 3, '2024-01-01 00:00:00', NULL);
INSERT INTO prediction (id, user_id, game_id, home_score, away_score, created_at, updated_at) VALUES (4199, 1, 486, 1, 3, '2024-01-01 00:00:00', NULL);
INSERT INTO prediction (id, user_id, game_id, home_score, away_score, created_at, updated_at) VALUES (4200, 11, 487, 4, 2, '2024-01-01 00:00:00', NULL);
INSERT INTO prediction (id, user_id, game_id, home_score, away_score, created_at, updated_at) VALUES (4201, 14, 487, 3, 2, '2024-01-01 00:00:00', NULL);
INSERT INTO prediction (id, user_id, game_id, home_score, away_score, created_at, updated_at) VALUES (4202, 8, 487, 4, 2, '2024-01-01 00:00:00', NULL);
INSERT INTO prediction (id, user_id, game_id, home_score, away_score, created_at, updated_at) VALUES (4203, 12, 487, 3, 1, '2024-01-01 00:00:00', NULL);
INSERT INTO prediction (id, user_id, game_id, home_score, away_score, created_at, updated_at) VALUES (4204, 2, 487, 4, 2, '2024-01-01 00:00:00', NULL);
INSERT INTO prediction (id, user_id, game_id, home_score, away_score, created_at, updated_at) VALUES (4205, 6, 487, 2, 1, '2024-01-01 00:00:00', NULL);
INSERT INTO prediction (id, user_id, game_id, home_score, away_score, created_at, updated_at) VALUES (4206, 10, 487, 2, 3, '2024-01-01 00:00:00', NULL);
INSERT INTO prediction (id, user_id, game_id, home_score, away_score, created_at, updated_at) VALUES (4207, 5, 487, 3, 1, '2024-01-01 00:00:00', NULL);
INSERT INTO prediction (id, user_id, game_id, home_score, away_score, created_at, updated_at) VALUES (4208, 9, 487, 3, 1, '2024-01-01 00:00:00', NULL);
INSERT INTO prediction (id, user_id, game_id, home_score, away_score, created_at, updated_at) VALUES (4209, 3, 487, 4, 2, '2024-01-01 00:00:00', NULL);
INSERT INTO prediction (id, user_id, game_id, home_score, away_score, created_at, updated_at) VALUES (4210, 4, 487, 2, 1, '2024-01-01 00:00:00', NULL);
INSERT INTO prediction (id, user_id, game_id, home_score, away_score, created_at, updated_at) VALUES (4211, 1, 487, 3, 2, '2024-01-01 00:00:00', NULL);
INSERT INTO prediction (id, user_id, game_id, home_score, away_score, created_at, updated_at) VALUES (4212, 11, 488, 5, 0, '2024-01-01 00:00:00', NULL);
INSERT INTO prediction (id, user_id, game_id, home_score, away_score, created_at, updated_at) VALUES (4213, 14, 488, 5, 0, '2024-01-01 00:00:00', NULL);
INSERT INTO prediction (id, user_id, game_id, home_score, away_score, created_at, updated_at) VALUES (4214, 8, 488, 9, 0, '2024-01-01 00:00:00', NULL);
INSERT INTO prediction (id, user_id, game_id, home_score, away_score, created_at, updated_at) VALUES (4215, 12, 488, 7, 0, '2024-01-01 00:00:00', NULL);
INSERT INTO prediction (id, user_id, game_id, home_score, away_score, created_at, updated_at) VALUES (4216, 2, 488, 10, 0, '2024-01-01 00:00:00', NULL);
INSERT INTO prediction (id, user_id, game_id, home_score, away_score, created_at, updated_at) VALUES (4217, 6, 488, 6, 0, '2024-01-01 00:00:00', NULL);
INSERT INTO prediction (id, user_id, game_id, home_score, away_score, created_at, updated_at) VALUES (4218, 10, 488, 6, 0, '2024-01-01 00:00:00', NULL);
INSERT INTO prediction (id, user_id, game_id, home_score, away_score, created_at, updated_at) VALUES (4219, 5, 488, 8, 0, '2024-01-01 00:00:00', NULL);
INSERT INTO prediction (id, user_id, game_id, home_score, away_score, created_at, updated_at) VALUES (4220, 9, 488, 10, 0, '2024-01-01 00:00:00', NULL);
INSERT INTO prediction (id, user_id, game_id, home_score, away_score, created_at, updated_at) VALUES (4221, 3, 488, 6, 1, '2024-01-01 00:00:00', NULL);
INSERT INTO prediction (id, user_id, game_id, home_score, away_score, created_at, updated_at) VALUES (4222, 4, 488, 5, 0, '2024-01-01 00:00:00', NULL);
INSERT INTO prediction (id, user_id, game_id, home_score, away_score, created_at, updated_at) VALUES (4223, 1, 488, 5, 0, '2024-01-01 00:00:00', NULL);
INSERT INTO prediction (id, user_id, game_id, home_score, away_score, created_at, updated_at) VALUES (4224, 11, 489, 2, 3, '2024-01-01 00:00:00', NULL);
INSERT INTO prediction (id, user_id, game_id, home_score, away_score, created_at, updated_at) VALUES (4225, 14, 489, 2, 4, '2024-01-01 00:00:00', NULL);
INSERT INTO prediction (id, user_id, game_id, home_score, away_score, created_at, updated_at) VALUES (4226, 8, 489, 1, 4, '2024-01-01 00:00:00', NULL);
INSERT INTO prediction (id, user_id, game_id, home_score, away_score, created_at, updated_at) VALUES (4227, 12, 489, 1, 5, '2024-01-01 00:00:00', NULL);
INSERT INTO prediction (id, user_id, game_id, home_score, away_score, created_at, updated_at) VALUES (4228, 2, 489, 1, 6, '2024-01-01 00:00:00', NULL);
INSERT INTO prediction (id, user_id, game_id, home_score, away_score, created_at, updated_at) VALUES (4229, 6, 489, 0, 5, '2024-01-01 00:00:00', NULL);
INSERT INTO prediction (id, user_id, game_id, home_score, away_score, created_at, updated_at) VALUES (4230, 10, 489, 1, 5, '2024-01-01 00:00:00', NULL);
INSERT INTO prediction (id, user_id, game_id, home_score, away_score, created_at, updated_at) VALUES (4231, 5, 489, 1, 4, '2024-01-01 00:00:00', NULL);
INSERT INTO prediction (id, user_id, game_id, home_score, away_score, created_at, updated_at) VALUES (4232, 9, 489, 1, 7, '2024-01-01 00:00:00', NULL);
INSERT INTO prediction (id, user_id, game_id, home_score, away_score, created_at, updated_at) VALUES (4233, 3, 489, 2, 5, '2024-01-01 00:00:00', NULL);
INSERT INTO prediction (id, user_id, game_id, home_score, away_score, created_at, updated_at) VALUES (4234, 4, 489, 2, 3, '2024-01-01 00:00:00', NULL);
INSERT INTO prediction (id, user_id, game_id, home_score, away_score, created_at, updated_at) VALUES (4235, 1, 489, 1, 5, '2024-01-01 00:00:00', NULL);
INSERT INTO prediction (id, user_id, game_id, home_score, away_score, created_at, updated_at) VALUES (4236, 11, 490, 4, 1, '2024-01-01 00:00:00', NULL);
INSERT INTO prediction (id, user_id, game_id, home_score, away_score, created_at, updated_at) VALUES (4237, 14, 490, 4, 3, '2024-01-01 00:00:00', NULL);
INSERT INTO prediction (id, user_id, game_id, home_score, away_score, created_at, updated_at) VALUES (4238, 8, 490, 4, 1, '2024-01-01 00:00:00', NULL);
INSERT INTO prediction (id, user_id, game_id, home_score, away_score, created_at, updated_at) VALUES (4239, 12, 490, 5, 2, '2024-01-01 00:00:00', NULL);
INSERT INTO prediction (id, user_id, game_id, home_score, away_score, created_at, updated_at) VALUES (4240, 2, 490, 4, 1, '2024-01-01 00:00:00', NULL);
INSERT INTO prediction (id, user_id, game_id, home_score, away_score, created_at, updated_at) VALUES (4241, 6, 490, 3, 1, '2024-01-01 00:00:00', NULL);
INSERT INTO prediction (id, user_id, game_id, home_score, away_score, created_at, updated_at) VALUES (4242, 10, 490, 4, 1, '2024-01-01 00:00:00', NULL);
INSERT INTO prediction (id, user_id, game_id, home_score, away_score, created_at, updated_at) VALUES (4243, 5, 490, 4, 2, '2024-01-01 00:00:00', NULL);
INSERT INTO prediction (id, user_id, game_id, home_score, away_score, created_at, updated_at) VALUES (4244, 9, 490, 5, 2, '2024-01-01 00:00:00', NULL);
INSERT INTO prediction (id, user_id, game_id, home_score, away_score, created_at, updated_at) VALUES (4245, 3, 490, 3, 2, '2024-01-01 00:00:00', NULL);
INSERT INTO prediction (id, user_id, game_id, home_score, away_score, created_at, updated_at) VALUES (4246, 4, 490, 3, 1, '2024-01-01 00:00:00', NULL);
INSERT INTO prediction (id, user_id, game_id, home_score, away_score, created_at, updated_at) VALUES (4247, 1, 490, 3, 2, '2024-01-01 00:00:00', NULL);
INSERT INTO prediction (id, user_id, game_id, home_score, away_score, created_at, updated_at) VALUES (4248, 11, 491, 3, 0, '2024-01-01 00:00:00', NULL);
INSERT INTO prediction (id, user_id, game_id, home_score, away_score, created_at, updated_at) VALUES (4249, 14, 491, 4, 1, '2024-01-01 00:00:00', NULL);
INSERT INTO prediction (id, user_id, game_id, home_score, away_score, created_at, updated_at) VALUES (4250, 8, 491, 4, 1, '2024-01-01 00:00:00', NULL);
INSERT INTO prediction (id, user_id, game_id, home_score, away_score, created_at, updated_at) VALUES (4251, 12, 491, 5, 0, '2024-01-01 00:00:00', NULL);
INSERT INTO prediction (id, user_id, game_id, home_score, away_score, created_at, updated_at) VALUES (4252, 2, 491, 5, 2, '2024-01-01 00:00:00', NULL);
INSERT INTO prediction (id, user_id, game_id, home_score, away_score, created_at, updated_at) VALUES (4253, 6, 491, 3, 1, '2024-01-01 00:00:00', NULL);
INSERT INTO prediction (id, user_id, game_id, home_score, away_score, created_at, updated_at) VALUES (4254, 10, 491, 7, 1, '2024-01-01 00:00:00', NULL);
INSERT INTO prediction (id, user_id, game_id, home_score, away_score, created_at, updated_at) VALUES (4255, 5, 491, 5, 1, '2024-01-01 00:00:00', NULL);
INSERT INTO prediction (id, user_id, game_id, home_score, away_score, created_at, updated_at) VALUES (4256, 9, 491, 5, 0, '2024-01-01 00:00:00', NULL);
INSERT INTO prediction (id, user_id, game_id, home_score, away_score, created_at, updated_at) VALUES (4257, 3, 491, 4, 1, '2024-01-01 00:00:00', NULL);
INSERT INTO prediction (id, user_id, game_id, home_score, away_score, created_at, updated_at) VALUES (4258, 4, 491, 2, 0, '2024-01-01 00:00:00', NULL);
INSERT INTO prediction (id, user_id, game_id, home_score, away_score, created_at, updated_at) VALUES (4259, 1, 491, 4, 1, '2024-01-01 00:00:00', NULL);
INSERT INTO prediction (id, user_id, game_id, home_score, away_score, created_at, updated_at) VALUES (4260, 11, 492, 1, 4, '2024-01-01 00:00:00', NULL);
INSERT INTO prediction (id, user_id, game_id, home_score, away_score, created_at, updated_at) VALUES (4261, 14, 492, 2, 4, '2024-01-01 00:00:00', NULL);
INSERT INTO prediction (id, user_id, game_id, home_score, away_score, created_at, updated_at) VALUES (4262, 8, 492, 1, 4, '2024-01-01 00:00:00', NULL);
INSERT INTO prediction (id, user_id, game_id, home_score, away_score, created_at, updated_at) VALUES (4263, 12, 492, 1, 4, '2024-01-01 00:00:00', NULL);
INSERT INTO prediction (id, user_id, game_id, home_score, away_score, created_at, updated_at) VALUES (4264, 2, 492, 2, 4, '2024-01-01 00:00:00', NULL);
INSERT INTO prediction (id, user_id, game_id, home_score, away_score, created_at, updated_at) VALUES (4265, 6, 492, 2, 4, '2024-01-01 00:00:00', NULL);
INSERT INTO prediction (id, user_id, game_id, home_score, away_score, created_at, updated_at) VALUES (4266, 10, 492, 1, 3, '2024-01-01 00:00:00', NULL);
INSERT INTO prediction (id, user_id, game_id, home_score, away_score, created_at, updated_at) VALUES (4267, 5, 492, 1, 5, '2024-01-01 00:00:00', NULL);
INSERT INTO prediction (id, user_id, game_id, home_score, away_score, created_at, updated_at) VALUES (4268, 9, 492, 1, 5, '2024-01-01 00:00:00', NULL);
INSERT INTO prediction (id, user_id, game_id, home_score, away_score, created_at, updated_at) VALUES (4269, 3, 492, 1, 4, '2024-01-01 00:00:00', NULL);
INSERT INTO prediction (id, user_id, game_id, home_score, away_score, created_at, updated_at) VALUES (4270, 4, 492, 2, 4, '2024-01-01 00:00:00', NULL);
INSERT INTO prediction (id, user_id, game_id, home_score, away_score, created_at, updated_at) VALUES (4271, 1, 492, 1, 5, '2024-01-01 00:00:00', NULL);
INSERT INTO prediction (id, user_id, game_id, home_score, away_score, created_at, updated_at) VALUES (4272, 11, 493, 3, 1, '2024-01-01 00:00:00', NULL);
INSERT INTO prediction (id, user_id, game_id, home_score, away_score, created_at, updated_at) VALUES (4273, 14, 493, 2, 4, '2024-01-01 00:00:00', NULL);
INSERT INTO prediction (id, user_id, game_id, home_score, away_score, created_at, updated_at) VALUES (4274, 8, 493, 1, 4, '2024-01-01 00:00:00', NULL);
INSERT INTO prediction (id, user_id, game_id, home_score, away_score, created_at, updated_at) VALUES (4275, 12, 493, 2, 3, '2024-01-01 00:00:00', NULL);
INSERT INTO prediction (id, user_id, game_id, home_score, away_score, created_at, updated_at) VALUES (4276, 2, 493, 4, 3, '2024-01-01 00:00:00', NULL);
INSERT INTO prediction (id, user_id, game_id, home_score, away_score, created_at, updated_at) VALUES (4277, 6, 493, 3, 2, '2024-01-01 00:00:00', NULL);
INSERT INTO prediction (id, user_id, game_id, home_score, away_score, created_at, updated_at) VALUES (4278, 10, 493, 2, 3, '2024-01-01 00:00:00', NULL);
INSERT INTO prediction (id, user_id, game_id, home_score, away_score, created_at, updated_at) VALUES (4279, 5, 493, 4, 2, '2024-01-01 00:00:00', NULL);
INSERT INTO prediction (id, user_id, game_id, home_score, away_score, created_at, updated_at) VALUES (4280, 9, 493, 2, 1, '2024-01-01 00:00:00', NULL);
INSERT INTO prediction (id, user_id, game_id, home_score, away_score, created_at, updated_at) VALUES (4281, 3, 493, 1, 4, '2024-01-01 00:00:00', NULL);
INSERT INTO prediction (id, user_id, game_id, home_score, away_score, created_at, updated_at) VALUES (4282, 4, 493, 1, 3, '2024-01-01 00:00:00', NULL);
INSERT INTO prediction (id, user_id, game_id, home_score, away_score, created_at, updated_at) VALUES (4283, 1, 493, 4, 2, '2024-01-01 00:00:00', NULL);
INSERT INTO prediction (id, user_id, game_id, home_score, away_score, created_at, updated_at) VALUES (4284, 11, 494, 4, 3, '2024-01-01 00:00:00', NULL);
INSERT INTO prediction (id, user_id, game_id, home_score, away_score, created_at, updated_at) VALUES (4285, 14, 494, 5, 3, '2024-01-01 00:00:00', NULL);
INSERT INTO prediction (id, user_id, game_id, home_score, away_score, created_at, updated_at) VALUES (4286, 8, 494, 4, 2, '2024-01-01 00:00:00', NULL);
INSERT INTO prediction (id, user_id, game_id, home_score, away_score, created_at, updated_at) VALUES (4287, 12, 494, 3, 4, '2024-01-01 00:00:00', NULL);
INSERT INTO prediction (id, user_id, game_id, home_score, away_score, created_at, updated_at) VALUES (4288, 2, 494, 2, 4, '2024-01-01 00:00:00', NULL);
INSERT INTO prediction (id, user_id, game_id, home_score, away_score, created_at, updated_at) VALUES (4289, 6, 494, 3, 2, '2024-01-01 00:00:00', NULL);
INSERT INTO prediction (id, user_id, game_id, home_score, away_score, created_at, updated_at) VALUES (4290, 10, 494, 4, 2, '2024-01-01 00:00:00', NULL);
INSERT INTO prediction (id, user_id, game_id, home_score, away_score, created_at, updated_at) VALUES (4291, 5, 494, 3, 2, '2024-01-01 00:00:00', NULL);
INSERT INTO prediction (id, user_id, game_id, home_score, away_score, created_at, updated_at) VALUES (4292, 9, 494, 3, 1, '2024-01-01 00:00:00', NULL);
INSERT INTO prediction (id, user_id, game_id, home_score, away_score, created_at, updated_at) VALUES (4293, 3, 494, 5, 2, '2024-01-01 00:00:00', NULL);
INSERT INTO prediction (id, user_id, game_id, home_score, away_score, created_at, updated_at) VALUES (4294, 4, 494, 2, 1, '2024-01-01 00:00:00', NULL);
INSERT INTO prediction (id, user_id, game_id, home_score, away_score, created_at, updated_at) VALUES (4295, 1, 494, 4, 3, '2024-01-01 00:00:00', NULL);
INSERT INTO prediction (id, user_id, game_id, home_score, away_score, created_at, updated_at) VALUES (4296, 11, 495, 2, 3, '2024-01-01 00:00:00', NULL);
INSERT INTO prediction (id, user_id, game_id, home_score, away_score, created_at, updated_at) VALUES (4297, 14, 495, 1, 3, '2024-01-01 00:00:00', NULL);
INSERT INTO prediction (id, user_id, game_id, home_score, away_score, created_at, updated_at) VALUES (4298, 8, 495, 1, 4, '2024-01-01 00:00:00', NULL);
INSERT INTO prediction (id, user_id, game_id, home_score, away_score, created_at, updated_at) VALUES (4299, 12, 495, 2, 4, '2024-01-01 00:00:00', NULL);
INSERT INTO prediction (id, user_id, game_id, home_score, away_score, created_at, updated_at) VALUES (4300, 2, 495, 4, 3, '2024-01-01 00:00:00', NULL);
INSERT INTO prediction (id, user_id, game_id, home_score, away_score, created_at, updated_at) VALUES (4301, 6, 495, 1, 3, '2024-01-01 00:00:00', NULL);
INSERT INTO prediction (id, user_id, game_id, home_score, away_score, created_at, updated_at) VALUES (4302, 10, 495, 2, 4, '2024-01-01 00:00:00', NULL);
INSERT INTO prediction (id, user_id, game_id, home_score, away_score, created_at, updated_at) VALUES (4303, 5, 495, 2, 4, '2024-01-01 00:00:00', NULL);
INSERT INTO prediction (id, user_id, game_id, home_score, away_score, created_at, updated_at) VALUES (4304, 9, 495, 1, 3, '2024-01-01 00:00:00', NULL);
INSERT INTO prediction (id, user_id, game_id, home_score, away_score, created_at, updated_at) VALUES (4305, 3, 495, 2, 3, '2024-01-01 00:00:00', NULL);
INSERT INTO prediction (id, user_id, game_id, home_score, away_score, created_at, updated_at) VALUES (4306, 4, 495, 1, 2, '2024-01-01 00:00:00', NULL);
INSERT INTO prediction (id, user_id, game_id, home_score, away_score, created_at, updated_at) VALUES (4307, 1, 495, 1, 4, '2024-01-01 00:00:00', NULL);
INSERT INTO prediction (id, user_id, game_id, home_score, away_score, created_at, updated_at) VALUES (4308, 11, 496, 5, 2, '2024-01-01 00:00:00', NULL);
INSERT INTO prediction (id, user_id, game_id, home_score, away_score, created_at, updated_at) VALUES (4309, 14, 496, 5, 2, '2024-01-01 00:00:00', NULL);
INSERT INTO prediction (id, user_id, game_id, home_score, away_score, created_at, updated_at) VALUES (4310, 8, 496, 4, 1, '2024-01-01 00:00:00', NULL);
INSERT INTO prediction (id, user_id, game_id, home_score, away_score, created_at, updated_at) VALUES (4311, 12, 496, 5, 1, '2024-01-01 00:00:00', NULL);
INSERT INTO prediction (id, user_id, game_id, home_score, away_score, created_at, updated_at) VALUES (4312, 2, 496, 2, 1, '2024-01-01 00:00:00', NULL);
INSERT INTO prediction (id, user_id, game_id, home_score, away_score, created_at, updated_at) VALUES (4313, 6, 496, 3, 1, '2024-01-01 00:00:00', NULL);
INSERT INTO prediction (id, user_id, game_id, home_score, away_score, created_at, updated_at) VALUES (4314, 10, 496, 4, 3, '2024-01-01 00:00:00', NULL);
INSERT INTO prediction (id, user_id, game_id, home_score, away_score, created_at, updated_at) VALUES (4315, 5, 496, 3, 1, '2024-01-01 00:00:00', NULL);
INSERT INTO prediction (id, user_id, game_id, home_score, away_score, created_at, updated_at) VALUES (4316, 9, 496, 4, 1, '2024-01-01 00:00:00', NULL);
INSERT INTO prediction (id, user_id, game_id, home_score, away_score, created_at, updated_at) VALUES (4317, 3, 496, 4, 1, '2024-01-01 00:00:00', NULL);
INSERT INTO prediction (id, user_id, game_id, home_score, away_score, created_at, updated_at) VALUES (4318, 4, 496, 1, 0, '2024-01-01 00:00:00', NULL);
INSERT INTO prediction (id, user_id, game_id, home_score, away_score, created_at, updated_at) VALUES (4319, 1, 496, 5, 1, '2024-01-01 00:00:00', NULL);
INSERT INTO prediction (id, user_id, game_id, home_score, away_score, created_at, updated_at) VALUES (4320, 11, 497, 2, 3, '2024-01-01 00:00:00', NULL);
INSERT INTO prediction (id, user_id, game_id, home_score, away_score, created_at, updated_at) VALUES (4321, 14, 497, 2, 4, '2024-01-01 00:00:00', NULL);
INSERT INTO prediction (id, user_id, game_id, home_score, away_score, created_at, updated_at) VALUES (4322, 8, 497, 2, 3, '2024-01-01 00:00:00', NULL);
INSERT INTO prediction (id, user_id, game_id, home_score, away_score, created_at, updated_at) VALUES (4323, 12, 497, 2, 4, '2024-01-01 00:00:00', NULL);
INSERT INTO prediction (id, user_id, game_id, home_score, away_score, created_at, updated_at) VALUES (4324, 2, 497, 3, 2, '2024-01-01 00:00:00', NULL);
INSERT INTO prediction (id, user_id, game_id, home_score, away_score, created_at, updated_at) VALUES (4325, 6, 497, 1, 4, '2024-01-01 00:00:00', NULL);
INSERT INTO prediction (id, user_id, game_id, home_score, away_score, created_at, updated_at) VALUES (4326, 10, 497, 2, 4, '2024-01-01 00:00:00', NULL);
INSERT INTO prediction (id, user_id, game_id, home_score, away_score, created_at, updated_at) VALUES (4327, 5, 497, 1, 3, '2024-01-01 00:00:00', NULL);
INSERT INTO prediction (id, user_id, game_id, home_score, away_score, created_at, updated_at) VALUES (4328, 9, 497, 1, 2, '2024-01-01 00:00:00', NULL);
INSERT INTO prediction (id, user_id, game_id, home_score, away_score, created_at, updated_at) VALUES (4329, 3, 497, 1, 4, '2024-01-01 00:00:00', NULL);
INSERT INTO prediction (id, user_id, game_id, home_score, away_score, created_at, updated_at) VALUES (4330, 4, 497, 1, 2, '2024-01-01 00:00:00', NULL);
INSERT INTO prediction (id, user_id, game_id, home_score, away_score, created_at, updated_at) VALUES (4331, 1, 497, 0, 4, '2024-01-01 00:00:00', NULL);
INSERT INTO prediction (id, user_id, game_id, home_score, away_score, created_at, updated_at) VALUES (4332, 11, 498, 1, 3, '2024-01-01 00:00:00', NULL);
INSERT INTO prediction (id, user_id, game_id, home_score, away_score, created_at, updated_at) VALUES (4333, 14, 498, 3, 5, '2024-01-01 00:00:00', NULL);
INSERT INTO prediction (id, user_id, game_id, home_score, away_score, created_at, updated_at) VALUES (4334, 8, 498, 2, 4, '2024-01-01 00:00:00', NULL);
INSERT INTO prediction (id, user_id, game_id, home_score, away_score, created_at, updated_at) VALUES (4335, 12, 498, 2, 3, '2024-01-01 00:00:00', NULL);
INSERT INTO prediction (id, user_id, game_id, home_score, away_score, created_at, updated_at) VALUES (4336, 2, 498, 2, 4, '2024-01-01 00:00:00', NULL);
INSERT INTO prediction (id, user_id, game_id, home_score, away_score, created_at, updated_at) VALUES (4337, 6, 498, 2, 3, '2024-01-01 00:00:00', NULL);
INSERT INTO prediction (id, user_id, game_id, home_score, away_score, created_at, updated_at) VALUES (4338, 10, 498, 1, 4, '2024-01-01 00:00:00', NULL);
INSERT INTO prediction (id, user_id, game_id, home_score, away_score, created_at, updated_at) VALUES (4339, 5, 498, 2, 4, '2024-01-01 00:00:00', NULL);
INSERT INTO prediction (id, user_id, game_id, home_score, away_score, created_at, updated_at) VALUES (4340, 9, 498, 2, 4, '2024-01-01 00:00:00', NULL);
INSERT INTO prediction (id, user_id, game_id, home_score, away_score, created_at, updated_at) VALUES (4341, 3, 498, 1, 5, '2024-01-01 00:00:00', NULL);
INSERT INTO prediction (id, user_id, game_id, home_score, away_score, created_at, updated_at) VALUES (4342, 4, 498, 3, 1, '2024-01-01 00:00:00', NULL);
INSERT INTO prediction (id, user_id, game_id, home_score, away_score, created_at, updated_at) VALUES (4343, 1, 498, 1, 3, '2024-01-01 00:00:00', NULL);
INSERT INTO prediction (id, user_id, game_id, home_score, away_score, created_at, updated_at) VALUES (4344, 11, 499, 6, 1, '2024-01-01 00:00:00', NULL);
INSERT INTO prediction (id, user_id, game_id, home_score, away_score, created_at, updated_at) VALUES (4345, 14, 499, 5, 0, '2024-01-01 00:00:00', NULL);
INSERT INTO prediction (id, user_id, game_id, home_score, away_score, created_at, updated_at) VALUES (4346, 8, 499, 8, 1, '2024-01-01 00:00:00', NULL);
INSERT INTO prediction (id, user_id, game_id, home_score, away_score, created_at, updated_at) VALUES (4347, 12, 499, 7, 0, '2024-01-01 00:00:00', NULL);
INSERT INTO prediction (id, user_id, game_id, home_score, away_score, created_at, updated_at) VALUES (4348, 2, 499, 10, 0, '2024-01-01 00:00:00', NULL);
INSERT INTO prediction (id, user_id, game_id, home_score, away_score, created_at, updated_at) VALUES (4349, 6, 499, 6, 0, '2024-01-01 00:00:00', NULL);
INSERT INTO prediction (id, user_id, game_id, home_score, away_score, created_at, updated_at) VALUES (4350, 10, 499, 7, 1, '2024-01-01 00:00:00', NULL);
INSERT INTO prediction (id, user_id, game_id, home_score, away_score, created_at, updated_at) VALUES (4351, 5, 499, 6, 0, '2024-01-01 00:00:00', NULL);
INSERT INTO prediction (id, user_id, game_id, home_score, away_score, created_at, updated_at) VALUES (4352, 9, 499, 8, 0, '2024-01-01 00:00:00', NULL);
INSERT INTO prediction (id, user_id, game_id, home_score, away_score, created_at, updated_at) VALUES (4353, 3, 499, 6, 1, '2024-01-01 00:00:00', NULL);
INSERT INTO prediction (id, user_id, game_id, home_score, away_score, created_at, updated_at) VALUES (4354, 4, 499, 4, 0, '2024-01-01 00:00:00', NULL);
INSERT INTO prediction (id, user_id, game_id, home_score, away_score, created_at, updated_at) VALUES (4355, 1, 499, 7, 1, '2024-01-01 00:00:00', NULL);
INSERT INTO prediction (id, user_id, game_id, home_score, away_score, created_at, updated_at) VALUES (4356, 11, 500, 4, 1, '2024-01-01 00:00:00', NULL);
INSERT INTO prediction (id, user_id, game_id, home_score, away_score, created_at, updated_at) VALUES (4357, 14, 500, 4, 2, '2024-01-01 00:00:00', NULL);
INSERT INTO prediction (id, user_id, game_id, home_score, away_score, created_at, updated_at) VALUES (4358, 8, 500, 4, 1, '2024-01-01 00:00:00', NULL);
INSERT INTO prediction (id, user_id, game_id, home_score, away_score, created_at, updated_at) VALUES (4359, 12, 500, 3, 1, '2024-01-01 00:00:00', NULL);
INSERT INTO prediction (id, user_id, game_id, home_score, away_score, created_at, updated_at) VALUES (4360, 2, 500, 4, 1, '2024-01-01 00:00:00', NULL);
INSERT INTO prediction (id, user_id, game_id, home_score, away_score, created_at, updated_at) VALUES (4361, 6, 500, 4, 1, '2024-01-01 00:00:00', NULL);
INSERT INTO prediction (id, user_id, game_id, home_score, away_score, created_at, updated_at) VALUES (4362, 10, 500, 4, 2, '2024-01-01 00:00:00', NULL);
INSERT INTO prediction (id, user_id, game_id, home_score, away_score, created_at, updated_at) VALUES (4363, 5, 500, 3, 2, '2024-01-01 00:00:00', NULL);
INSERT INTO prediction (id, user_id, game_id, home_score, away_score, created_at, updated_at) VALUES (4364, 9, 500, 3, 2, '2024-01-01 00:00:00', NULL);
INSERT INTO prediction (id, user_id, game_id, home_score, away_score, created_at, updated_at) VALUES (4365, 3, 500, 3, 2, '2024-01-01 00:00:00', NULL);
INSERT INTO prediction (id, user_id, game_id, home_score, away_score, created_at, updated_at) VALUES (4366, 4, 500, 3, 0, '2024-01-01 00:00:00', NULL);
INSERT INTO prediction (id, user_id, game_id, home_score, away_score, created_at, updated_at) VALUES (4367, 1, 500, 3, 1, '2024-01-01 00:00:00', NULL);
INSERT INTO prediction (id, user_id, game_id, home_score, away_score, created_at, updated_at) VALUES (4368, 11, 501, 4, 3, '2024-01-01 00:00:00', NULL);
INSERT INTO prediction (id, user_id, game_id, home_score, away_score, created_at, updated_at) VALUES (4369, 14, 501, 3, 2, '2024-01-01 00:00:00', NULL);
INSERT INTO prediction (id, user_id, game_id, home_score, away_score, created_at, updated_at) VALUES (4370, 8, 501, 4, 2, '2024-01-01 00:00:00', NULL);
INSERT INTO prediction (id, user_id, game_id, home_score, away_score, created_at, updated_at) VALUES (4371, 12, 501, 3, 1, '2024-01-01 00:00:00', NULL);
INSERT INTO prediction (id, user_id, game_id, home_score, away_score, created_at, updated_at) VALUES (4372, 2, 501, 5, 1, '2024-01-01 00:00:00', NULL);
INSERT INTO prediction (id, user_id, game_id, home_score, away_score, created_at, updated_at) VALUES (4373, 6, 501, 3, 1, '2024-01-01 00:00:00', NULL);
INSERT INTO prediction (id, user_id, game_id, home_score, away_score, created_at, updated_at) VALUES (4374, 10, 501, 4, 1, '2024-01-01 00:00:00', NULL);
INSERT INTO prediction (id, user_id, game_id, home_score, away_score, created_at, updated_at) VALUES (4375, 5, 501, 3, 1, '2024-01-01 00:00:00', NULL);
INSERT INTO prediction (id, user_id, game_id, home_score, away_score, created_at, updated_at) VALUES (4376, 9, 501, 0, 0, '2024-01-01 00:00:00', NULL);
INSERT INTO prediction (id, user_id, game_id, home_score, away_score, created_at, updated_at) VALUES (4377, 3, 501, 4, 1, '2024-01-01 00:00:00', NULL);
INSERT INTO prediction (id, user_id, game_id, home_score, away_score, created_at, updated_at) VALUES (4378, 4, 501, 0, 1, '2024-01-01 00:00:00', NULL);
INSERT INTO prediction (id, user_id, game_id, home_score, away_score, created_at, updated_at) VALUES (4379, 1, 501, 4, 1, '2024-01-01 00:00:00', NULL);
INSERT INTO prediction (id, user_id, game_id, home_score, away_score, created_at, updated_at) VALUES (4380, 11, 502, 5, 1, '2024-01-01 00:00:00', NULL);
INSERT INTO prediction (id, user_id, game_id, home_score, away_score, created_at, updated_at) VALUES (4381, 14, 502, 7, 1, '2024-01-01 00:00:00', NULL);
INSERT INTO prediction (id, user_id, game_id, home_score, away_score, created_at, updated_at) VALUES (4382, 8, 502, 4, 2, '2024-01-01 00:00:00', NULL);
INSERT INTO prediction (id, user_id, game_id, home_score, away_score, created_at, updated_at) VALUES (4383, 12, 502, 4, 2, '2024-01-01 00:00:00', NULL);
INSERT INTO prediction (id, user_id, game_id, home_score, away_score, created_at, updated_at) VALUES (4384, 2, 502, 4, 2, '2024-01-01 00:00:00', NULL);
INSERT INTO prediction (id, user_id, game_id, home_score, away_score, created_at, updated_at) VALUES (4385, 6, 502, 5, 2, '2024-01-01 00:00:00', NULL);
INSERT INTO prediction (id, user_id, game_id, home_score, away_score, created_at, updated_at) VALUES (4386, 10, 502, 5, 1, '2024-01-01 00:00:00', NULL);
INSERT INTO prediction (id, user_id, game_id, home_score, away_score, created_at, updated_at) VALUES (4387, 5, 502, 5, 1, '2024-01-01 00:00:00', NULL);
INSERT INTO prediction (id, user_id, game_id, home_score, away_score, created_at, updated_at) VALUES (4388, 9, 502, 0, 0, '2024-01-01 00:00:00', NULL);
INSERT INTO prediction (id, user_id, game_id, home_score, away_score, created_at, updated_at) VALUES (4389, 3, 502, 5, 2, '2024-01-01 00:00:00', NULL);
INSERT INTO prediction (id, user_id, game_id, home_score, away_score, created_at, updated_at) VALUES (4390, 4, 502, 2, 3, '2024-01-01 00:00:00', NULL);
INSERT INTO prediction (id, user_id, game_id, home_score, away_score, created_at, updated_at) VALUES (4391, 1, 502, 4, 0, '2024-01-01 00:00:00', NULL);
INSERT INTO prediction (id, user_id, game_id, home_score, away_score, created_at, updated_at) VALUES (4392, 11, 503, 2, 3, '2024-01-01 00:00:00', NULL);
INSERT INTO prediction (id, user_id, game_id, home_score, away_score, created_at, updated_at) VALUES (4393, 14, 503, 1, 5, '2024-01-01 00:00:00', NULL);
INSERT INTO prediction (id, user_id, game_id, home_score, away_score, created_at, updated_at) VALUES (4394, 8, 503, 2, 4, '2024-01-01 00:00:00', NULL);
INSERT INTO prediction (id, user_id, game_id, home_score, away_score, created_at, updated_at) VALUES (4395, 12, 503, 1, 4, '2024-01-01 00:00:00', NULL);
INSERT INTO prediction (id, user_id, game_id, home_score, away_score, created_at, updated_at) VALUES (4396, 2, 503, 3, 2, '2024-01-01 00:00:00', NULL);
INSERT INTO prediction (id, user_id, game_id, home_score, away_score, created_at, updated_at) VALUES (4397, 6, 503, 1, 4, '2024-01-01 00:00:00', NULL);
INSERT INTO prediction (id, user_id, game_id, home_score, away_score, created_at, updated_at) VALUES (4398, 10, 503, 2, 6, '2024-01-01 00:00:00', NULL);
INSERT INTO prediction (id, user_id, game_id, home_score, away_score, created_at, updated_at) VALUES (4399, 5, 503, 1, 5, '2024-01-01 00:00:00', NULL);
INSERT INTO prediction (id, user_id, game_id, home_score, away_score, created_at, updated_at) VALUES (4400, 9, 503, 1, 5, '2024-01-01 00:00:00', NULL);
INSERT INTO prediction (id, user_id, game_id, home_score, away_score, created_at, updated_at) VALUES (4401, 3, 503, 2, 4, '2024-01-01 00:00:00', NULL);
INSERT INTO prediction (id, user_id, game_id, home_score, away_score, created_at, updated_at) VALUES (4402, 4, 503, 1, 3, '2024-01-01 00:00:00', NULL);
INSERT INTO prediction (id, user_id, game_id, home_score, away_score, created_at, updated_at) VALUES (4403, 1, 503, 1, 4, '2024-01-01 00:00:00', NULL);
INSERT INTO prediction (id, user_id, game_id, home_score, away_score, created_at, updated_at) VALUES (4404, 11, 504, 2, 3, '2024-01-01 00:00:00', NULL);
INSERT INTO prediction (id, user_id, game_id, home_score, away_score, created_at, updated_at) VALUES (4405, 14, 504, 2, 4, '2024-01-01 00:00:00', NULL);
INSERT INTO prediction (id, user_id, game_id, home_score, away_score, created_at, updated_at) VALUES (4406, 8, 504, 2, 4, '2024-01-01 00:00:00', NULL);
INSERT INTO prediction (id, user_id, game_id, home_score, away_score, created_at, updated_at) VALUES (4407, 12, 504, 2, 4, '2024-01-01 00:00:00', NULL);
INSERT INTO prediction (id, user_id, game_id, home_score, away_score, created_at, updated_at) VALUES (4408, 2, 504, 2, 6, '2024-01-01 00:00:00', NULL);
INSERT INTO prediction (id, user_id, game_id, home_score, away_score, created_at, updated_at) VALUES (4409, 6, 504, 1, 4, '2024-01-01 00:00:00', NULL);
INSERT INTO prediction (id, user_id, game_id, home_score, away_score, created_at, updated_at) VALUES (4410, 10, 504, 2, 3, '2024-01-01 00:00:00', NULL);
INSERT INTO prediction (id, user_id, game_id, home_score, away_score, created_at, updated_at) VALUES (4411, 5, 504, 1, 4, '2024-01-01 00:00:00', NULL);
INSERT INTO prediction (id, user_id, game_id, home_score, away_score, created_at, updated_at) VALUES (4412, 9, 504, 2, 3, '2024-01-01 00:00:00', NULL);
INSERT INTO prediction (id, user_id, game_id, home_score, away_score, created_at, updated_at) VALUES (4413, 3, 504, 2, 3, '2024-01-01 00:00:00', NULL);
INSERT INTO prediction (id, user_id, game_id, home_score, away_score, created_at, updated_at) VALUES (4414, 4, 504, 0, 3, '2024-01-01 00:00:00', NULL);
INSERT INTO prediction (id, user_id, game_id, home_score, away_score, created_at, updated_at) VALUES (4415, 1, 504, 3, 2, '2024-01-01 00:00:00', NULL);
INSERT INTO prediction (id, user_id, game_id, home_score, away_score, created_at, updated_at) VALUES (4416, 11, 505, 3, 1, '2024-01-01 00:00:00', NULL);
INSERT INTO prediction (id, user_id, game_id, home_score, away_score, created_at, updated_at) VALUES (4417, 14, 505, 5, 2, '2024-01-01 00:00:00', NULL);
INSERT INTO prediction (id, user_id, game_id, home_score, away_score, created_at, updated_at) VALUES (4418, 8, 505, 3, 1, '2024-01-01 00:00:00', NULL);
INSERT INTO prediction (id, user_id, game_id, home_score, away_score, created_at, updated_at) VALUES (4419, 12, 505, 4, 1, '2024-01-01 00:00:00', NULL);
INSERT INTO prediction (id, user_id, game_id, home_score, away_score, created_at, updated_at) VALUES (4420, 2, 505, 2, 1, '2024-01-01 00:00:00', NULL);
INSERT INTO prediction (id, user_id, game_id, home_score, away_score, created_at, updated_at) VALUES (4421, 6, 505, 4, 1, '2024-01-01 00:00:00', NULL);
INSERT INTO prediction (id, user_id, game_id, home_score, away_score, created_at, updated_at) VALUES (4422, 10, 505, 3, 1, '2024-01-01 00:00:00', NULL);
INSERT INTO prediction (id, user_id, game_id, home_score, away_score, created_at, updated_at) VALUES (4423, 5, 505, 4, 2, '2024-01-01 00:00:00', NULL);
INSERT INTO prediction (id, user_id, game_id, home_score, away_score, created_at, updated_at) VALUES (4424, 9, 505, 4, 1, '2024-01-01 00:00:00', NULL);
INSERT INTO prediction (id, user_id, game_id, home_score, away_score, created_at, updated_at) VALUES (4425, 3, 505, 5, 1, '2024-01-01 00:00:00', NULL);
INSERT INTO prediction (id, user_id, game_id, home_score, away_score, created_at, updated_at) VALUES (4426, 4, 505, 3, 1, '2024-01-01 00:00:00', NULL);
INSERT INTO prediction (id, user_id, game_id, home_score, away_score, created_at, updated_at) VALUES (4427, 1, 505, 4, 1, '2024-01-01 00:00:00', NULL);
INSERT INTO prediction (id, user_id, game_id, home_score, away_score, created_at, updated_at) VALUES (4428, 11, 506, 4, 3, '2024-01-01 00:00:00', NULL);
INSERT INTO prediction (id, user_id, game_id, home_score, away_score, created_at, updated_at) VALUES (4429, 14, 506, 4, 3, '2024-01-01 00:00:00', NULL);
INSERT INTO prediction (id, user_id, game_id, home_score, away_score, created_at, updated_at) VALUES (4430, 8, 506, 5, 2, '2024-01-01 00:00:00', NULL);
INSERT INTO prediction (id, user_id, game_id, home_score, away_score, created_at, updated_at) VALUES (4431, 12, 506, 4, 2, '2024-01-01 00:00:00', NULL);
INSERT INTO prediction (id, user_id, game_id, home_score, away_score, created_at, updated_at) VALUES (4432, 2, 506, 4, 3, '2024-01-01 00:00:00', NULL);
INSERT INTO prediction (id, user_id, game_id, home_score, away_score, created_at, updated_at) VALUES (4433, 6, 506, 2, 1, '2024-01-01 00:00:00', NULL);
INSERT INTO prediction (id, user_id, game_id, home_score, away_score, created_at, updated_at) VALUES (4434, 10, 506, 3, 2, '2024-01-01 00:00:00', NULL);
INSERT INTO prediction (id, user_id, game_id, home_score, away_score, created_at, updated_at) VALUES (4435, 5, 506, 4, 3, '2024-01-01 00:00:00', NULL);
INSERT INTO prediction (id, user_id, game_id, home_score, away_score, created_at, updated_at) VALUES (4436, 9, 506, 4, 2, '2024-01-01 00:00:00', NULL);
INSERT INTO prediction (id, user_id, game_id, home_score, away_score, created_at, updated_at) VALUES (4437, 3, 506, 2, 4, '2024-01-01 00:00:00', NULL);
INSERT INTO prediction (id, user_id, game_id, home_score, away_score, created_at, updated_at) VALUES (4438, 4, 506, 2, 1, '2024-01-01 00:00:00', NULL);
INSERT INTO prediction (id, user_id, game_id, home_score, away_score, created_at, updated_at) VALUES (4439, 1, 506, 4, 2, '2024-01-01 00:00:00', NULL);
INSERT INTO prediction (id, user_id, game_id, home_score, away_score, created_at, updated_at) VALUES (4440, 11, 507, 6, 1, '2024-01-01 00:00:00', NULL);
INSERT INTO prediction (id, user_id, game_id, home_score, away_score, created_at, updated_at) VALUES (4441, 14, 507, 7, 0, '2024-01-01 00:00:00', NULL);
INSERT INTO prediction (id, user_id, game_id, home_score, away_score, created_at, updated_at) VALUES (4442, 8, 507, 7, 1, '2024-01-01 00:00:00', NULL);
INSERT INTO prediction (id, user_id, game_id, home_score, away_score, created_at, updated_at) VALUES (4443, 12, 507, 6, 0, '2024-01-01 00:00:00', NULL);
INSERT INTO prediction (id, user_id, game_id, home_score, away_score, created_at, updated_at) VALUES (4444, 2, 507, 3, 4, '2024-01-01 00:00:00', NULL);
INSERT INTO prediction (id, user_id, game_id, home_score, away_score, created_at, updated_at) VALUES (4445, 6, 507, 5, 1, '2024-01-01 00:00:00', NULL);
INSERT INTO prediction (id, user_id, game_id, home_score, away_score, created_at, updated_at) VALUES (4446, 10, 507, 6, 2, '2024-01-01 00:00:00', NULL);
INSERT INTO prediction (id, user_id, game_id, home_score, away_score, created_at, updated_at) VALUES (4447, 5, 507, 5, 2, '2024-01-01 00:00:00', NULL);
INSERT INTO prediction (id, user_id, game_id, home_score, away_score, created_at, updated_at) VALUES (4448, 9, 507, 8, 1, '2024-01-01 00:00:00', NULL);
INSERT INTO prediction (id, user_id, game_id, home_score, away_score, created_at, updated_at) VALUES (4449, 3, 507, 7, 2, '2024-01-01 00:00:00', NULL);
INSERT INTO prediction (id, user_id, game_id, home_score, away_score, created_at, updated_at) VALUES (4450, 4, 507, 7, 3, '2024-01-01 00:00:00', NULL);
INSERT INTO prediction (id, user_id, game_id, home_score, away_score, created_at, updated_at) VALUES (4451, 1, 507, 5, 1, '2024-01-01 00:00:00', NULL);
INSERT INTO prediction (id, user_id, game_id, home_score, away_score, created_at, updated_at) VALUES (4452, 11, 508, 5, 0, '2024-01-01 00:00:00', NULL);
INSERT INTO prediction (id, user_id, game_id, home_score, away_score, created_at, updated_at) VALUES (4453, 14, 508, 8, 2, '2024-01-01 00:00:00', NULL);
INSERT INTO prediction (id, user_id, game_id, home_score, away_score, created_at, updated_at) VALUES (4454, 8, 508, 7, 1, '2024-01-01 00:00:00', NULL);
INSERT INTO prediction (id, user_id, game_id, home_score, away_score, created_at, updated_at) VALUES (4455, 12, 508, 7, 0, '2024-01-01 00:00:00', NULL);
INSERT INTO prediction (id, user_id, game_id, home_score, away_score, created_at, updated_at) VALUES (4456, 2, 508, 7, 1, '2024-01-01 00:00:00', NULL);
INSERT INTO prediction (id, user_id, game_id, home_score, away_score, created_at, updated_at) VALUES (4457, 6, 508, 6, 1, '2024-01-01 00:00:00', NULL);
INSERT INTO prediction (id, user_id, game_id, home_score, away_score, created_at, updated_at) VALUES (4458, 10, 508, 6, 0, '2024-01-01 00:00:00', NULL);
INSERT INTO prediction (id, user_id, game_id, home_score, away_score, created_at, updated_at) VALUES (4459, 5, 508, 6, 0, '2024-01-01 00:00:00', NULL);
INSERT INTO prediction (id, user_id, game_id, home_score, away_score, created_at, updated_at) VALUES (4460, 9, 508, 10, 0, '2024-01-01 00:00:00', NULL);
INSERT INTO prediction (id, user_id, game_id, home_score, away_score, created_at, updated_at) VALUES (4461, 3, 508, 6, 1, '2024-01-01 00:00:00', NULL);
INSERT INTO prediction (id, user_id, game_id, home_score, away_score, created_at, updated_at) VALUES (4462, 4, 508, 3, 2, '2024-01-01 00:00:00', NULL);
INSERT INTO prediction (id, user_id, game_id, home_score, away_score, created_at, updated_at) VALUES (4463, 1, 508, 6, 1, '2024-01-01 00:00:00', NULL);
INSERT INTO prediction (id, user_id, game_id, home_score, away_score, created_at, updated_at) VALUES (4464, 11, 509, 3, 2, '2024-01-01 00:00:00', NULL);
INSERT INTO prediction (id, user_id, game_id, home_score, away_score, created_at, updated_at) VALUES (4465, 14, 509, 2, 3, '2024-01-01 00:00:00', NULL);
INSERT INTO prediction (id, user_id, game_id, home_score, away_score, created_at, updated_at) VALUES (4466, 8, 509, 4, 2, '2024-01-01 00:00:00', NULL);
INSERT INTO prediction (id, user_id, game_id, home_score, away_score, created_at, updated_at) VALUES (4467, 12, 509, 3, 1, '2024-01-01 00:00:00', NULL);
INSERT INTO prediction (id, user_id, game_id, home_score, away_score, created_at, updated_at) VALUES (4468, 2, 509, 5, 2, '2024-01-01 00:00:00', NULL);
INSERT INTO prediction (id, user_id, game_id, home_score, away_score, created_at, updated_at) VALUES (4469, 6, 509, 4, 3, '2024-01-01 00:00:00', NULL);
INSERT INTO prediction (id, user_id, game_id, home_score, away_score, created_at, updated_at) VALUES (4470, 10, 509, 3, 4, '2024-01-01 00:00:00', NULL);
INSERT INTO prediction (id, user_id, game_id, home_score, away_score, created_at, updated_at) VALUES (4471, 5, 509, 5, 2, '2024-01-01 00:00:00', NULL);
INSERT INTO prediction (id, user_id, game_id, home_score, away_score, created_at, updated_at) VALUES (4472, 9, 509, 4, 1, '2024-01-01 00:00:00', NULL);
INSERT INTO prediction (id, user_id, game_id, home_score, away_score, created_at, updated_at) VALUES (4473, 3, 509, 3, 2, '2024-01-01 00:00:00', NULL);
INSERT INTO prediction (id, user_id, game_id, home_score, away_score, created_at, updated_at) VALUES (4474, 4, 509, 0, 1, '2024-01-01 00:00:00', NULL);
INSERT INTO prediction (id, user_id, game_id, home_score, away_score, created_at, updated_at) VALUES (4475, 1, 509, 3, 1, '2024-01-01 00:00:00', NULL);
INSERT INTO prediction (id, user_id, game_id, home_score, away_score, created_at, updated_at) VALUES (4476, 11, 510, 2, 4, '2024-01-01 00:00:00', NULL);
INSERT INTO prediction (id, user_id, game_id, home_score, away_score, created_at, updated_at) VALUES (4477, 14, 510, 2, 5, '2024-01-01 00:00:00', NULL);
INSERT INTO prediction (id, user_id, game_id, home_score, away_score, created_at, updated_at) VALUES (4478, 8, 510, 1, 4, '2024-01-01 00:00:00', NULL);
INSERT INTO prediction (id, user_id, game_id, home_score, away_score, created_at, updated_at) VALUES (4479, 12, 510, 2, 4, '2024-01-01 00:00:00', NULL);
INSERT INTO prediction (id, user_id, game_id, home_score, away_score, created_at, updated_at) VALUES (4480, 2, 510, 1, 4, '2024-01-01 00:00:00', NULL);
INSERT INTO prediction (id, user_id, game_id, home_score, away_score, created_at, updated_at) VALUES (4481, 6, 510, 1, 4, '2024-01-01 00:00:00', NULL);
INSERT INTO prediction (id, user_id, game_id, home_score, away_score, created_at, updated_at) VALUES (4482, 10, 510, 2, 4, '2024-01-01 00:00:00', NULL);
INSERT INTO prediction (id, user_id, game_id, home_score, away_score, created_at, updated_at) VALUES (4483, 5, 510, 1, 4, '2024-01-01 00:00:00', NULL);
INSERT INTO prediction (id, user_id, game_id, home_score, away_score, created_at, updated_at) VALUES (4484, 9, 510, 2, 4, '2024-01-01 00:00:00', NULL);
INSERT INTO prediction (id, user_id, game_id, home_score, away_score, created_at, updated_at) VALUES (4485, 3, 510, 2, 4, '2024-01-01 00:00:00', NULL);
INSERT INTO prediction (id, user_id, game_id, home_score, away_score, created_at, updated_at) VALUES (4486, 4, 510, 0, 3, '2024-01-01 00:00:00', NULL);
INSERT INTO prediction (id, user_id, game_id, home_score, away_score, created_at, updated_at) VALUES (4487, 1, 510, 3, 1, '2024-01-01 00:00:00', NULL);
INSERT INTO prediction (id, user_id, game_id, home_score, away_score, created_at, updated_at) VALUES (4488, 11, 511, 5, 1, '2024-01-01 00:00:00', NULL);
INSERT INTO prediction (id, user_id, game_id, home_score, away_score, created_at, updated_at) VALUES (4489, 14, 511, 8, 1, '2024-01-01 00:00:00', NULL);
INSERT INTO prediction (id, user_id, game_id, home_score, away_score, created_at, updated_at) VALUES (4490, 8, 511, 5, 1, '2024-01-01 00:00:00', NULL);
INSERT INTO prediction (id, user_id, game_id, home_score, away_score, created_at, updated_at) VALUES (4491, 12, 511, 6, 1, '2024-01-01 00:00:00', NULL);
INSERT INTO prediction (id, user_id, game_id, home_score, away_score, created_at, updated_at) VALUES (4492, 2, 511, 6, 1, '2024-01-01 00:00:00', NULL);
INSERT INTO prediction (id, user_id, game_id, home_score, away_score, created_at, updated_at) VALUES (4493, 6, 511, 6, 0, '2024-01-01 00:00:00', NULL);
INSERT INTO prediction (id, user_id, game_id, home_score, away_score, created_at, updated_at) VALUES (4494, 10, 511, 7, 2, '2024-01-01 00:00:00', NULL);
INSERT INTO prediction (id, user_id, game_id, home_score, away_score, created_at, updated_at) VALUES (4495, 5, 511, 8, 0, '2024-01-01 00:00:00', NULL);
INSERT INTO prediction (id, user_id, game_id, home_score, away_score, created_at, updated_at) VALUES (4496, 9, 511, 5, 2, '2024-01-01 00:00:00', NULL);
INSERT INTO prediction (id, user_id, game_id, home_score, away_score, created_at, updated_at) VALUES (4497, 3, 511, 6, 0, '2024-01-01 00:00:00', NULL);
INSERT INTO prediction (id, user_id, game_id, home_score, away_score, created_at, updated_at) VALUES (4498, 4, 511, 3, 1, '2024-01-01 00:00:00', NULL);
INSERT INTO prediction (id, user_id, game_id, home_score, away_score, created_at, updated_at) VALUES (4499, 1, 511, 7, 0, '2024-01-01 00:00:00', NULL);
INSERT INTO prediction (id, user_id, game_id, home_score, away_score, created_at, updated_at) VALUES (4500, 11, 512, 4, 2, '2024-01-01 00:00:00', NULL);
INSERT INTO prediction (id, user_id, game_id, home_score, away_score, created_at, updated_at) VALUES (4501, 14, 512, 4, 1, '2024-01-01 00:00:00', NULL);
INSERT INTO prediction (id, user_id, game_id, home_score, away_score, created_at, updated_at) VALUES (4502, 8, 512, 5, 1, '2024-01-01 00:00:00', NULL);
INSERT INTO prediction (id, user_id, game_id, home_score, away_score, created_at, updated_at) VALUES (4503, 12, 512, 4, 1, '2024-01-01 00:00:00', NULL);
INSERT INTO prediction (id, user_id, game_id, home_score, away_score, created_at, updated_at) VALUES (4504, 2, 512, 4, 2, '2024-01-01 00:00:00', NULL);
INSERT INTO prediction (id, user_id, game_id, home_score, away_score, created_at, updated_at) VALUES (4505, 6, 512, 4, 0, '2024-01-01 00:00:00', NULL);
INSERT INTO prediction (id, user_id, game_id, home_score, away_score, created_at, updated_at) VALUES (4506, 10, 512, 6, 1, '2024-01-01 00:00:00', NULL);
INSERT INTO prediction (id, user_id, game_id, home_score, away_score, created_at, updated_at) VALUES (4507, 5, 512, 7, 2, '2024-01-01 00:00:00', NULL);
INSERT INTO prediction (id, user_id, game_id, home_score, away_score, created_at, updated_at) VALUES (4508, 9, 512, 6, 1, '2024-01-01 00:00:00', NULL);
INSERT INTO prediction (id, user_id, game_id, home_score, away_score, created_at, updated_at) VALUES (4509, 3, 512, 5, 1, '2024-01-01 00:00:00', NULL);
INSERT INTO prediction (id, user_id, game_id, home_score, away_score, created_at, updated_at) VALUES (4510, 4, 512, 2, 1, '2024-01-01 00:00:00', NULL);
INSERT INTO prediction (id, user_id, game_id, home_score, away_score, created_at, updated_at) VALUES (4511, 1, 512, 4, 1, '2024-01-01 00:00:00', NULL);
INSERT INTO prediction (id, user_id, game_id, home_score, away_score, created_at, updated_at) VALUES (4512, 11, 513, 3, 2, '2024-01-01 00:00:00', NULL);
INSERT INTO prediction (id, user_id, game_id, home_score, away_score, created_at, updated_at) VALUES (4513, 14, 513, 4, 1, '2024-01-01 00:00:00', NULL);
INSERT INTO prediction (id, user_id, game_id, home_score, away_score, created_at, updated_at) VALUES (4514, 8, 513, 3, 2, '2024-01-01 00:00:00', NULL);
INSERT INTO prediction (id, user_id, game_id, home_score, away_score, created_at, updated_at) VALUES (4515, 12, 513, 4, 1, '2024-01-01 00:00:00', NULL);
INSERT INTO prediction (id, user_id, game_id, home_score, away_score, created_at, updated_at) VALUES (4516, 2, 513, 0, 0, '2024-01-01 00:00:00', NULL);
INSERT INTO prediction (id, user_id, game_id, home_score, away_score, created_at, updated_at) VALUES (4517, 6, 513, 4, 2, '2024-01-01 00:00:00', NULL);
INSERT INTO prediction (id, user_id, game_id, home_score, away_score, created_at, updated_at) VALUES (4518, 10, 513, 3, 2, '2024-01-01 00:00:00', NULL);
INSERT INTO prediction (id, user_id, game_id, home_score, away_score, created_at, updated_at) VALUES (4519, 5, 513, 4, 2, '2024-01-01 00:00:00', NULL);
INSERT INTO prediction (id, user_id, game_id, home_score, away_score, created_at, updated_at) VALUES (4520, 9, 513, 0, 0, '2024-01-01 00:00:00', NULL);
INSERT INTO prediction (id, user_id, game_id, home_score, away_score, created_at, updated_at) VALUES (4521, 3, 513, 4, 2, '2024-01-01 00:00:00', NULL);
INSERT INTO prediction (id, user_id, game_id, home_score, away_score, created_at, updated_at) VALUES (4522, 4, 513, 2, 3, '2024-01-01 00:00:00', NULL);
INSERT INTO prediction (id, user_id, game_id, home_score, away_score, created_at, updated_at) VALUES (4523, 1, 513, 4, 2, '2024-01-01 00:00:00', NULL);
INSERT INTO prediction (id, user_id, game_id, home_score, away_score, created_at, updated_at) VALUES (4524, 11, 514, 3, 2, '2024-01-01 00:00:00', NULL);
INSERT INTO prediction (id, user_id, game_id, home_score, away_score, created_at, updated_at) VALUES (4525, 14, 514, 5, 2, '2024-01-01 00:00:00', NULL);
INSERT INTO prediction (id, user_id, game_id, home_score, away_score, created_at, updated_at) VALUES (4526, 8, 514, 4, 2, '2024-01-01 00:00:00', NULL);
INSERT INTO prediction (id, user_id, game_id, home_score, away_score, created_at, updated_at) VALUES (4527, 12, 514, 3, 2, '2024-01-01 00:00:00', NULL);
INSERT INTO prediction (id, user_id, game_id, home_score, away_score, created_at, updated_at) VALUES (4528, 2, 514, 0, 0, '2024-01-01 00:00:00', NULL);
INSERT INTO prediction (id, user_id, game_id, home_score, away_score, created_at, updated_at) VALUES (4529, 6, 514, 4, 2, '2024-01-01 00:00:00', NULL);
INSERT INTO prediction (id, user_id, game_id, home_score, away_score, created_at, updated_at) VALUES (4530, 10, 514, 3, 4, '2024-01-01 00:00:00', NULL);
INSERT INTO prediction (id, user_id, game_id, home_score, away_score, created_at, updated_at) VALUES (4531, 5, 514, 6, 4, '2024-01-01 00:00:00', NULL);
INSERT INTO prediction (id, user_id, game_id, home_score, away_score, created_at, updated_at) VALUES (4532, 9, 514, 0, 0, '2024-01-01 00:00:00', NULL);
INSERT INTO prediction (id, user_id, game_id, home_score, away_score, created_at, updated_at) VALUES (4533, 3, 514, 3, 2, '2024-01-01 00:00:00', NULL);
INSERT INTO prediction (id, user_id, game_id, home_score, away_score, created_at, updated_at) VALUES (4534, 4, 514, 4, 1, '2024-01-01 00:00:00', NULL);
INSERT INTO prediction (id, user_id, game_id, home_score, away_score, created_at, updated_at) VALUES (4535, 1, 514, 3, 2, '2024-01-01 00:00:00', NULL);
INSERT INTO prediction (id, user_id, game_id, home_score, away_score, created_at, updated_at) VALUES (4536, 11, 515, 1, 5, '2024-01-01 00:00:00', NULL);
INSERT INTO prediction (id, user_id, game_id, home_score, away_score, created_at, updated_at) VALUES (4537, 14, 515, 0, 5, '2024-01-01 00:00:00', NULL);
INSERT INTO prediction (id, user_id, game_id, home_score, away_score, created_at, updated_at) VALUES (4538, 8, 515, 0, 5, '2024-01-01 00:00:00', NULL);
INSERT INTO prediction (id, user_id, game_id, home_score, away_score, created_at, updated_at) VALUES (4539, 12, 515, 1, 6, '2024-01-01 00:00:00', NULL);
INSERT INTO prediction (id, user_id, game_id, home_score, away_score, created_at, updated_at) VALUES (4540, 2, 515, 2, 5, '2024-01-01 00:00:00', NULL);
INSERT INTO prediction (id, user_id, game_id, home_score, away_score, created_at, updated_at) VALUES (4541, 6, 515, 0, 6, '2024-01-01 00:00:00', NULL);
INSERT INTO prediction (id, user_id, game_id, home_score, away_score, created_at, updated_at) VALUES (4542, 10, 515, 0, 6, '2024-01-01 00:00:00', NULL);
INSERT INTO prediction (id, user_id, game_id, home_score, away_score, created_at, updated_at) VALUES (4543, 5, 515, 1, 6, '2024-01-01 00:00:00', NULL);
INSERT INTO prediction (id, user_id, game_id, home_score, away_score, created_at, updated_at) VALUES (4544, 9, 515, 1, 8, '2024-01-01 00:00:00', NULL);
INSERT INTO prediction (id, user_id, game_id, home_score, away_score, created_at, updated_at) VALUES (4545, 3, 515, 0, 6, '2024-01-01 00:00:00', NULL);
INSERT INTO prediction (id, user_id, game_id, home_score, away_score, created_at, updated_at) VALUES (4546, 4, 515, 1, 4, '2024-01-01 00:00:00', NULL);
INSERT INTO prediction (id, user_id, game_id, home_score, away_score, created_at, updated_at) VALUES (4547, 1, 515, 0, 6, '2024-01-01 00:00:00', NULL);
INSERT INTO prediction (id, user_id, game_id, home_score, away_score, created_at, updated_at) VALUES (4548, 11, 516, 4, 1, '2024-01-01 00:00:00', NULL);
INSERT INTO prediction (id, user_id, game_id, home_score, away_score, created_at, updated_at) VALUES (4549, 14, 516, 7, 1, '2024-01-01 00:00:00', NULL);
INSERT INTO prediction (id, user_id, game_id, home_score, away_score, created_at, updated_at) VALUES (4550, 8, 516, 4, 1, '2024-01-01 00:00:00', NULL);
INSERT INTO prediction (id, user_id, game_id, home_score, away_score, created_at, updated_at) VALUES (4551, 12, 516, 7, 0, '2024-01-01 00:00:00', NULL);
INSERT INTO prediction (id, user_id, game_id, home_score, away_score, created_at, updated_at) VALUES (4552, 2, 516, 6, 1, '2024-01-01 00:00:00', NULL);
INSERT INTO prediction (id, user_id, game_id, home_score, away_score, created_at, updated_at) VALUES (4553, 6, 516, 5, 0, '2024-01-01 00:00:00', NULL);
INSERT INTO prediction (id, user_id, game_id, home_score, away_score, created_at, updated_at) VALUES (4554, 10, 516, 6, 2, '2024-01-01 00:00:00', NULL);
INSERT INTO prediction (id, user_id, game_id, home_score, away_score, created_at, updated_at) VALUES (4555, 5, 516, 5, 1, '2024-01-01 00:00:00', NULL);
INSERT INTO prediction (id, user_id, game_id, home_score, away_score, created_at, updated_at) VALUES (4556, 9, 516, 10, 0, '2024-01-01 00:00:00', NULL);
INSERT INTO prediction (id, user_id, game_id, home_score, away_score, created_at, updated_at) VALUES (4557, 3, 516, 5, 1, '2024-01-01 00:00:00', NULL);
INSERT INTO prediction (id, user_id, game_id, home_score, away_score, created_at, updated_at) VALUES (4558, 4, 516, 5, 0, '2024-01-01 00:00:00', NULL);
INSERT INTO prediction (id, user_id, game_id, home_score, away_score, created_at, updated_at) VALUES (4559, 1, 516, 6, 1, '2024-01-01 00:00:00', NULL);
INSERT INTO prediction (id, user_id, game_id, home_score, away_score, created_at, updated_at) VALUES (4560, 11, 517, 5, 0, '2024-01-01 00:00:00', NULL);
INSERT INTO prediction (id, user_id, game_id, home_score, away_score, created_at, updated_at) VALUES (4561, 14, 517, 6, 1, '2024-01-01 00:00:00', NULL);
INSERT INTO prediction (id, user_id, game_id, home_score, away_score, created_at, updated_at) VALUES (4562, 8, 517, 5, 2, '2024-01-01 00:00:00', NULL);
INSERT INTO prediction (id, user_id, game_id, home_score, away_score, created_at, updated_at) VALUES (4563, 12, 517, 5, 1, '2024-01-01 00:00:00', NULL);
INSERT INTO prediction (id, user_id, game_id, home_score, away_score, created_at, updated_at) VALUES (4564, 2, 517, 2, 3, '2024-01-01 00:00:00', NULL);
INSERT INTO prediction (id, user_id, game_id, home_score, away_score, created_at, updated_at) VALUES (4565, 6, 517, 6, 1, '2024-01-01 00:00:00', NULL);
INSERT INTO prediction (id, user_id, game_id, home_score, away_score, created_at, updated_at) VALUES (4566, 10, 517, 5, 3, '2024-01-01 00:00:00', NULL);
INSERT INTO prediction (id, user_id, game_id, home_score, away_score, created_at, updated_at) VALUES (4567, 5, 517, 5, 2, '2024-01-01 00:00:00', NULL);
INSERT INTO prediction (id, user_id, game_id, home_score, away_score, created_at, updated_at) VALUES (4568, 9, 517, 8, 2, '2024-01-01 00:00:00', NULL);
INSERT INTO prediction (id, user_id, game_id, home_score, away_score, created_at, updated_at) VALUES (4569, 3, 517, 5, 2, '2024-01-01 00:00:00', NULL);
INSERT INTO prediction (id, user_id, game_id, home_score, away_score, created_at, updated_at) VALUES (4570, 4, 517, 3, 0, '2024-01-01 00:00:00', NULL);
INSERT INTO prediction (id, user_id, game_id, home_score, away_score, created_at, updated_at) VALUES (4571, 1, 517, 5, 0, '2024-01-01 00:00:00', NULL);
INSERT INTO prediction (id, user_id, game_id, home_score, away_score, created_at, updated_at) VALUES (4572, 11, 518, 3, 2, '2024-01-01 00:00:00', NULL);
INSERT INTO prediction (id, user_id, game_id, home_score, away_score, created_at, updated_at) VALUES (4573, 14, 518, 3, 1, '2024-01-01 00:00:00', NULL);
INSERT INTO prediction (id, user_id, game_id, home_score, away_score, created_at, updated_at) VALUES (4574, 8, 518, 4, 2, '2024-01-01 00:00:00', NULL);
INSERT INTO prediction (id, user_id, game_id, home_score, away_score, created_at, updated_at) VALUES (4575, 12, 518, 3, 5, '2024-01-01 00:00:00', NULL);
INSERT INTO prediction (id, user_id, game_id, home_score, away_score, created_at, updated_at) VALUES (4576, 2, 518, 3, 4, '2024-01-01 00:00:00', NULL);
INSERT INTO prediction (id, user_id, game_id, home_score, away_score, created_at, updated_at) VALUES (4577, 6, 518, 4, 3, '2024-01-01 00:00:00', NULL);
INSERT INTO prediction (id, user_id, game_id, home_score, away_score, created_at, updated_at) VALUES (4578, 10, 518, 2, 4, '2024-01-01 00:00:00', NULL);
INSERT INTO prediction (id, user_id, game_id, home_score, away_score, created_at, updated_at) VALUES (4579, 5, 518, 2, 4, '2024-01-01 00:00:00', NULL);
INSERT INTO prediction (id, user_id, game_id, home_score, away_score, created_at, updated_at) VALUES (4580, 9, 518, 2, 5, '2024-01-01 00:00:00', NULL);
INSERT INTO prediction (id, user_id, game_id, home_score, away_score, created_at, updated_at) VALUES (4581, 3, 518, 3, 2, '2024-01-01 00:00:00', NULL);
INSERT INTO prediction (id, user_id, game_id, home_score, away_score, created_at, updated_at) VALUES (4582, 4, 518, 1, 2, '2024-01-01 00:00:00', NULL);
INSERT INTO prediction (id, user_id, game_id, home_score, away_score, created_at, updated_at) VALUES (4583, 1, 518, 3, 1, '2024-01-01 00:00:00', NULL);
INSERT INTO prediction (id, user_id, game_id, home_score, away_score, created_at, updated_at) VALUES (4584, 11, 519, 1, 3, '2024-01-01 00:00:00', NULL);
INSERT INTO prediction (id, user_id, game_id, home_score, away_score, created_at, updated_at) VALUES (4585, 14, 519, 2, 3, '2024-01-01 00:00:00', NULL);
INSERT INTO prediction (id, user_id, game_id, home_score, away_score, created_at, updated_at) VALUES (4586, 8, 519, 1, 4, '2024-01-01 00:00:00', NULL);
INSERT INTO prediction (id, user_id, game_id, home_score, away_score, created_at, updated_at) VALUES (4587, 12, 519, 2, 3, '2024-01-01 00:00:00', NULL);
INSERT INTO prediction (id, user_id, game_id, home_score, away_score, created_at, updated_at) VALUES (4588, 2, 519, 2, 4, '2024-01-01 00:00:00', NULL);
INSERT INTO prediction (id, user_id, game_id, home_score, away_score, created_at, updated_at) VALUES (4589, 6, 519, 1, 4, '2024-01-01 00:00:00', NULL);
INSERT INTO prediction (id, user_id, game_id, home_score, away_score, created_at, updated_at) VALUES (4590, 10, 519, 1, 3, '2024-01-01 00:00:00', NULL);
INSERT INTO prediction (id, user_id, game_id, home_score, away_score, created_at, updated_at) VALUES (4591, 5, 519, 1, 4, '2024-01-01 00:00:00', NULL);
INSERT INTO prediction (id, user_id, game_id, home_score, away_score, created_at, updated_at) VALUES (4592, 9, 519, 2, 3, '2024-01-01 00:00:00', NULL);
INSERT INTO prediction (id, user_id, game_id, home_score, away_score, created_at, updated_at) VALUES (4593, 3, 519, 2, 4, '2024-01-01 00:00:00', NULL);
INSERT INTO prediction (id, user_id, game_id, home_score, away_score, created_at, updated_at) VALUES (4594, 4, 519, 0, 1, '2024-01-01 00:00:00', NULL);
INSERT INTO prediction (id, user_id, game_id, home_score, away_score, created_at, updated_at) VALUES (4595, 1, 519, 0, 0, '2024-01-01 00:00:00', NULL);
INSERT INTO prediction (id, user_id, game_id, home_score, away_score, created_at, updated_at) VALUES (4596, 11, 520, 0, 6, '2024-01-01 00:00:00', NULL);
INSERT INTO prediction (id, user_id, game_id, home_score, away_score, created_at, updated_at) VALUES (4597, 14, 520, 0, 6, '2024-01-01 00:00:00', NULL);
INSERT INTO prediction (id, user_id, game_id, home_score, away_score, created_at, updated_at) VALUES (4598, 8, 520, 0, 8, '2024-01-01 00:00:00', NULL);
INSERT INTO prediction (id, user_id, game_id, home_score, away_score, created_at, updated_at) VALUES (4599, 12, 520, 0, 7, '2024-01-01 00:00:00', NULL);
INSERT INTO prediction (id, user_id, game_id, home_score, away_score, created_at, updated_at) VALUES (4600, 2, 520, 2, 7, '2024-01-01 00:00:00', NULL);
INSERT INTO prediction (id, user_id, game_id, home_score, away_score, created_at, updated_at) VALUES (4601, 6, 520, 0, 5, '2024-01-01 00:00:00', NULL);
INSERT INTO prediction (id, user_id, game_id, home_score, away_score, created_at, updated_at) VALUES (4602, 10, 520, 1, 7, '2024-01-01 00:00:00', NULL);
INSERT INTO prediction (id, user_id, game_id, home_score, away_score, created_at, updated_at) VALUES (4603, 5, 520, 1, 5, '2024-01-01 00:00:00', NULL);
INSERT INTO prediction (id, user_id, game_id, home_score, away_score, created_at, updated_at) VALUES (4604, 9, 520, 1, 6, '2024-01-01 00:00:00', NULL);
INSERT INTO prediction (id, user_id, game_id, home_score, away_score, created_at, updated_at) VALUES (4605, 3, 520, 1, 6, '2024-01-01 00:00:00', NULL);
INSERT INTO prediction (id, user_id, game_id, home_score, away_score, created_at, updated_at) VALUES (4606, 4, 520, 0, 7, '2024-01-01 00:00:00', NULL);
INSERT INTO prediction (id, user_id, game_id, home_score, away_score, created_at, updated_at) VALUES (4607, 1, 520, 0, 0, '2024-01-01 00:00:00', NULL);
INSERT INTO prediction (id, user_id, game_id, home_score, away_score, created_at, updated_at) VALUES (4608, 11, 521, 2, 3, '2024-01-01 00:00:00', NULL);
INSERT INTO prediction (id, user_id, game_id, home_score, away_score, created_at, updated_at) VALUES (4609, 14, 521, 4, 3, '2024-01-01 00:00:00', NULL);
INSERT INTO prediction (id, user_id, game_id, home_score, away_score, created_at, updated_at) VALUES (4610, 8, 521, 2, 4, '2024-01-01 00:00:00', NULL);
INSERT INTO prediction (id, user_id, game_id, home_score, away_score, created_at, updated_at) VALUES (4611, 12, 521, 1, 2, '2024-01-01 00:00:00', NULL);
INSERT INTO prediction (id, user_id, game_id, home_score, away_score, created_at, updated_at) VALUES (4612, 2, 521, 4, 1, '2024-01-01 00:00:00', NULL);
INSERT INTO prediction (id, user_id, game_id, home_score, away_score, created_at, updated_at) VALUES (4613, 6, 521, 2, 3, '2024-01-01 00:00:00', NULL);
INSERT INTO prediction (id, user_id, game_id, home_score, away_score, created_at, updated_at) VALUES (4614, 10, 521, 3, 1, '2024-01-01 00:00:00', NULL);
INSERT INTO prediction (id, user_id, game_id, home_score, away_score, created_at, updated_at) VALUES (4615, 5, 521, 3, 2, '2024-01-01 00:00:00', NULL);
INSERT INTO prediction (id, user_id, game_id, home_score, away_score, created_at, updated_at) VALUES (4616, 9, 521, 3, 2, '2024-01-01 00:00:00', NULL);
INSERT INTO prediction (id, user_id, game_id, home_score, away_score, created_at, updated_at) VALUES (4617, 3, 521, 3, 2, '2024-01-01 00:00:00', NULL);
INSERT INTO prediction (id, user_id, game_id, home_score, away_score, created_at, updated_at) VALUES (4618, 4, 521, 1, 2, '2024-01-01 00:00:00', NULL);
INSERT INTO prediction (id, user_id, game_id, home_score, away_score, created_at, updated_at) VALUES (4619, 1, 521, 1, 3, '2024-01-01 00:00:00', NULL);
INSERT INTO prediction (id, user_id, game_id, home_score, away_score, created_at, updated_at) VALUES (4620, 11, 522, 0, 4, '2024-01-01 00:00:00', NULL);
INSERT INTO prediction (id, user_id, game_id, home_score, away_score, created_at, updated_at) VALUES (4621, 14, 522, 1, 5, '2024-01-01 00:00:00', NULL);
INSERT INTO prediction (id, user_id, game_id, home_score, away_score, created_at, updated_at) VALUES (4622, 8, 522, 0, 7, '2024-01-01 00:00:00', NULL);
INSERT INTO prediction (id, user_id, game_id, home_score, away_score, created_at, updated_at) VALUES (4623, 12, 522, 1, 7, '2024-01-01 00:00:00', NULL);
INSERT INTO prediction (id, user_id, game_id, home_score, away_score, created_at, updated_at) VALUES (4624, 2, 522, 1, 8, '2024-01-01 00:00:00', NULL);
INSERT INTO prediction (id, user_id, game_id, home_score, away_score, created_at, updated_at) VALUES (4625, 6, 522, 0, 5, '2024-01-01 00:00:00', NULL);
INSERT INTO prediction (id, user_id, game_id, home_score, away_score, created_at, updated_at) VALUES (4626, 10, 522, 0, 4, '2024-01-01 00:00:00', NULL);
INSERT INTO prediction (id, user_id, game_id, home_score, away_score, created_at, updated_at) VALUES (4627, 5, 522, 0, 7, '2024-01-01 00:00:00', NULL);
INSERT INTO prediction (id, user_id, game_id, home_score, away_score, created_at, updated_at) VALUES (4628, 9, 522, 1, 7, '2024-01-01 00:00:00', NULL);
INSERT INTO prediction (id, user_id, game_id, home_score, away_score, created_at, updated_at) VALUES (4629, 3, 522, 1, 5, '2024-01-01 00:00:00', NULL);
INSERT INTO prediction (id, user_id, game_id, home_score, away_score, created_at, updated_at) VALUES (4630, 4, 522, 0, 2, '2024-01-01 00:00:00', NULL);
INSERT INTO prediction (id, user_id, game_id, home_score, away_score, created_at, updated_at) VALUES (4631, 1, 522, 0, 4, '2024-01-01 00:00:00', NULL);
INSERT INTO prediction (id, user_id, game_id, home_score, away_score, created_at, updated_at) VALUES (4632, 11, 523, 2, 1, '2024-01-01 00:00:00', NULL);
INSERT INTO prediction (id, user_id, game_id, home_score, away_score, created_at, updated_at) VALUES (4633, 14, 523, 3, 2, '2024-01-01 00:00:00', NULL);
INSERT INTO prediction (id, user_id, game_id, home_score, away_score, created_at, updated_at) VALUES (4634, 8, 523, 3, 2, '2024-01-01 00:00:00', NULL);
INSERT INTO prediction (id, user_id, game_id, home_score, away_score, created_at, updated_at) VALUES (4635, 12, 523, 2, 3, '2024-01-01 00:00:00', NULL);
INSERT INTO prediction (id, user_id, game_id, home_score, away_score, created_at, updated_at) VALUES (4636, 2, 523, 3, 2, '2024-01-01 00:00:00', NULL);
INSERT INTO prediction (id, user_id, game_id, home_score, away_score, created_at, updated_at) VALUES (4637, 6, 523, 5, 3, '2024-01-01 00:00:00', NULL);
INSERT INTO prediction (id, user_id, game_id, home_score, away_score, created_at, updated_at) VALUES (4638, 10, 523, 1, 3, '2024-01-01 00:00:00', NULL);
INSERT INTO prediction (id, user_id, game_id, home_score, away_score, created_at, updated_at) VALUES (4639, 5, 523, 3, 2, '2024-01-01 00:00:00', NULL);
INSERT INTO prediction (id, user_id, game_id, home_score, away_score, created_at, updated_at) VALUES (4640, 9, 523, 2, 3, '2024-01-01 00:00:00', NULL);
INSERT INTO prediction (id, user_id, game_id, home_score, away_score, created_at, updated_at) VALUES (4641, 3, 523, 3, 2, '2024-01-01 00:00:00', NULL);
INSERT INTO prediction (id, user_id, game_id, home_score, away_score, created_at, updated_at) VALUES (4642, 4, 523, 2, 1, '2024-01-01 00:00:00', NULL);
INSERT INTO prediction (id, user_id, game_id, home_score, away_score, created_at, updated_at) VALUES (4643, 1, 523, 3, 1, '2024-01-01 00:00:00', NULL);
INSERT INTO prediction (id, user_id, game_id, home_score, away_score, created_at, updated_at) VALUES (4644, 11, 524, 1, 3, '2024-01-01 00:00:00', NULL);
INSERT INTO prediction (id, user_id, game_id, home_score, away_score, created_at, updated_at) VALUES (4645, 14, 524, 2, 5, '2024-01-01 00:00:00', NULL);
INSERT INTO prediction (id, user_id, game_id, home_score, away_score, created_at, updated_at) VALUES (4646, 8, 524, 2, 4, '2024-01-01 00:00:00', NULL);
INSERT INTO prediction (id, user_id, game_id, home_score, away_score, created_at, updated_at) VALUES (4647, 12, 524, 2, 4, '2024-01-01 00:00:00', NULL);
INSERT INTO prediction (id, user_id, game_id, home_score, away_score, created_at, updated_at) VALUES (4648, 2, 524, 2, 5, '2024-01-01 00:00:00', NULL);
INSERT INTO prediction (id, user_id, game_id, home_score, away_score, created_at, updated_at) VALUES (4649, 6, 524, 2, 4, '2024-01-01 00:00:00', NULL);
INSERT INTO prediction (id, user_id, game_id, home_score, away_score, created_at, updated_at) VALUES (4650, 10, 524, 3, 4, '2024-01-01 00:00:00', NULL);
INSERT INTO prediction (id, user_id, game_id, home_score, away_score, created_at, updated_at) VALUES (4651, 5, 524, 2, 4, '2024-01-01 00:00:00', NULL);
INSERT INTO prediction (id, user_id, game_id, home_score, away_score, created_at, updated_at) VALUES (4652, 9, 524, 1, 4, '2024-01-01 00:00:00', NULL);
INSERT INTO prediction (id, user_id, game_id, home_score, away_score, created_at, updated_at) VALUES (4653, 3, 524, 2, 4, '2024-01-01 00:00:00', NULL);
INSERT INTO prediction (id, user_id, game_id, home_score, away_score, created_at, updated_at) VALUES (4654, 4, 524, 1, 3, '2024-01-01 00:00:00', NULL);
INSERT INTO prediction (id, user_id, game_id, home_score, away_score, created_at, updated_at) VALUES (4655, 1, 524, 2, 4, '2024-01-01 00:00:00', NULL);
INSERT INTO prediction (id, user_id, game_id, home_score, away_score, created_at, updated_at) VALUES (4656, 11, 525, 4, 1, '2024-01-01 00:00:00', NULL);
INSERT INTO prediction (id, user_id, game_id, home_score, away_score, created_at, updated_at) VALUES (4657, 14, 525, 4, 3, '2024-01-01 00:00:00', NULL);
INSERT INTO prediction (id, user_id, game_id, home_score, away_score, created_at, updated_at) VALUES (4658, 8, 525, 3, 1, '2024-01-01 00:00:00', NULL);
INSERT INTO prediction (id, user_id, game_id, home_score, away_score, created_at, updated_at) VALUES (4659, 12, 525, 4, 2, '2024-01-01 00:00:00', NULL);
INSERT INTO prediction (id, user_id, game_id, home_score, away_score, created_at, updated_at) VALUES (4660, 2, 525, 5, 2, '2024-01-01 00:00:00', NULL);
INSERT INTO prediction (id, user_id, game_id, home_score, away_score, created_at, updated_at) VALUES (4661, 6, 525, 4, 1, '2024-01-01 00:00:00', NULL);
INSERT INTO prediction (id, user_id, game_id, home_score, away_score, created_at, updated_at) VALUES (4662, 10, 525, 5, 2, '2024-01-01 00:00:00', NULL);
INSERT INTO prediction (id, user_id, game_id, home_score, away_score, created_at, updated_at) VALUES (4663, 5, 525, 5, 1, '2024-01-01 00:00:00', NULL);
INSERT INTO prediction (id, user_id, game_id, home_score, away_score, created_at, updated_at) VALUES (4664, 9, 525, 2, 1, '2024-01-01 00:00:00', NULL);
INSERT INTO prediction (id, user_id, game_id, home_score, away_score, created_at, updated_at) VALUES (4665, 3, 525, 3, 2, '2024-01-01 00:00:00', NULL);
INSERT INTO prediction (id, user_id, game_id, home_score, away_score, created_at, updated_at) VALUES (4666, 4, 525, 1, 0, '2024-01-01 00:00:00', NULL);
INSERT INTO prediction (id, user_id, game_id, home_score, away_score, created_at, updated_at) VALUES (4667, 1, 525, 5, 1, '2024-01-01 00:00:00', NULL);
INSERT INTO prediction (id, user_id, game_id, home_score, away_score, created_at, updated_at) VALUES (4668, 11, 526, 2, 3, '2024-01-01 00:00:00', NULL);
INSERT INTO prediction (id, user_id, game_id, home_score, away_score, created_at, updated_at) VALUES (4669, 14, 526, 1, 4, '2024-01-01 00:00:00', NULL);
INSERT INTO prediction (id, user_id, game_id, home_score, away_score, created_at, updated_at) VALUES (4670, 8, 526, 1, 5, '2024-01-01 00:00:00', NULL);
INSERT INTO prediction (id, user_id, game_id, home_score, away_score, created_at, updated_at) VALUES (4671, 12, 526, 2, 5, '2024-01-01 00:00:00', NULL);
INSERT INTO prediction (id, user_id, game_id, home_score, away_score, created_at, updated_at) VALUES (4672, 2, 526, 2, 0, '2024-01-01 00:00:00', NULL);
INSERT INTO prediction (id, user_id, game_id, home_score, away_score, created_at, updated_at) VALUES (4673, 6, 526, 2, 5, '2024-01-01 00:00:00', NULL);
INSERT INTO prediction (id, user_id, game_id, home_score, away_score, created_at, updated_at) VALUES (4674, 10, 526, 4, 3, '2024-01-01 00:00:00', NULL);
INSERT INTO prediction (id, user_id, game_id, home_score, away_score, created_at, updated_at) VALUES (4675, 5, 526, 1, 3, '2024-01-01 00:00:00', NULL);
INSERT INTO prediction (id, user_id, game_id, home_score, away_score, created_at, updated_at) VALUES (4676, 9, 526, 2, 5, '2024-01-01 00:00:00', NULL);
INSERT INTO prediction (id, user_id, game_id, home_score, away_score, created_at, updated_at) VALUES (4677, 3, 526, 2, 3, '2024-01-01 00:00:00', NULL);
INSERT INTO prediction (id, user_id, game_id, home_score, away_score, created_at, updated_at) VALUES (4678, 4, 526, 1, 2, '2024-01-01 00:00:00', NULL);
INSERT INTO prediction (id, user_id, game_id, home_score, away_score, created_at, updated_at) VALUES (4679, 1, 526, 2, 1, '2024-01-01 00:00:00', NULL);
INSERT INTO prediction (id, user_id, game_id, home_score, away_score, created_at, updated_at) VALUES (4680, 11, 527, 3, 2, '2024-01-01 00:00:00', NULL);
INSERT INTO prediction (id, user_id, game_id, home_score, away_score, created_at, updated_at) VALUES (4681, 14, 527, 3, 2, '2024-01-01 00:00:00', NULL);
INSERT INTO prediction (id, user_id, game_id, home_score, away_score, created_at, updated_at) VALUES (4682, 8, 527, 4, 2, '2024-01-01 00:00:00', NULL);
INSERT INTO prediction (id, user_id, game_id, home_score, away_score, created_at, updated_at) VALUES (4683, 12, 527, 4, 2, '2024-01-01 00:00:00', NULL);
INSERT INTO prediction (id, user_id, game_id, home_score, away_score, created_at, updated_at) VALUES (4684, 2, 527, 2, 3, '2024-01-01 00:00:00', NULL);
INSERT INTO prediction (id, user_id, game_id, home_score, away_score, created_at, updated_at) VALUES (4685, 6, 527, 2, 1, '2024-01-01 00:00:00', NULL);
INSERT INTO prediction (id, user_id, game_id, home_score, away_score, created_at, updated_at) VALUES (4686, 10, 527, 3, 2, '2024-01-01 00:00:00', NULL);
INSERT INTO prediction (id, user_id, game_id, home_score, away_score, created_at, updated_at) VALUES (4687, 5, 527, 2, 4, '2024-01-01 00:00:00', NULL);
INSERT INTO prediction (id, user_id, game_id, home_score, away_score, created_at, updated_at) VALUES (4688, 9, 527, 2, 4, '2024-01-01 00:00:00', NULL);
INSERT INTO prediction (id, user_id, game_id, home_score, away_score, created_at, updated_at) VALUES (4689, 3, 527, 2, 3, '2024-01-01 00:00:00', NULL);
INSERT INTO prediction (id, user_id, game_id, home_score, away_score, created_at, updated_at) VALUES (4690, 4, 527, 3, 1, '2024-01-01 00:00:00', NULL);
INSERT INTO prediction (id, user_id, game_id, home_score, away_score, created_at, updated_at) VALUES (4691, 1, 527, 4, 1, '2024-01-01 00:00:00', NULL);
INSERT INTO prediction (id, user_id, game_id, home_score, away_score, created_at, updated_at) VALUES (4692, 11, 528, 5, 1, '2024-01-01 00:00:00', NULL);
INSERT INTO prediction (id, user_id, game_id, home_score, away_score, created_at, updated_at) VALUES (4693, 14, 528, 4, 3, '2024-01-01 00:00:00', NULL);
INSERT INTO prediction (id, user_id, game_id, home_score, away_score, created_at, updated_at) VALUES (4694, 8, 528, 7, 1, '2024-01-01 00:00:00', NULL);
INSERT INTO prediction (id, user_id, game_id, home_score, away_score, created_at, updated_at) VALUES (4695, 12, 528, 8, 0, '2024-01-01 00:00:00', NULL);
INSERT INTO prediction (id, user_id, game_id, home_score, away_score, created_at, updated_at) VALUES (4696, 2, 528, 6, 1, '2024-01-01 00:00:00', NULL);
INSERT INTO prediction (id, user_id, game_id, home_score, away_score, created_at, updated_at) VALUES (4697, 6, 528, 6, 0, '2024-01-01 00:00:00', NULL);
INSERT INTO prediction (id, user_id, game_id, home_score, away_score, created_at, updated_at) VALUES (4698, 10, 528, 7, 1, '2024-01-01 00:00:00', NULL);
INSERT INTO prediction (id, user_id, game_id, home_score, away_score, created_at, updated_at) VALUES (4699, 5, 528, 7, 1, '2024-01-01 00:00:00', NULL);
INSERT INTO prediction (id, user_id, game_id, home_score, away_score, created_at, updated_at) VALUES (4700, 9, 528, 6, 1, '2024-01-01 00:00:00', NULL);
INSERT INTO prediction (id, user_id, game_id, home_score, away_score, created_at, updated_at) VALUES (4701, 3, 528, 5, 1, '2024-01-01 00:00:00', NULL);
INSERT INTO prediction (id, user_id, game_id, home_score, away_score, created_at, updated_at) VALUES (4702, 4, 528, 3, 1, '2024-01-01 00:00:00', NULL);
INSERT INTO prediction (id, user_id, game_id, home_score, away_score, created_at, updated_at) VALUES (4703, 1, 528, 7, 0, '2024-01-01 00:00:00', NULL);
INSERT INTO prediction (id, user_id, game_id, home_score, away_score, created_at, updated_at) VALUES (4704, 11, 529, 2, 4, '2024-01-01 00:00:00', NULL);
INSERT INTO prediction (id, user_id, game_id, home_score, away_score, created_at, updated_at) VALUES (4705, 14, 529, 2, 3, '2024-01-01 00:00:00', NULL);
INSERT INTO prediction (id, user_id, game_id, home_score, away_score, created_at, updated_at) VALUES (4706, 8, 529, 1, 3, '2024-01-01 00:00:00', NULL);
INSERT INTO prediction (id, user_id, game_id, home_score, away_score, created_at, updated_at) VALUES (4707, 12, 529, 1, 3, '2024-01-01 00:00:00', NULL);
INSERT INTO prediction (id, user_id, game_id, home_score, away_score, created_at, updated_at) VALUES (4708, 2, 529, 3, 2, '2024-01-01 00:00:00', NULL);
INSERT INTO prediction (id, user_id, game_id, home_score, away_score, created_at, updated_at) VALUES (4709, 6, 529, 2, 3, '2024-01-01 00:00:00', NULL);
INSERT INTO prediction (id, user_id, game_id, home_score, away_score, created_at, updated_at) VALUES (4710, 10, 529, 1, 3, '2024-01-01 00:00:00', NULL);
INSERT INTO prediction (id, user_id, game_id, home_score, away_score, created_at, updated_at) VALUES (4711, 5, 529, 1, 4, '2024-01-01 00:00:00', NULL);
INSERT INTO prediction (id, user_id, game_id, home_score, away_score, created_at, updated_at) VALUES (4712, 9, 529, 0, 5, '2024-01-01 00:00:00', NULL);
INSERT INTO prediction (id, user_id, game_id, home_score, away_score, created_at, updated_at) VALUES (4713, 3, 529, 2, 4, '2024-01-01 00:00:00', NULL);
INSERT INTO prediction (id, user_id, game_id, home_score, away_score, created_at, updated_at) VALUES (4714, 4, 529, 0, 2, '2024-01-01 00:00:00', NULL);
INSERT INTO prediction (id, user_id, game_id, home_score, away_score, created_at, updated_at) VALUES (4715, 1, 529, 0, 5, '2024-01-01 00:00:00', NULL);
INSERT INTO prediction (id, user_id, game_id, home_score, away_score, created_at, updated_at) VALUES (4716, 11, 530, 4, 3, '2024-01-01 00:00:00', NULL);
INSERT INTO prediction (id, user_id, game_id, home_score, away_score, created_at, updated_at) VALUES (4717, 14, 530, 3, 1, '2024-01-01 00:00:00', NULL);
INSERT INTO prediction (id, user_id, game_id, home_score, away_score, created_at, updated_at) VALUES (4718, 8, 530, 4, 2, '2024-01-01 00:00:00', NULL);
INSERT INTO prediction (id, user_id, game_id, home_score, away_score, created_at, updated_at) VALUES (4719, 12, 530, 4, 2, '2024-01-01 00:00:00', NULL);
INSERT INTO prediction (id, user_id, game_id, home_score, away_score, created_at, updated_at) VALUES (4720, 2, 530, 5, 3, '2024-01-01 00:00:00', NULL);
INSERT INTO prediction (id, user_id, game_id, home_score, away_score, created_at, updated_at) VALUES (4721, 6, 530, 2, 1, '2024-01-01 00:00:00', NULL);
INSERT INTO prediction (id, user_id, game_id, home_score, away_score, created_at, updated_at) VALUES (4722, 10, 530, 4, 3, '2024-01-01 00:00:00', NULL);
INSERT INTO prediction (id, user_id, game_id, home_score, away_score, created_at, updated_at) VALUES (4723, 5, 530, 5, 3, '2024-01-01 00:00:00', NULL);
INSERT INTO prediction (id, user_id, game_id, home_score, away_score, created_at, updated_at) VALUES (4724, 9, 530, 4, 2, '2024-01-01 00:00:00', NULL);
INSERT INTO prediction (id, user_id, game_id, home_score, away_score, created_at, updated_at) VALUES (4725, 3, 530, 5, 3, '2024-01-01 00:00:00', NULL);
INSERT INTO prediction (id, user_id, game_id, home_score, away_score, created_at, updated_at) VALUES (4726, 4, 530, 2, 4, '2024-01-01 00:00:00', NULL);
INSERT INTO prediction (id, user_id, game_id, home_score, away_score, created_at, updated_at) VALUES (4727, 1, 530, 3, 1, '2024-01-01 00:00:00', NULL);
INSERT INTO prediction (id, user_id, game_id, home_score, away_score, created_at, updated_at) VALUES (4728, 11, 531, 3, 1, '2024-01-01 00:00:00', NULL);
INSERT INTO prediction (id, user_id, game_id, home_score, away_score, created_at, updated_at) VALUES (4729, 14, 531, 2, 1, '2024-01-01 00:00:00', NULL);
INSERT INTO prediction (id, user_id, game_id, home_score, away_score, created_at, updated_at) VALUES (4730, 8, 531, 3, 4, '2024-01-01 00:00:00', NULL);
INSERT INTO prediction (id, user_id, game_id, home_score, away_score, created_at, updated_at) VALUES (4731, 12, 531, 2, 3, '2024-01-01 00:00:00', NULL);
INSERT INTO prediction (id, user_id, game_id, home_score, away_score, created_at, updated_at) VALUES (4732, 2, 531, 4, 3, '2024-01-01 00:00:00', NULL);
INSERT INTO prediction (id, user_id, game_id, home_score, away_score, created_at, updated_at) VALUES (4733, 6, 531, 2, 1, '2024-01-01 00:00:00', NULL);
INSERT INTO prediction (id, user_id, game_id, home_score, away_score, created_at, updated_at) VALUES (4734, 10, 531, 5, 3, '2024-01-01 00:00:00', NULL);
INSERT INTO prediction (id, user_id, game_id, home_score, away_score, created_at, updated_at) VALUES (4735, 5, 531, 5, 4, '2024-01-01 00:00:00', NULL);
INSERT INTO prediction (id, user_id, game_id, home_score, away_score, created_at, updated_at) VALUES (4736, 9, 531, 3, 2, '2024-01-01 00:00:00', NULL);
INSERT INTO prediction (id, user_id, game_id, home_score, away_score, created_at, updated_at) VALUES (4737, 3, 531, 2, 3, '2024-01-01 00:00:00', NULL);
INSERT INTO prediction (id, user_id, game_id, home_score, away_score, created_at, updated_at) VALUES (4738, 4, 531, 1, 3, '2024-01-01 00:00:00', NULL);
INSERT INTO prediction (id, user_id, game_id, home_score, away_score, created_at, updated_at) VALUES (4739, 1, 531, 4, 2, '2024-01-01 00:00:00', NULL);
INSERT INTO prediction (id, user_id, game_id, home_score, away_score, created_at, updated_at) VALUES (4740, 11, 532, 3, 2, '2024-01-01 00:00:00', NULL);
INSERT INTO prediction (id, user_id, game_id, home_score, away_score, created_at, updated_at) VALUES (4741, 14, 532, 4, 2, '2024-01-01 00:00:00', NULL);
INSERT INTO prediction (id, user_id, game_id, home_score, away_score, created_at, updated_at) VALUES (4742, 8, 532, 3, 1, '2024-01-01 00:00:00', NULL);
INSERT INTO prediction (id, user_id, game_id, home_score, away_score, created_at, updated_at) VALUES (4743, 12, 532, 5, 2, '2024-01-01 00:00:00', NULL);
INSERT INTO prediction (id, user_id, game_id, home_score, away_score, created_at, updated_at) VALUES (4744, 2, 532, 4, 2, '2024-01-01 00:00:00', NULL);
INSERT INTO prediction (id, user_id, game_id, home_score, away_score, created_at, updated_at) VALUES (4745, 6, 532, 4, 2, '2024-01-01 00:00:00', NULL);
INSERT INTO prediction (id, user_id, game_id, home_score, away_score, created_at, updated_at) VALUES (4746, 10, 532, 2, 3, '2024-01-01 00:00:00', NULL);
INSERT INTO prediction (id, user_id, game_id, home_score, away_score, created_at, updated_at) VALUES (4747, 5, 532, 4, 2, '2024-01-01 00:00:00', NULL);
INSERT INTO prediction (id, user_id, game_id, home_score, away_score, created_at, updated_at) VALUES (4748, 9, 532, 4, 2, '2024-01-01 00:00:00', NULL);
INSERT INTO prediction (id, user_id, game_id, home_score, away_score, created_at, updated_at) VALUES (4749, 3, 532, 3, 2, '2024-01-01 00:00:00', NULL);
INSERT INTO prediction (id, user_id, game_id, home_score, away_score, created_at, updated_at) VALUES (4750, 4, 532, 2, 1, '2024-01-01 00:00:00', NULL);
INSERT INTO prediction (id, user_id, game_id, home_score, away_score, created_at, updated_at) VALUES (4751, 1, 532, 3, 1, '2024-01-01 00:00:00', NULL);
INSERT INTO prediction (id, user_id, game_id, home_score, away_score, created_at, updated_at) VALUES (4752, 11, 533, 5, 2, '2024-01-01 00:00:00', NULL);
INSERT INTO prediction (id, user_id, game_id, home_score, away_score, created_at, updated_at) VALUES (4753, 14, 533, 3, 2, '2024-01-01 00:00:00', NULL);
INSERT INTO prediction (id, user_id, game_id, home_score, away_score, created_at, updated_at) VALUES (4754, 8, 533, 3, 1, '2024-01-01 00:00:00', NULL);
INSERT INTO prediction (id, user_id, game_id, home_score, away_score, created_at, updated_at) VALUES (4755, 12, 533, 2, 3, '2024-01-01 00:00:00', NULL);
INSERT INTO prediction (id, user_id, game_id, home_score, away_score, created_at, updated_at) VALUES (4756, 2, 533, 5, 2, '2024-01-01 00:00:00', NULL);
INSERT INTO prediction (id, user_id, game_id, home_score, away_score, created_at, updated_at) VALUES (4757, 6, 533, 3, 2, '2024-01-01 00:00:00', NULL);
INSERT INTO prediction (id, user_id, game_id, home_score, away_score, created_at, updated_at) VALUES (4758, 10, 533, 4, 3, '2024-01-01 00:00:00', NULL);
INSERT INTO prediction (id, user_id, game_id, home_score, away_score, created_at, updated_at) VALUES (4759, 5, 533, 5, 2, '2024-01-01 00:00:00', NULL);
INSERT INTO prediction (id, user_id, game_id, home_score, away_score, created_at, updated_at) VALUES (4760, 9, 533, 3, 1, '2024-01-01 00:00:00', NULL);
INSERT INTO prediction (id, user_id, game_id, home_score, away_score, created_at, updated_at) VALUES (4761, 3, 533, 4, 2, '2024-01-01 00:00:00', NULL);
INSERT INTO prediction (id, user_id, game_id, home_score, away_score, created_at, updated_at) VALUES (4762, 4, 533, 3, 1, '2024-01-01 00:00:00', NULL);
INSERT INTO prediction (id, user_id, game_id, home_score, away_score, created_at, updated_at) VALUES (4763, 1, 533, 2, 3, '2024-01-01 00:00:00', NULL);
INSERT INTO prediction (id, user_id, game_id, home_score, away_score, created_at, updated_at) VALUES (4764, 11, 534, 2, 1, '2024-01-01 00:00:00', NULL);
INSERT INTO prediction (id, user_id, game_id, home_score, away_score, created_at, updated_at) VALUES (4765, 14, 534, 4, 1, '2024-01-01 00:00:00', NULL);
INSERT INTO prediction (id, user_id, game_id, home_score, away_score, created_at, updated_at) VALUES (4766, 8, 534, 5, 1, '2024-01-01 00:00:00', NULL);
INSERT INTO prediction (id, user_id, game_id, home_score, away_score, created_at, updated_at) VALUES (4767, 12, 534, 4, 2, '2024-01-01 00:00:00', NULL);
INSERT INTO prediction (id, user_id, game_id, home_score, away_score, created_at, updated_at) VALUES (4768, 2, 534, 4, 1, '2024-01-01 00:00:00', NULL);
INSERT INTO prediction (id, user_id, game_id, home_score, away_score, created_at, updated_at) VALUES (4769, 6, 534, 4, 1, '2024-01-01 00:00:00', NULL);
INSERT INTO prediction (id, user_id, game_id, home_score, away_score, created_at, updated_at) VALUES (4770, 10, 534, 4, 2, '2024-01-01 00:00:00', NULL);
INSERT INTO prediction (id, user_id, game_id, home_score, away_score, created_at, updated_at) VALUES (4771, 5, 534, 6, 2, '2024-01-01 00:00:00', NULL);
INSERT INTO prediction (id, user_id, game_id, home_score, away_score, created_at, updated_at) VALUES (4772, 9, 534, 3, 1, '2024-01-01 00:00:00', NULL);
INSERT INTO prediction (id, user_id, game_id, home_score, away_score, created_at, updated_at) VALUES (4773, 3, 534, 5, 1, '2024-01-01 00:00:00', NULL);
INSERT INTO prediction (id, user_id, game_id, home_score, away_score, created_at, updated_at) VALUES (4774, 4, 534, 3, 1, '2024-01-01 00:00:00', NULL);
INSERT INTO prediction (id, user_id, game_id, home_score, away_score, created_at, updated_at) VALUES (4775, 1, 534, 3, 1, '2024-01-01 00:00:00', NULL);
INSERT INTO prediction (id, user_id, game_id, home_score, away_score, created_at, updated_at) VALUES (4776, 11, 535, 2, 3, '2024-01-01 00:00:00', NULL);
INSERT INTO prediction (id, user_id, game_id, home_score, away_score, created_at, updated_at) VALUES (4777, 14, 535, 1, 2, '2024-01-01 00:00:00', NULL);
INSERT INTO prediction (id, user_id, game_id, home_score, away_score, created_at, updated_at) VALUES (4778, 8, 535, 4, 2, '2024-01-01 00:00:00', NULL);
INSERT INTO prediction (id, user_id, game_id, home_score, away_score, created_at, updated_at) VALUES (4779, 12, 535, 4, 5, '2024-01-01 00:00:00', NULL);
INSERT INTO prediction (id, user_id, game_id, home_score, away_score, created_at, updated_at) VALUES (4780, 2, 535, 4, 5, '2024-01-01 00:00:00', NULL);
INSERT INTO prediction (id, user_id, game_id, home_score, away_score, created_at, updated_at) VALUES (4781, 6, 535, 1, 2, '2024-01-01 00:00:00', NULL);
INSERT INTO prediction (id, user_id, game_id, home_score, away_score, created_at, updated_at) VALUES (4782, 10, 535, 3, 2, '2024-01-01 00:00:00', NULL);
INSERT INTO prediction (id, user_id, game_id, home_score, away_score, created_at, updated_at) VALUES (4783, 5, 535, 3, 4, '2024-01-01 00:00:00', NULL);
INSERT INTO prediction (id, user_id, game_id, home_score, away_score, created_at, updated_at) VALUES (4784, 9, 535, 1, 2, '2024-01-01 00:00:00', NULL);
INSERT INTO prediction (id, user_id, game_id, home_score, away_score, created_at, updated_at) VALUES (4785, 3, 535, 1, 3, '2024-01-01 00:00:00', NULL);
INSERT INTO prediction (id, user_id, game_id, home_score, away_score, created_at, updated_at) VALUES (4786, 4, 535, 1, 3, '2024-01-01 00:00:00', NULL);
INSERT INTO prediction (id, user_id, game_id, home_score, away_score, created_at, updated_at) VALUES (4787, 1, 535, 1, 2, '2024-01-01 00:00:00', NULL);
INSERT INTO prediction (id, user_id, game_id, home_score, away_score, created_at, updated_at) VALUES (4788, 11, 536, 4, 0, '2024-01-01 00:00:00', NULL);
INSERT INTO prediction (id, user_id, game_id, home_score, away_score, created_at, updated_at) VALUES (4789, 14, 536, 5, 1, '2024-01-01 00:00:00', NULL);
INSERT INTO prediction (id, user_id, game_id, home_score, away_score, created_at, updated_at) VALUES (4790, 8, 536, 5, 1, '2024-01-01 00:00:00', NULL);
INSERT INTO prediction (id, user_id, game_id, home_score, away_score, created_at, updated_at) VALUES (4791, 12, 536, 5, 1, '2024-01-01 00:00:00', NULL);
INSERT INTO prediction (id, user_id, game_id, home_score, away_score, created_at, updated_at) VALUES (4792, 2, 536, 7, 2, '2024-01-01 00:00:00', NULL);
INSERT INTO prediction (id, user_id, game_id, home_score, away_score, created_at, updated_at) VALUES (4793, 6, 536, 4, 0, '2024-01-01 00:00:00', NULL);
INSERT INTO prediction (id, user_id, game_id, home_score, away_score, created_at, updated_at) VALUES (4794, 10, 536, 5, 2, '2024-01-01 00:00:00', NULL);
INSERT INTO prediction (id, user_id, game_id, home_score, away_score, created_at, updated_at) VALUES (4795, 5, 536, 5, 1, '2024-01-01 00:00:00', NULL);
INSERT INTO prediction (id, user_id, game_id, home_score, away_score, created_at, updated_at) VALUES (4796, 9, 536, 4, 1, '2024-01-01 00:00:00', NULL);
INSERT INTO prediction (id, user_id, game_id, home_score, away_score, created_at, updated_at) VALUES (4797, 3, 536, 6, 2, '2024-01-01 00:00:00', NULL);
INSERT INTO prediction (id, user_id, game_id, home_score, away_score, created_at, updated_at) VALUES (4798, 4, 536, 3, 1, '2024-01-01 00:00:00', NULL);
INSERT INTO prediction (id, user_id, game_id, home_score, away_score, created_at, updated_at) VALUES (4799, 1, 536, 7, 0, '2024-01-01 00:00:00', NULL);
INSERT INTO prediction (id, user_id, game_id, home_score, away_score, created_at, updated_at) VALUES (4800, 11, 537, 3, 2, '2024-01-01 00:00:00', NULL);
INSERT INTO prediction (id, user_id, game_id, home_score, away_score, created_at, updated_at) VALUES (4801, 14, 537, 4, 2, '2024-01-01 00:00:00', NULL);
INSERT INTO prediction (id, user_id, game_id, home_score, away_score, created_at, updated_at) VALUES (4802, 8, 537, 4, 2, '2024-01-01 00:00:00', NULL);
INSERT INTO prediction (id, user_id, game_id, home_score, away_score, created_at, updated_at) VALUES (4803, 12, 537, 4, 2, '2024-01-01 00:00:00', NULL);
INSERT INTO prediction (id, user_id, game_id, home_score, away_score, created_at, updated_at) VALUES (4804, 2, 537, 0, 0, '2024-01-01 00:00:00', NULL);
INSERT INTO prediction (id, user_id, game_id, home_score, away_score, created_at, updated_at) VALUES (4805, 6, 537, 4, 3, '2024-01-01 00:00:00', NULL);
INSERT INTO prediction (id, user_id, game_id, home_score, away_score, created_at, updated_at) VALUES (4806, 10, 537, 5, 4, '2024-01-01 00:00:00', NULL);
INSERT INTO prediction (id, user_id, game_id, home_score, away_score, created_at, updated_at) VALUES (4807, 5, 537, 5, 3, '2024-01-01 00:00:00', NULL);
INSERT INTO prediction (id, user_id, game_id, home_score, away_score, created_at, updated_at) VALUES (4808, 9, 537, 0, 0, '2024-01-01 00:00:00', NULL);
INSERT INTO prediction (id, user_id, game_id, home_score, away_score, created_at, updated_at) VALUES (4809, 3, 537, 0, 0, '2024-01-01 00:00:00', NULL);
INSERT INTO prediction (id, user_id, game_id, home_score, away_score, created_at, updated_at) VALUES (4810, 4, 537, 0, 0, '2024-01-01 00:00:00', NULL);
INSERT INTO prediction (id, user_id, game_id, home_score, away_score, created_at, updated_at) VALUES (4811, 1, 537, 0, 0, '2024-01-01 00:00:00', NULL);
INSERT INTO prediction (id, user_id, game_id, home_score, away_score, created_at, updated_at) VALUES (4812, 11, 538, 4, 1, '2024-01-01 00:00:00', NULL);
INSERT INTO prediction (id, user_id, game_id, home_score, away_score, created_at, updated_at) VALUES (4813, 14, 538, 1, 2, '2024-01-01 00:00:00', NULL);
INSERT INTO prediction (id, user_id, game_id, home_score, away_score, created_at, updated_at) VALUES (4814, 8, 538, 5, 2, '2024-01-01 00:00:00', NULL);
INSERT INTO prediction (id, user_id, game_id, home_score, away_score, created_at, updated_at) VALUES (4815, 12, 538, 4, 2, '2024-01-01 00:00:00', NULL);
INSERT INTO prediction (id, user_id, game_id, home_score, away_score, created_at, updated_at) VALUES (4816, 2, 538, 0, 0, '2024-01-01 00:00:00', NULL);
INSERT INTO prediction (id, user_id, game_id, home_score, away_score, created_at, updated_at) VALUES (4817, 6, 538, 4, 1, '2024-01-01 00:00:00', NULL);
INSERT INTO prediction (id, user_id, game_id, home_score, away_score, created_at, updated_at) VALUES (4818, 10, 538, 4, 2, '2024-01-01 00:00:00', NULL);
INSERT INTO prediction (id, user_id, game_id, home_score, away_score, created_at, updated_at) VALUES (4819, 5, 538, 1, 2, '2024-01-01 00:00:00', NULL);
INSERT INTO prediction (id, user_id, game_id, home_score, away_score, created_at, updated_at) VALUES (4820, 9, 538, 0, 0, '2024-01-01 00:00:00', NULL);
INSERT INTO prediction (id, user_id, game_id, home_score, away_score, created_at, updated_at) VALUES (4821, 3, 538, 3, 1, '2024-01-01 00:00:00', NULL);
INSERT INTO prediction (id, user_id, game_id, home_score, away_score, created_at, updated_at) VALUES (4822, 4, 538, 0, 0, '2024-01-01 00:00:00', NULL);
INSERT INTO prediction (id, user_id, game_id, home_score, away_score, created_at, updated_at) VALUES (4823, 1, 538, 0, 0, '2024-01-01 00:00:00', NULL);
INSERT INTO prediction (id, user_id, game_id, home_score, away_score, created_at, updated_at) VALUES (4824, 11, 539, 4, 2, '2024-01-01 00:00:00', NULL);
INSERT INTO prediction (id, user_id, game_id, home_score, away_score, created_at, updated_at) VALUES (4825, 14, 539, 4, 1, '2024-01-01 00:00:00', NULL);
INSERT INTO prediction (id, user_id, game_id, home_score, away_score, created_at, updated_at) VALUES (4826, 8, 539, 5, 1, '2024-01-01 00:00:00', NULL);
INSERT INTO prediction (id, user_id, game_id, home_score, away_score, created_at, updated_at) VALUES (4827, 12, 539, 4, 1, '2024-01-01 00:00:00', NULL);
INSERT INTO prediction (id, user_id, game_id, home_score, away_score, created_at, updated_at) VALUES (4828, 2, 539, 0, 0, '2024-01-01 00:00:00', NULL);
INSERT INTO prediction (id, user_id, game_id, home_score, away_score, created_at, updated_at) VALUES (4829, 6, 539, 5, 0, '2024-01-01 00:00:00', NULL);
INSERT INTO prediction (id, user_id, game_id, home_score, away_score, created_at, updated_at) VALUES (4830, 10, 539, 4, 1, '2024-01-01 00:00:00', NULL);
INSERT INTO prediction (id, user_id, game_id, home_score, away_score, created_at, updated_at) VALUES (4831, 5, 539, 5, 1, '2024-01-01 00:00:00', NULL);
INSERT INTO prediction (id, user_id, game_id, home_score, away_score, created_at, updated_at) VALUES (4832, 9, 539, 4, 2, '2024-01-01 00:00:00', NULL);
INSERT INTO prediction (id, user_id, game_id, home_score, away_score, created_at, updated_at) VALUES (4833, 3, 539, 4, 2, '2024-01-01 00:00:00', NULL);
INSERT INTO prediction (id, user_id, game_id, home_score, away_score, created_at, updated_at) VALUES (4834, 4, 539, 6, 0, '2024-01-01 00:00:00', NULL);
INSERT INTO prediction (id, user_id, game_id, home_score, away_score, created_at, updated_at) VALUES (4835, 1, 539, 0, 0, '2024-01-01 00:00:00', NULL);
INSERT INTO prediction (id, user_id, game_id, home_score, away_score, created_at, updated_at) VALUES (4836, 11, 540, 2, 3, '2024-01-01 00:00:00', NULL);
INSERT INTO prediction (id, user_id, game_id, home_score, away_score, created_at, updated_at) VALUES (4837, 14, 540, 2, 1, '2024-01-01 00:00:00', NULL);
INSERT INTO prediction (id, user_id, game_id, home_score, away_score, created_at, updated_at) VALUES (4838, 8, 540, 5, 2, '2024-01-01 00:00:00', NULL);
INSERT INTO prediction (id, user_id, game_id, home_score, away_score, created_at, updated_at) VALUES (4839, 12, 540, 4, 2, '2024-01-01 00:00:00', NULL);
INSERT INTO prediction (id, user_id, game_id, home_score, away_score, created_at, updated_at) VALUES (4840, 2, 540, 0, 0, '2024-01-01 00:00:00', NULL);
INSERT INTO prediction (id, user_id, game_id, home_score, away_score, created_at, updated_at) VALUES (4841, 6, 540, 2, 1, '2024-01-01 00:00:00', NULL);
INSERT INTO prediction (id, user_id, game_id, home_score, away_score, created_at, updated_at) VALUES (4842, 10, 540, 3, 2, '2024-01-01 00:00:00', NULL);
INSERT INTO prediction (id, user_id, game_id, home_score, away_score, created_at, updated_at) VALUES (4843, 5, 540, 6, 4, '2024-01-01 00:00:00', NULL);
INSERT INTO prediction (id, user_id, game_id, home_score, away_score, created_at, updated_at) VALUES (4844, 9, 540, 1, 3, '2024-01-01 00:00:00', NULL);
INSERT INTO prediction (id, user_id, game_id, home_score, away_score, created_at, updated_at) VALUES (4845, 3, 540, 2, 5, '2024-01-01 00:00:00', NULL);
INSERT INTO prediction (id, user_id, game_id, home_score, away_score, created_at, updated_at) VALUES (4846, 4, 540, 4, 3, '2024-01-01 00:00:00', NULL);
INSERT INTO prediction (id, user_id, game_id, home_score, away_score, created_at, updated_at) VALUES (4847, 1, 540, 0, 0, '2024-01-01 00:00:00', NULL);
INSERT INTO special_bet_rule (id, tournament_id, name, value_type, scoring_type, points, sort_order, actual_team_value_id, actual_string_value, actual_int_value) VALUES (75, 9, 'Medaile - 1. místo', 'team', 'podium', 2.0, 0, 8, NULL, NULL);
INSERT INTO special_bet (id, user_id, rule_id, team_value_id, string_value, int_value) VALUES (668, 11, 75, 23, NULL, NULL);
INSERT INTO special_bet (id, user_id, rule_id, team_value_id, string_value, int_value) VALUES (669, 14, 75, 6, NULL, NULL);
INSERT INTO special_bet (id, user_id, rule_id, team_value_id, string_value, int_value) VALUES (670, 8, 75, 4, NULL, NULL);
INSERT INTO special_bet (id, user_id, rule_id, team_value_id, string_value, int_value) VALUES (671, 12, 75, 4, NULL, NULL);
INSERT INTO special_bet (id, user_id, rule_id, team_value_id, string_value, int_value) VALUES (672, 2, 75, 6, NULL, NULL);
INSERT INTO special_bet (id, user_id, rule_id, team_value_id, string_value, int_value) VALUES (673, 6, 75, 4, NULL, NULL);
INSERT INTO special_bet (id, user_id, rule_id, team_value_id, string_value, int_value) VALUES (674, 10, 75, 4, NULL, NULL);
INSERT INTO special_bet (id, user_id, rule_id, team_value_id, string_value, int_value) VALUES (675, 5, 75, 6, NULL, NULL);
INSERT INTO special_bet (id, user_id, rule_id, team_value_id, string_value, int_value) VALUES (676, 9, 75, 24, NULL, NULL);
INSERT INTO special_bet (id, user_id, rule_id, team_value_id, string_value, int_value) VALUES (677, 3, 75, 6, NULL, NULL);
INSERT INTO special_bet (id, user_id, rule_id, team_value_id, string_value, int_value) VALUES (678, 4, 75, 4, NULL, NULL);
INSERT INTO special_bet (id, user_id, rule_id, team_value_id, string_value, int_value) VALUES (679, 1, 75, 4, NULL, NULL);
INSERT INTO special_bet_rule (id, tournament_id, name, value_type, scoring_type, points, sort_order, actual_team_value_id, actual_string_value, actual_int_value) VALUES (76, 9, 'Medaile - 2. místo', 'team', 'podium', 2.0, 1, 23, NULL, NULL);
INSERT INTO special_bet (id, user_id, rule_id, team_value_id, string_value, int_value) VALUES (680, 11, 76, 4, NULL, NULL);
INSERT INTO special_bet (id, user_id, rule_id, team_value_id, string_value, int_value) VALUES (681, 14, 76, 4, NULL, NULL);
INSERT INTO special_bet (id, user_id, rule_id, team_value_id, string_value, int_value) VALUES (682, 8, 76, 23, NULL, NULL);
INSERT INTO special_bet (id, user_id, rule_id, team_value_id, string_value, int_value) VALUES (683, 12, 76, 6, NULL, NULL);
INSERT INTO special_bet (id, user_id, rule_id, team_value_id, string_value, int_value) VALUES (684, 2, 76, 4, NULL, NULL);
INSERT INTO special_bet (id, user_id, rule_id, team_value_id, string_value, int_value) VALUES (685, 6, 76, 23, NULL, NULL);
INSERT INTO special_bet (id, user_id, rule_id, team_value_id, string_value, int_value) VALUES (686, 10, 76, 23, NULL, NULL);
INSERT INTO special_bet (id, user_id, rule_id, team_value_id, string_value, int_value) VALUES (687, 5, 76, 4, NULL, NULL);
INSERT INTO special_bet (id, user_id, rule_id, team_value_id, string_value, int_value) VALUES (688, 9, 76, 6, NULL, NULL);
INSERT INTO special_bet (id, user_id, rule_id, team_value_id, string_value, int_value) VALUES (689, 3, 76, 4, NULL, NULL);
INSERT INTO special_bet (id, user_id, rule_id, team_value_id, string_value, int_value) VALUES (690, 4, 76, 24, NULL, NULL);
INSERT INTO special_bet (id, user_id, rule_id, team_value_id, string_value, int_value) VALUES (691, 1, 76, 6, NULL, NULL);
INSERT INTO special_bet_rule (id, tournament_id, name, value_type, scoring_type, points, sort_order, actual_team_value_id, actual_string_value, actual_int_value) VALUES (77, 9, 'Medaile - 3. místo', 'team', 'podium', 2.0, 2, 4, NULL, NULL);
INSERT INTO special_bet (id, user_id, rule_id, team_value_id, string_value, int_value) VALUES (692, 11, 77, 6, NULL, NULL);
INSERT INTO special_bet (id, user_id, rule_id, team_value_id, string_value, int_value) VALUES (693, 14, 77, 23, NULL, NULL);
INSERT INTO special_bet (id, user_id, rule_id, team_value_id, string_value, int_value) VALUES (694, 8, 77, 6, NULL, NULL);
INSERT INTO special_bet (id, user_id, rule_id, team_value_id, string_value, int_value) VALUES (695, 12, 77, 21, NULL, NULL);
INSERT INTO special_bet (id, user_id, rule_id, team_value_id, string_value, int_value) VALUES (696, 2, 77, 23, NULL, NULL);
INSERT INTO special_bet (id, user_id, rule_id, team_value_id, string_value, int_value) VALUES (697, 6, 77, 6, NULL, NULL);
INSERT INTO special_bet (id, user_id, rule_id, team_value_id, string_value, int_value) VALUES (698, 10, 77, 6, NULL, NULL);
INSERT INTO special_bet (id, user_id, rule_id, team_value_id, string_value, int_value) VALUES (699, 5, 77, 23, NULL, NULL);
INSERT INTO special_bet (id, user_id, rule_id, team_value_id, string_value, int_value) VALUES (700, 9, 77, 4, NULL, NULL);
INSERT INTO special_bet (id, user_id, rule_id, team_value_id, string_value, int_value) VALUES (701, 3, 77, 23, NULL, NULL);
INSERT INTO special_bet (id, user_id, rule_id, team_value_id, string_value, int_value) VALUES (702, 4, 77, 6, NULL, NULL);
INSERT INTO special_bet (id, user_id, rule_id, team_value_id, string_value, int_value) VALUES (703, 1, 77, 23, NULL, NULL);
INSERT INTO special_bet_rule (id, tournament_id, name, value_type, scoring_type, points, sort_order, actual_team_value_id, actual_string_value, actual_int_value) VALUES (78, 9, 'Nejlepší Čech #1', 'string', 'any_match', 2.0, 3, NULL, 'Červenka', NULL);
INSERT INTO special_bet (id, user_id, rule_id, team_value_id, string_value, int_value) VALUES (704, 11, 78, NULL, 'Pastrňák', NULL);
INSERT INTO special_bet (id, user_id, rule_id, team_value_id, string_value, int_value) VALUES (705, 14, 78, NULL, 'Pastrňák', NULL);
INSERT INTO special_bet (id, user_id, rule_id, team_value_id, string_value, int_value) VALUES (706, 8, 78, NULL, 'Pastrňák', NULL);
INSERT INTO special_bet (id, user_id, rule_id, team_value_id, string_value, int_value) VALUES (707, 12, 78, NULL, 'Pastrňák', NULL);
INSERT INTO special_bet (id, user_id, rule_id, team_value_id, string_value, int_value) VALUES (708, 2, 78, NULL, 'Pastrňák', NULL);
INSERT INTO special_bet (id, user_id, rule_id, team_value_id, string_value, int_value) VALUES (709, 6, 78, NULL, 'Pastrňák', NULL);
INSERT INTO special_bet (id, user_id, rule_id, team_value_id, string_value, int_value) VALUES (710, 10, 78, NULL, 'Pastrňák', NULL);
INSERT INTO special_bet (id, user_id, rule_id, team_value_id, string_value, int_value) VALUES (711, 5, 78, NULL, 'Pastrňák', NULL);
INSERT INTO special_bet (id, user_id, rule_id, team_value_id, string_value, int_value) VALUES (712, 9, 78, NULL, 'Pastrňák', NULL);
INSERT INTO special_bet (id, user_id, rule_id, team_value_id, string_value, int_value) VALUES (713, 3, 78, NULL, 'Pastrňák', NULL);
INSERT INTO special_bet (id, user_id, rule_id, team_value_id, string_value, int_value) VALUES (714, 4, 78, NULL, 'Pastrňák', NULL);
INSERT INTO special_bet (id, user_id, rule_id, team_value_id, string_value, int_value) VALUES (715, 1, 78, NULL, 'Pastrňák', NULL);
INSERT INTO special_bet_rule (id, tournament_id, name, value_type, scoring_type, points, sort_order, actual_team_value_id, actual_string_value, actual_int_value) VALUES (79, 9, 'Nejlepší Čech #2', 'string', 'any_match', 2.0, 4, NULL, 'Kubalík', NULL);
INSERT INTO special_bet (id, user_id, rule_id, team_value_id, string_value, int_value) VALUES (716, 11, 79, NULL, 'Nečas', NULL);
INSERT INTO special_bet (id, user_id, rule_id, team_value_id, string_value, int_value) VALUES (717, 14, 79, NULL, 'Nečas', NULL);
INSERT INTO special_bet (id, user_id, rule_id, team_value_id, string_value, int_value) VALUES (718, 8, 79, NULL, 'Nečas', NULL);
INSERT INTO special_bet (id, user_id, rule_id, team_value_id, string_value, int_value) VALUES (719, 12, 79, NULL, 'Nečas', NULL);
INSERT INTO special_bet (id, user_id, rule_id, team_value_id, string_value, int_value) VALUES (720, 2, 79, NULL, 'Nečas', NULL);
INSERT INTO special_bet (id, user_id, rule_id, team_value_id, string_value, int_value) VALUES (721, 6, 79, NULL, 'Nečas', NULL);
INSERT INTO special_bet (id, user_id, rule_id, team_value_id, string_value, int_value) VALUES (722, 10, 79, NULL, 'Nečas', NULL);
INSERT INTO special_bet (id, user_id, rule_id, team_value_id, string_value, int_value) VALUES (723, 5, 79, NULL, 'Nečas', NULL);
INSERT INTO special_bet (id, user_id, rule_id, team_value_id, string_value, int_value) VALUES (724, 9, 79, NULL, 'Nečas', NULL);
INSERT INTO special_bet (id, user_id, rule_id, team_value_id, string_value, int_value) VALUES (725, 3, 79, NULL, 'Nečas', NULL);
INSERT INTO special_bet (id, user_id, rule_id, team_value_id, string_value, int_value) VALUES (726, 4, 79, NULL, 'Špaček', NULL);
INSERT INTO special_bet (id, user_id, rule_id, team_value_id, string_value, int_value) VALUES (727, 1, 79, NULL, 'Nečas', NULL);
INSERT INTO special_bet_rule (id, tournament_id, name, value_type, scoring_type, points, sort_order, actual_team_value_id, actual_string_value, actual_int_value) VALUES (80, 9, 'Nejlepší Čech #3', 'string', 'any_match', 2.0, 5, NULL, 'Špaček', NULL);
INSERT INTO special_bet (id, user_id, rule_id, team_value_id, string_value, int_value) VALUES (728, 11, 80, NULL, 'Červenka', NULL);
INSERT INTO special_bet (id, user_id, rule_id, team_value_id, string_value, int_value) VALUES (729, 14, 80, NULL, 'Červenka', NULL);
INSERT INTO special_bet (id, user_id, rule_id, team_value_id, string_value, int_value) VALUES (730, 8, 80, NULL, 'Červenka', NULL);
INSERT INTO special_bet (id, user_id, rule_id, team_value_id, string_value, int_value) VALUES (731, 12, 80, NULL, 'Červenka', NULL);
INSERT INTO special_bet (id, user_id, rule_id, team_value_id, string_value, int_value) VALUES (732, 2, 80, NULL, 'Červenka', NULL);
INSERT INTO special_bet (id, user_id, rule_id, team_value_id, string_value, int_value) VALUES (733, 6, 80, NULL, 'Červenka', NULL);
INSERT INTO special_bet (id, user_id, rule_id, team_value_id, string_value, int_value) VALUES (734, 10, 80, NULL, 'Hronek', NULL);
INSERT INTO special_bet (id, user_id, rule_id, team_value_id, string_value, int_value) VALUES (735, 5, 80, NULL, 'Červenka', NULL);
INSERT INTO special_bet (id, user_id, rule_id, team_value_id, string_value, int_value) VALUES (736, 9, 80, NULL, 'Červenka', NULL);
INSERT INTO special_bet (id, user_id, rule_id, team_value_id, string_value, int_value) VALUES (737, 3, 80, NULL, 'Červenka', NULL);
INSERT INTO special_bet (id, user_id, rule_id, team_value_id, string_value, int_value) VALUES (738, 4, 80, NULL, 'Červenka', NULL);
INSERT INTO special_bet (id, user_id, rule_id, team_value_id, string_value, int_value) VALUES (739, 1, 80, NULL, 'Hronek', NULL);
INSERT INTO special_bet_rule (id, tournament_id, name, value_type, scoring_type, points, sort_order, actual_team_value_id, actual_string_value, actual_int_value) VALUES (81, 9, 'Tip na pořadí po základní části - Skupina A - 1. místo', 'team', 'exact_match', 0.5, 6, 4, NULL, NULL);
INSERT INTO special_bet (id, user_id, rule_id, team_value_id, string_value, int_value) VALUES (740, 11, 81, 4, NULL, NULL);
INSERT INTO special_bet (id, user_id, rule_id, team_value_id, string_value, int_value) VALUES (741, 14, 81, 4, NULL, NULL);
INSERT INTO special_bet (id, user_id, rule_id, team_value_id, string_value, int_value) VALUES (742, 8, 81, 4, NULL, NULL);
INSERT INTO special_bet (id, user_id, rule_id, team_value_id, string_value, int_value) VALUES (743, 12, 81, 4, NULL, NULL);
INSERT INTO special_bet (id, user_id, rule_id, team_value_id, string_value, int_value) VALUES (744, 2, 81, 4, NULL, NULL);
INSERT INTO special_bet (id, user_id, rule_id, team_value_id, string_value, int_value) VALUES (745, 6, 81, 23, NULL, NULL);
INSERT INTO special_bet (id, user_id, rule_id, team_value_id, string_value, int_value) VALUES (746, 10, 81, 4, NULL, NULL);
INSERT INTO special_bet (id, user_id, rule_id, team_value_id, string_value, int_value) VALUES (747, 5, 81, 4, NULL, NULL);
INSERT INTO special_bet (id, user_id, rule_id, team_value_id, string_value, int_value) VALUES (748, 9, 81, 4, NULL, NULL);
INSERT INTO special_bet (id, user_id, rule_id, team_value_id, string_value, int_value) VALUES (749, 3, 81, 23, NULL, NULL);
INSERT INTO special_bet (id, user_id, rule_id, team_value_id, string_value, int_value) VALUES (750, 4, 81, 4, NULL, NULL);
INSERT INTO special_bet (id, user_id, rule_id, team_value_id, string_value, int_value) VALUES (751, 1, 81, 4, NULL, NULL);
INSERT INTO special_bet_rule (id, tournament_id, name, value_type, scoring_type, points, sort_order, actual_team_value_id, actual_string_value, actual_int_value) VALUES (82, 9, 'Tip na pořadí po základní části - Skupina A - 2. místo', 'team', 'exact_match', 0.5, 7, 23, NULL, NULL);
INSERT INTO special_bet (id, user_id, rule_id, team_value_id, string_value, int_value) VALUES (752, 11, 82, 23, NULL, NULL);
INSERT INTO special_bet (id, user_id, rule_id, team_value_id, string_value, int_value) VALUES (753, 14, 82, 23, NULL, NULL);
INSERT INTO special_bet (id, user_id, rule_id, team_value_id, string_value, int_value) VALUES (754, 8, 82, 23, NULL, NULL);
INSERT INTO special_bet (id, user_id, rule_id, team_value_id, string_value, int_value) VALUES (755, 12, 82, 8, NULL, NULL);
INSERT INTO special_bet (id, user_id, rule_id, team_value_id, string_value, int_value) VALUES (756, 2, 82, 23, NULL, NULL);
INSERT INTO special_bet (id, user_id, rule_id, team_value_id, string_value, int_value) VALUES (757, 6, 82, 4, NULL, NULL);
INSERT INTO special_bet (id, user_id, rule_id, team_value_id, string_value, int_value) VALUES (758, 10, 82, 23, NULL, NULL);
INSERT INTO special_bet (id, user_id, rule_id, team_value_id, string_value, int_value) VALUES (759, 5, 82, 23, NULL, NULL);
INSERT INTO special_bet (id, user_id, rule_id, team_value_id, string_value, int_value) VALUES (760, 9, 82, 23, NULL, NULL);
INSERT INTO special_bet (id, user_id, rule_id, team_value_id, string_value, int_value) VALUES (761, 3, 82, 4, NULL, NULL);
INSERT INTO special_bet (id, user_id, rule_id, team_value_id, string_value, int_value) VALUES (762, 4, 82, 23, NULL, NULL);
INSERT INTO special_bet (id, user_id, rule_id, team_value_id, string_value, int_value) VALUES (763, 1, 82, 23, NULL, NULL);
INSERT INTO special_bet_rule (id, tournament_id, name, value_type, scoring_type, points, sort_order, actual_team_value_id, actual_string_value, actual_int_value) VALUES (83, 9, 'Tip na pořadí po základní části - Skupina A - 3. místo', 'team', 'exact_match', 0.5, 8, 8, NULL, NULL);
INSERT INTO special_bet (id, user_id, rule_id, team_value_id, string_value, int_value) VALUES (764, 11, 83, 8, NULL, NULL);
INSERT INTO special_bet (id, user_id, rule_id, team_value_id, string_value, int_value) VALUES (765, 14, 83, 8, NULL, NULL);
INSERT INTO special_bet (id, user_id, rule_id, team_value_id, string_value, int_value) VALUES (766, 8, 83, 8, NULL, NULL);
INSERT INTO special_bet (id, user_id, rule_id, team_value_id, string_value, int_value) VALUES (767, 12, 83, 23, NULL, NULL);
INSERT INTO special_bet (id, user_id, rule_id, team_value_id, string_value, int_value) VALUES (768, 2, 83, 8, NULL, NULL);
INSERT INTO special_bet (id, user_id, rule_id, team_value_id, string_value, int_value) VALUES (769, 6, 83, 8, NULL, NULL);
INSERT INTO special_bet (id, user_id, rule_id, team_value_id, string_value, int_value) VALUES (770, 10, 83, 8, NULL, NULL);
INSERT INTO special_bet (id, user_id, rule_id, team_value_id, string_value, int_value) VALUES (771, 5, 83, 8, NULL, NULL);
INSERT INTO special_bet (id, user_id, rule_id, team_value_id, string_value, int_value) VALUES (772, 9, 83, 22, NULL, NULL);
INSERT INTO special_bet (id, user_id, rule_id, team_value_id, string_value, int_value) VALUES (773, 3, 83, 8, NULL, NULL);
INSERT INTO special_bet (id, user_id, rule_id, team_value_id, string_value, int_value) VALUES (774, 4, 83, 8, NULL, NULL);
INSERT INTO special_bet (id, user_id, rule_id, team_value_id, string_value, int_value) VALUES (775, 1, 83, 8, NULL, NULL);
INSERT INTO special_bet_rule (id, tournament_id, name, value_type, scoring_type, points, sort_order, actual_team_value_id, actual_string_value, actual_int_value) VALUES (84, 9, 'Tip na pořadí po základní části - Skupina A - 4. místo', 'team', 'exact_match', 0.5, 9, 15, NULL, NULL);
INSERT INTO special_bet (id, user_id, rule_id, team_value_id, string_value, int_value) VALUES (776, 11, 84, 15, NULL, NULL);
INSERT INTO special_bet (id, user_id, rule_id, team_value_id, string_value, int_value) VALUES (777, 14, 84, 22, NULL, NULL);
INSERT INTO special_bet (id, user_id, rule_id, team_value_id, string_value, int_value) VALUES (778, 8, 84, 15, NULL, NULL);
INSERT INTO special_bet (id, user_id, rule_id, team_value_id, string_value, int_value) VALUES (779, 12, 84, 22, NULL, NULL);
INSERT INTO special_bet (id, user_id, rule_id, team_value_id, string_value, int_value) VALUES (780, 2, 84, 22, NULL, NULL);
INSERT INTO special_bet (id, user_id, rule_id, team_value_id, string_value, int_value) VALUES (781, 6, 84, 15, NULL, NULL);
INSERT INTO special_bet (id, user_id, rule_id, team_value_id, string_value, int_value) VALUES (782, 10, 84, 22, NULL, NULL);
INSERT INTO special_bet (id, user_id, rule_id, team_value_id, string_value, int_value) VALUES (783, 5, 84, 22, NULL, NULL);
INSERT INTO special_bet (id, user_id, rule_id, team_value_id, string_value, int_value) VALUES (784, 9, 84, 1, NULL, NULL);
INSERT INTO special_bet (id, user_id, rule_id, team_value_id, string_value, int_value) VALUES (785, 3, 84, 22, NULL, NULL);
INSERT INTO special_bet (id, user_id, rule_id, team_value_id, string_value, int_value) VALUES (786, 4, 84, 22, NULL, NULL);
INSERT INTO special_bet (id, user_id, rule_id, team_value_id, string_value, int_value) VALUES (787, 1, 84, 22, NULL, NULL);
INSERT INTO special_bet_rule (id, tournament_id, name, value_type, scoring_type, points, sort_order, actual_team_value_id, actual_string_value, actual_int_value) VALUES (85, 9, 'Tip na pořadí po základní části - Skupina A - 5. místo', 'team', 'exact_match', 0.5, 10, 22, NULL, NULL);
INSERT INTO special_bet (id, user_id, rule_id, team_value_id, string_value, int_value) VALUES (788, 11, 85, 22, NULL, NULL);
INSERT INTO special_bet (id, user_id, rule_id, team_value_id, string_value, int_value) VALUES (789, 14, 85, 15, NULL, NULL);
INSERT INTO special_bet (id, user_id, rule_id, team_value_id, string_value, int_value) VALUES (790, 8, 85, 22, NULL, NULL);
INSERT INTO special_bet (id, user_id, rule_id, team_value_id, string_value, int_value) VALUES (791, 12, 85, 15, NULL, NULL);
INSERT INTO special_bet (id, user_id, rule_id, team_value_id, string_value, int_value) VALUES (792, 2, 85, 15, NULL, NULL);
INSERT INTO special_bet (id, user_id, rule_id, team_value_id, string_value, int_value) VALUES (793, 6, 85, 22, NULL, NULL);
INSERT INTO special_bet (id, user_id, rule_id, team_value_id, string_value, int_value) VALUES (794, 10, 85, 15, NULL, NULL);
INSERT INTO special_bet (id, user_id, rule_id, team_value_id, string_value, int_value) VALUES (795, 5, 85, 1, NULL, NULL);
INSERT INTO special_bet (id, user_id, rule_id, team_value_id, string_value, int_value) VALUES (796, 9, 85, 8, NULL, NULL);
INSERT INTO special_bet (id, user_id, rule_id, team_value_id, string_value, int_value) VALUES (797, 3, 85, 15, NULL, NULL);
INSERT INTO special_bet (id, user_id, rule_id, team_value_id, string_value, int_value) VALUES (798, 4, 85, 1, NULL, NULL);
INSERT INTO special_bet (id, user_id, rule_id, team_value_id, string_value, int_value) VALUES (799, 1, 85, 15, NULL, NULL);
INSERT INTO special_bet_rule (id, tournament_id, name, value_type, scoring_type, points, sort_order, actual_team_value_id, actual_string_value, actual_int_value) VALUES (86, 9, 'Tip na pořadí po základní části - Skupina A - 6. místo', 'team', 'exact_match', 0.5, 11, 1, NULL, NULL);
INSERT INTO special_bet (id, user_id, rule_id, team_value_id, string_value, int_value) VALUES (800, 11, 86, 1, NULL, NULL);
INSERT INTO special_bet (id, user_id, rule_id, team_value_id, string_value, int_value) VALUES (801, 14, 86, 1, NULL, NULL);
INSERT INTO special_bet (id, user_id, rule_id, team_value_id, string_value, int_value) VALUES (802, 8, 86, 1, NULL, NULL);
INSERT INTO special_bet (id, user_id, rule_id, team_value_id, string_value, int_value) VALUES (803, 12, 86, 1, NULL, NULL);
INSERT INTO special_bet (id, user_id, rule_id, team_value_id, string_value, int_value) VALUES (804, 2, 86, 1, NULL, NULL);
INSERT INTO special_bet (id, user_id, rule_id, team_value_id, string_value, int_value) VALUES (805, 6, 86, 1, NULL, NULL);
INSERT INTO special_bet (id, user_id, rule_id, team_value_id, string_value, int_value) VALUES (806, 10, 86, 9, NULL, NULL);
INSERT INTO special_bet (id, user_id, rule_id, team_value_id, string_value, int_value) VALUES (807, 5, 86, 15, NULL, NULL);
INSERT INTO special_bet (id, user_id, rule_id, team_value_id, string_value, int_value) VALUES (808, 9, 86, 9, NULL, NULL);
INSERT INTO special_bet (id, user_id, rule_id, team_value_id, string_value, int_value) VALUES (809, 3, 86, 1, NULL, NULL);
INSERT INTO special_bet (id, user_id, rule_id, team_value_id, string_value, int_value) VALUES (810, 4, 86, 20, NULL, NULL);
INSERT INTO special_bet (id, user_id, rule_id, team_value_id, string_value, int_value) VALUES (811, 1, 86, 1, NULL, NULL);
INSERT INTO special_bet_rule (id, tournament_id, name, value_type, scoring_type, points, sort_order, actual_team_value_id, actual_string_value, actual_int_value) VALUES (87, 9, 'Tip na pořadí po základní části - Skupina A - 7. místo', 'team', 'exact_match', 0.5, 12, 9, NULL, NULL);
INSERT INTO special_bet (id, user_id, rule_id, team_value_id, string_value, int_value) VALUES (812, 11, 87, 9, NULL, NULL);
INSERT INTO special_bet (id, user_id, rule_id, team_value_id, string_value, int_value) VALUES (813, 14, 87, 9, NULL, NULL);
INSERT INTO special_bet (id, user_id, rule_id, team_value_id, string_value, int_value) VALUES (814, 8, 87, 9, NULL, NULL);
INSERT INTO special_bet (id, user_id, rule_id, team_value_id, string_value, int_value) VALUES (815, 12, 87, 20, NULL, NULL);
INSERT INTO special_bet (id, user_id, rule_id, team_value_id, string_value, int_value) VALUES (816, 2, 87, 9, NULL, NULL);
INSERT INTO special_bet (id, user_id, rule_id, team_value_id, string_value, int_value) VALUES (817, 6, 87, 9, NULL, NULL);
INSERT INTO special_bet (id, user_id, rule_id, team_value_id, string_value, int_value) VALUES (818, 10, 87, 1, NULL, NULL);
INSERT INTO special_bet (id, user_id, rule_id, team_value_id, string_value, int_value) VALUES (819, 5, 87, 9, NULL, NULL);
INSERT INTO special_bet (id, user_id, rule_id, team_value_id, string_value, int_value) VALUES (820, 9, 87, 15, NULL, NULL);
INSERT INTO special_bet (id, user_id, rule_id, team_value_id, string_value, int_value) VALUES (821, 3, 87, 9, NULL, NULL);
INSERT INTO special_bet (id, user_id, rule_id, team_value_id, string_value, int_value) VALUES (822, 4, 87, 15, NULL, NULL);
INSERT INTO special_bet (id, user_id, rule_id, team_value_id, string_value, int_value) VALUES (823, 1, 87, 9, NULL, NULL);
INSERT INTO special_bet_rule (id, tournament_id, name, value_type, scoring_type, points, sort_order, actual_team_value_id, actual_string_value, actual_int_value) VALUES (88, 9, 'Tip na pořadí po základní části - Skupina A - 8. místo', 'team', 'exact_match', 0.5, 13, 20, NULL, NULL);
INSERT INTO special_bet (id, user_id, rule_id, team_value_id, string_value, int_value) VALUES (824, 11, 88, 20, NULL, NULL);
INSERT INTO special_bet (id, user_id, rule_id, team_value_id, string_value, int_value) VALUES (825, 14, 88, 20, NULL, NULL);
INSERT INTO special_bet (id, user_id, rule_id, team_value_id, string_value, int_value) VALUES (826, 8, 88, 20, NULL, NULL);
INSERT INTO special_bet (id, user_id, rule_id, team_value_id, string_value, int_value) VALUES (827, 12, 88, 9, NULL, NULL);
INSERT INTO special_bet (id, user_id, rule_id, team_value_id, string_value, int_value) VALUES (828, 2, 88, 20, NULL, NULL);
INSERT INTO special_bet (id, user_id, rule_id, team_value_id, string_value, int_value) VALUES (829, 6, 88, 20, NULL, NULL);
INSERT INTO special_bet (id, user_id, rule_id, team_value_id, string_value, int_value) VALUES (830, 10, 88, 20, NULL, NULL);
INSERT INTO special_bet (id, user_id, rule_id, team_value_id, string_value, int_value) VALUES (831, 5, 88, 20, NULL, NULL);
INSERT INTO special_bet (id, user_id, rule_id, team_value_id, string_value, int_value) VALUES (832, 9, 88, 20, NULL, NULL);
INSERT INTO special_bet (id, user_id, rule_id, team_value_id, string_value, int_value) VALUES (833, 3, 88, 20, NULL, NULL);
INSERT INTO special_bet (id, user_id, rule_id, team_value_id, string_value, int_value) VALUES (834, 4, 88, 9, NULL, NULL);
INSERT INTO special_bet (id, user_id, rule_id, team_value_id, string_value, int_value) VALUES (835, 1, 88, 20, NULL, NULL);
INSERT INTO special_bet_rule (id, tournament_id, name, value_type, scoring_type, points, sort_order, actual_team_value_id, actual_string_value, actual_int_value) VALUES (89, 9, 'Tip na pořadí po základní části - Skupina B - 1. místo', 'team', 'exact_match', 0.5, 14, 6, NULL, NULL);
INSERT INTO special_bet (id, user_id, rule_id, team_value_id, string_value, int_value) VALUES (836, 11, 89, 24, NULL, NULL);
INSERT INTO special_bet (id, user_id, rule_id, team_value_id, string_value, int_value) VALUES (837, 14, 89, 24, NULL, NULL);
INSERT INTO special_bet (id, user_id, rule_id, team_value_id, string_value, int_value) VALUES (838, 8, 89, 24, NULL, NULL);
INSERT INTO special_bet (id, user_id, rule_id, team_value_id, string_value, int_value) VALUES (839, 12, 89, 6, NULL, NULL);
INSERT INTO special_bet (id, user_id, rule_id, team_value_id, string_value, int_value) VALUES (840, 2, 89, 6, NULL, NULL);
INSERT INTO special_bet (id, user_id, rule_id, team_value_id, string_value, int_value) VALUES (841, 6, 89, 21, NULL, NULL);
INSERT INTO special_bet (id, user_id, rule_id, team_value_id, string_value, int_value) VALUES (842, 10, 89, 6, NULL, NULL);
INSERT INTO special_bet (id, user_id, rule_id, team_value_id, string_value, int_value) VALUES (843, 5, 89, 6, NULL, NULL);
INSERT INTO special_bet (id, user_id, rule_id, team_value_id, string_value, int_value) VALUES (844, 9, 89, 24, NULL, NULL);
INSERT INTO special_bet (id, user_id, rule_id, team_value_id, string_value, int_value) VALUES (845, 3, 89, 6, NULL, NULL);
INSERT INTO special_bet (id, user_id, rule_id, team_value_id, string_value, int_value) VALUES (846, 4, 89, 24, NULL, NULL);
INSERT INTO special_bet (id, user_id, rule_id, team_value_id, string_value, int_value) VALUES (847, 1, 89, 6, NULL, NULL);
INSERT INTO special_bet_rule (id, tournament_id, name, value_type, scoring_type, points, sort_order, actual_team_value_id, actual_string_value, actual_int_value) VALUES (90, 9, 'Tip na pořadí po základní části - Skupina B - 2. místo', 'team', 'exact_match', 0.5, 15, 21, NULL, NULL);
INSERT INTO special_bet (id, user_id, rule_id, team_value_id, string_value, int_value) VALUES (848, 11, 90, 21, NULL, NULL);
INSERT INTO special_bet (id, user_id, rule_id, team_value_id, string_value, int_value) VALUES (849, 14, 90, 6, NULL, NULL);
INSERT INTO special_bet (id, user_id, rule_id, team_value_id, string_value, int_value) VALUES (850, 8, 90, 6, NULL, NULL);
INSERT INTO special_bet (id, user_id, rule_id, team_value_id, string_value, int_value) VALUES (851, 12, 90, 21, NULL, NULL);
INSERT INTO special_bet (id, user_id, rule_id, team_value_id, string_value, int_value) VALUES (852, 2, 90, 24, NULL, NULL);
INSERT INTO special_bet (id, user_id, rule_id, team_value_id, string_value, int_value) VALUES (853, 6, 90, 24, NULL, NULL);
INSERT INTO special_bet (id, user_id, rule_id, team_value_id, string_value, int_value) VALUES (854, 10, 90, 24, NULL, NULL);
INSERT INTO special_bet (id, user_id, rule_id, team_value_id, string_value, int_value) VALUES (855, 5, 90, 24, NULL, NULL);
INSERT INTO special_bet (id, user_id, rule_id, team_value_id, string_value, int_value) VALUES (856, 9, 90, 6, NULL, NULL);
INSERT INTO special_bet (id, user_id, rule_id, team_value_id, string_value, int_value) VALUES (857, 3, 90, 24, NULL, NULL);
INSERT INTO special_bet (id, user_id, rule_id, team_value_id, string_value, int_value) VALUES (858, 4, 90, 6, NULL, NULL);
INSERT INTO special_bet (id, user_id, rule_id, team_value_id, string_value, int_value) VALUES (859, 1, 90, 24, NULL, NULL);
INSERT INTO special_bet_rule (id, tournament_id, name, value_type, scoring_type, points, sort_order, actual_team_value_id, actual_string_value, actual_int_value) VALUES (91, 9, 'Tip na pořadí po základní části - Skupina B - 3. místo', 'team', 'exact_match', 0.5, 16, 24, NULL, NULL);
INSERT INTO special_bet (id, user_id, rule_id, team_value_id, string_value, int_value) VALUES (860, 11, 91, 6, NULL, NULL);
INSERT INTO special_bet (id, user_id, rule_id, team_value_id, string_value, int_value) VALUES (861, 14, 91, 21, NULL, NULL);
INSERT INTO special_bet (id, user_id, rule_id, team_value_id, string_value, int_value) VALUES (862, 8, 91, 21, NULL, NULL);
INSERT INTO special_bet (id, user_id, rule_id, team_value_id, string_value, int_value) VALUES (863, 12, 91, 24, NULL, NULL);
INSERT INTO special_bet (id, user_id, rule_id, team_value_id, string_value, int_value) VALUES (864, 2, 91, 21, NULL, NULL);
INSERT INTO special_bet (id, user_id, rule_id, team_value_id, string_value, int_value) VALUES (865, 6, 91, 6, NULL, NULL);
INSERT INTO special_bet (id, user_id, rule_id, team_value_id, string_value, int_value) VALUES (866, 10, 91, 21, NULL, NULL);
INSERT INTO special_bet (id, user_id, rule_id, team_value_id, string_value, int_value) VALUES (867, 5, 91, 21, NULL, NULL);
INSERT INTO special_bet (id, user_id, rule_id, team_value_id, string_value, int_value) VALUES (868, 9, 91, 21, NULL, NULL);
INSERT INTO special_bet (id, user_id, rule_id, team_value_id, string_value, int_value) VALUES (869, 3, 91, 21, NULL, NULL);
INSERT INTO special_bet (id, user_id, rule_id, team_value_id, string_value, int_value) VALUES (870, 4, 91, 21, NULL, NULL);
INSERT INTO special_bet (id, user_id, rule_id, team_value_id, string_value, int_value) VALUES (871, 1, 91, 21, NULL, NULL);
INSERT INTO special_bet_rule (id, tournament_id, name, value_type, scoring_type, points, sort_order, actual_team_value_id, actual_string_value, actual_int_value) VALUES (92, 9, 'Tip na pořadí po základní části - Skupina B - 4. místo', 'team', 'exact_match', 0.5, 17, 11, NULL, NULL);
INSERT INTO special_bet (id, user_id, rule_id, team_value_id, string_value, int_value) VALUES (872, 11, 92, 11, NULL, NULL);
INSERT INTO special_bet (id, user_id, rule_id, team_value_id, string_value, int_value) VALUES (873, 14, 92, 11, NULL, NULL);
INSERT INTO special_bet (id, user_id, rule_id, team_value_id, string_value, int_value) VALUES (874, 8, 92, 11, NULL, NULL);
INSERT INTO special_bet (id, user_id, rule_id, team_value_id, string_value, int_value) VALUES (875, 12, 92, 11, NULL, NULL);
INSERT INTO special_bet (id, user_id, rule_id, team_value_id, string_value, int_value) VALUES (876, 2, 92, 11, NULL, NULL);
INSERT INTO special_bet (id, user_id, rule_id, team_value_id, string_value, int_value) VALUES (877, 6, 92, 11, NULL, NULL);
INSERT INTO special_bet (id, user_id, rule_id, team_value_id, string_value, int_value) VALUES (878, 10, 92, 11, NULL, NULL);
INSERT INTO special_bet (id, user_id, rule_id, team_value_id, string_value, int_value) VALUES (879, 5, 92, 11, NULL, NULL);
INSERT INTO special_bet (id, user_id, rule_id, team_value_id, string_value, int_value) VALUES (880, 9, 92, 11, NULL, NULL);
INSERT INTO special_bet (id, user_id, rule_id, team_value_id, string_value, int_value) VALUES (881, 3, 92, 11, NULL, NULL);
INSERT INTO special_bet (id, user_id, rule_id, team_value_id, string_value, int_value) VALUES (882, 4, 92, 16, NULL, NULL);
INSERT INTO special_bet (id, user_id, rule_id, team_value_id, string_value, int_value) VALUES (883, 1, 92, 11, NULL, NULL);
INSERT INTO special_bet_rule (id, tournament_id, name, value_type, scoring_type, points, sort_order, actual_team_value_id, actual_string_value, actual_int_value) VALUES (93, 9, 'Tip na pořadí po základní části - Skupina B - 5. místo', 'team', 'exact_match', 0.5, 18, 7, NULL, NULL);
INSERT INTO special_bet (id, user_id, rule_id, team_value_id, string_value, int_value) VALUES (884, 11, 93, 16, NULL, NULL);
INSERT INTO special_bet (id, user_id, rule_id, team_value_id, string_value, int_value) VALUES (885, 14, 93, 7, NULL, NULL);
INSERT INTO special_bet (id, user_id, rule_id, team_value_id, string_value, int_value) VALUES (886, 8, 93, 7, NULL, NULL);
INSERT INTO special_bet (id, user_id, rule_id, team_value_id, string_value, int_value) VALUES (887, 12, 93, 16, NULL, NULL);
INSERT INTO special_bet (id, user_id, rule_id, team_value_id, string_value, int_value) VALUES (888, 2, 93, 7, NULL, NULL);
INSERT INTO special_bet (id, user_id, rule_id, team_value_id, string_value, int_value) VALUES (889, 6, 93, 7, NULL, NULL);
INSERT INTO special_bet (id, user_id, rule_id, team_value_id, string_value, int_value) VALUES (890, 10, 93, 7, NULL, NULL);
INSERT INTO special_bet (id, user_id, rule_id, team_value_id, string_value, int_value) VALUES (891, 5, 93, 16, NULL, NULL);
INSERT INTO special_bet (id, user_id, rule_id, team_value_id, string_value, int_value) VALUES (892, 9, 93, 16, NULL, NULL);
INSERT INTO special_bet (id, user_id, rule_id, team_value_id, string_value, int_value) VALUES (893, 3, 93, 7, NULL, NULL);
INSERT INTO special_bet (id, user_id, rule_id, team_value_id, string_value, int_value) VALUES (894, 4, 93, 7, NULL, NULL);
INSERT INTO special_bet (id, user_id, rule_id, team_value_id, string_value, int_value) VALUES (895, 1, 93, 16, NULL, NULL);
INSERT INTO special_bet_rule (id, tournament_id, name, value_type, scoring_type, points, sort_order, actual_team_value_id, actual_string_value, actual_int_value) VALUES (94, 9, 'Tip na pořadí po základní části - Skupina B - 6. místo', 'team', 'exact_match', 0.5, 19, 16, NULL, NULL);
INSERT INTO special_bet (id, user_id, rule_id, team_value_id, string_value, int_value) VALUES (896, 11, 94, 7, NULL, NULL);
INSERT INTO special_bet (id, user_id, rule_id, team_value_id, string_value, int_value) VALUES (897, 14, 94, 16, NULL, NULL);
INSERT INTO special_bet (id, user_id, rule_id, team_value_id, string_value, int_value) VALUES (898, 8, 94, 14, NULL, NULL);
INSERT INTO special_bet (id, user_id, rule_id, team_value_id, string_value, int_value) VALUES (899, 12, 94, 7, NULL, NULL);
INSERT INTO special_bet (id, user_id, rule_id, team_value_id, string_value, int_value) VALUES (900, 2, 94, 16, NULL, NULL);
INSERT INTO special_bet (id, user_id, rule_id, team_value_id, string_value, int_value) VALUES (901, 6, 94, 16, NULL, NULL);
INSERT INTO special_bet (id, user_id, rule_id, team_value_id, string_value, int_value) VALUES (902, 10, 94, 16, NULL, NULL);
INSERT INTO special_bet (id, user_id, rule_id, team_value_id, string_value, int_value) VALUES (903, 5, 94, 7, NULL, NULL);
INSERT INTO special_bet (id, user_id, rule_id, team_value_id, string_value, int_value) VALUES (904, 9, 94, 7, NULL, NULL);
INSERT INTO special_bet (id, user_id, rule_id, team_value_id, string_value, int_value) VALUES (905, 3, 94, 16, NULL, NULL);
INSERT INTO special_bet (id, user_id, rule_id, team_value_id, string_value, int_value) VALUES (906, 4, 94, 14, NULL, NULL);
INSERT INTO special_bet (id, user_id, rule_id, team_value_id, string_value, int_value) VALUES (907, 1, 94, 7, NULL, NULL);
INSERT INTO special_bet_rule (id, tournament_id, name, value_type, scoring_type, points, sort_order, actual_team_value_id, actual_string_value, actual_int_value) VALUES (95, 9, 'Tip na pořadí po základní části - Skupina B - 7. místo', 'team', 'exact_match', 0.5, 20, 14, NULL, NULL);
INSERT INTO special_bet (id, user_id, rule_id, team_value_id, string_value, int_value) VALUES (908, 11, 95, 14, NULL, NULL);
INSERT INTO special_bet (id, user_id, rule_id, team_value_id, string_value, int_value) VALUES (909, 14, 95, 14, NULL, NULL);
INSERT INTO special_bet (id, user_id, rule_id, team_value_id, string_value, int_value) VALUES (910, 8, 95, 16, NULL, NULL);
INSERT INTO special_bet (id, user_id, rule_id, team_value_id, string_value, int_value) VALUES (911, 12, 95, 14, NULL, NULL);
INSERT INTO special_bet (id, user_id, rule_id, team_value_id, string_value, int_value) VALUES (912, 2, 95, 14, NULL, NULL);
INSERT INTO special_bet (id, user_id, rule_id, team_value_id, string_value, int_value) VALUES (913, 6, 95, 14, NULL, NULL);
INSERT INTO special_bet (id, user_id, rule_id, team_value_id, string_value, int_value) VALUES (914, 10, 95, 14, NULL, NULL);
INSERT INTO special_bet (id, user_id, rule_id, team_value_id, string_value, int_value) VALUES (915, 5, 95, 14, NULL, NULL);
INSERT INTO special_bet (id, user_id, rule_id, team_value_id, string_value, int_value) VALUES (916, 9, 95, 12, NULL, NULL);
INSERT INTO special_bet (id, user_id, rule_id, team_value_id, string_value, int_value) VALUES (917, 3, 95, 14, NULL, NULL);
INSERT INTO special_bet (id, user_id, rule_id, team_value_id, string_value, int_value) VALUES (918, 4, 95, 11, NULL, NULL);
INSERT INTO special_bet (id, user_id, rule_id, team_value_id, string_value, int_value) VALUES (919, 1, 95, 14, NULL, NULL);
INSERT INTO special_bet_rule (id, tournament_id, name, value_type, scoring_type, points, sort_order, actual_team_value_id, actual_string_value, actual_int_value) VALUES (96, 9, 'Tip na pořadí po základní části - Skupina B - 8. místo', 'team', 'exact_match', 0.5, 21, 12, NULL, NULL);
INSERT INTO special_bet (id, user_id, rule_id, team_value_id, string_value, int_value) VALUES (920, 11, 96, 12, NULL, NULL);
INSERT INTO special_bet (id, user_id, rule_id, team_value_id, string_value, int_value) VALUES (921, 14, 96, 12, NULL, NULL);
INSERT INTO special_bet (id, user_id, rule_id, team_value_id, string_value, int_value) VALUES (922, 8, 96, 12, NULL, NULL);
INSERT INTO special_bet (id, user_id, rule_id, team_value_id, string_value, int_value) VALUES (923, 12, 96, 12, NULL, NULL);
INSERT INTO special_bet (id, user_id, rule_id, team_value_id, string_value, int_value) VALUES (924, 2, 96, 12, NULL, NULL);
INSERT INTO special_bet (id, user_id, rule_id, team_value_id, string_value, int_value) VALUES (925, 6, 96, 12, NULL, NULL);
INSERT INTO special_bet (id, user_id, rule_id, team_value_id, string_value, int_value) VALUES (926, 10, 96, 12, NULL, NULL);
INSERT INTO special_bet (id, user_id, rule_id, team_value_id, string_value, int_value) VALUES (927, 5, 96, 12, NULL, NULL);
INSERT INTO special_bet (id, user_id, rule_id, team_value_id, string_value, int_value) VALUES (928, 9, 96, 14, NULL, NULL);
INSERT INTO special_bet (id, user_id, rule_id, team_value_id, string_value, int_value) VALUES (929, 3, 96, 12, NULL, NULL);
INSERT INTO special_bet (id, user_id, rule_id, team_value_id, string_value, int_value) VALUES (930, 4, 96, 12, NULL, NULL);
INSERT INTO special_bet (id, user_id, rule_id, team_value_id, string_value, int_value) VALUES (931, 1, 96, 12, NULL, NULL);
INSERT INTO special_bet_rule (id, tournament_id, name, value_type, scoring_type, points, sort_order, actual_team_value_id, actual_string_value, actual_int_value) VALUES (97, 9, 'Počet gólů české reprezentace', 'integer', 'closest', 2.0, 22, NULL, NULL, 30);
INSERT INTO special_bet (id, user_id, rule_id, team_value_id, string_value, int_value) VALUES (932, 11, 97, NULL, NULL, 28);
INSERT INTO special_bet (id, user_id, rule_id, team_value_id, string_value, int_value) VALUES (933, 14, 97, NULL, NULL, 32);
INSERT INTO special_bet (id, user_id, rule_id, team_value_id, string_value, int_value) VALUES (934, 8, 97, NULL, NULL, 31);
INSERT INTO special_bet (id, user_id, rule_id, team_value_id, string_value, int_value) VALUES (935, 12, 97, NULL, NULL, 31);
INSERT INTO special_bet (id, user_id, rule_id, team_value_id, string_value, int_value) VALUES (936, 2, 97, NULL, NULL, 32);
INSERT INTO special_bet (id, user_id, rule_id, team_value_id, string_value, int_value) VALUES (937, 6, 97, NULL, NULL, 33);
INSERT INTO special_bet (id, user_id, rule_id, team_value_id, string_value, int_value) VALUES (938, 10, 97, NULL, NULL, 48);
INSERT INTO special_bet (id, user_id, rule_id, team_value_id, string_value, int_value) VALUES (939, 5, 97, NULL, NULL, 32);
INSERT INTO special_bet (id, user_id, rule_id, team_value_id, string_value, int_value) VALUES (940, 9, 97, NULL, NULL, 35);
INSERT INTO special_bet (id, user_id, rule_id, team_value_id, string_value, int_value) VALUES (941, 3, 97, NULL, NULL, 31);
INSERT INTO special_bet (id, user_id, rule_id, team_value_id, string_value, int_value) VALUES (942, 4, 97, NULL, NULL, 21);
INSERT INTO special_bet (id, user_id, rule_id, team_value_id, string_value, int_value) VALUES (943, 1, 97, NULL, NULL, 48);
INSERT INTO special_bet_rule (id, tournament_id, name, value_type, scoring_type, points, sort_order, actual_team_value_id, actual_string_value, actual_int_value) VALUES (98, 9, 'Počet remíz po základní hrací době', 'integer', 'closest', 2.0, 23, NULL, NULL, 7);
INSERT INTO special_bet (id, user_id, rule_id, team_value_id, string_value, int_value) VALUES (944, 11, 98, NULL, NULL, 9);
INSERT INTO special_bet (id, user_id, rule_id, team_value_id, string_value, int_value) VALUES (945, 14, 98, NULL, NULL, 11);
INSERT INTO special_bet (id, user_id, rule_id, team_value_id, string_value, int_value) VALUES (946, 8, 98, NULL, NULL, 8);
INSERT INTO special_bet (id, user_id, rule_id, team_value_id, string_value, int_value) VALUES (947, 12, 98, NULL, NULL, 7);
INSERT INTO special_bet (id, user_id, rule_id, team_value_id, string_value, int_value) VALUES (948, 2, 98, NULL, NULL, 7);
INSERT INTO special_bet (id, user_id, rule_id, team_value_id, string_value, int_value) VALUES (949, 6, 98, NULL, NULL, 11);
INSERT INTO special_bet (id, user_id, rule_id, team_value_id, string_value, int_value) VALUES (950, 10, 98, NULL, NULL, 11);
INSERT INTO special_bet (id, user_id, rule_id, team_value_id, string_value, int_value) VALUES (951, 5, 98, NULL, NULL, 8);
INSERT INTO special_bet (id, user_id, rule_id, team_value_id, string_value, int_value) VALUES (952, 9, 98, NULL, NULL, 7);
INSERT INTO special_bet (id, user_id, rule_id, team_value_id, string_value, int_value) VALUES (953, 3, 98, NULL, NULL, 6);
INSERT INTO special_bet (id, user_id, rule_id, team_value_id, string_value, int_value) VALUES (954, 4, 98, NULL, NULL, 11);
INSERT INTO special_bet (id, user_id, rule_id, team_value_id, string_value, int_value) VALUES (955, 1, 98, NULL, NULL, 10);

-- Tournament: OH 2026
INSERT INTO tournament (id, name, year, slug, status, created_at) VALUES (10, 'OH 2026', 2026, 'oh-2026', 'finished', '2024-01-01 00:00:00');
INSERT INTO rule_set (id, tournament_id, winner_base_points, wrong_opponent_bonus, exact_score_bonus, prizes) VALUES (10, 10, 1.0, 0.25, 2.0, '{"1": 300, "2": 150, "3": 50}');
INSERT INTO "match" (id, tournament_id, home_team_id, away_team_id, phase, played_at, home_score, away_score, is_finished) VALUES (541, 10, 22, 8, 'group_stage', '2026-02-11 16:40:00', 4, 1, true);
INSERT INTO "match" (id, tournament_id, home_team_id, away_team_id, phase, played_at, home_score, away_score, is_finished) VALUES (542, 10, 23, 13, 'group_stage', '2026-02-11 21:10:00', 5, 2, true);
INSERT INTO "match" (id, tournament_id, home_team_id, away_team_id, phase, played_at, home_score, away_score, is_finished) VALUES (543, 10, 21, 9, 'group_stage', '2026-02-12 12:10:00', 4, 0, true);
INSERT INTO "match" (id, tournament_id, home_team_id, away_team_id, phase, played_at, home_score, away_score, is_finished) VALUES (544, 10, 6, 4, 'group_stage', '2026-02-12 16:40:00', 0, 5, true);
INSERT INTO "match" (id, tournament_id, home_team_id, away_team_id, phase, played_at, home_score, away_score, is_finished) VALUES (545, 10, 15, 24, 'group_stage', '2026-02-12 21:10:00', 1, 5, true);
INSERT INTO "match" (id, tournament_id, home_team_id, away_team_id, phase, played_at, home_score, away_score, is_finished) VALUES (546, 10, 11, 7, 'group_stage', '2026-02-12 21:10:00', 3, 1, true);
INSERT INTO "match" (id, tournament_id, home_team_id, away_team_id, phase, played_at, home_score, away_score, is_finished) VALUES (547, 10, 8, 23, 'group_stage', '2026-02-13 12:10:00', 4, 1, true);
INSERT INTO "match" (id, tournament_id, home_team_id, away_team_id, phase, played_at, home_score, away_score, is_finished) VALUES (548, 10, 13, 22, 'group_stage', '2026-02-13 12:10:00', 2, 3, true);
INSERT INTO "match" (id, tournament_id, home_team_id, away_team_id, phase, played_at, home_score, away_score, is_finished) VALUES (549, 10, 9, 6, 'group_stage', '2026-02-13 16:40:00', 3, 6, true);
INSERT INTO "match" (id, tournament_id, home_team_id, away_team_id, phase, played_at, home_score, away_score, is_finished) VALUES (550, 10, 4, 21, 'group_stage', '2026-02-13 21:10:00', 5, 1, true);
INSERT INTO "match" (id, tournament_id, home_team_id, away_team_id, phase, played_at, home_score, away_score, is_finished) VALUES (551, 10, 23, 22, 'group_stage', '2026-02-14 12:10:00', 5, 3, true);
INSERT INTO "match" (id, tournament_id, home_team_id, away_team_id, phase, played_at, home_score, away_score, is_finished) VALUES (552, 10, 11, 15, 'group_stage', '2026-02-14 12:10:00', 3, 4, true);
INSERT INTO "match" (id, tournament_id, home_team_id, away_team_id, phase, played_at, home_score, away_score, is_finished) VALUES (553, 10, 8, 13, 'group_stage', '2026-02-14 16:40:00', 11, 0, true);
INSERT INTO "match" (id, tournament_id, home_team_id, away_team_id, phase, played_at, home_score, away_score, is_finished) VALUES (554, 10, 24, 7, 'group_stage', '2026-02-14 21:10:00', 6, 3, true);
INSERT INTO "match" (id, tournament_id, home_team_id, away_team_id, phase, played_at, home_score, away_score, is_finished) VALUES (555, 10, 21, 6, 'group_stage', '2026-02-15 12:10:00', 4, 3, true);
INSERT INTO "match" (id, tournament_id, home_team_id, away_team_id, phase, played_at, home_score, away_score, is_finished) VALUES (556, 10, 4, 9, 'group_stage', '2026-02-15 16:40:00', 10, 2, true);
INSERT INTO "match" (id, tournament_id, home_team_id, away_team_id, phase, played_at, home_score, away_score, is_finished) VALUES (557, 10, 7, 15, 'group_stage', '2026-02-15 19:10:00', 4, 2, true);
INSERT INTO "match" (id, tournament_id, home_team_id, away_team_id, phase, played_at, home_score, away_score, is_finished) VALUES (558, 10, 24, 11, 'group_stage', '2026-02-15 21:10:00', 5, 1, true);
INSERT INTO "match" (id, tournament_id, home_team_id, away_team_id, phase, played_at, home_score, away_score, is_finished) VALUES (559, 10, 21, 13, 'group_stage', '2026-02-17 12:10:00', 3, 0, true);
INSERT INTO "match" (id, tournament_id, home_team_id, away_team_id, phase, played_at, home_score, away_score, is_finished) VALUES (560, 10, 11, 9, 'group_stage', '2026-02-17 12:10:00', 5, 1, true);
INSERT INTO "match" (id, tournament_id, home_team_id, away_team_id, phase, played_at, home_score, away_score, is_finished) VALUES (561, 10, 6, 7, 'group_stage', '2026-02-17 16:40:00', 3, 2, true);
INSERT INTO "match" (id, tournament_id, home_team_id, away_team_id, phase, played_at, home_score, away_score, is_finished) VALUES (562, 10, 23, 15, 'group_stage', '2026-02-17 21:10:00', 5, 1, true);
INSERT INTO "match" (id, tournament_id, home_team_id, away_team_id, phase, played_at, home_score, away_score, is_finished) VALUES (563, 10, 22, 11, 'quarterfinal', '2026-02-18 12:10:00', 6, 2, true);
INSERT INTO "match" (id, tournament_id, home_team_id, away_team_id, phase, played_at, home_score, away_score, is_finished) VALUES (564, 10, 4, 6, 'quarterfinal', '2026-02-18 14:10:00', 4, 3, true);
INSERT INTO "match" (id, tournament_id, home_team_id, away_team_id, phase, played_at, home_score, away_score, is_finished) VALUES (565, 10, 8, 21, 'quarterfinal', '2026-02-18 16:40:00', 3, 2, true);
INSERT INTO "match" (id, tournament_id, home_team_id, away_team_id, phase, played_at, home_score, away_score, is_finished) VALUES (566, 10, 24, 23, 'quarterfinal', '2026-02-18 21:10:00', 2, 1, true);
INSERT INTO "match" (id, tournament_id, home_team_id, away_team_id, phase, played_at, home_score, away_score, is_finished) VALUES (567, 10, 4, 8, 'semifinal', '2026-02-20 16:40:00', 3, 2, true);
INSERT INTO "match" (id, tournament_id, home_team_id, away_team_id, phase, played_at, home_score, away_score, is_finished) VALUES (568, 10, 24, 22, 'semifinal', '2026-02-20 21:10:00', 6, 2, true);
INSERT INTO "match" (id, tournament_id, home_team_id, away_team_id, phase, played_at, home_score, away_score, is_finished) VALUES (569, 10, 22, 8, 'bronze_medal', '2026-02-21 20:40:00', 1, 6, true);
INSERT INTO "match" (id, tournament_id, home_team_id, away_team_id, phase, played_at, home_score, away_score, is_finished) VALUES (570, 10, 4, 24, 'gold_medal', '2026-02-22 14:10:00', 1, 2, true);
INSERT INTO prediction (id, user_id, game_id, home_score, away_score, created_at, updated_at) VALUES (4848, 11, 541, 1, 3, '2024-01-01 00:00:00', NULL);
INSERT INTO prediction (id, user_id, game_id, home_score, away_score, created_at, updated_at) VALUES (4849, 14, 541, 1, 4, '2024-01-01 00:00:00', NULL);
INSERT INTO prediction (id, user_id, game_id, home_score, away_score, created_at, updated_at) VALUES (4850, 8, 541, 1, 4, '2024-01-01 00:00:00', NULL);
INSERT INTO prediction (id, user_id, game_id, home_score, away_score, created_at, updated_at) VALUES (4851, 12, 541, 2, 5, '2024-01-01 00:00:00', NULL);
INSERT INTO prediction (id, user_id, game_id, home_score, away_score, created_at, updated_at) VALUES (4852, 16, 541, 2, 4, '2024-01-01 00:00:00', NULL);
INSERT INTO prediction (id, user_id, game_id, home_score, away_score, created_at, updated_at) VALUES (4853, 6, 541, 1, 4, '2024-01-01 00:00:00', NULL);
INSERT INTO prediction (id, user_id, game_id, home_score, away_score, created_at, updated_at) VALUES (4854, 10, 541, 1, 4, '2024-01-01 00:00:00', NULL);
INSERT INTO prediction (id, user_id, game_id, home_score, away_score, created_at, updated_at) VALUES (4855, 5, 541, 1, 4, '2024-01-01 00:00:00', NULL);
INSERT INTO prediction (id, user_id, game_id, home_score, away_score, created_at, updated_at) VALUES (4856, 9, 541, 1, 3, '2024-01-01 00:00:00', NULL);
INSERT INTO prediction (id, user_id, game_id, home_score, away_score, created_at, updated_at) VALUES (4857, 2, 541, 2, 1, '2024-01-01 00:00:00', NULL);
INSERT INTO prediction (id, user_id, game_id, home_score, away_score, created_at, updated_at) VALUES (4858, 11, 542, 7, 0, '2024-01-01 00:00:00', NULL);
INSERT INTO prediction (id, user_id, game_id, home_score, away_score, created_at, updated_at) VALUES (4859, 14, 542, 8, 0, '2024-01-01 00:00:00', NULL);
INSERT INTO prediction (id, user_id, game_id, home_score, away_score, created_at, updated_at) VALUES (4860, 8, 542, 7, 1, '2024-01-01 00:00:00', NULL);
INSERT INTO prediction (id, user_id, game_id, home_score, away_score, created_at, updated_at) VALUES (4861, 12, 542, 5, 1, '2024-01-01 00:00:00', NULL);
INSERT INTO prediction (id, user_id, game_id, home_score, away_score, created_at, updated_at) VALUES (4862, 16, 542, 6, 1, '2024-01-01 00:00:00', NULL);
INSERT INTO prediction (id, user_id, game_id, home_score, away_score, created_at, updated_at) VALUES (4863, 6, 542, 10, 0, '2024-01-01 00:00:00', NULL);
INSERT INTO prediction (id, user_id, game_id, home_score, away_score, created_at, updated_at) VALUES (4864, 10, 542, 6, 0, '2024-01-01 00:00:00', NULL);
INSERT INTO prediction (id, user_id, game_id, home_score, away_score, created_at, updated_at) VALUES (4865, 5, 542, 5, 0, '2024-01-01 00:00:00', NULL);
INSERT INTO prediction (id, user_id, game_id, home_score, away_score, created_at, updated_at) VALUES (4866, 9, 542, 4, 0, '2024-01-01 00:00:00', NULL);
INSERT INTO prediction (id, user_id, game_id, home_score, away_score, created_at, updated_at) VALUES (4867, 2, 542, 5, 1, '2024-01-01 00:00:00', NULL);
INSERT INTO prediction (id, user_id, game_id, home_score, away_score, created_at, updated_at) VALUES (4868, 11, 543, 5, 1, '2024-01-01 00:00:00', NULL);
INSERT INTO prediction (id, user_id, game_id, home_score, away_score, created_at, updated_at) VALUES (4869, 14, 543, 4, 2, '2024-01-01 00:00:00', NULL);
INSERT INTO prediction (id, user_id, game_id, home_score, away_score, created_at, updated_at) VALUES (4870, 8, 543, 5, 1, '2024-01-01 00:00:00', NULL);
INSERT INTO prediction (id, user_id, game_id, home_score, away_score, created_at, updated_at) VALUES (4871, 12, 543, 5, 2, '2024-01-01 00:00:00', NULL);
INSERT INTO prediction (id, user_id, game_id, home_score, away_score, created_at, updated_at) VALUES (4872, 16, 543, 5, 1, '2024-01-01 00:00:00', NULL);
INSERT INTO prediction (id, user_id, game_id, home_score, away_score, created_at, updated_at) VALUES (4873, 6, 543, 4, 1, '2024-01-01 00:00:00', NULL);
INSERT INTO prediction (id, user_id, game_id, home_score, away_score, created_at, updated_at) VALUES (4874, 10, 543, 3, 1, '2024-01-01 00:00:00', NULL);
INSERT INTO prediction (id, user_id, game_id, home_score, away_score, created_at, updated_at) VALUES (4875, 5, 543, 4, 1, '2024-01-01 00:00:00', NULL);
INSERT INTO prediction (id, user_id, game_id, home_score, away_score, created_at, updated_at) VALUES (4876, 9, 543, 4, 1, '2024-01-01 00:00:00', NULL);
INSERT INTO prediction (id, user_id, game_id, home_score, away_score, created_at, updated_at) VALUES (4877, 2, 543, 4, 1, '2024-01-01 00:00:00', NULL);
INSERT INTO prediction (id, user_id, game_id, home_score, away_score, created_at, updated_at) VALUES (4878, 11, 544, 1, 3, '2024-01-01 00:00:00', NULL);
INSERT INTO prediction (id, user_id, game_id, home_score, away_score, created_at, updated_at) VALUES (4879, 14, 544, 3, 2, '2024-01-01 00:00:00', NULL);
INSERT INTO prediction (id, user_id, game_id, home_score, away_score, created_at, updated_at) VALUES (4880, 8, 544, 2, 4, '2024-01-01 00:00:00', NULL);
INSERT INTO prediction (id, user_id, game_id, home_score, away_score, created_at, updated_at) VALUES (4881, 12, 544, 2, 3, '2024-01-01 00:00:00', NULL);
INSERT INTO prediction (id, user_id, game_id, home_score, away_score, created_at, updated_at) VALUES (4882, 16, 544, 3, 4, '2024-01-01 00:00:00', NULL);
INSERT INTO prediction (id, user_id, game_id, home_score, away_score, created_at, updated_at) VALUES (4883, 6, 544, 3, 2, '2024-01-01 00:00:00', NULL);
INSERT INTO prediction (id, user_id, game_id, home_score, away_score, created_at, updated_at) VALUES (4884, 10, 544, 2, 3, '2024-01-01 00:00:00', NULL);
INSERT INTO prediction (id, user_id, game_id, home_score, away_score, created_at, updated_at) VALUES (4885, 5, 544, 2, 3, '2024-01-01 00:00:00', NULL);
INSERT INTO prediction (id, user_id, game_id, home_score, away_score, created_at, updated_at) VALUES (4886, 9, 544, 2, 1, '2024-01-01 00:00:00', NULL);
INSERT INTO prediction (id, user_id, game_id, home_score, away_score, created_at, updated_at) VALUES (4887, 2, 544, 2, 3, '2024-01-01 00:00:00', NULL);
INSERT INTO prediction (id, user_id, game_id, home_score, away_score, created_at, updated_at) VALUES (4888, 11, 545, 2, 4, '2024-01-01 00:00:00', NULL);
INSERT INTO prediction (id, user_id, game_id, home_score, away_score, created_at, updated_at) VALUES (4889, 14, 545, 1, 4, '2024-01-01 00:00:00', NULL);
INSERT INTO prediction (id, user_id, game_id, home_score, away_score, created_at, updated_at) VALUES (4890, 8, 545, 2, 6, '2024-01-01 00:00:00', NULL);
INSERT INTO prediction (id, user_id, game_id, home_score, away_score, created_at, updated_at) VALUES (4891, 12, 545, 1, 4, '2024-01-01 00:00:00', NULL);
INSERT INTO prediction (id, user_id, game_id, home_score, away_score, created_at, updated_at) VALUES (4892, 16, 545, 2, 5, '2024-01-01 00:00:00', NULL);
INSERT INTO prediction (id, user_id, game_id, home_score, away_score, created_at, updated_at) VALUES (4893, 6, 545, 1, 4, '2024-01-01 00:00:00', NULL);
INSERT INTO prediction (id, user_id, game_id, home_score, away_score, created_at, updated_at) VALUES (4894, 10, 545, 2, 5, '2024-01-01 00:00:00', NULL);
INSERT INTO prediction (id, user_id, game_id, home_score, away_score, created_at, updated_at) VALUES (4895, 5, 545, 1, 4, '2024-01-01 00:00:00', NULL);
INSERT INTO prediction (id, user_id, game_id, home_score, away_score, created_at, updated_at) VALUES (4896, 9, 545, 0, 4, '2024-01-01 00:00:00', NULL);
INSERT INTO prediction (id, user_id, game_id, home_score, away_score, created_at, updated_at) VALUES (4897, 2, 545, 3, 2, '2024-01-01 00:00:00', NULL);
INSERT INTO prediction (id, user_id, game_id, home_score, away_score, created_at, updated_at) VALUES (4898, 11, 546, 4, 2, '2024-01-01 00:00:00', NULL);
INSERT INTO prediction (id, user_id, game_id, home_score, away_score, created_at, updated_at) VALUES (4899, 14, 546, 3, 2, '2024-01-01 00:00:00', NULL);
INSERT INTO prediction (id, user_id, game_id, home_score, away_score, created_at, updated_at) VALUES (4900, 8, 546, 4, 1, '2024-01-01 00:00:00', NULL);
INSERT INTO prediction (id, user_id, game_id, home_score, away_score, created_at, updated_at) VALUES (4901, 12, 546, 3, 1, '2024-01-01 00:00:00', NULL);
INSERT INTO prediction (id, user_id, game_id, home_score, away_score, created_at, updated_at) VALUES (4902, 16, 546, 3, 2, '2024-01-01 00:00:00', NULL);
INSERT INTO prediction (id, user_id, game_id, home_score, away_score, created_at, updated_at) VALUES (4903, 6, 546, 3, 2, '2024-01-01 00:00:00', NULL);
INSERT INTO prediction (id, user_id, game_id, home_score, away_score, created_at, updated_at) VALUES (4904, 10, 546, 3, 2, '2024-01-01 00:00:00', NULL);
INSERT INTO prediction (id, user_id, game_id, home_score, away_score, created_at, updated_at) VALUES (4905, 5, 546, 3, 2, '2024-01-01 00:00:00', NULL);
INSERT INTO prediction (id, user_id, game_id, home_score, away_score, created_at, updated_at) VALUES (4906, 9, 546, 4, 2, '2024-01-01 00:00:00', NULL);
INSERT INTO prediction (id, user_id, game_id, home_score, away_score, created_at, updated_at) VALUES (4907, 2, 546, 2, 3, '2024-01-01 00:00:00', NULL);
INSERT INTO prediction (id, user_id, game_id, home_score, away_score, created_at, updated_at) VALUES (4908, 11, 547, 3, 1, '2024-01-01 00:00:00', NULL);
INSERT INTO prediction (id, user_id, game_id, home_score, away_score, created_at, updated_at) VALUES (4909, 14, 547, 2, 4, '2024-01-01 00:00:00', NULL);
INSERT INTO prediction (id, user_id, game_id, home_score, away_score, created_at, updated_at) VALUES (4910, 8, 547, 1, 4, '2024-01-01 00:00:00', NULL);
INSERT INTO prediction (id, user_id, game_id, home_score, away_score, created_at, updated_at) VALUES (4911, 12, 547, 2, 4, '2024-01-01 00:00:00', NULL);
INSERT INTO prediction (id, user_id, game_id, home_score, away_score, created_at, updated_at) VALUES (4912, 16, 547, 1, 4, '2024-01-01 00:00:00', NULL);
INSERT INTO prediction (id, user_id, game_id, home_score, away_score, created_at, updated_at) VALUES (4913, 6, 547, 2, 3, '2024-01-01 00:00:00', NULL);
INSERT INTO prediction (id, user_id, game_id, home_score, away_score, created_at, updated_at) VALUES (4914, 10, 547, 3, 2, '2024-01-01 00:00:00', NULL);
INSERT INTO prediction (id, user_id, game_id, home_score, away_score, created_at, updated_at) VALUES (4915, 5, 547, 1, 2, '2024-01-01 00:00:00', NULL);
INSERT INTO prediction (id, user_id, game_id, home_score, away_score, created_at, updated_at) VALUES (4916, 9, 547, 2, 3, '2024-01-01 00:00:00', NULL);
INSERT INTO prediction (id, user_id, game_id, home_score, away_score, created_at, updated_at) VALUES (4917, 2, 547, 5, 4, '2024-01-01 00:00:00', NULL);
INSERT INTO prediction (id, user_id, game_id, home_score, away_score, created_at, updated_at) VALUES (4918, 11, 548, 0, 2, '2024-01-01 00:00:00', NULL);
INSERT INTO prediction (id, user_id, game_id, home_score, away_score, created_at, updated_at) VALUES (4919, 14, 548, 2, 3, '2024-01-01 00:00:00', NULL);
INSERT INTO prediction (id, user_id, game_id, home_score, away_score, created_at, updated_at) VALUES (4920, 8, 548, 1, 4, '2024-01-01 00:00:00', NULL);
INSERT INTO prediction (id, user_id, game_id, home_score, away_score, created_at, updated_at) VALUES (4921, 12, 548, 2, 4, '2024-01-01 00:00:00', NULL);
INSERT INTO prediction (id, user_id, game_id, home_score, away_score, created_at, updated_at) VALUES (4922, 16, 548, 2, 3, '2024-01-01 00:00:00', NULL);
INSERT INTO prediction (id, user_id, game_id, home_score, away_score, created_at, updated_at) VALUES (4923, 6, 548, 0, 3, '2024-01-01 00:00:00', NULL);
INSERT INTO prediction (id, user_id, game_id, home_score, away_score, created_at, updated_at) VALUES (4924, 10, 548, 1, 4, '2024-01-01 00:00:00', NULL);
INSERT INTO prediction (id, user_id, game_id, home_score, away_score, created_at, updated_at) VALUES (4925, 5, 548, 1, 3, '2024-01-01 00:00:00', NULL);
INSERT INTO prediction (id, user_id, game_id, home_score, away_score, created_at, updated_at) VALUES (4926, 9, 548, 1, 5, '2024-01-01 00:00:00', NULL);
INSERT INTO prediction (id, user_id, game_id, home_score, away_score, created_at, updated_at) VALUES (4927, 2, 548, 1, 4, '2024-01-01 00:00:00', NULL);
INSERT INTO prediction (id, user_id, game_id, home_score, away_score, created_at, updated_at) VALUES (4928, 11, 549, 2, 5, '2024-01-01 00:00:00', NULL);
INSERT INTO prediction (id, user_id, game_id, home_score, away_score, created_at, updated_at) VALUES (4929, 14, 549, 1, 5, '2024-01-01 00:00:00', NULL);
INSERT INTO prediction (id, user_id, game_id, home_score, away_score, created_at, updated_at) VALUES (4930, 8, 549, 1, 4, '2024-01-01 00:00:00', NULL);
INSERT INTO prediction (id, user_id, game_id, home_score, away_score, created_at, updated_at) VALUES (4931, 12, 549, 1, 7, '2024-01-01 00:00:00', NULL);
INSERT INTO prediction (id, user_id, game_id, home_score, away_score, created_at, updated_at) VALUES (4932, 16, 549, 1, 6, '2024-01-01 00:00:00', NULL);
INSERT INTO prediction (id, user_id, game_id, home_score, away_score, created_at, updated_at) VALUES (4933, 6, 549, 2, 5, '2024-01-01 00:00:00', NULL);
INSERT INTO prediction (id, user_id, game_id, home_score, away_score, created_at, updated_at) VALUES (4934, 10, 549, 1, 5, '2024-01-01 00:00:00', NULL);
INSERT INTO prediction (id, user_id, game_id, home_score, away_score, created_at, updated_at) VALUES (4935, 5, 549, 1, 4, '2024-01-01 00:00:00', NULL);
INSERT INTO prediction (id, user_id, game_id, home_score, away_score, created_at, updated_at) VALUES (4936, 9, 549, 1, 3, '2024-01-01 00:00:00', NULL);
INSERT INTO prediction (id, user_id, game_id, home_score, away_score, created_at, updated_at) VALUES (4937, 2, 549, 2, 6, '2024-01-01 00:00:00', NULL);
INSERT INTO prediction (id, user_id, game_id, home_score, away_score, created_at, updated_at) VALUES (4938, 11, 550, 4, 3, '2024-01-01 00:00:00', NULL);
INSERT INTO prediction (id, user_id, game_id, home_score, away_score, created_at, updated_at) VALUES (4939, 14, 550, 4, 1, '2024-01-01 00:00:00', NULL);
INSERT INTO prediction (id, user_id, game_id, home_score, away_score, created_at, updated_at) VALUES (4940, 8, 550, 4, 2, '2024-01-01 00:00:00', NULL);
INSERT INTO prediction (id, user_id, game_id, home_score, away_score, created_at, updated_at) VALUES (4941, 12, 550, 5, 1, '2024-01-01 00:00:00', NULL);
INSERT INTO prediction (id, user_id, game_id, home_score, away_score, created_at, updated_at) VALUES (4942, 16, 550, 5, 2, '2024-01-01 00:00:00', NULL);
INSERT INTO prediction (id, user_id, game_id, home_score, away_score, created_at, updated_at) VALUES (4943, 6, 550, 4, 3, '2024-01-01 00:00:00', NULL);
INSERT INTO prediction (id, user_id, game_id, home_score, away_score, created_at, updated_at) VALUES (4944, 10, 550, 3, 1, '2024-01-01 00:00:00', NULL);
INSERT INTO prediction (id, user_id, game_id, home_score, away_score, created_at, updated_at) VALUES (4945, 5, 550, 3, 2, '2024-01-01 00:00:00', NULL);
INSERT INTO prediction (id, user_id, game_id, home_score, away_score, created_at, updated_at) VALUES (4946, 9, 550, 4, 0, '2024-01-01 00:00:00', NULL);
INSERT INTO prediction (id, user_id, game_id, home_score, away_score, created_at, updated_at) VALUES (4947, 2, 550, 3, 5, '2024-01-01 00:00:00', NULL);
INSERT INTO prediction (id, user_id, game_id, home_score, away_score, created_at, updated_at) VALUES (4948, 11, 551, 3, 2, '2024-01-01 00:00:00', NULL);
INSERT INTO prediction (id, user_id, game_id, home_score, away_score, created_at, updated_at) VALUES (4949, 14, 551, 4, 2, '2024-01-01 00:00:00', NULL);
INSERT INTO prediction (id, user_id, game_id, home_score, away_score, created_at, updated_at) VALUES (4950, 8, 551, 4, 2, '2024-01-01 00:00:00', NULL);
INSERT INTO prediction (id, user_id, game_id, home_score, away_score, created_at, updated_at) VALUES (4951, 12, 551, 4, 2, '2024-01-01 00:00:00', NULL);
INSERT INTO prediction (id, user_id, game_id, home_score, away_score, created_at, updated_at) VALUES (4952, 16, 551, 4, 2, '2024-01-01 00:00:00', NULL);
INSERT INTO prediction (id, user_id, game_id, home_score, away_score, created_at, updated_at) VALUES (4953, 6, 551, 0, 0, '2024-01-01 00:00:00', NULL);
INSERT INTO prediction (id, user_id, game_id, home_score, away_score, created_at, updated_at) VALUES (4954, 10, 551, 4, 2, '2024-01-01 00:00:00', NULL);
INSERT INTO prediction (id, user_id, game_id, home_score, away_score, created_at, updated_at) VALUES (4955, 5, 551, 4, 2, '2024-01-01 00:00:00', NULL);
INSERT INTO prediction (id, user_id, game_id, home_score, away_score, created_at, updated_at) VALUES (4956, 9, 551, 2, 4, '2024-01-01 00:00:00', NULL);
INSERT INTO prediction (id, user_id, game_id, home_score, away_score, created_at, updated_at) VALUES (4957, 2, 551, 4, 2, '2024-01-01 00:00:00', NULL);
INSERT INTO prediction (id, user_id, game_id, home_score, away_score, created_at, updated_at) VALUES (4958, 11, 552, 4, 2, '2024-01-01 00:00:00', NULL);
INSERT INTO prediction (id, user_id, game_id, home_score, away_score, created_at, updated_at) VALUES (4959, 14, 552, 3, 4, '2024-01-01 00:00:00', NULL);
INSERT INTO prediction (id, user_id, game_id, home_score, away_score, created_at, updated_at) VALUES (4960, 8, 552, 4, 2, '2024-01-01 00:00:00', NULL);
INSERT INTO prediction (id, user_id, game_id, home_score, away_score, created_at, updated_at) VALUES (4961, 12, 552, 3, 2, '2024-01-01 00:00:00', NULL);
INSERT INTO prediction (id, user_id, game_id, home_score, away_score, created_at, updated_at) VALUES (4962, 16, 552, 2, 1, '2024-01-01 00:00:00', NULL);
INSERT INTO prediction (id, user_id, game_id, home_score, away_score, created_at, updated_at) VALUES (4963, 6, 552, 0, 0, '2024-01-01 00:00:00', NULL);
INSERT INTO prediction (id, user_id, game_id, home_score, away_score, created_at, updated_at) VALUES (4964, 10, 552, 3, 2, '2024-01-01 00:00:00', NULL);
INSERT INTO prediction (id, user_id, game_id, home_score, away_score, created_at, updated_at) VALUES (4965, 5, 552, 3, 2, '2024-01-01 00:00:00', NULL);
INSERT INTO prediction (id, user_id, game_id, home_score, away_score, created_at, updated_at) VALUES (4966, 9, 552, 3, 1, '2024-01-01 00:00:00', NULL);
INSERT INTO prediction (id, user_id, game_id, home_score, away_score, created_at, updated_at) VALUES (4967, 2, 552, 2, 3, '2024-01-01 00:00:00', NULL);
INSERT INTO prediction (id, user_id, game_id, home_score, away_score, created_at, updated_at) VALUES (4968, 11, 553, 5, 1, '2024-01-01 00:00:00', NULL);
INSERT INTO prediction (id, user_id, game_id, home_score, away_score, created_at, updated_at) VALUES (4969, 14, 553, 5, 1, '2024-01-01 00:00:00', NULL);
INSERT INTO prediction (id, user_id, game_id, home_score, away_score, created_at, updated_at) VALUES (4970, 8, 553, 4, 0, '2024-01-01 00:00:00', NULL);
INSERT INTO prediction (id, user_id, game_id, home_score, away_score, created_at, updated_at) VALUES (4971, 12, 553, 4, 1, '2024-01-01 00:00:00', NULL);
INSERT INTO prediction (id, user_id, game_id, home_score, away_score, created_at, updated_at) VALUES (4972, 16, 553, 5, 2, '2024-01-01 00:00:00', NULL);
INSERT INTO prediction (id, user_id, game_id, home_score, away_score, created_at, updated_at) VALUES (4973, 6, 553, 5, 1, '2024-01-01 00:00:00', NULL);
INSERT INTO prediction (id, user_id, game_id, home_score, away_score, created_at, updated_at) VALUES (4974, 10, 553, 6, 1, '2024-01-01 00:00:00', NULL);
INSERT INTO prediction (id, user_id, game_id, home_score, away_score, created_at, updated_at) VALUES (4975, 5, 553, 4, 1, '2024-01-01 00:00:00', NULL);
INSERT INTO prediction (id, user_id, game_id, home_score, away_score, created_at, updated_at) VALUES (4976, 9, 553, 3, 0, '2024-01-01 00:00:00', NULL);
INSERT INTO prediction (id, user_id, game_id, home_score, away_score, created_at, updated_at) VALUES (4977, 2, 553, 5, 1, '2024-01-01 00:00:00', NULL);
INSERT INTO prediction (id, user_id, game_id, home_score, away_score, created_at, updated_at) VALUES (4978, 11, 554, 6, 1, '2024-01-01 00:00:00', NULL);
INSERT INTO prediction (id, user_id, game_id, home_score, away_score, created_at, updated_at) VALUES (4979, 14, 554, 6, 2, '2024-01-01 00:00:00', NULL);
INSERT INTO prediction (id, user_id, game_id, home_score, away_score, created_at, updated_at) VALUES (4980, 8, 554, 5, 1, '2024-01-01 00:00:00', NULL);
INSERT INTO prediction (id, user_id, game_id, home_score, away_score, created_at, updated_at) VALUES (4981, 12, 554, 6, 0, '2024-01-01 00:00:00', NULL);
INSERT INTO prediction (id, user_id, game_id, home_score, away_score, created_at, updated_at) VALUES (4982, 16, 554, 6, 1, '2024-01-01 00:00:00', NULL);
INSERT INTO prediction (id, user_id, game_id, home_score, away_score, created_at, updated_at) VALUES (4983, 6, 554, 5, 1, '2024-01-01 00:00:00', NULL);
INSERT INTO prediction (id, user_id, game_id, home_score, away_score, created_at, updated_at) VALUES (4984, 10, 554, 4, 1, '2024-01-01 00:00:00', NULL);
INSERT INTO prediction (id, user_id, game_id, home_score, away_score, created_at, updated_at) VALUES (4985, 5, 554, 6, 1, '2024-01-01 00:00:00', NULL);
INSERT INTO prediction (id, user_id, game_id, home_score, away_score, created_at, updated_at) VALUES (4986, 9, 554, 5, 0, '2024-01-01 00:00:00', NULL);
INSERT INTO prediction (id, user_id, game_id, home_score, away_score, created_at, updated_at) VALUES (4987, 2, 554, 4, 1, '2024-01-01 00:00:00', NULL);
INSERT INTO prediction (id, user_id, game_id, home_score, away_score, created_at, updated_at) VALUES (4988, 11, 555, 1, 3, '2024-01-01 00:00:00', NULL);
INSERT INTO prediction (id, user_id, game_id, home_score, away_score, created_at, updated_at) VALUES (4989, 14, 555, 2, 4, '2024-01-01 00:00:00', NULL);
INSERT INTO prediction (id, user_id, game_id, home_score, away_score, created_at, updated_at) VALUES (4990, 8, 555, 4, 2, '2024-01-01 00:00:00', NULL);
INSERT INTO prediction (id, user_id, game_id, home_score, away_score, created_at, updated_at) VALUES (4991, 12, 555, 2, 4, '2024-01-01 00:00:00', NULL);
INSERT INTO prediction (id, user_id, game_id, home_score, away_score, created_at, updated_at) VALUES (4992, 16, 555, 2, 4, '2024-01-01 00:00:00', NULL);
INSERT INTO prediction (id, user_id, game_id, home_score, away_score, created_at, updated_at) VALUES (4993, 6, 555, 1, 2, '2024-01-01 00:00:00', NULL);
INSERT INTO prediction (id, user_id, game_id, home_score, away_score, created_at, updated_at) VALUES (4994, 10, 555, 2, 3, '2024-01-01 00:00:00', NULL);
INSERT INTO prediction (id, user_id, game_id, home_score, away_score, created_at, updated_at) VALUES (4995, 5, 555, 1, 3, '2024-01-01 00:00:00', NULL);
INSERT INTO prediction (id, user_id, game_id, home_score, away_score, created_at, updated_at) VALUES (4996, 9, 555, 1, 3, '2024-01-01 00:00:00', NULL);
INSERT INTO prediction (id, user_id, game_id, home_score, away_score, created_at, updated_at) VALUES (4997, 2, 555, 1, 3, '2024-01-01 00:00:00', NULL);
INSERT INTO prediction (id, user_id, game_id, home_score, away_score, created_at, updated_at) VALUES (4998, 11, 556, 6, 1, '2024-01-01 00:00:00', NULL);
INSERT INTO prediction (id, user_id, game_id, home_score, away_score, created_at, updated_at) VALUES (4999, 14, 556, 8, 1, '2024-01-01 00:00:00', NULL);
INSERT INTO prediction (id, user_id, game_id, home_score, away_score, created_at, updated_at) VALUES (5000, 8, 556, 8, 1, '2024-01-01 00:00:00', NULL);
INSERT INTO prediction (id, user_id, game_id, home_score, away_score, created_at, updated_at) VALUES (5001, 12, 556, 8, 0, '2024-01-01 00:00:00', NULL);
INSERT INTO prediction (id, user_id, game_id, home_score, away_score, created_at, updated_at) VALUES (5002, 16, 556, 8, 1, '2024-01-01 00:00:00', NULL);
INSERT INTO prediction (id, user_id, game_id, home_score, away_score, created_at, updated_at) VALUES (5003, 6, 556, 7, 0, '2024-01-01 00:00:00', NULL);
INSERT INTO prediction (id, user_id, game_id, home_score, away_score, created_at, updated_at) VALUES (5004, 10, 556, 7, 0, '2024-01-01 00:00:00', NULL);
INSERT INTO prediction (id, user_id, game_id, home_score, away_score, created_at, updated_at) VALUES (5005, 5, 556, 7, 0, '2024-01-01 00:00:00', NULL);
INSERT INTO prediction (id, user_id, game_id, home_score, away_score, created_at, updated_at) VALUES (5006, 9, 556, 10, 0, '2024-01-01 00:00:00', NULL);
INSERT INTO prediction (id, user_id, game_id, home_score, away_score, created_at, updated_at) VALUES (5007, 2, 556, 8, 2, '2024-01-01 00:00:00', NULL);
INSERT INTO prediction (id, user_id, game_id, home_score, away_score, created_at, updated_at) VALUES (5008, 11, 557, 1, 3, '2024-01-01 00:00:00', NULL);
INSERT INTO prediction (id, user_id, game_id, home_score, away_score, created_at, updated_at) VALUES (5009, 14, 557, 2, 3, '2024-01-01 00:00:00', NULL);
INSERT INTO prediction (id, user_id, game_id, home_score, away_score, created_at, updated_at) VALUES (5010, 8, 557, 2, 4, '2024-01-01 00:00:00', NULL);
INSERT INTO prediction (id, user_id, game_id, home_score, away_score, created_at, updated_at) VALUES (5011, 12, 557, 2, 4, '2024-01-01 00:00:00', NULL);
INSERT INTO prediction (id, user_id, game_id, home_score, away_score, created_at, updated_at) VALUES (5012, 16, 557, 1, 3, '2024-01-01 00:00:00', NULL);
INSERT INTO prediction (id, user_id, game_id, home_score, away_score, created_at, updated_at) VALUES (5013, 6, 557, 4, 3, '2024-01-01 00:00:00', NULL);
INSERT INTO prediction (id, user_id, game_id, home_score, away_score, created_at, updated_at) VALUES (5014, 10, 557, 3, 1, '2024-01-01 00:00:00', NULL);
INSERT INTO prediction (id, user_id, game_id, home_score, away_score, created_at, updated_at) VALUES (5015, 5, 557, 1, 4, '2024-01-01 00:00:00', NULL);
INSERT INTO prediction (id, user_id, game_id, home_score, away_score, created_at, updated_at) VALUES (5016, 9, 557, 2, 3, '2024-01-01 00:00:00', NULL);
INSERT INTO prediction (id, user_id, game_id, home_score, away_score, created_at, updated_at) VALUES (5017, 2, 557, 3, 2, '2024-01-01 00:00:00', NULL);
INSERT INTO prediction (id, user_id, game_id, home_score, away_score, created_at, updated_at) VALUES (5018, 11, 558, 5, 2, '2024-01-01 00:00:00', NULL);
INSERT INTO prediction (id, user_id, game_id, home_score, away_score, created_at, updated_at) VALUES (5019, 14, 558, 5, 3, '2024-01-01 00:00:00', NULL);
INSERT INTO prediction (id, user_id, game_id, home_score, away_score, created_at, updated_at) VALUES (5020, 8, 558, 4, 2, '2024-01-01 00:00:00', NULL);
INSERT INTO prediction (id, user_id, game_id, home_score, away_score, created_at, updated_at) VALUES (5021, 12, 558, 5, 1, '2024-01-01 00:00:00', NULL);
INSERT INTO prediction (id, user_id, game_id, home_score, away_score, created_at, updated_at) VALUES (5022, 16, 558, 6, 2, '2024-01-01 00:00:00', NULL);
INSERT INTO prediction (id, user_id, game_id, home_score, away_score, created_at, updated_at) VALUES (5023, 6, 558, 5, 3, '2024-01-01 00:00:00', NULL);
INSERT INTO prediction (id, user_id, game_id, home_score, away_score, created_at, updated_at) VALUES (5024, 10, 558, 4, 2, '2024-01-01 00:00:00', NULL);
INSERT INTO prediction (id, user_id, game_id, home_score, away_score, created_at, updated_at) VALUES (5025, 5, 558, 5, 2, '2024-01-01 00:00:00', NULL);
INSERT INTO prediction (id, user_id, game_id, home_score, away_score, created_at, updated_at) VALUES (5026, 9, 558, 5, 2, '2024-01-01 00:00:00', NULL);
INSERT INTO prediction (id, user_id, game_id, home_score, away_score, created_at, updated_at) VALUES (5027, 2, 558, 7, 1, '2024-01-01 00:00:00', NULL);
INSERT INTO prediction (id, user_id, game_id, home_score, away_score, created_at, updated_at) VALUES (5028, 11, 559, 5, 0, '2024-01-01 00:00:00', NULL);
INSERT INTO prediction (id, user_id, game_id, home_score, away_score, created_at, updated_at) VALUES (5029, 14, 559, 6, 1, '2024-01-01 00:00:00', NULL);
INSERT INTO prediction (id, user_id, game_id, home_score, away_score, created_at, updated_at) VALUES (5030, 8, 559, 6, 1, '2024-01-01 00:00:00', NULL);
INSERT INTO prediction (id, user_id, game_id, home_score, away_score, created_at, updated_at) VALUES (5031, 12, 559, 6, 1, '2024-01-01 00:00:00', NULL);
INSERT INTO prediction (id, user_id, game_id, home_score, away_score, created_at, updated_at) VALUES (5032, 16, 559, 4, 1, '2024-01-01 00:00:00', NULL);
INSERT INTO prediction (id, user_id, game_id, home_score, away_score, created_at, updated_at) VALUES (5033, 6, 559, 5, 0, '2024-01-01 00:00:00', NULL);
INSERT INTO prediction (id, user_id, game_id, home_score, away_score, created_at, updated_at) VALUES (5034, 10, 559, 8, 0, '2024-01-01 00:00:00', NULL);
INSERT INTO prediction (id, user_id, game_id, home_score, away_score, created_at, updated_at) VALUES (5035, 5, 559, 6, 0, '2024-01-01 00:00:00', NULL);
INSERT INTO prediction (id, user_id, game_id, home_score, away_score, created_at, updated_at) VALUES (5036, 9, 559, 5, 1, '2024-01-01 00:00:00', NULL);
INSERT INTO prediction (id, user_id, game_id, home_score, away_score, created_at, updated_at) VALUES (5037, 2, 559, 6, 1, '2024-01-01 00:00:00', NULL);
INSERT INTO prediction (id, user_id, game_id, home_score, away_score, created_at, updated_at) VALUES (5038, 11, 560, 4, 2, '2024-01-01 00:00:00', NULL);
INSERT INTO prediction (id, user_id, game_id, home_score, away_score, created_at, updated_at) VALUES (5039, 14, 560, 4, 2, '2024-01-01 00:00:00', NULL);
INSERT INTO prediction (id, user_id, game_id, home_score, away_score, created_at, updated_at) VALUES (5040, 8, 560, 4, 1, '2024-01-01 00:00:00', NULL);
INSERT INTO prediction (id, user_id, game_id, home_score, away_score, created_at, updated_at) VALUES (5041, 12, 560, 5, 2, '2024-01-01 00:00:00', NULL);
INSERT INTO prediction (id, user_id, game_id, home_score, away_score, created_at, updated_at) VALUES (5042, 16, 560, 3, 2, '2024-01-01 00:00:00', NULL);
INSERT INTO prediction (id, user_id, game_id, home_score, away_score, created_at, updated_at) VALUES (5043, 6, 560, 4, 2, '2024-01-01 00:00:00', NULL);
INSERT INTO prediction (id, user_id, game_id, home_score, away_score, created_at, updated_at) VALUES (5044, 10, 560, 5, 1, '2024-01-01 00:00:00', NULL);
INSERT INTO prediction (id, user_id, game_id, home_score, away_score, created_at, updated_at) VALUES (5045, 5, 560, 3, 1, '2024-01-01 00:00:00', NULL);
INSERT INTO prediction (id, user_id, game_id, home_score, away_score, created_at, updated_at) VALUES (5046, 9, 560, 3, 1, '2024-01-01 00:00:00', NULL);
INSERT INTO prediction (id, user_id, game_id, home_score, away_score, created_at, updated_at) VALUES (5047, 2, 560, 4, 2, '2024-01-01 00:00:00', NULL);
INSERT INTO prediction (id, user_id, game_id, home_score, away_score, created_at, updated_at) VALUES (5048, 11, 561, 5, 1, '2024-01-01 00:00:00', NULL);
INSERT INTO prediction (id, user_id, game_id, home_score, away_score, created_at, updated_at) VALUES (5049, 14, 561, 4, 0, '2024-01-01 00:00:00', NULL);
INSERT INTO prediction (id, user_id, game_id, home_score, away_score, created_at, updated_at) VALUES (5050, 8, 561, 4, 2, '2024-01-01 00:00:00', NULL);
INSERT INTO prediction (id, user_id, game_id, home_score, away_score, created_at, updated_at) VALUES (5051, 12, 561, 4, 2, '2024-01-01 00:00:00', NULL);
INSERT INTO prediction (id, user_id, game_id, home_score, away_score, created_at, updated_at) VALUES (5052, 16, 561, 5, 3, '2024-01-01 00:00:00', NULL);
INSERT INTO prediction (id, user_id, game_id, home_score, away_score, created_at, updated_at) VALUES (5053, 6, 561, 4, 2, '2024-01-01 00:00:00', NULL);
INSERT INTO prediction (id, user_id, game_id, home_score, away_score, created_at, updated_at) VALUES (5054, 10, 561, 5, 2, '2024-01-01 00:00:00', NULL);
INSERT INTO prediction (id, user_id, game_id, home_score, away_score, created_at, updated_at) VALUES (5055, 5, 561, 3, 1, '2024-01-01 00:00:00', NULL);
INSERT INTO prediction (id, user_id, game_id, home_score, away_score, created_at, updated_at) VALUES (5056, 9, 561, 3, 1, '2024-01-01 00:00:00', NULL);
INSERT INTO prediction (id, user_id, game_id, home_score, away_score, created_at, updated_at) VALUES (5057, 2, 561, 3, 1, '2024-01-01 00:00:00', NULL);
INSERT INTO prediction (id, user_id, game_id, home_score, away_score, created_at, updated_at) VALUES (5058, 11, 562, 4, 3, '2024-01-01 00:00:00', NULL);
INSERT INTO prediction (id, user_id, game_id, home_score, away_score, created_at, updated_at) VALUES (5059, 14, 562, 7, 2, '2024-01-01 00:00:00', NULL);
INSERT INTO prediction (id, user_id, game_id, home_score, away_score, created_at, updated_at) VALUES (5060, 8, 562, 6, 1, '2024-01-01 00:00:00', NULL);
INSERT INTO prediction (id, user_id, game_id, home_score, away_score, created_at, updated_at) VALUES (5061, 12, 562, 4, 2, '2024-01-01 00:00:00', NULL);
INSERT INTO prediction (id, user_id, game_id, home_score, away_score, created_at, updated_at) VALUES (5062, 16, 562, 6, 4, '2024-01-01 00:00:00', NULL);
INSERT INTO prediction (id, user_id, game_id, home_score, away_score, created_at, updated_at) VALUES (5063, 6, 562, 5, 2, '2024-01-01 00:00:00', NULL);
INSERT INTO prediction (id, user_id, game_id, home_score, away_score, created_at, updated_at) VALUES (5064, 10, 562, 6, 1, '2024-01-01 00:00:00', NULL);
INSERT INTO prediction (id, user_id, game_id, home_score, away_score, created_at, updated_at) VALUES (5065, 5, 562, 5, 2, '2024-01-01 00:00:00', NULL);
INSERT INTO prediction (id, user_id, game_id, home_score, away_score, created_at, updated_at) VALUES (5066, 9, 562, 4, 2, '2024-01-01 00:00:00', NULL);
INSERT INTO prediction (id, user_id, game_id, home_score, away_score, created_at, updated_at) VALUES (5067, 2, 562, 4, 3, '2024-01-01 00:00:00', NULL);
INSERT INTO prediction (id, user_id, game_id, home_score, away_score, created_at, updated_at) VALUES (5068, 11, 563, 4, 3, '2024-01-01 00:00:00', NULL);
INSERT INTO prediction (id, user_id, game_id, home_score, away_score, created_at, updated_at) VALUES (5069, 14, 563, 4, 2, '2024-01-01 00:00:00', NULL);
INSERT INTO prediction (id, user_id, game_id, home_score, away_score, created_at, updated_at) VALUES (5070, 8, 563, 4, 2, '2024-01-01 00:00:00', NULL);
INSERT INTO prediction (id, user_id, game_id, home_score, away_score, created_at, updated_at) VALUES (5071, 12, 563, 3, 2, '2024-01-01 00:00:00', NULL);
INSERT INTO prediction (id, user_id, game_id, home_score, away_score, created_at, updated_at) VALUES (5072, 16, 563, 4, 2, '2024-01-01 00:00:00', NULL);
INSERT INTO prediction (id, user_id, game_id, home_score, away_score, created_at, updated_at) VALUES (5073, 6, 563, 3, 4, '2024-01-01 00:00:00', NULL);
INSERT INTO prediction (id, user_id, game_id, home_score, away_score, created_at, updated_at) VALUES (5074, 10, 563, 2, 3, '2024-01-01 00:00:00', NULL);
INSERT INTO prediction (id, user_id, game_id, home_score, away_score, created_at, updated_at) VALUES (5075, 5, 563, 4, 2, '2024-01-01 00:00:00', NULL);
INSERT INTO prediction (id, user_id, game_id, home_score, away_score, created_at, updated_at) VALUES (5076, 9, 563, 4, 2, '2024-01-01 00:00:00', NULL);
INSERT INTO prediction (id, user_id, game_id, home_score, away_score, created_at, updated_at) VALUES (5077, 2, 563, 3, 4, '2024-01-01 00:00:00', NULL);
INSERT INTO prediction (id, user_id, game_id, home_score, away_score, created_at, updated_at) VALUES (5078, 11, 564, 4, 2, '2024-01-01 00:00:00', NULL);
INSERT INTO prediction (id, user_id, game_id, home_score, away_score, created_at, updated_at) VALUES (5079, 14, 564, 1, 2, '2024-01-01 00:00:00', NULL);
INSERT INTO prediction (id, user_id, game_id, home_score, away_score, created_at, updated_at) VALUES (5080, 8, 564, 5, 2, '2024-01-01 00:00:00', NULL);
INSERT INTO prediction (id, user_id, game_id, home_score, away_score, created_at, updated_at) VALUES (5081, 12, 564, 4, 1, '2024-01-01 00:00:00', NULL);
INSERT INTO prediction (id, user_id, game_id, home_score, away_score, created_at, updated_at) VALUES (5082, 16, 564, 5, 2, '2024-01-01 00:00:00', NULL);
INSERT INTO prediction (id, user_id, game_id, home_score, away_score, created_at, updated_at) VALUES (5083, 6, 564, 3, 5, '2024-01-01 00:00:00', NULL);
INSERT INTO prediction (id, user_id, game_id, home_score, away_score, created_at, updated_at) VALUES (5084, 10, 564, 4, 2, '2024-01-01 00:00:00', NULL);
INSERT INTO prediction (id, user_id, game_id, home_score, away_score, created_at, updated_at) VALUES (5085, 5, 564, 5, 1, '2024-01-01 00:00:00', NULL);
INSERT INTO prediction (id, user_id, game_id, home_score, away_score, created_at, updated_at) VALUES (5086, 9, 564, 2, 3, '2024-01-01 00:00:00', NULL);
INSERT INTO prediction (id, user_id, game_id, home_score, away_score, created_at, updated_at) VALUES (5087, 2, 564, 3, 4, '2024-01-01 00:00:00', NULL);
INSERT INTO prediction (id, user_id, game_id, home_score, away_score, created_at, updated_at) VALUES (5088, 11, 565, 3, 2, '2024-01-01 00:00:00', NULL);
INSERT INTO prediction (id, user_id, game_id, home_score, away_score, created_at, updated_at) VALUES (5089, 14, 565, 3, 4, '2024-01-01 00:00:00', NULL);
INSERT INTO prediction (id, user_id, game_id, home_score, away_score, created_at, updated_at) VALUES (5090, 8, 565, 3, 1, '2024-01-01 00:00:00', NULL);
INSERT INTO prediction (id, user_id, game_id, home_score, away_score, created_at, updated_at) VALUES (5091, 12, 565, 3, 1, '2024-01-01 00:00:00', NULL);
INSERT INTO prediction (id, user_id, game_id, home_score, away_score, created_at, updated_at) VALUES (5092, 16, 565, 4, 1, '2024-01-01 00:00:00', NULL);
INSERT INTO prediction (id, user_id, game_id, home_score, away_score, created_at, updated_at) VALUES (5093, 6, 565, 3, 2, '2024-01-01 00:00:00', NULL);
INSERT INTO prediction (id, user_id, game_id, home_score, away_score, created_at, updated_at) VALUES (5094, 10, 565, 2, 4, '2024-01-01 00:00:00', NULL);
INSERT INTO prediction (id, user_id, game_id, home_score, away_score, created_at, updated_at) VALUES (5095, 5, 565, 4, 2, '2024-01-01 00:00:00', NULL);
INSERT INTO prediction (id, user_id, game_id, home_score, away_score, created_at, updated_at) VALUES (5096, 9, 565, 2, 0, '2024-01-01 00:00:00', NULL);
INSERT INTO prediction (id, user_id, game_id, home_score, away_score, created_at, updated_at) VALUES (5097, 2, 565, 2, 5, '2024-01-01 00:00:00', NULL);
INSERT INTO prediction (id, user_id, game_id, home_score, away_score, created_at, updated_at) VALUES (5098, 11, 566, 3, 2, '2024-01-01 00:00:00', NULL);
INSERT INTO prediction (id, user_id, game_id, home_score, away_score, created_at, updated_at) VALUES (5099, 14, 566, 2, 3, '2024-01-01 00:00:00', NULL);
INSERT INTO prediction (id, user_id, game_id, home_score, away_score, created_at, updated_at) VALUES (5100, 8, 566, 3, 4, '2024-01-01 00:00:00', NULL);
INSERT INTO prediction (id, user_id, game_id, home_score, away_score, created_at, updated_at) VALUES (5101, 12, 566, 4, 2, '2024-01-01 00:00:00', NULL);
INSERT INTO prediction (id, user_id, game_id, home_score, away_score, created_at, updated_at) VALUES (5102, 16, 566, 4, 3, '2024-01-01 00:00:00', NULL);
INSERT INTO prediction (id, user_id, game_id, home_score, away_score, created_at, updated_at) VALUES (5103, 6, 566, 4, 3, '2024-01-01 00:00:00', NULL);
INSERT INTO prediction (id, user_id, game_id, home_score, away_score, created_at, updated_at) VALUES (5104, 10, 566, 5, 3, '2024-01-01 00:00:00', NULL);
INSERT INTO prediction (id, user_id, game_id, home_score, away_score, created_at, updated_at) VALUES (5105, 5, 566, 4, 3, '2024-01-01 00:00:00', NULL);
INSERT INTO prediction (id, user_id, game_id, home_score, away_score, created_at, updated_at) VALUES (5106, 9, 566, 4, 2, '2024-01-01 00:00:00', NULL);
INSERT INTO prediction (id, user_id, game_id, home_score, away_score, created_at, updated_at) VALUES (5107, 2, 566, 1, 3, '2024-01-01 00:00:00', NULL);
INSERT INTO prediction (id, user_id, game_id, home_score, away_score, created_at, updated_at) VALUES (5108, 11, 567, 3, 1, '2024-01-01 00:00:00', NULL);
INSERT INTO prediction (id, user_id, game_id, home_score, away_score, created_at, updated_at) VALUES (5109, 14, 567, 4, 1, '2024-01-01 00:00:00', NULL);
INSERT INTO prediction (id, user_id, game_id, home_score, away_score, created_at, updated_at) VALUES (5110, 8, 567, 4, 2, '2024-01-01 00:00:00', NULL);
INSERT INTO prediction (id, user_id, game_id, home_score, away_score, created_at, updated_at) VALUES (5111, 12, 567, 4, 2, '2024-01-01 00:00:00', NULL);
INSERT INTO prediction (id, user_id, game_id, home_score, away_score, created_at, updated_at) VALUES (5112, 16, 567, 4, 2, '2024-01-01 00:00:00', NULL);
INSERT INTO prediction (id, user_id, game_id, home_score, away_score, created_at, updated_at) VALUES (5113, 6, 567, 3, 1, '2024-01-01 00:00:00', NULL);
INSERT INTO prediction (id, user_id, game_id, home_score, away_score, created_at, updated_at) VALUES (5114, 10, 567, 3, 1, '2024-01-01 00:00:00', NULL);
INSERT INTO prediction (id, user_id, game_id, home_score, away_score, created_at, updated_at) VALUES (5115, 5, 567, 4, 3, '2024-01-01 00:00:00', NULL);
INSERT INTO prediction (id, user_id, game_id, home_score, away_score, created_at, updated_at) VALUES (5116, 9, 567, 4, 2, '2024-01-01 00:00:00', NULL);
INSERT INTO prediction (id, user_id, game_id, home_score, away_score, created_at, updated_at) VALUES (5117, 2, 567, 2, 3, '2024-01-01 00:00:00', NULL);
INSERT INTO prediction (id, user_id, game_id, home_score, away_score, created_at, updated_at) VALUES (5118, 11, 568, 3, 2, '2024-01-01 00:00:00', NULL);
INSERT INTO prediction (id, user_id, game_id, home_score, away_score, created_at, updated_at) VALUES (5119, 14, 568, 2, 3, '2024-01-01 00:00:00', NULL);
INSERT INTO prediction (id, user_id, game_id, home_score, away_score, created_at, updated_at) VALUES (5120, 8, 568, 4, 2, '2024-01-01 00:00:00', NULL);
INSERT INTO prediction (id, user_id, game_id, home_score, away_score, created_at, updated_at) VALUES (5121, 12, 568, 3, 1, '2024-01-01 00:00:00', NULL);
INSERT INTO prediction (id, user_id, game_id, home_score, away_score, created_at, updated_at) VALUES (5122, 16, 568, 2, 4, '2024-01-01 00:00:00', NULL);
INSERT INTO prediction (id, user_id, game_id, home_score, away_score, created_at, updated_at) VALUES (5123, 6, 568, 4, 3, '2024-01-01 00:00:00', NULL);
INSERT INTO prediction (id, user_id, game_id, home_score, away_score, created_at, updated_at) VALUES (5124, 10, 568, 3, 1, '2024-01-01 00:00:00', NULL);
INSERT INTO prediction (id, user_id, game_id, home_score, away_score, created_at, updated_at) VALUES (5125, 5, 568, 4, 3, '2024-01-01 00:00:00', NULL);
INSERT INTO prediction (id, user_id, game_id, home_score, away_score, created_at, updated_at) VALUES (5126, 9, 568, 1, 3, '2024-01-01 00:00:00', NULL);
INSERT INTO prediction (id, user_id, game_id, home_score, away_score, created_at, updated_at) VALUES (5127, 2, 568, 2, 3, '2024-01-01 00:00:00', NULL);
INSERT INTO prediction (id, user_id, game_id, home_score, away_score, created_at, updated_at) VALUES (5128, 11, 569, 1, 4, '2024-01-01 00:00:00', NULL);
INSERT INTO prediction (id, user_id, game_id, home_score, away_score, created_at, updated_at) VALUES (5129, 14, 569, 3, 2, '2024-01-01 00:00:00', NULL);
INSERT INTO prediction (id, user_id, game_id, home_score, away_score, created_at, updated_at) VALUES (5130, 8, 569, 2, 5, '2024-01-01 00:00:00', NULL);
INSERT INTO prediction (id, user_id, game_id, home_score, away_score, created_at, updated_at) VALUES (5131, 12, 569, 2, 4, '2024-01-01 00:00:00', NULL);
INSERT INTO prediction (id, user_id, game_id, home_score, away_score, created_at, updated_at) VALUES (5132, 16, 569, 3, 2, '2024-01-01 00:00:00', NULL);
INSERT INTO prediction (id, user_id, game_id, home_score, away_score, created_at, updated_at) VALUES (5133, 6, 569, 2, 4, '2024-01-01 00:00:00', NULL);
INSERT INTO prediction (id, user_id, game_id, home_score, away_score, created_at, updated_at) VALUES (5134, 10, 569, 4, 3, '2024-01-01 00:00:00', NULL);
INSERT INTO prediction (id, user_id, game_id, home_score, away_score, created_at, updated_at) VALUES (5135, 5, 569, 1, 4, '2024-01-01 00:00:00', NULL);
INSERT INTO prediction (id, user_id, game_id, home_score, away_score, created_at, updated_at) VALUES (5136, 9, 569, 2, 1, '2024-01-01 00:00:00', NULL);
INSERT INTO prediction (id, user_id, game_id, home_score, away_score, created_at, updated_at) VALUES (5137, 2, 569, 6, 1, '2024-01-01 00:00:00', NULL);
INSERT INTO prediction (id, user_id, game_id, home_score, away_score, created_at, updated_at) VALUES (5138, 11, 570, 2, 1, '2024-01-01 00:00:00', NULL);
INSERT INTO prediction (id, user_id, game_id, home_score, away_score, created_at, updated_at) VALUES (5139, 14, 570, 1, 3, '2024-01-01 00:00:00', NULL);
INSERT INTO prediction (id, user_id, game_id, home_score, away_score, created_at, updated_at) VALUES (5140, 8, 570, 2, 4, '2024-01-01 00:00:00', NULL);
INSERT INTO prediction (id, user_id, game_id, home_score, away_score, created_at, updated_at) VALUES (5141, 12, 570, 4, 3, '2024-01-01 00:00:00', NULL);
INSERT INTO prediction (id, user_id, game_id, home_score, away_score, created_at, updated_at) VALUES (5142, 16, 570, 4, 3, '2024-01-01 00:00:00', NULL);
INSERT INTO prediction (id, user_id, game_id, home_score, away_score, created_at, updated_at) VALUES (5143, 6, 570, 2, 3, '2024-01-01 00:00:00', NULL);
INSERT INTO prediction (id, user_id, game_id, home_score, away_score, created_at, updated_at) VALUES (5144, 10, 570, 6, 5, '2024-01-01 00:00:00', NULL);
INSERT INTO prediction (id, user_id, game_id, home_score, away_score, created_at, updated_at) VALUES (5145, 5, 570, 3, 2, '2024-01-01 00:00:00', NULL);
INSERT INTO prediction (id, user_id, game_id, home_score, away_score, created_at, updated_at) VALUES (5146, 9, 570, 3, 1, '2024-01-01 00:00:00', NULL);
INSERT INTO prediction (id, user_id, game_id, home_score, away_score, created_at, updated_at) VALUES (5147, 2, 570, 3, 4, '2024-01-01 00:00:00', NULL);
INSERT INTO special_bet_rule (id, tournament_id, name, value_type, scoring_type, points, sort_order, actual_team_value_id, actual_string_value, actual_int_value) VALUES (99, 10, 'Medaile - 1. místo', 'team', 'podium', 2.0, 0, 8, NULL, NULL);
INSERT INTO special_bet (id, user_id, rule_id, team_value_id, string_value, int_value) VALUES (956, 11, 99, 4, NULL, NULL);
INSERT INTO special_bet (id, user_id, rule_id, team_value_id, string_value, int_value) VALUES (957, 14, 99, 6, NULL, NULL);
INSERT INTO special_bet (id, user_id, rule_id, team_value_id, string_value, int_value) VALUES (958, 8, 99, 4, NULL, NULL);
INSERT INTO special_bet (id, user_id, rule_id, team_value_id, string_value, int_value) VALUES (959, 12, 99, 4, NULL, NULL);
INSERT INTO special_bet (id, user_id, rule_id, team_value_id, string_value, int_value) VALUES (960, 16, 99, 4, NULL, NULL);
INSERT INTO special_bet (id, user_id, rule_id, team_value_id, string_value, int_value) VALUES (961, 6, 99, 4, NULL, NULL);
INSERT INTO special_bet (id, user_id, rule_id, team_value_id, string_value, int_value) VALUES (962, 10, 99, 4, NULL, NULL);
INSERT INTO special_bet (id, user_id, rule_id, team_value_id, string_value, int_value) VALUES (963, 5, 99, 4, NULL, NULL);
INSERT INTO special_bet (id, user_id, rule_id, team_value_id, string_value, int_value) VALUES (964, 9, 99, 4, NULL, NULL);
INSERT INTO special_bet (id, user_id, rule_id, team_value_id, string_value, int_value) VALUES (965, 2, 99, 6, NULL, NULL);
INSERT INTO special_bet_rule (id, tournament_id, name, value_type, scoring_type, points, sort_order, actual_team_value_id, actual_string_value, actual_int_value) VALUES (100, 10, 'Medaile - 2. místo', 'team', 'podium', 2.0, 1, 23, NULL, NULL);
INSERT INTO special_bet (id, user_id, rule_id, team_value_id, string_value, int_value) VALUES (966, 11, 100, 23, NULL, NULL);
INSERT INTO special_bet (id, user_id, rule_id, team_value_id, string_value, int_value) VALUES (967, 14, 100, 4, NULL, NULL);
INSERT INTO special_bet (id, user_id, rule_id, team_value_id, string_value, int_value) VALUES (968, 8, 100, 23, NULL, NULL);
INSERT INTO special_bet (id, user_id, rule_id, team_value_id, string_value, int_value) VALUES (969, 12, 100, 6, NULL, NULL);
INSERT INTO special_bet (id, user_id, rule_id, team_value_id, string_value, int_value) VALUES (970, 16, 100, 23, NULL, NULL);
INSERT INTO special_bet (id, user_id, rule_id, team_value_id, string_value, int_value) VALUES (971, 6, 100, 24, NULL, NULL);
INSERT INTO special_bet (id, user_id, rule_id, team_value_id, string_value, int_value) VALUES (972, 10, 100, 23, NULL, NULL);
INSERT INTO special_bet (id, user_id, rule_id, team_value_id, string_value, int_value) VALUES (973, 5, 100, 24, NULL, NULL);
INSERT INTO special_bet (id, user_id, rule_id, team_value_id, string_value, int_value) VALUES (974, 9, 100, 24, NULL, NULL);
INSERT INTO special_bet (id, user_id, rule_id, team_value_id, string_value, int_value) VALUES (975, 2, 100, 4, NULL, NULL);
INSERT INTO special_bet_rule (id, tournament_id, name, value_type, scoring_type, points, sort_order, actual_team_value_id, actual_string_value, actual_int_value) VALUES (101, 10, 'Medaile - 3. místo', 'team', 'podium', 2.0, 2, 4, NULL, NULL);
INSERT INTO special_bet (id, user_id, rule_id, team_value_id, string_value, int_value) VALUES (976, 11, 101, 24, NULL, NULL);
INSERT INTO special_bet (id, user_id, rule_id, team_value_id, string_value, int_value) VALUES (977, 14, 101, 23, NULL, NULL);
INSERT INTO special_bet (id, user_id, rule_id, team_value_id, string_value, int_value) VALUES (978, 8, 101, 6, NULL, NULL);
INSERT INTO special_bet (id, user_id, rule_id, team_value_id, string_value, int_value) VALUES (979, 12, 101, 24, NULL, NULL);
INSERT INTO special_bet (id, user_id, rule_id, team_value_id, string_value, int_value) VALUES (980, 16, 101, 6, NULL, NULL);
INSERT INTO special_bet (id, user_id, rule_id, team_value_id, string_value, int_value) VALUES (981, 6, 101, 6, NULL, NULL);
INSERT INTO special_bet (id, user_id, rule_id, team_value_id, string_value, int_value) VALUES (982, 10, 101, 24, NULL, NULL);
INSERT INTO special_bet (id, user_id, rule_id, team_value_id, string_value, int_value) VALUES (983, 5, 101, 6, NULL, NULL);
INSERT INTO special_bet (id, user_id, rule_id, team_value_id, string_value, int_value) VALUES (984, 9, 101, 6, NULL, NULL);
INSERT INTO special_bet (id, user_id, rule_id, team_value_id, string_value, int_value) VALUES (985, 2, 101, 24, NULL, NULL);
INSERT INTO special_bet_rule (id, tournament_id, name, value_type, scoring_type, points, sort_order, actual_team_value_id, actual_string_value, actual_int_value) VALUES (102, 10, 'Nejlepší Čech #1', 'string', 'any_match', 2.0, 3, NULL, 'Červenka', NULL);
INSERT INTO special_bet (id, user_id, rule_id, team_value_id, string_value, int_value) VALUES (986, 11, 102, NULL, 'Pastrňák', NULL);
INSERT INTO special_bet (id, user_id, rule_id, team_value_id, string_value, int_value) VALUES (987, 14, 102, NULL, 'Pastrňák', NULL);
INSERT INTO special_bet (id, user_id, rule_id, team_value_id, string_value, int_value) VALUES (988, 8, 102, NULL, 'Pastrňák', NULL);
INSERT INTO special_bet (id, user_id, rule_id, team_value_id, string_value, int_value) VALUES (989, 12, 102, NULL, 'Pastrňák', NULL);
INSERT INTO special_bet (id, user_id, rule_id, team_value_id, string_value, int_value) VALUES (990, 16, 102, NULL, 'Pastrňák', NULL);
INSERT INTO special_bet (id, user_id, rule_id, team_value_id, string_value, int_value) VALUES (991, 6, 102, NULL, 'Sedlák', NULL);
INSERT INTO special_bet (id, user_id, rule_id, team_value_id, string_value, int_value) VALUES (992, 10, 102, NULL, 'Pastrňák', NULL);
INSERT INTO special_bet (id, user_id, rule_id, team_value_id, string_value, int_value) VALUES (993, 5, 102, NULL, 'Pastrňák', NULL);
INSERT INTO special_bet (id, user_id, rule_id, team_value_id, string_value, int_value) VALUES (994, 9, 102, NULL, 'Pastrňák', NULL);
INSERT INTO special_bet (id, user_id, rule_id, team_value_id, string_value, int_value) VALUES (995, 2, 102, NULL, 'Pastrňák', NULL);
INSERT INTO special_bet_rule (id, tournament_id, name, value_type, scoring_type, points, sort_order, actual_team_value_id, actual_string_value, actual_int_value) VALUES (103, 10, 'Nejlepší Čech #2', 'string', 'any_match', 2.0, 4, NULL, 'Kubalík', NULL);
INSERT INTO special_bet (id, user_id, rule_id, team_value_id, string_value, int_value) VALUES (996, 11, 103, NULL, 'Nečas', NULL);
INSERT INTO special_bet (id, user_id, rule_id, team_value_id, string_value, int_value) VALUES (997, 14, 103, NULL, 'Nečas', NULL);
INSERT INTO special_bet (id, user_id, rule_id, team_value_id, string_value, int_value) VALUES (998, 8, 103, NULL, 'Nečas', NULL);
INSERT INTO special_bet (id, user_id, rule_id, team_value_id, string_value, int_value) VALUES (999, 12, 103, NULL, 'Nečas', NULL);
INSERT INTO special_bet (id, user_id, rule_id, team_value_id, string_value, int_value) VALUES (1000, 16, 103, NULL, 'Nečas', NULL);
INSERT INTO special_bet (id, user_id, rule_id, team_value_id, string_value, int_value) VALUES (1001, 6, 103, NULL, 'Nečas', NULL);
INSERT INTO special_bet (id, user_id, rule_id, team_value_id, string_value, int_value) VALUES (1002, 10, 103, NULL, 'Nečas', NULL);
INSERT INTO special_bet (id, user_id, rule_id, team_value_id, string_value, int_value) VALUES (1003, 5, 103, NULL, 'Kubalík', NULL);
INSERT INTO special_bet (id, user_id, rule_id, team_value_id, string_value, int_value) VALUES (1004, 9, 103, NULL, 'Nečas', NULL);
INSERT INTO special_bet (id, user_id, rule_id, team_value_id, string_value, int_value) VALUES (1005, 2, 103, NULL, 'Nečas', NULL);
INSERT INTO special_bet_rule (id, tournament_id, name, value_type, scoring_type, points, sort_order, actual_team_value_id, actual_string_value, actual_int_value) VALUES (104, 10, 'Nejlepší Čech #3', 'string', 'any_match', 2.0, 5, NULL, 'Špaček', NULL);
INSERT INTO special_bet (id, user_id, rule_id, team_value_id, string_value, int_value) VALUES (1006, 11, 104, NULL, 'Hertl', NULL);
INSERT INTO special_bet (id, user_id, rule_id, team_value_id, string_value, int_value) VALUES (1007, 14, 104, NULL, 'Červenka', NULL);
INSERT INTO special_bet (id, user_id, rule_id, team_value_id, string_value, int_value) VALUES (1008, 8, 104, NULL, 'Červenka', NULL);
INSERT INTO special_bet (id, user_id, rule_id, team_value_id, string_value, int_value) VALUES (1009, 12, 104, NULL, 'Červenka', NULL);
INSERT INTO special_bet (id, user_id, rule_id, team_value_id, string_value, int_value) VALUES (1010, 16, 104, NULL, 'Červenka', NULL);
INSERT INTO special_bet (id, user_id, rule_id, team_value_id, string_value, int_value) VALUES (1011, 6, 104, NULL, 'Červenka', NULL);
INSERT INTO special_bet (id, user_id, rule_id, team_value_id, string_value, int_value) VALUES (1012, 10, 104, NULL, 'Palát', NULL);
INSERT INTO special_bet (id, user_id, rule_id, team_value_id, string_value, int_value) VALUES (1013, 5, 104, NULL, 'Červenka', NULL);
INSERT INTO special_bet (id, user_id, rule_id, team_value_id, string_value, int_value) VALUES (1014, 9, 104, NULL, 'Červenka', NULL);
INSERT INTO special_bet (id, user_id, rule_id, team_value_id, string_value, int_value) VALUES (1015, 2, 104, NULL, 'Červenka', NULL);
INSERT INTO special_bet_rule (id, tournament_id, name, value_type, scoring_type, points, sort_order, actual_team_value_id, actual_string_value, actual_int_value) VALUES (105, 10, 'Počet gólů české reprezentace', 'integer', 'closest', 2.0, 6, NULL, NULL, 15);
INSERT INTO special_bet (id, user_id, rule_id, team_value_id, string_value, int_value) VALUES (1016, 11, 105, NULL, NULL, 16);
INSERT INTO special_bet (id, user_id, rule_id, team_value_id, string_value, int_value) VALUES (1017, 14, 105, NULL, NULL, 26);
INSERT INTO special_bet (id, user_id, rule_id, team_value_id, string_value, int_value) VALUES (1018, 8, 105, NULL, NULL, 15);
INSERT INTO special_bet (id, user_id, rule_id, team_value_id, string_value, int_value) VALUES (1019, 12, 105, NULL, NULL, 20);
INSERT INTO special_bet (id, user_id, rule_id, team_value_id, string_value, int_value) VALUES (1020, 16, 105, NULL, NULL, 30);
INSERT INTO special_bet (id, user_id, rule_id, team_value_id, string_value, int_value) VALUES (1021, 6, 105, NULL, NULL, 15);
INSERT INTO special_bet (id, user_id, rule_id, team_value_id, string_value, int_value) VALUES (1022, 10, 105, NULL, NULL, 24);
INSERT INTO special_bet (id, user_id, rule_id, team_value_id, string_value, int_value) VALUES (1023, 5, 105, NULL, NULL, 14);
INSERT INTO special_bet (id, user_id, rule_id, team_value_id, string_value, int_value) VALUES (1024, 9, 105, NULL, NULL, 28);
INSERT INTO special_bet (id, user_id, rule_id, team_value_id, string_value, int_value) VALUES (1025, 2, 105, NULL, NULL, 21);
INSERT INTO special_bet_rule (id, tournament_id, name, value_type, scoring_type, points, sort_order, actual_team_value_id, actual_string_value, actual_int_value) VALUES (106, 10, 'Počet remíz po základní hrací době', 'integer', 'closest', 2.0, 7, NULL, NULL, 3);
INSERT INTO special_bet (id, user_id, rule_id, team_value_id, string_value, int_value) VALUES (1026, 11, 106, NULL, NULL, 5);
INSERT INTO special_bet (id, user_id, rule_id, team_value_id, string_value, int_value) VALUES (1027, 14, 106, NULL, NULL, 11);
INSERT INTO special_bet (id, user_id, rule_id, team_value_id, string_value, int_value) VALUES (1028, 8, 106, NULL, NULL, 5);
INSERT INTO special_bet (id, user_id, rule_id, team_value_id, string_value, int_value) VALUES (1029, 12, 106, NULL, NULL, 3);
INSERT INTO special_bet (id, user_id, rule_id, team_value_id, string_value, int_value) VALUES (1030, 16, 106, NULL, NULL, 6);
INSERT INTO special_bet (id, user_id, rule_id, team_value_id, string_value, int_value) VALUES (1031, 6, 106, NULL, NULL, 5);
INSERT INTO special_bet (id, user_id, rule_id, team_value_id, string_value, int_value) VALUES (1032, 10, 106, NULL, NULL, 6);
INSERT INTO special_bet (id, user_id, rule_id, team_value_id, string_value, int_value) VALUES (1033, 5, 106, NULL, NULL, 5);
INSERT INTO special_bet (id, user_id, rule_id, team_value_id, string_value, int_value) VALUES (1034, 9, 106, NULL, NULL, 7);
INSERT INTO special_bet (id, user_id, rule_id, team_value_id, string_value, int_value) VALUES (1035, 2, 106, NULL, NULL, 0);
INSERT INTO special_bet_rule (id, tournament_id, name, value_type, scoring_type, points, sort_order, actual_team_value_id, actual_string_value, actual_int_value) VALUES (107, 10, 'Trestné minuty Radko Gudase', 'integer', 'closest', 2.0, 8, NULL, NULL, NULL);
INSERT INTO special_bet (id, user_id, rule_id, team_value_id, string_value, int_value) VALUES (1036, 11, 107, NULL, NULL, 8);
INSERT INTO special_bet (id, user_id, rule_id, team_value_id, string_value, int_value) VALUES (1037, 14, 107, NULL, NULL, 24);
INSERT INTO special_bet (id, user_id, rule_id, team_value_id, string_value, int_value) VALUES (1038, 8, 107, NULL, NULL, 6);
INSERT INTO special_bet (id, user_id, rule_id, team_value_id, string_value, int_value) VALUES (1039, 12, 107, NULL, NULL, 12);
INSERT INTO special_bet (id, user_id, rule_id, team_value_id, string_value, int_value) VALUES (1040, 16, 107, NULL, NULL, 14);
INSERT INTO special_bet (id, user_id, rule_id, team_value_id, string_value, int_value) VALUES (1041, 6, 107, NULL, NULL, 4);
INSERT INTO special_bet (id, user_id, rule_id, team_value_id, string_value, int_value) VALUES (1042, 10, 107, NULL, NULL, 16);
INSERT INTO special_bet (id, user_id, rule_id, team_value_id, string_value, int_value) VALUES (1043, 5, 107, NULL, NULL, 6);
INSERT INTO special_bet (id, user_id, rule_id, team_value_id, string_value, int_value) VALUES (1044, 9, 107, NULL, NULL, 22);
INSERT INTO special_bet (id, user_id, rule_id, team_value_id, string_value, int_value) VALUES (1045, 2, 107, NULL, NULL, 6);

-- Reset sequences
SELECT setval('tournament_id_seq', 10);
SELECT setval('rule_set_id_seq', 10);
SELECT setval('match_id_seq', 570);
SELECT setval('prediction_id_seq', 5147);
SELECT setval('special_bet_rule_id_seq', 107);
SELECT setval('special_bet_id_seq', 1045);
