-- Generated seed data from Tipování hokej (1).xlsx
-- Generated at 2026-03-29T00:07:28.806840

-- Teams
INSERT INTO team (id, name, code, flag_emoji) VALUES (1, 'Rakousko', 'AUS', '🇦🇹');
INSERT INTO team (id, name, code, flag_emoji) VALUES (2, 'Belgie', 'BEL', '🇧🇪');
INSERT INTO team (id, name, code, flag_emoji) VALUES (3, 'Bělorusko', 'BLR', '🇧🇾');
INSERT INTO team (id, name, code, flag_emoji) VALUES (4, 'Kanada', 'CAN', '🇨🇦');
INSERT INTO team (id, name, code, flag_emoji) VALUES (5, 'Čína', 'CHN', '🇨🇳');
INSERT INTO team (id, name, code, flag_emoji) VALUES (6, 'Česko', 'CZE', '🇨🇿');
INSERT INTO team (id, name, code, flag_emoji) VALUES (7, 'Dánsko', 'DEN', '🇩🇰');
INSERT INTO team (id, name, code, flag_emoji) VALUES (8, 'Finsko', 'FIN', '🇫🇮');
INSERT INTO team (id, name, code, flag_emoji) VALUES (9, 'Francie', 'FRA', '🇫🇷');
INSERT INTO team (id, name, code, flag_emoji) VALUES (10, 'Velká Británie', 'GBR', '🇬🇧');
INSERT INTO team (id, name, code, flag_emoji) VALUES (11, 'Německo', 'GER', '🇩🇪');
INSERT INTO team (id, name, code, flag_emoji) VALUES (12, 'Maďarsko', 'HUN', '🇭🇺');
INSERT INTO team (id, name, code, flag_emoji) VALUES (13, 'Itálie', 'ITA', '🇮🇹');
INSERT INTO team (id, name, code, flag_emoji) VALUES (14, 'Kazachstán', 'KAZ', '🇰🇿');
INSERT INTO team (id, name, code, flag_emoji) VALUES (15, 'Lotyšsko', 'LAT', '🇱🇻');
INSERT INTO team (id, name, code, flag_emoji) VALUES (16, 'Norsko', 'NOR', '🇳🇴');
INSERT INTO team (id, name, code, flag_emoji) VALUES (17, 'Polsko', 'POL', '🇵🇱');
INSERT INTO team (id, name, code, flag_emoji) VALUES (18, 'Jižní Korea', 'ROK', '🇰🇷');
INSERT INTO team (id, name, code, flag_emoji) VALUES (19, 'Rusko', 'RUS', '🇷🇺');
INSERT INTO team (id, name, code, flag_emoji) VALUES (20, 'Slovinsko', 'SLO', '🇸🇮');
INSERT INTO team (id, name, code, flag_emoji) VALUES (21, 'Švýcarsko', 'SUI', '🇨🇭');
INSERT INTO team (id, name, code, flag_emoji) VALUES (22, 'Slovensko', 'SVK', '🇸🇰');
INSERT INTO team (id, name, code, flag_emoji) VALUES (23, 'Švédsko', 'SWE', '🇸🇪');
INSERT INTO team (id, name, code, flag_emoji) VALUES (24, 'USA', 'USA', '🇺🇸');
SELECT setval('team_id_seq', 24);

-- Users
INSERT INTO "user" (id, username, email, password, roles) VALUES (1, 'Adrian', NULL, '$2y$10$rhqXo82K6JO8aILwrBxkteC0WCA7Pe.4Gt6bjKhDzN8fE/9KnMR9W', '["ROLE_USER"]');
INSERT INTO "user" (id, username, email, password, roles) VALUES (2, 'Fanda', NULL, '$2y$10$rhqXo82K6JO8aILwrBxkteC0WCA7Pe.4Gt6bjKhDzN8fE/9KnMR9W', '["ROLE_USER"]');
INSERT INTO "user" (id, username, email, password, roles) VALUES (3, 'Honza', NULL, '$2y$10$rhqXo82K6JO8aILwrBxkteC0WCA7Pe.4Gt6bjKhDzN8fE/9KnMR9W', '["ROLE_USER"]');
INSERT INTO "user" (id, username, email, password, roles) VALUES (4, 'Honza D', NULL, '$2y$10$rhqXo82K6JO8aILwrBxkteC0WCA7Pe.4Gt6bjKhDzN8fE/9KnMR9W', '["ROLE_USER"]');
INSERT INTO "user" (id, username, email, password, roles) VALUES (5, 'Honza K', NULL, '$2y$10$rhqXo82K6JO8aILwrBxkteC0WCA7Pe.4Gt6bjKhDzN8fE/9KnMR9W', '["ROLE_USER"]');
INSERT INTO "user" (id, username, email, password, roles) VALUES (6, 'Honza S', NULL, '$2y$10$rhqXo82K6JO8aILwrBxkteC0WCA7Pe.4Gt6bjKhDzN8fE/9KnMR9W', '["ROLE_USER","ROLE_ADMIN"]');
INSERT INTO "user" (id, username, email, password, roles) VALUES (7, 'Kuba', NULL, '$2y$10$rhqXo82K6JO8aILwrBxkteC0WCA7Pe.4Gt6bjKhDzN8fE/9KnMR9W', '["ROLE_USER"]');
INSERT INTO "user" (id, username, email, password, roles) VALUES (8, 'Lukáš', NULL, '$2y$10$rhqXo82K6JO8aILwrBxkteC0WCA7Pe.4Gt6bjKhDzN8fE/9KnMR9W', '["ROLE_USER"]');
INSERT INTO "user" (id, username, email, password, roles) VALUES (9, 'Martin', NULL, '$2y$10$rhqXo82K6JO8aILwrBxkteC0WCA7Pe.4Gt6bjKhDzN8fE/9KnMR9W', '["ROLE_USER"]');
INSERT INTO "user" (id, username, email, password, roles) VALUES (10, 'Mates', NULL, '$2y$10$rhqXo82K6JO8aILwrBxkteC0WCA7Pe.4Gt6bjKhDzN8fE/9KnMR9W', '["ROLE_USER"]');
INSERT INTO "user" (id, username, email, password, roles) VALUES (11, 'Mééč', NULL, '$2y$10$rhqXo82K6JO8aILwrBxkteC0WCA7Pe.4Gt6bjKhDzN8fE/9KnMR9W', '["ROLE_USER"]');
INSERT INTO "user" (id, username, email, password, roles) VALUES (12, 'Mééča', NULL, '$2y$10$rhqXo82K6JO8aILwrBxkteC0WCA7Pe.4Gt6bjKhDzN8fE/9KnMR9W', '["ROLE_USER"]');
INSERT INTO "user" (id, username, email, password, roles) VALUES (13, 'Ondra', NULL, '$2y$10$rhqXo82K6JO8aILwrBxkteC0WCA7Pe.4Gt6bjKhDzN8fE/9KnMR9W', '["ROLE_USER","ROLE_ADMIN"]');
INSERT INTO "user" (id, username, email, password, roles) VALUES (14, 'Pavel', NULL, '$2y$10$rhqXo82K6JO8aILwrBxkteC0WCA7Pe.4Gt6bjKhDzN8fE/9KnMR9W', '["ROLE_USER"]');
INSERT INTO "user" (id, username, email, password, roles) VALUES (15, 'Radek', NULL, '$2y$10$rhqXo82K6JO8aILwrBxkteC0WCA7Pe.4Gt6bjKhDzN8fE/9KnMR9W', '["ROLE_USER"]');
INSERT INTO "user" (id, username, email, password, roles) VALUES (16, 'Táda', NULL, '$2y$10$rhqXo82K6JO8aILwrBxkteC0WCA7Pe.4Gt6bjKhDzN8fE/9KnMR9W', '["ROLE_USER","ROLE_ADMIN"]');
INSERT INTO "user" (id, username, email, password, roles) VALUES (17, 'Vojta', NULL, '$2y$10$rhqXo82K6JO8aILwrBxkteC0WCA7Pe.4Gt6bjKhDzN8fE/9KnMR9W', '["ROLE_USER"]');
INSERT INTO "user" (id, username, email, password, roles) VALUES (18, 'Váca', NULL, '$2y$10$rhqXo82K6JO8aILwrBxkteC0WCA7Pe.4Gt6bjKhDzN8fE/9KnMR9W', '["ROLE_USER"]');
INSERT INTO "user" (id, username, email, password, roles) VALUES (19, 'Vítek', NULL, '$2y$10$rhqXo82K6JO8aILwrBxkteC0WCA7Pe.4Gt6bjKhDzN8fE/9KnMR9W', '["ROLE_USER"]');
SELECT setval('user_id_seq', 19);

-- Tournament: MS 2017
INSERT INTO tournament (id, name, year, slug, status, created_at) VALUES (1, 'MS 2017', 2017, 'ms-2017', 'finished', '2024-01-01 00:00:00');
INSERT INTO rule_set (id, tournament_id, winner_base_points, wrong_opponent_bonus, exact_score_bonus, prizes) VALUES (1, 1, 1.0, 0.25, 2.0, '{"1": 300, "2": 150, "3": 50}');
INSERT INTO "match" (id, tournament_id, home_team_id, away_team_id, phase, played_at, home_score, away_score, is_finished) VALUES (1, 1, 23, 19, 'group_stage', '2021-05-05 16:15:00', 1, 2, true);
INSERT INTO "match" (id, tournament_id, home_team_id, away_team_id, phase, played_at, home_score, away_score, is_finished) VALUES (2, 1, 8, 3, 'group_stage', '2021-05-05 16:15:00', 3, 2, true);
INSERT INTO "match" (id, tournament_id, home_team_id, away_team_id, phase, played_at, home_score, away_score, is_finished) VALUES (3, 1, 24, 11, 'group_stage', '2021-05-05 20:15:00', 1, 2, true);
INSERT INTO "match" (id, tournament_id, home_team_id, away_team_id, phase, played_at, home_score, away_score, is_finished) VALUES (4, 1, 6, 4, 'group_stage', '2021-05-05 20:15:00', 1, 4, true);
INSERT INTO "match" (id, tournament_id, home_team_id, away_team_id, phase, played_at, home_score, away_score, is_finished) VALUES (5, 1, 15, 7, 'group_stage', '2021-05-06 12:15:00', 3, 0, true);
INSERT INTO "match" (id, tournament_id, home_team_id, away_team_id, phase, played_at, home_score, away_score, is_finished) VALUES (6, 1, 21, 20, 'group_stage', '2021-05-06 12:15:00', 5, 4, true);
INSERT INTO "match" (id, tournament_id, home_team_id, away_team_id, phase, played_at, home_score, away_score, is_finished) VALUES (7, 1, 22, 13, 'group_stage', '2021-05-06 16:15:00', 3, 2, true);
INSERT INTO "match" (id, tournament_id, home_team_id, away_team_id, phase, played_at, home_score, away_score, is_finished) VALUES (8, 1, 3, 6, 'group_stage', '2021-05-06 16:15:00', 1, 6, true);
INSERT INTO "match" (id, tournament_id, home_team_id, away_team_id, phase, played_at, home_score, away_score, is_finished) VALUES (9, 1, 11, 23, 'group_stage', '2021-05-06 20:15:00', 2, 7, true);
INSERT INTO "match" (id, tournament_id, home_team_id, away_team_id, phase, played_at, home_score, away_score, is_finished) VALUES (10, 1, 16, 9, 'group_stage', '2021-05-06 20:15:00', 3, 2, true);
INSERT INTO "match" (id, tournament_id, home_team_id, away_team_id, phase, played_at, home_score, away_score, is_finished) VALUES (11, 1, 13, 19, 'group_stage', '2021-05-07 12:15:00', NULL, NULL, false);
INSERT INTO "match" (id, tournament_id, home_team_id, away_team_id, phase, played_at, home_score, away_score, is_finished) VALUES (12, 1, 20, 4, 'group_stage', '2021-05-07 12:15:00', 2, 7, true);
INSERT INTO "match" (id, tournament_id, home_team_id, away_team_id, phase, played_at, home_score, away_score, is_finished) VALUES (13, 1, 24, 7, 'group_stage', '2021-05-07 16:15:00', 7, 2, true);
INSERT INTO "match" (id, tournament_id, home_team_id, away_team_id, phase, played_at, home_score, away_score, is_finished) VALUES (14, 1, 8, 9, 'group_stage', '2021-05-07 16:15:00', 1, 5, true);
INSERT INTO "match" (id, tournament_id, home_team_id, away_team_id, phase, played_at, home_score, away_score, is_finished) VALUES (15, 1, 15, 22, 'group_stage', '2021-05-07 20:15:00', 3, 1, true);
INSERT INTO "match" (id, tournament_id, home_team_id, away_team_id, phase, played_at, home_score, away_score, is_finished) VALUES (16, 1, 16, 21, 'group_stage', '2021-05-07 20:15:00', 0, 3, true);
INSERT INTO "match" (id, tournament_id, home_team_id, away_team_id, phase, played_at, home_score, away_score, is_finished) VALUES (17, 1, 3, 4, 'group_stage', '2021-05-08 16:15:00', 0, 6, true);
INSERT INTO "match" (id, tournament_id, home_team_id, away_team_id, phase, played_at, home_score, away_score, is_finished) VALUES (18, 1, 11, 19, 'group_stage', '2021-05-08 16:15:00', 3, 6, true);
INSERT INTO "match" (id, tournament_id, home_team_id, away_team_id, phase, played_at, home_score, away_score, is_finished) VALUES (19, 1, 8, 6, 'group_stage', '2021-05-08 20:15:00', 3, 4, true);
INSERT INTO "match" (id, tournament_id, home_team_id, away_team_id, phase, played_at, home_score, away_score, is_finished) VALUES (20, 1, 24, 23, 'group_stage', '2021-05-08 20:15:00', 4, 3, true);
INSERT INTO "match" (id, tournament_id, home_team_id, away_team_id, phase, played_at, home_score, away_score, is_finished) VALUES (21, 1, 13, 15, 'group_stage', '2021-05-09 16:15:00', 1, 2, true);
INSERT INTO "match" (id, tournament_id, home_team_id, away_team_id, phase, played_at, home_score, away_score, is_finished) VALUES (22, 1, 20, 16, 'group_stage', '2021-05-09 16:15:00', 1, 5, true);
INSERT INTO "match" (id, tournament_id, home_team_id, away_team_id, phase, played_at, home_score, away_score, is_finished) VALUES (23, 1, 22, 7, 'group_stage', '2021-05-09 20:15:00', 3, 4, true);
INSERT INTO "match" (id, tournament_id, home_team_id, away_team_id, phase, played_at, home_score, away_score, is_finished) VALUES (24, 1, 21, 9, 'group_stage', '2021-05-09 20:15:00', 3, 4, true);
INSERT INTO "match" (id, tournament_id, home_team_id, away_team_id, phase, played_at, home_score, away_score, is_finished) VALUES (25, 1, 24, 13, 'group_stage', '2021-05-10 16:15:00', 3, 0, true);
INSERT INTO "match" (id, tournament_id, home_team_id, away_team_id, phase, played_at, home_score, away_score, is_finished) VALUES (26, 1, 21, 3, 'group_stage', '2021-05-10 16:15:00', 3, 0, true);
INSERT INTO "match" (id, tournament_id, home_team_id, away_team_id, phase, played_at, home_score, away_score, is_finished) VALUES (27, 1, 22, 11, 'group_stage', '2021-05-10 20:15:00', 2, 3, true);
INSERT INTO "match" (id, tournament_id, home_team_id, away_team_id, phase, played_at, home_score, away_score, is_finished) VALUES (28, 1, 8, 20, 'group_stage', '2021-05-10 20:15:00', 5, 2, true);
INSERT INTO "match" (id, tournament_id, home_team_id, away_team_id, phase, played_at, home_score, away_score, is_finished) VALUES (29, 1, 19, 7, 'group_stage', '2021-05-11 16:15:00', 3, 0, true);
INSERT INTO "match" (id, tournament_id, home_team_id, away_team_id, phase, played_at, home_score, away_score, is_finished) VALUES (30, 1, 6, 16, 'group_stage', '2021-05-11 16:15:00', 1, 0, true);
INSERT INTO "match" (id, tournament_id, home_team_id, away_team_id, phase, played_at, home_score, away_score, is_finished) VALUES (31, 1, 23, 15, 'group_stage', '2021-05-11 20:15:00', 2, 0, true);
INSERT INTO "match" (id, tournament_id, home_team_id, away_team_id, phase, played_at, home_score, away_score, is_finished) VALUES (32, 1, 4, 9, 'group_stage', '2021-05-11 20:15:00', 3, 2, true);
INSERT INTO "match" (id, tournament_id, home_team_id, away_team_id, phase, played_at, home_score, away_score, is_finished) VALUES (33, 1, 23, 13, 'group_stage', '2021-05-12 16:15:00', 8, 1, true);
INSERT INTO "match" (id, tournament_id, home_team_id, away_team_id, phase, played_at, home_score, away_score, is_finished) VALUES (34, 1, 6, 20, 'group_stage', '2021-05-12 16:15:00', 5, 1, true);
INSERT INTO "match" (id, tournament_id, home_team_id, away_team_id, phase, played_at, home_score, away_score, is_finished) VALUES (35, 1, 7, 11, 'group_stage', '2021-05-12 20:15:00', 3, 2, true);
INSERT INTO "match" (id, tournament_id, home_team_id, away_team_id, phase, played_at, home_score, away_score, is_finished) VALUES (36, 1, 9, 3, 'group_stage', '2021-05-12 20:15:00', 4, 3, true);
INSERT INTO "match" (id, tournament_id, home_team_id, away_team_id, phase, played_at, home_score, away_score, is_finished) VALUES (37, 1, 15, 24, 'group_stage', '2021-05-13 12:15:00', 3, 5, true);
INSERT INTO "match" (id, tournament_id, home_team_id, away_team_id, phase, played_at, home_score, away_score, is_finished) VALUES (38, 1, 16, 8, 'group_stage', '2021-05-13 12:15:00', 2, 3, true);
INSERT INTO "match" (id, tournament_id, home_team_id, away_team_id, phase, played_at, home_score, away_score, is_finished) VALUES (39, 1, 19, 22, 'group_stage', '2021-05-13 16:15:00', 6, 0, true);
INSERT INTO "match" (id, tournament_id, home_team_id, away_team_id, phase, played_at, home_score, away_score, is_finished) VALUES (40, 1, 20, 3, 'group_stage', '2021-05-13 16:15:00', 2, 5, true);
INSERT INTO "match" (id, tournament_id, home_team_id, away_team_id, phase, played_at, home_score, away_score, is_finished) VALUES (41, 1, 13, 11, 'group_stage', '2021-05-13 20:15:00', 1, 4, true);
INSERT INTO "match" (id, tournament_id, home_team_id, away_team_id, phase, played_at, home_score, away_score, is_finished) VALUES (42, 1, 4, 21, 'group_stage', '2021-05-13 20:15:00', 2, 3, true);
INSERT INTO "match" (id, tournament_id, home_team_id, away_team_id, phase, played_at, home_score, away_score, is_finished) VALUES (43, 1, 22, 24, 'group_stage', '2021-05-14 16:15:00', 1, 6, true);
INSERT INTO "match" (id, tournament_id, home_team_id, away_team_id, phase, played_at, home_score, away_score, is_finished) VALUES (44, 1, 9, 6, 'group_stage', '2021-05-14 16:15:00', 2, 5, true);
INSERT INTO "match" (id, tournament_id, home_team_id, away_team_id, phase, played_at, home_score, away_score, is_finished) VALUES (45, 1, 7, 23, 'group_stage', '2021-05-14 20:15:00', 2, 4, true);
INSERT INTO "match" (id, tournament_id, home_team_id, away_team_id, phase, played_at, home_score, away_score, is_finished) VALUES (46, 1, 21, 8, 'group_stage', '2021-05-14 20:15:00', 2, 3, true);
INSERT INTO "match" (id, tournament_id, home_team_id, away_team_id, phase, played_at, home_score, away_score, is_finished) VALUES (47, 1, 7, 13, 'group_stage', '2021-05-15 16:15:00', 2, 0, true);
INSERT INTO "match" (id, tournament_id, home_team_id, away_team_id, phase, played_at, home_score, away_score, is_finished) VALUES (48, 1, 4, 16, 'group_stage', '2021-05-15 16:15:00', 5, 0, true);
INSERT INTO "match" (id, tournament_id, home_team_id, away_team_id, phase, played_at, home_score, away_score, is_finished) VALUES (49, 1, 19, 15, 'group_stage', '2021-05-15 20:15:00', 5, 0, true);
INSERT INTO "match" (id, tournament_id, home_team_id, away_team_id, phase, played_at, home_score, away_score, is_finished) VALUES (50, 1, 9, 20, 'group_stage', '2021-05-15 20:15:00', 4, 1, true);
INSERT INTO "match" (id, tournament_id, home_team_id, away_team_id, phase, played_at, home_score, away_score, is_finished) VALUES (51, 1, 23, 22, 'group_stage', '2021-05-16 12:15:00', 4, 2, true);
INSERT INTO "match" (id, tournament_id, home_team_id, away_team_id, phase, played_at, home_score, away_score, is_finished) VALUES (52, 1, 3, 16, 'group_stage', '2021-05-16 12:15:00', 4, 3, true);
INSERT INTO "match" (id, tournament_id, home_team_id, away_team_id, phase, played_at, home_score, away_score, is_finished) VALUES (53, 1, 19, 24, 'group_stage', '2021-05-16 16:15:00', 3, 5, true);
INSERT INTO "match" (id, tournament_id, home_team_id, away_team_id, phase, played_at, home_score, away_score, is_finished) VALUES (54, 1, 6, 21, 'group_stage', '2021-05-16 16:15:00', 1, 3, true);
INSERT INTO "match" (id, tournament_id, home_team_id, away_team_id, phase, played_at, home_score, away_score, is_finished) VALUES (55, 1, 11, 15, 'group_stage', '2021-05-16 20:15:00', 4, 3, true);
INSERT INTO "match" (id, tournament_id, home_team_id, away_team_id, phase, played_at, home_score, away_score, is_finished) VALUES (56, 1, 4, 8, 'group_stage', '2021-05-16 20:15:00', 5, 2, true);
INSERT INTO "match" (id, tournament_id, home_team_id, away_team_id, phase, played_at, home_score, away_score, is_finished) VALUES (57, 1, 24, 8, 'group_stage', '2021-05-18 16:15:00', 0, 2, true);
INSERT INTO "match" (id, tournament_id, home_team_id, away_team_id, phase, played_at, home_score, away_score, is_finished) VALUES (58, 1, 19, 6, 'group_stage', '2021-05-18 16:15:00', 3, 0, true);
INSERT INTO "match" (id, tournament_id, home_team_id, away_team_id, phase, played_at, home_score, away_score, is_finished) VALUES (59, 1, 4, 11, 'group_stage', '2021-05-18 20:15:00', 2, 1, true);
INSERT INTO "match" (id, tournament_id, home_team_id, away_team_id, phase, played_at, home_score, away_score, is_finished) VALUES (60, 1, 21, 23, 'group_stage', '2021-05-18 20:15:00', 1, 3, true);
INSERT INTO "match" (id, tournament_id, home_team_id, away_team_id, phase, played_at, home_score, away_score, is_finished) VALUES (61, 1, 4, 19, 'group_stage', '2021-05-20 15:15:00', 4, 2, true);
INSERT INTO "match" (id, tournament_id, home_team_id, away_team_id, phase, played_at, home_score, away_score, is_finished) VALUES (62, 1, 8, 23, 'group_stage', '2021-05-20 19:15:00', 1, 4, true);
INSERT INTO "match" (id, tournament_id, home_team_id, away_team_id, phase, played_at, home_score, away_score, is_finished) VALUES (63, 1, 19, 8, 'group_stage', '2021-05-21 16:15:00', 5, 3, true);
INSERT INTO "match" (id, tournament_id, home_team_id, away_team_id, phase, played_at, home_score, away_score, is_finished) VALUES (64, 1, 4, 23, 'group_stage', '2021-05-21 20:45:00', 1, 2, true);
INSERT INTO prediction (id, user_id, game_id, home_score, away_score, created_at, updated_at) VALUES (1, 13, 1, 3, 1, '2024-01-01 00:00:00', NULL);
INSERT INTO prediction (id, user_id, game_id, home_score, away_score, created_at, updated_at) VALUES (2, 8, 1, 1, 2, '2024-01-01 00:00:00', NULL);
INSERT INTO prediction (id, user_id, game_id, home_score, away_score, created_at, updated_at) VALUES (3, 16, 1, 3, 2, '2024-01-01 00:00:00', NULL);
INSERT INTO prediction (id, user_id, game_id, home_score, away_score, created_at, updated_at) VALUES (4, 9, 1, 4, 3, '2024-01-01 00:00:00', NULL);
INSERT INTO prediction (id, user_id, game_id, home_score, away_score, created_at, updated_at) VALUES (5, 19, 1, 4, 3, '2024-01-01 00:00:00', NULL);
INSERT INTO prediction (id, user_id, game_id, home_score, away_score, created_at, updated_at) VALUES (6, 13, 2, 4, 3, '2024-01-01 00:00:00', NULL);
INSERT INTO prediction (id, user_id, game_id, home_score, away_score, created_at, updated_at) VALUES (7, 8, 2, 3, 1, '2024-01-01 00:00:00', NULL);
INSERT INTO prediction (id, user_id, game_id, home_score, away_score, created_at, updated_at) VALUES (8, 16, 2, 4, 2, '2024-01-01 00:00:00', NULL);
INSERT INTO prediction (id, user_id, game_id, home_score, away_score, created_at, updated_at) VALUES (9, 9, 2, 7, 1, '2024-01-01 00:00:00', NULL);
INSERT INTO prediction (id, user_id, game_id, home_score, away_score, created_at, updated_at) VALUES (10, 19, 2, 3, 1, '2024-01-01 00:00:00', NULL);
INSERT INTO prediction (id, user_id, game_id, home_score, away_score, created_at, updated_at) VALUES (11, 13, 3, 5, 2, '2024-01-01 00:00:00', NULL);
INSERT INTO prediction (id, user_id, game_id, home_score, away_score, created_at, updated_at) VALUES (12, 8, 3, 3, 0, '2024-01-01 00:00:00', NULL);
INSERT INTO prediction (id, user_id, game_id, home_score, away_score, created_at, updated_at) VALUES (13, 16, 3, 6, 1, '2024-01-01 00:00:00', NULL);
INSERT INTO prediction (id, user_id, game_id, home_score, away_score, created_at, updated_at) VALUES (14, 9, 3, 3, 1, '2024-01-01 00:00:00', NULL);
INSERT INTO prediction (id, user_id, game_id, home_score, away_score, created_at, updated_at) VALUES (15, 19, 3, 4, 1, '2024-01-01 00:00:00', NULL);
INSERT INTO prediction (id, user_id, game_id, home_score, away_score, created_at, updated_at) VALUES (16, 13, 4, 3, 2, '2024-01-01 00:00:00', NULL);
INSERT INTO prediction (id, user_id, game_id, home_score, away_score, created_at, updated_at) VALUES (17, 8, 4, 1, 0, '2024-01-01 00:00:00', NULL);
INSERT INTO prediction (id, user_id, game_id, home_score, away_score, created_at, updated_at) VALUES (18, 16, 4, 4, 3, '2024-01-01 00:00:00', NULL);
INSERT INTO prediction (id, user_id, game_id, home_score, away_score, created_at, updated_at) VALUES (19, 9, 4, 5, 3, '2024-01-01 00:00:00', NULL);
INSERT INTO prediction (id, user_id, game_id, home_score, away_score, created_at, updated_at) VALUES (20, 19, 4, 3, 5, '2024-01-01 00:00:00', NULL);
INSERT INTO prediction (id, user_id, game_id, home_score, away_score, created_at, updated_at) VALUES (21, 13, 5, 3, 2, '2024-01-01 00:00:00', NULL);
INSERT INTO prediction (id, user_id, game_id, home_score, away_score, created_at, updated_at) VALUES (22, 8, 5, 2, 3, '2024-01-01 00:00:00', NULL);
INSERT INTO prediction (id, user_id, game_id, home_score, away_score, created_at, updated_at) VALUES (23, 16, 5, 1, 2, '2024-01-01 00:00:00', NULL);
INSERT INTO prediction (id, user_id, game_id, home_score, away_score, created_at, updated_at) VALUES (24, 9, 5, 3, 2, '2024-01-01 00:00:00', NULL);
INSERT INTO prediction (id, user_id, game_id, home_score, away_score, created_at, updated_at) VALUES (25, 19, 5, 3, 2, '2024-01-01 00:00:00', NULL);
INSERT INTO prediction (id, user_id, game_id, home_score, away_score, created_at, updated_at) VALUES (26, 13, 6, 4, 1, '2024-01-01 00:00:00', NULL);
INSERT INTO prediction (id, user_id, game_id, home_score, away_score, created_at, updated_at) VALUES (27, 8, 6, 3, 0, '2024-01-01 00:00:00', NULL);
INSERT INTO prediction (id, user_id, game_id, home_score, away_score, created_at, updated_at) VALUES (28, 16, 6, 2, 0, '2024-01-01 00:00:00', NULL);
INSERT INTO prediction (id, user_id, game_id, home_score, away_score, created_at, updated_at) VALUES (29, 9, 6, 2, 0, '2024-01-01 00:00:00', NULL);
INSERT INTO prediction (id, user_id, game_id, home_score, away_score, created_at, updated_at) VALUES (30, 19, 6, 3, 1, '2024-01-01 00:00:00', NULL);
INSERT INTO prediction (id, user_id, game_id, home_score, away_score, created_at, updated_at) VALUES (31, 13, 7, 4, 3, '2024-01-01 00:00:00', NULL);
INSERT INTO prediction (id, user_id, game_id, home_score, away_score, created_at, updated_at) VALUES (32, 8, 7, 3, 1, '2024-01-01 00:00:00', NULL);
INSERT INTO prediction (id, user_id, game_id, home_score, away_score, created_at, updated_at) VALUES (33, 16, 7, 5, 2, '2024-01-01 00:00:00', NULL);
INSERT INTO prediction (id, user_id, game_id, home_score, away_score, created_at, updated_at) VALUES (34, 9, 7, 1, 2, '2024-01-01 00:00:00', NULL);
INSERT INTO prediction (id, user_id, game_id, home_score, away_score, created_at, updated_at) VALUES (35, 19, 7, 4, 2, '2024-01-01 00:00:00', NULL);
INSERT INTO prediction (id, user_id, game_id, home_score, away_score, created_at, updated_at) VALUES (36, 13, 8, 2, 4, '2024-01-01 00:00:00', NULL);
INSERT INTO prediction (id, user_id, game_id, home_score, away_score, created_at, updated_at) VALUES (37, 8, 8, 2, 3, '2024-01-01 00:00:00', NULL);
INSERT INTO prediction (id, user_id, game_id, home_score, away_score, created_at, updated_at) VALUES (38, 16, 8, 1, 4, '2024-01-01 00:00:00', NULL);
INSERT INTO prediction (id, user_id, game_id, home_score, away_score, created_at, updated_at) VALUES (39, 9, 8, 1, 3, '2024-01-01 00:00:00', NULL);
INSERT INTO prediction (id, user_id, game_id, home_score, away_score, created_at, updated_at) VALUES (40, 19, 8, 1, 3, '2024-01-01 00:00:00', NULL);
INSERT INTO prediction (id, user_id, game_id, home_score, away_score, created_at, updated_at) VALUES (41, 13, 9, 2, 3, '2024-01-01 00:00:00', NULL);
INSERT INTO prediction (id, user_id, game_id, home_score, away_score, created_at, updated_at) VALUES (42, 8, 9, 1, 2, '2024-01-01 00:00:00', NULL);
INSERT INTO prediction (id, user_id, game_id, home_score, away_score, created_at, updated_at) VALUES (43, 16, 9, 2, 5, '2024-01-01 00:00:00', NULL);
INSERT INTO prediction (id, user_id, game_id, home_score, away_score, created_at, updated_at) VALUES (44, 9, 9, 0, 2, '2024-01-01 00:00:00', NULL);
INSERT INTO prediction (id, user_id, game_id, home_score, away_score, created_at, updated_at) VALUES (45, 19, 9, 1, 3, '2024-01-01 00:00:00', NULL);
INSERT INTO prediction (id, user_id, game_id, home_score, away_score, created_at, updated_at) VALUES (46, 13, 10, 1, 3, '2024-01-01 00:00:00', NULL);
INSERT INTO prediction (id, user_id, game_id, home_score, away_score, created_at, updated_at) VALUES (47, 8, 10, 3, 2, '2024-01-01 00:00:00', NULL);
INSERT INTO prediction (id, user_id, game_id, home_score, away_score, created_at, updated_at) VALUES (48, 16, 10, 2, 1, '2024-01-01 00:00:00', NULL);
INSERT INTO prediction (id, user_id, game_id, home_score, away_score, created_at, updated_at) VALUES (49, 9, 10, 1, 3, '2024-01-01 00:00:00', NULL);
INSERT INTO prediction (id, user_id, game_id, home_score, away_score, created_at, updated_at) VALUES (50, 19, 10, 3, 2, '2024-01-01 00:00:00', NULL);
INSERT INTO prediction (id, user_id, game_id, home_score, away_score, created_at, updated_at) VALUES (51, 13, 11, 2, 5, '2024-01-01 00:00:00', NULL);
INSERT INTO prediction (id, user_id, game_id, home_score, away_score, created_at, updated_at) VALUES (52, 8, 11, 0, 4, '2024-01-01 00:00:00', NULL);
INSERT INTO prediction (id, user_id, game_id, home_score, away_score, created_at, updated_at) VALUES (53, 16, 11, 1, 5, '2024-01-01 00:00:00', NULL);
INSERT INTO prediction (id, user_id, game_id, home_score, away_score, created_at, updated_at) VALUES (54, 9, 11, 1, 6, '2024-01-01 00:00:00', NULL);
INSERT INTO prediction (id, user_id, game_id, home_score, away_score, created_at, updated_at) VALUES (55, 19, 11, 1, 5, '2024-01-01 00:00:00', NULL);
INSERT INTO prediction (id, user_id, game_id, home_score, away_score, created_at, updated_at) VALUES (56, 13, 12, 1, 7, '2024-01-01 00:00:00', NULL);
INSERT INTO prediction (id, user_id, game_id, home_score, away_score, created_at, updated_at) VALUES (57, 8, 12, 0, 6, '2024-01-01 00:00:00', NULL);
INSERT INTO prediction (id, user_id, game_id, home_score, away_score, created_at, updated_at) VALUES (58, 16, 12, 1, 6, '2024-01-01 00:00:00', NULL);
INSERT INTO prediction (id, user_id, game_id, home_score, away_score, created_at, updated_at) VALUES (59, 9, 12, 2, 6, '2024-01-01 00:00:00', NULL);
INSERT INTO prediction (id, user_id, game_id, home_score, away_score, created_at, updated_at) VALUES (60, 19, 12, 1, 6, '2024-01-01 00:00:00', NULL);
INSERT INTO prediction (id, user_id, game_id, home_score, away_score, created_at, updated_at) VALUES (61, 13, 13, 4, 0, '2024-01-01 00:00:00', NULL);
INSERT INTO prediction (id, user_id, game_id, home_score, away_score, created_at, updated_at) VALUES (62, 8, 13, 4, 0, '2024-01-01 00:00:00', NULL);
INSERT INTO prediction (id, user_id, game_id, home_score, away_score, created_at, updated_at) VALUES (63, 16, 13, 3, 1, '2024-01-01 00:00:00', NULL);
INSERT INTO prediction (id, user_id, game_id, home_score, away_score, created_at, updated_at) VALUES (64, 9, 13, 3, 2, '2024-01-01 00:00:00', NULL);
INSERT INTO prediction (id, user_id, game_id, home_score, away_score, created_at, updated_at) VALUES (65, 19, 13, 3, 2, '2024-01-01 00:00:00', NULL);
INSERT INTO prediction (id, user_id, game_id, home_score, away_score, created_at, updated_at) VALUES (66, 13, 14, 3, 1, '2024-01-01 00:00:00', NULL);
INSERT INTO prediction (id, user_id, game_id, home_score, away_score, created_at, updated_at) VALUES (67, 8, 14, 3, 1, '2024-01-01 00:00:00', NULL);
INSERT INTO prediction (id, user_id, game_id, home_score, away_score, created_at, updated_at) VALUES (68, 16, 14, 4, 2, '2024-01-01 00:00:00', NULL);
INSERT INTO prediction (id, user_id, game_id, home_score, away_score, created_at, updated_at) VALUES (69, 9, 14, 3, 1, '2024-01-01 00:00:00', NULL);
INSERT INTO prediction (id, user_id, game_id, home_score, away_score, created_at, updated_at) VALUES (70, 19, 14, 4, 1, '2024-01-01 00:00:00', NULL);
INSERT INTO prediction (id, user_id, game_id, home_score, away_score, created_at, updated_at) VALUES (71, 13, 15, 3, 2, '2024-01-01 00:00:00', NULL);
INSERT INTO prediction (id, user_id, game_id, home_score, away_score, created_at, updated_at) VALUES (72, 8, 15, 4, 3, '2024-01-01 00:00:00', NULL);
INSERT INTO prediction (id, user_id, game_id, home_score, away_score, created_at, updated_at) VALUES (73, 16, 15, 2, 3, '2024-01-01 00:00:00', NULL);
INSERT INTO prediction (id, user_id, game_id, home_score, away_score, created_at, updated_at) VALUES (74, 9, 15, 3, 2, '2024-01-01 00:00:00', NULL);
INSERT INTO prediction (id, user_id, game_id, home_score, away_score, created_at, updated_at) VALUES (75, 19, 15, 2, 3, '2024-01-01 00:00:00', NULL);
INSERT INTO prediction (id, user_id, game_id, home_score, away_score, created_at, updated_at) VALUES (76, 13, 16, 1, 3, '2024-01-01 00:00:00', NULL);
INSERT INTO prediction (id, user_id, game_id, home_score, away_score, created_at, updated_at) VALUES (77, 8, 16, 1, 4, '2024-01-01 00:00:00', NULL);
INSERT INTO prediction (id, user_id, game_id, home_score, away_score, created_at, updated_at) VALUES (78, 16, 16, 3, 1, '2024-01-01 00:00:00', NULL);
INSERT INTO prediction (id, user_id, game_id, home_score, away_score, created_at, updated_at) VALUES (79, 9, 16, 2, 3, '2024-01-01 00:00:00', NULL);
INSERT INTO prediction (id, user_id, game_id, home_score, away_score, created_at, updated_at) VALUES (80, 19, 16, 2, 3, '2024-01-01 00:00:00', NULL);
INSERT INTO prediction (id, user_id, game_id, home_score, away_score, created_at, updated_at) VALUES (81, 13, 17, 1, 5, '2024-01-01 00:00:00', NULL);
INSERT INTO prediction (id, user_id, game_id, home_score, away_score, created_at, updated_at) VALUES (82, 8, 17, 2, 5, '2024-01-01 00:00:00', NULL);
INSERT INTO prediction (id, user_id, game_id, home_score, away_score, created_at, updated_at) VALUES (83, 16, 17, 1, 7, '2024-01-01 00:00:00', NULL);
INSERT INTO prediction (id, user_id, game_id, home_score, away_score, created_at, updated_at) VALUES (84, 9, 17, 2, 6, '2024-01-01 00:00:00', NULL);
INSERT INTO prediction (id, user_id, game_id, home_score, away_score, created_at, updated_at) VALUES (85, 19, 17, 1, 7, '2024-01-01 00:00:00', NULL);
INSERT INTO prediction (id, user_id, game_id, home_score, away_score, created_at, updated_at) VALUES (86, 13, 18, 1, 3, '2024-01-01 00:00:00', NULL);
INSERT INTO prediction (id, user_id, game_id, home_score, away_score, created_at, updated_at) VALUES (87, 8, 18, 2, 4, '2024-01-01 00:00:00', NULL);
INSERT INTO prediction (id, user_id, game_id, home_score, away_score, created_at, updated_at) VALUES (88, 16, 18, 1, 4, '2024-01-01 00:00:00', NULL);
INSERT INTO prediction (id, user_id, game_id, home_score, away_score, created_at, updated_at) VALUES (89, 9, 18, 2, 4, '2024-01-01 00:00:00', NULL);
INSERT INTO prediction (id, user_id, game_id, home_score, away_score, created_at, updated_at) VALUES (90, 19, 18, 2, 5, '2024-01-01 00:00:00', NULL);
INSERT INTO prediction (id, user_id, game_id, home_score, away_score, created_at, updated_at) VALUES (91, 13, 19, 2, 5, '2024-01-01 00:00:00', NULL);
INSERT INTO prediction (id, user_id, game_id, home_score, away_score, created_at, updated_at) VALUES (92, 8, 19, 2, 5, '2024-01-01 00:00:00', NULL);
INSERT INTO prediction (id, user_id, game_id, home_score, away_score, created_at, updated_at) VALUES (93, 16, 19, 2, 4, '2024-01-01 00:00:00', NULL);
INSERT INTO prediction (id, user_id, game_id, home_score, away_score, created_at, updated_at) VALUES (94, 9, 19, 2, 4, '2024-01-01 00:00:00', NULL);
INSERT INTO prediction (id, user_id, game_id, home_score, away_score, created_at, updated_at) VALUES (95, 19, 19, 2, 4, '2024-01-01 00:00:00', NULL);
INSERT INTO prediction (id, user_id, game_id, home_score, away_score, created_at, updated_at) VALUES (96, 13, 20, 1, 4, '2024-01-01 00:00:00', NULL);
INSERT INTO prediction (id, user_id, game_id, home_score, away_score, created_at, updated_at) VALUES (97, 8, 20, 2, 4, '2024-01-01 00:00:00', NULL);
INSERT INTO prediction (id, user_id, game_id, home_score, away_score, created_at, updated_at) VALUES (98, 16, 20, 2, 4, '2024-01-01 00:00:00', NULL);
INSERT INTO prediction (id, user_id, game_id, home_score, away_score, created_at, updated_at) VALUES (99, 9, 20, 1, 3, '2024-01-01 00:00:00', NULL);
INSERT INTO prediction (id, user_id, game_id, home_score, away_score, created_at, updated_at) VALUES (100, 19, 20, 1, 3, '2024-01-01 00:00:00', NULL);
INSERT INTO prediction (id, user_id, game_id, home_score, away_score, created_at, updated_at) VALUES (101, 13, 21, 1, 2, '2024-01-01 00:00:00', NULL);
INSERT INTO prediction (id, user_id, game_id, home_score, away_score, created_at, updated_at) VALUES (102, 8, 21, 2, 4, '2024-01-01 00:00:00', NULL);
INSERT INTO prediction (id, user_id, game_id, home_score, away_score, created_at, updated_at) VALUES (103, 16, 21, 1, 4, '2024-01-01 00:00:00', NULL);
INSERT INTO prediction (id, user_id, game_id, home_score, away_score, created_at, updated_at) VALUES (104, 9, 21, 1, 4, '2024-01-01 00:00:00', NULL);
INSERT INTO prediction (id, user_id, game_id, home_score, away_score, created_at, updated_at) VALUES (105, 19, 21, 1, 3, '2024-01-01 00:00:00', NULL);
INSERT INTO prediction (id, user_id, game_id, home_score, away_score, created_at, updated_at) VALUES (106, 13, 22, 5, 4, '2024-01-01 00:00:00', NULL);
INSERT INTO prediction (id, user_id, game_id, home_score, away_score, created_at, updated_at) VALUES (107, 8, 22, 2, 3, '2024-01-01 00:00:00', NULL);
INSERT INTO prediction (id, user_id, game_id, home_score, away_score, created_at, updated_at) VALUES (108, 16, 22, 2, 4, '2024-01-01 00:00:00', NULL);
INSERT INTO prediction (id, user_id, game_id, home_score, away_score, created_at, updated_at) VALUES (109, 9, 22, 3, 2, '2024-01-01 00:00:00', NULL);
INSERT INTO prediction (id, user_id, game_id, home_score, away_score, created_at, updated_at) VALUES (110, 19, 22, 2, 3, '2024-01-01 00:00:00', NULL);
INSERT INTO prediction (id, user_id, game_id, home_score, away_score, created_at, updated_at) VALUES (111, 13, 23, 3, 2, '2024-01-01 00:00:00', NULL);
INSERT INTO prediction (id, user_id, game_id, home_score, away_score, created_at, updated_at) VALUES (112, 8, 23, 3, 1, '2024-01-01 00:00:00', NULL);
INSERT INTO prediction (id, user_id, game_id, home_score, away_score, created_at, updated_at) VALUES (113, 16, 23, 3, 2, '2024-01-01 00:00:00', NULL);
INSERT INTO prediction (id, user_id, game_id, home_score, away_score, created_at, updated_at) VALUES (114, 9, 23, 3, 1, '2024-01-01 00:00:00', NULL);
INSERT INTO prediction (id, user_id, game_id, home_score, away_score, created_at, updated_at) VALUES (115, 19, 23, 3, 2, '2024-01-01 00:00:00', NULL);
INSERT INTO prediction (id, user_id, game_id, home_score, away_score, created_at, updated_at) VALUES (116, 13, 24, 4, 2, '2024-01-01 00:00:00', NULL);
INSERT INTO prediction (id, user_id, game_id, home_score, away_score, created_at, updated_at) VALUES (117, 8, 24, 4, 3, '2024-01-01 00:00:00', NULL);
INSERT INTO prediction (id, user_id, game_id, home_score, away_score, created_at, updated_at) VALUES (118, 16, 24, 4, 3, '2024-01-01 00:00:00', NULL);
INSERT INTO prediction (id, user_id, game_id, home_score, away_score, created_at, updated_at) VALUES (119, 9, 24, 4, 2, '2024-01-01 00:00:00', NULL);
INSERT INTO prediction (id, user_id, game_id, home_score, away_score, created_at, updated_at) VALUES (120, 19, 24, 3, 2, '2024-01-01 00:00:00', NULL);
INSERT INTO prediction (id, user_id, game_id, home_score, away_score, created_at, updated_at) VALUES (121, 13, 25, 4, 1, '2024-01-01 00:00:00', NULL);
INSERT INTO prediction (id, user_id, game_id, home_score, away_score, created_at, updated_at) VALUES (122, 8, 25, 6, 1, '2024-01-01 00:00:00', NULL);
INSERT INTO prediction (id, user_id, game_id, home_score, away_score, created_at, updated_at) VALUES (123, 16, 25, 5, 1, '2024-01-01 00:00:00', NULL);
INSERT INTO prediction (id, user_id, game_id, home_score, away_score, created_at, updated_at) VALUES (124, 9, 25, 5, 1, '2024-01-01 00:00:00', NULL);
INSERT INTO prediction (id, user_id, game_id, home_score, away_score, created_at, updated_at) VALUES (125, 19, 25, 6, 1, '2024-01-01 00:00:00', NULL);
INSERT INTO prediction (id, user_id, game_id, home_score, away_score, created_at, updated_at) VALUES (126, 13, 26, 3, 2, '2024-01-01 00:00:00', NULL);
INSERT INTO prediction (id, user_id, game_id, home_score, away_score, created_at, updated_at) VALUES (127, 8, 26, 3, 2, '2024-01-01 00:00:00', NULL);
INSERT INTO prediction (id, user_id, game_id, home_score, away_score, created_at, updated_at) VALUES (128, 16, 26, 3, 2, '2024-01-01 00:00:00', NULL);
INSERT INTO prediction (id, user_id, game_id, home_score, away_score, created_at, updated_at) VALUES (129, 9, 26, 2, 3, '2024-01-01 00:00:00', NULL);
INSERT INTO prediction (id, user_id, game_id, home_score, away_score, created_at, updated_at) VALUES (130, 19, 26, 3, 2, '2024-01-01 00:00:00', NULL);
INSERT INTO prediction (id, user_id, game_id, home_score, away_score, created_at, updated_at) VALUES (131, 13, 27, 1, 3, '2024-01-01 00:00:00', NULL);
INSERT INTO prediction (id, user_id, game_id, home_score, away_score, created_at, updated_at) VALUES (132, 8, 27, 2, 4, '2024-01-01 00:00:00', NULL);
INSERT INTO prediction (id, user_id, game_id, home_score, away_score, created_at, updated_at) VALUES (133, 16, 27, 3, 2, '2024-01-01 00:00:00', NULL);
INSERT INTO prediction (id, user_id, game_id, home_score, away_score, created_at, updated_at) VALUES (134, 9, 27, 2, 3, '2024-01-01 00:00:00', NULL);
INSERT INTO prediction (id, user_id, game_id, home_score, away_score, created_at, updated_at) VALUES (135, 19, 27, 2, 3, '2024-01-01 00:00:00', NULL);
INSERT INTO prediction (id, user_id, game_id, home_score, away_score, created_at, updated_at) VALUES (136, 13, 28, 3, 0, '2024-01-01 00:00:00', NULL);
INSERT INTO prediction (id, user_id, game_id, home_score, away_score, created_at, updated_at) VALUES (137, 8, 28, 3, 1, '2024-01-01 00:00:00', NULL);
INSERT INTO prediction (id, user_id, game_id, home_score, away_score, created_at, updated_at) VALUES (138, 16, 28, 4, 0, '2024-01-01 00:00:00', NULL);
INSERT INTO prediction (id, user_id, game_id, home_score, away_score, created_at, updated_at) VALUES (139, 9, 28, 3, 1, '2024-01-01 00:00:00', NULL);
INSERT INTO prediction (id, user_id, game_id, home_score, away_score, created_at, updated_at) VALUES (140, 19, 28, 4, 1, '2024-01-01 00:00:00', NULL);
INSERT INTO prediction (id, user_id, game_id, home_score, away_score, created_at, updated_at) VALUES (141, 13, 29, 5, 2, '2024-01-01 00:00:00', NULL);
INSERT INTO prediction (id, user_id, game_id, home_score, away_score, created_at, updated_at) VALUES (142, 8, 29, 8, 1, '2024-01-01 00:00:00', NULL);
INSERT INTO prediction (id, user_id, game_id, home_score, away_score, created_at, updated_at) VALUES (143, 16, 29, 7, 2, '2024-01-01 00:00:00', NULL);
INSERT INTO prediction (id, user_id, game_id, home_score, away_score, created_at, updated_at) VALUES (144, 9, 29, 6, 0, '2024-01-01 00:00:00', NULL);
INSERT INTO prediction (id, user_id, game_id, home_score, away_score, created_at, updated_at) VALUES (145, 19, 29, 5, 1, '2024-01-01 00:00:00', NULL);
INSERT INTO prediction (id, user_id, game_id, home_score, away_score, created_at, updated_at) VALUES (146, 13, 30, 3, 2, '2024-01-01 00:00:00', NULL);
INSERT INTO prediction (id, user_id, game_id, home_score, away_score, created_at, updated_at) VALUES (147, 8, 30, 4, 2, '2024-01-01 00:00:00', NULL);
INSERT INTO prediction (id, user_id, game_id, home_score, away_score, created_at, updated_at) VALUES (148, 16, 30, 5, 2, '2024-01-01 00:00:00', NULL);
INSERT INTO prediction (id, user_id, game_id, home_score, away_score, created_at, updated_at) VALUES (149, 9, 30, 4, 2, '2024-01-01 00:00:00', NULL);
INSERT INTO prediction (id, user_id, game_id, home_score, away_score, created_at, updated_at) VALUES (150, 19, 30, 5, 1, '2024-01-01 00:00:00', NULL);
INSERT INTO prediction (id, user_id, game_id, home_score, away_score, created_at, updated_at) VALUES (151, 13, 31, 3, 2, '2024-01-01 00:00:00', NULL);
INSERT INTO prediction (id, user_id, game_id, home_score, away_score, created_at, updated_at) VALUES (152, 8, 31, 4, 1, '2024-01-01 00:00:00', NULL);
INSERT INTO prediction (id, user_id, game_id, home_score, away_score, created_at, updated_at) VALUES (153, 16, 31, 5, 1, '2024-01-01 00:00:00', NULL);
INSERT INTO prediction (id, user_id, game_id, home_score, away_score, created_at, updated_at) VALUES (154, 9, 31, 4, 2, '2024-01-01 00:00:00', NULL);
INSERT INTO prediction (id, user_id, game_id, home_score, away_score, created_at, updated_at) VALUES (155, 19, 31, 4, 2, '2024-01-01 00:00:00', NULL);
INSERT INTO prediction (id, user_id, game_id, home_score, away_score, created_at, updated_at) VALUES (156, 13, 32, 4, 1, '2024-01-01 00:00:00', NULL);
INSERT INTO prediction (id, user_id, game_id, home_score, away_score, created_at, updated_at) VALUES (157, 8, 32, 5, 1, '2024-01-01 00:00:00', NULL);
INSERT INTO prediction (id, user_id, game_id, home_score, away_score, created_at, updated_at) VALUES (158, 16, 32, 5, 0, '2024-01-01 00:00:00', NULL);
INSERT INTO prediction (id, user_id, game_id, home_score, away_score, created_at, updated_at) VALUES (159, 9, 32, 6, 1, '2024-01-01 00:00:00', NULL);
INSERT INTO prediction (id, user_id, game_id, home_score, away_score, created_at, updated_at) VALUES (160, 19, 32, 7, 1, '2024-01-01 00:00:00', NULL);
INSERT INTO prediction (id, user_id, game_id, home_score, away_score, created_at, updated_at) VALUES (161, 13, 33, 4, 1, '2024-01-01 00:00:00', NULL);
INSERT INTO prediction (id, user_id, game_id, home_score, away_score, created_at, updated_at) VALUES (162, 8, 33, 3, 0, '2024-01-01 00:00:00', NULL);
INSERT INTO prediction (id, user_id, game_id, home_score, away_score, created_at, updated_at) VALUES (163, 16, 33, 3, 1, '2024-01-01 00:00:00', NULL);
INSERT INTO prediction (id, user_id, game_id, home_score, away_score, created_at, updated_at) VALUES (164, 9, 33, 5, 1, '2024-01-01 00:00:00', NULL);
INSERT INTO prediction (id, user_id, game_id, home_score, away_score, created_at, updated_at) VALUES (165, 19, 33, 4, 1, '2024-01-01 00:00:00', NULL);
INSERT INTO prediction (id, user_id, game_id, home_score, away_score, created_at, updated_at) VALUES (166, 13, 34, 5, 1, '2024-01-01 00:00:00', NULL);
INSERT INTO prediction (id, user_id, game_id, home_score, away_score, created_at, updated_at) VALUES (167, 8, 34, 4, 1, '2024-01-01 00:00:00', NULL);
INSERT INTO prediction (id, user_id, game_id, home_score, away_score, created_at, updated_at) VALUES (168, 16, 34, 6, 2, '2024-01-01 00:00:00', NULL);
INSERT INTO prediction (id, user_id, game_id, home_score, away_score, created_at, updated_at) VALUES (169, 9, 34, 4, 2, '2024-01-01 00:00:00', NULL);
INSERT INTO prediction (id, user_id, game_id, home_score, away_score, created_at, updated_at) VALUES (170, 19, 34, 5, 2, '2024-01-01 00:00:00', NULL);
INSERT INTO prediction (id, user_id, game_id, home_score, away_score, created_at, updated_at) VALUES (171, 13, 35, 2, 3, '2024-01-01 00:00:00', NULL);
INSERT INTO prediction (id, user_id, game_id, home_score, away_score, created_at, updated_at) VALUES (172, 8, 35, 1, 3, '2024-01-01 00:00:00', NULL);
INSERT INTO prediction (id, user_id, game_id, home_score, away_score, created_at, updated_at) VALUES (173, 16, 35, 2, 3, '2024-01-01 00:00:00', NULL);
INSERT INTO prediction (id, user_id, game_id, home_score, away_score, created_at, updated_at) VALUES (174, 9, 35, 2, 3, '2024-01-01 00:00:00', NULL);
INSERT INTO prediction (id, user_id, game_id, home_score, away_score, created_at, updated_at) VALUES (175, 19, 35, 2, 3, '2024-01-01 00:00:00', NULL);
INSERT INTO prediction (id, user_id, game_id, home_score, away_score, created_at, updated_at) VALUES (176, 13, 36, 4, 3, '2024-01-01 00:00:00', NULL);
INSERT INTO prediction (id, user_id, game_id, home_score, away_score, created_at, updated_at) VALUES (177, 8, 36, 3, 2, '2024-01-01 00:00:00', NULL);
INSERT INTO prediction (id, user_id, game_id, home_score, away_score, created_at, updated_at) VALUES (178, 16, 36, 3, 1, '2024-01-01 00:00:00', NULL);
INSERT INTO prediction (id, user_id, game_id, home_score, away_score, created_at, updated_at) VALUES (179, 9, 36, 3, 2, '2024-01-01 00:00:00', NULL);
INSERT INTO prediction (id, user_id, game_id, home_score, away_score, created_at, updated_at) VALUES (180, 19, 36, 3, 2, '2024-01-01 00:00:00', NULL);
INSERT INTO prediction (id, user_id, game_id, home_score, away_score, created_at, updated_at) VALUES (181, 13, 37, 2, 4, '2024-01-01 00:00:00', NULL);
INSERT INTO prediction (id, user_id, game_id, home_score, away_score, created_at, updated_at) VALUES (182, 8, 37, 2, 4, '2024-01-01 00:00:00', NULL);
INSERT INTO prediction (id, user_id, game_id, home_score, away_score, created_at, updated_at) VALUES (183, 9, 37, 1, 3, '2024-01-01 00:00:00', NULL);
INSERT INTO prediction (id, user_id, game_id, home_score, away_score, created_at, updated_at) VALUES (184, 19, 37, 1, 3, '2024-01-01 00:00:00', NULL);
INSERT INTO prediction (id, user_id, game_id, home_score, away_score, created_at, updated_at) VALUES (185, 13, 38, 2, 3, '2024-01-01 00:00:00', NULL);
INSERT INTO prediction (id, user_id, game_id, home_score, away_score, created_at, updated_at) VALUES (186, 8, 38, 1, 2, '2024-01-01 00:00:00', NULL);
INSERT INTO prediction (id, user_id, game_id, home_score, away_score, created_at, updated_at) VALUES (187, 9, 38, 1, 2, '2024-01-01 00:00:00', NULL);
INSERT INTO prediction (id, user_id, game_id, home_score, away_score, created_at, updated_at) VALUES (188, 19, 38, 1, 2, '2024-01-01 00:00:00', NULL);
INSERT INTO prediction (id, user_id, game_id, home_score, away_score, created_at, updated_at) VALUES (189, 13, 39, 4, 2, '2024-01-01 00:00:00', NULL);
INSERT INTO prediction (id, user_id, game_id, home_score, away_score, created_at, updated_at) VALUES (190, 8, 39, 4, 1, '2024-01-01 00:00:00', NULL);
INSERT INTO prediction (id, user_id, game_id, home_score, away_score, created_at, updated_at) VALUES (191, 16, 39, 6, 2, '2024-01-01 00:00:00', NULL);
INSERT INTO prediction (id, user_id, game_id, home_score, away_score, created_at, updated_at) VALUES (192, 9, 39, 6, 1, '2024-01-01 00:00:00', NULL);
INSERT INTO prediction (id, user_id, game_id, home_score, away_score, created_at, updated_at) VALUES (193, 19, 39, 4, 1, '2024-01-01 00:00:00', NULL);
INSERT INTO prediction (id, user_id, game_id, home_score, away_score, created_at, updated_at) VALUES (194, 13, 40, 2, 1, '2024-01-01 00:00:00', NULL);
INSERT INTO prediction (id, user_id, game_id, home_score, away_score, created_at, updated_at) VALUES (195, 8, 40, 2, 3, '2024-01-01 00:00:00', NULL);
INSERT INTO prediction (id, user_id, game_id, home_score, away_score, created_at, updated_at) VALUES (196, 16, 40, 2, 1, '2024-01-01 00:00:00', NULL);
INSERT INTO prediction (id, user_id, game_id, home_score, away_score, created_at, updated_at) VALUES (197, 9, 40, 3, 2, '2024-01-01 00:00:00', NULL);
INSERT INTO prediction (id, user_id, game_id, home_score, away_score, created_at, updated_at) VALUES (198, 19, 40, 2, 3, '2024-01-01 00:00:00', NULL);
INSERT INTO prediction (id, user_id, game_id, home_score, away_score, created_at, updated_at) VALUES (199, 13, 41, 2, 5, '2024-01-01 00:00:00', NULL);
INSERT INTO prediction (id, user_id, game_id, home_score, away_score, created_at, updated_at) VALUES (200, 8, 41, 1, 4, '2024-01-01 00:00:00', NULL);
INSERT INTO prediction (id, user_id, game_id, home_score, away_score, created_at, updated_at) VALUES (201, 16, 41, 1, 3, '2024-01-01 00:00:00', NULL);
INSERT INTO prediction (id, user_id, game_id, home_score, away_score, created_at, updated_at) VALUES (202, 9, 41, 1, 3, '2024-01-01 00:00:00', NULL);
INSERT INTO prediction (id, user_id, game_id, home_score, away_score, created_at, updated_at) VALUES (203, 19, 41, 1, 3, '2024-01-01 00:00:00', NULL);
INSERT INTO prediction (id, user_id, game_id, home_score, away_score, created_at, updated_at) VALUES (204, 13, 42, 6, 2, '2024-01-01 00:00:00', NULL);
INSERT INTO prediction (id, user_id, game_id, home_score, away_score, created_at, updated_at) VALUES (205, 8, 42, 5, 1, '2024-01-01 00:00:00', NULL);
INSERT INTO prediction (id, user_id, game_id, home_score, away_score, created_at, updated_at) VALUES (206, 16, 42, 5, 2, '2024-01-01 00:00:00', NULL);
INSERT INTO prediction (id, user_id, game_id, home_score, away_score, created_at, updated_at) VALUES (207, 9, 42, 5, 1, '2024-01-01 00:00:00', NULL);
INSERT INTO prediction (id, user_id, game_id, home_score, away_score, created_at, updated_at) VALUES (208, 19, 42, 4, 1, '2024-01-01 00:00:00', NULL);
INSERT INTO prediction (id, user_id, game_id, home_score, away_score, created_at, updated_at) VALUES (209, 13, 43, 2, 3, '2024-01-01 00:00:00', NULL);
INSERT INTO prediction (id, user_id, game_id, home_score, away_score, created_at, updated_at) VALUES (210, 8, 43, 1, 4, '2024-01-01 00:00:00', NULL);
INSERT INTO prediction (id, user_id, game_id, home_score, away_score, created_at, updated_at) VALUES (211, 16, 43, 2, 5, '2024-01-01 00:00:00', NULL);
INSERT INTO prediction (id, user_id, game_id, home_score, away_score, created_at, updated_at) VALUES (212, 9, 43, 1, 4, '2024-01-01 00:00:00', NULL);
INSERT INTO prediction (id, user_id, game_id, home_score, away_score, created_at, updated_at) VALUES (213, 19, 43, 1, 3, '2024-01-01 00:00:00', NULL);
INSERT INTO prediction (id, user_id, game_id, home_score, away_score, created_at, updated_at) VALUES (214, 13, 44, 3, 5, '2024-01-01 00:00:00', NULL);
INSERT INTO prediction (id, user_id, game_id, home_score, away_score, created_at, updated_at) VALUES (215, 8, 44, 2, 3, '2024-01-01 00:00:00', NULL);
INSERT INTO prediction (id, user_id, game_id, home_score, away_score, created_at, updated_at) VALUES (216, 16, 44, 1, 4, '2024-01-01 00:00:00', NULL);
INSERT INTO prediction (id, user_id, game_id, home_score, away_score, created_at, updated_at) VALUES (217, 9, 44, 2, 4, '2024-01-01 00:00:00', NULL);
INSERT INTO prediction (id, user_id, game_id, home_score, away_score, created_at, updated_at) VALUES (218, 19, 44, 2, 4, '2024-01-01 00:00:00', NULL);
INSERT INTO prediction (id, user_id, game_id, home_score, away_score, created_at, updated_at) VALUES (219, 13, 45, 1, 4, '2024-01-01 00:00:00', NULL);
INSERT INTO prediction (id, user_id, game_id, home_score, away_score, created_at, updated_at) VALUES (220, 8, 45, 1, 4, '2024-01-01 00:00:00', NULL);
INSERT INTO prediction (id, user_id, game_id, home_score, away_score, created_at, updated_at) VALUES (221, 16, 45, 0, 3, '2024-01-01 00:00:00', NULL);
INSERT INTO prediction (id, user_id, game_id, home_score, away_score, created_at, updated_at) VALUES (222, 9, 45, 0, 5, '2024-01-01 00:00:00', NULL);
INSERT INTO prediction (id, user_id, game_id, home_score, away_score, created_at, updated_at) VALUES (223, 19, 45, 2, 4, '2024-01-01 00:00:00', NULL);
INSERT INTO prediction (id, user_id, game_id, home_score, away_score, created_at, updated_at) VALUES (224, 13, 46, 1, 3, '2024-01-01 00:00:00', NULL);
INSERT INTO prediction (id, user_id, game_id, home_score, away_score, created_at, updated_at) VALUES (225, 8, 46, 3, 1, '2024-01-01 00:00:00', NULL);
INSERT INTO prediction (id, user_id, game_id, home_score, away_score, created_at, updated_at) VALUES (226, 16, 46, 3, 2, '2024-01-01 00:00:00', NULL);
INSERT INTO prediction (id, user_id, game_id, home_score, away_score, created_at, updated_at) VALUES (227, 9, 46, 2, 3, '2024-01-01 00:00:00', NULL);
INSERT INTO prediction (id, user_id, game_id, home_score, away_score, created_at, updated_at) VALUES (228, 19, 46, 2, 3, '2024-01-01 00:00:00', NULL);
INSERT INTO prediction (id, user_id, game_id, home_score, away_score, created_at, updated_at) VALUES (229, 13, 47, 4, 2, '2024-01-01 00:00:00', NULL);
INSERT INTO prediction (id, user_id, game_id, home_score, away_score, created_at, updated_at) VALUES (230, 8, 47, 3, 1, '2024-01-01 00:00:00', NULL);
INSERT INTO prediction (id, user_id, game_id, home_score, away_score, created_at, updated_at) VALUES (231, 16, 47, 3, 1, '2024-01-01 00:00:00', NULL);
INSERT INTO prediction (id, user_id, game_id, home_score, away_score, created_at, updated_at) VALUES (232, 9, 47, 4, 2, '2024-01-01 00:00:00', NULL);
INSERT INTO prediction (id, user_id, game_id, home_score, away_score, created_at, updated_at) VALUES (233, 19, 47, 3, 1, '2024-01-01 00:00:00', NULL);
INSERT INTO prediction (id, user_id, game_id, home_score, away_score, created_at, updated_at) VALUES (234, 13, 48, 3, 1, '2024-01-01 00:00:00', NULL);
INSERT INTO prediction (id, user_id, game_id, home_score, away_score, created_at, updated_at) VALUES (235, 8, 48, 4, 0, '2024-01-01 00:00:00', NULL);
INSERT INTO prediction (id, user_id, game_id, home_score, away_score, created_at, updated_at) VALUES (236, 16, 48, 6, 2, '2024-01-01 00:00:00', NULL);
INSERT INTO prediction (id, user_id, game_id, home_score, away_score, created_at, updated_at) VALUES (237, 9, 48, 6, 1, '2024-01-01 00:00:00', NULL);
INSERT INTO prediction (id, user_id, game_id, home_score, away_score, created_at, updated_at) VALUES (238, 19, 48, 5, 1, '2024-01-01 00:00:00', NULL);
INSERT INTO prediction (id, user_id, game_id, home_score, away_score, created_at, updated_at) VALUES (239, 13, 49, 3, 2, '2024-01-01 00:00:00', NULL);
INSERT INTO prediction (id, user_id, game_id, home_score, away_score, created_at, updated_at) VALUES (240, 8, 49, 4, 1, '2024-01-01 00:00:00', NULL);
INSERT INTO prediction (id, user_id, game_id, home_score, away_score, created_at, updated_at) VALUES (241, 16, 49, 5, 2, '2024-01-01 00:00:00', NULL);
INSERT INTO prediction (id, user_id, game_id, home_score, away_score, created_at, updated_at) VALUES (242, 9, 49, 4, 2, '2024-01-01 00:00:00', NULL);
INSERT INTO prediction (id, user_id, game_id, home_score, away_score, created_at, updated_at) VALUES (243, 19, 49, 4, 2, '2024-01-01 00:00:00', NULL);
INSERT INTO prediction (id, user_id, game_id, home_score, away_score, created_at, updated_at) VALUES (244, 13, 50, 4, 1, '2024-01-01 00:00:00', NULL);
INSERT INTO prediction (id, user_id, game_id, home_score, away_score, created_at, updated_at) VALUES (245, 8, 50, 3, 2, '2024-01-01 00:00:00', NULL);
INSERT INTO prediction (id, user_id, game_id, home_score, away_score, created_at, updated_at) VALUES (246, 16, 50, 4, 1, '2024-01-01 00:00:00', NULL);
INSERT INTO prediction (id, user_id, game_id, home_score, away_score, created_at, updated_at) VALUES (247, 9, 50, 4, 2, '2024-01-01 00:00:00', NULL);
INSERT INTO prediction (id, user_id, game_id, home_score, away_score, created_at, updated_at) VALUES (248, 19, 50, 3, 1, '2024-01-01 00:00:00', NULL);
INSERT INTO prediction (id, user_id, game_id, home_score, away_score, created_at, updated_at) VALUES (249, 13, 51, 4, 2, '2024-01-01 00:00:00', NULL);
INSERT INTO prediction (id, user_id, game_id, home_score, away_score, created_at, updated_at) VALUES (250, 8, 51, 4, 1, '2024-01-01 00:00:00', NULL);
INSERT INTO prediction (id, user_id, game_id, home_score, away_score, created_at, updated_at) VALUES (251, 16, 51, 5, 1, '2024-01-01 00:00:00', NULL);
INSERT INTO prediction (id, user_id, game_id, home_score, away_score, created_at, updated_at) VALUES (252, 9, 51, 6, 0, '2024-01-01 00:00:00', NULL);
INSERT INTO prediction (id, user_id, game_id, home_score, away_score, created_at, updated_at) VALUES (253, 19, 51, 5, 1, '2024-01-01 00:00:00', NULL);
INSERT INTO prediction (id, user_id, game_id, home_score, away_score, created_at, updated_at) VALUES (254, 13, 52, 2, 3, '2024-01-01 00:00:00', NULL);
INSERT INTO prediction (id, user_id, game_id, home_score, away_score, created_at, updated_at) VALUES (255, 8, 52, 1, 3, '2024-01-01 00:00:00', NULL);
INSERT INTO prediction (id, user_id, game_id, home_score, away_score, created_at, updated_at) VALUES (256, 16, 52, 2, 3, '2024-01-01 00:00:00', NULL);
INSERT INTO prediction (id, user_id, game_id, home_score, away_score, created_at, updated_at) VALUES (257, 9, 52, 2, 4, '2024-01-01 00:00:00', NULL);
INSERT INTO prediction (id, user_id, game_id, home_score, away_score, created_at, updated_at) VALUES (258, 19, 52, 2, 3, '2024-01-01 00:00:00', NULL);
INSERT INTO prediction (id, user_id, game_id, home_score, away_score, created_at, updated_at) VALUES (259, 13, 53, 4, 2, '2024-01-01 00:00:00', NULL);
INSERT INTO prediction (id, user_id, game_id, home_score, away_score, created_at, updated_at) VALUES (260, 8, 53, 4, 2, '2024-01-01 00:00:00', NULL);
INSERT INTO prediction (id, user_id, game_id, home_score, away_score, created_at, updated_at) VALUES (261, 16, 53, 5, 4, '2024-01-01 00:00:00', NULL);
INSERT INTO prediction (id, user_id, game_id, home_score, away_score, created_at, updated_at) VALUES (262, 9, 53, 5, 2, '2024-01-01 00:00:00', NULL);
INSERT INTO prediction (id, user_id, game_id, home_score, away_score, created_at, updated_at) VALUES (263, 19, 53, 4, 3, '2024-01-01 00:00:00', NULL);
INSERT INTO prediction (id, user_id, game_id, home_score, away_score, created_at, updated_at) VALUES (264, 13, 54, 4, 2, '2024-01-01 00:00:00', NULL);
INSERT INTO prediction (id, user_id, game_id, home_score, away_score, created_at, updated_at) VALUES (265, 8, 54, 3, 2, '2024-01-01 00:00:00', NULL);
INSERT INTO prediction (id, user_id, game_id, home_score, away_score, created_at, updated_at) VALUES (266, 16, 54, 5, 3, '2024-01-01 00:00:00', NULL);
INSERT INTO prediction (id, user_id, game_id, home_score, away_score, created_at, updated_at) VALUES (267, 9, 54, 4, 2, '2024-01-01 00:00:00', NULL);
INSERT INTO prediction (id, user_id, game_id, home_score, away_score, created_at, updated_at) VALUES (268, 19, 54, 4, 3, '2024-01-01 00:00:00', NULL);
INSERT INTO prediction (id, user_id, game_id, home_score, away_score, created_at, updated_at) VALUES (269, 13, 55, 4, 3, '2024-01-01 00:00:00', NULL);
INSERT INTO prediction (id, user_id, game_id, home_score, away_score, created_at, updated_at) VALUES (270, 8, 55, 3, 2, '2024-01-01 00:00:00', NULL);
INSERT INTO prediction (id, user_id, game_id, home_score, away_score, created_at, updated_at) VALUES (271, 16, 55, 2, 4, '2024-01-01 00:00:00', NULL);
INSERT INTO prediction (id, user_id, game_id, home_score, away_score, created_at, updated_at) VALUES (272, 9, 55, 2, 3, '2024-01-01 00:00:00', NULL);
INSERT INTO prediction (id, user_id, game_id, home_score, away_score, created_at, updated_at) VALUES (273, 19, 55, 3, 2, '2024-01-01 00:00:00', NULL);
INSERT INTO prediction (id, user_id, game_id, home_score, away_score, created_at, updated_at) VALUES (274, 13, 56, 3, 2, '2024-01-01 00:00:00', NULL);
INSERT INTO prediction (id, user_id, game_id, home_score, away_score, created_at, updated_at) VALUES (275, 8, 56, 3, 1, '2024-01-01 00:00:00', NULL);
INSERT INTO prediction (id, user_id, game_id, home_score, away_score, created_at, updated_at) VALUES (276, 16, 56, 4, 2, '2024-01-01 00:00:00', NULL);
INSERT INTO prediction (id, user_id, game_id, home_score, away_score, created_at, updated_at) VALUES (277, 9, 56, 5, 1, '2024-01-01 00:00:00', NULL);
INSERT INTO prediction (id, user_id, game_id, home_score, away_score, created_at, updated_at) VALUES (278, 19, 56, 4, 2, '2024-01-01 00:00:00', NULL);
INSERT INTO prediction (id, user_id, game_id, home_score, away_score, created_at, updated_at) VALUES (279, 13, 57, 1, 3, '2024-01-01 00:00:00', NULL);
INSERT INTO prediction (id, user_id, game_id, home_score, away_score, created_at, updated_at) VALUES (280, 8, 57, 4, 3, '2024-01-01 00:00:00', NULL);
INSERT INTO prediction (id, user_id, game_id, home_score, away_score, created_at, updated_at) VALUES (281, 16, 57, 5, 2, '2024-01-01 00:00:00', NULL);
INSERT INTO prediction (id, user_id, game_id, home_score, away_score, created_at, updated_at) VALUES (282, 9, 57, 4, 1, '2024-01-01 00:00:00', NULL);
INSERT INTO prediction (id, user_id, game_id, home_score, away_score, created_at, updated_at) VALUES (283, 19, 57, 4, 3, '2024-01-01 00:00:00', NULL);
INSERT INTO prediction (id, user_id, game_id, home_score, away_score, created_at, updated_at) VALUES (284, 13, 58, 2, 3, '2024-01-01 00:00:00', NULL);
INSERT INTO prediction (id, user_id, game_id, home_score, away_score, created_at, updated_at) VALUES (285, 8, 58, 3, 1, '2024-01-01 00:00:00', NULL);
INSERT INTO prediction (id, user_id, game_id, home_score, away_score, created_at, updated_at) VALUES (286, 16, 58, 3, 4, '2024-01-01 00:00:00', NULL);
INSERT INTO prediction (id, user_id, game_id, home_score, away_score, created_at, updated_at) VALUES (287, 9, 58, 4, 2, '2024-01-01 00:00:00', NULL);
INSERT INTO prediction (id, user_id, game_id, home_score, away_score, created_at, updated_at) VALUES (288, 19, 58, 3, 4, '2024-01-01 00:00:00', NULL);
INSERT INTO prediction (id, user_id, game_id, home_score, away_score, created_at, updated_at) VALUES (289, 13, 59, 4, 3, '2024-01-01 00:00:00', NULL);
INSERT INTO prediction (id, user_id, game_id, home_score, away_score, created_at, updated_at) VALUES (290, 8, 59, 5, 2, '2024-01-01 00:00:00', NULL);
INSERT INTO prediction (id, user_id, game_id, home_score, away_score, created_at, updated_at) VALUES (291, 16, 59, 6, 2, '2024-01-01 00:00:00', NULL);
INSERT INTO prediction (id, user_id, game_id, home_score, away_score, created_at, updated_at) VALUES (292, 9, 59, 5, 0, '2024-01-01 00:00:00', NULL);
INSERT INTO prediction (id, user_id, game_id, home_score, away_score, created_at, updated_at) VALUES (293, 19, 59, 5, 2, '2024-01-01 00:00:00', NULL);
INSERT INTO prediction (id, user_id, game_id, home_score, away_score, created_at, updated_at) VALUES (294, 13, 60, 2, 5, '2024-01-01 00:00:00', NULL);
INSERT INTO prediction (id, user_id, game_id, home_score, away_score, created_at, updated_at) VALUES (295, 8, 60, 3, 4, '2024-01-01 00:00:00', NULL);
INSERT INTO prediction (id, user_id, game_id, home_score, away_score, created_at, updated_at) VALUES (296, 16, 60, 3, 6, '2024-01-01 00:00:00', NULL);
INSERT INTO prediction (id, user_id, game_id, home_score, away_score, created_at, updated_at) VALUES (297, 9, 60, 4, 3, '2024-01-01 00:00:00', NULL);
INSERT INTO prediction (id, user_id, game_id, home_score, away_score, created_at, updated_at) VALUES (298, 19, 60, 1, 3, '2024-01-01 00:00:00', NULL);
INSERT INTO prediction (id, user_id, game_id, home_score, away_score, created_at, updated_at) VALUES (299, 13, 61, 4, 2, '2024-01-01 00:00:00', NULL);
INSERT INTO prediction (id, user_id, game_id, home_score, away_score, created_at, updated_at) VALUES (300, 8, 61, 4, 3, '2024-01-01 00:00:00', NULL);
INSERT INTO prediction (id, user_id, game_id, home_score, away_score, created_at, updated_at) VALUES (301, 16, 61, 3, 2, '2024-01-01 00:00:00', NULL);
INSERT INTO prediction (id, user_id, game_id, home_score, away_score, created_at, updated_at) VALUES (302, 9, 61, 3, 4, '2024-01-01 00:00:00', NULL);
INSERT INTO prediction (id, user_id, game_id, home_score, away_score, created_at, updated_at) VALUES (303, 19, 61, 4, 3, '2024-01-01 00:00:00', NULL);
INSERT INTO prediction (id, user_id, game_id, home_score, away_score, created_at, updated_at) VALUES (304, 13, 62, 2, 3, '2024-01-01 00:00:00', NULL);
INSERT INTO prediction (id, user_id, game_id, home_score, away_score, created_at, updated_at) VALUES (305, 8, 62, 2, 1, '2024-01-01 00:00:00', NULL);
INSERT INTO prediction (id, user_id, game_id, home_score, away_score, created_at, updated_at) VALUES (306, 16, 62, 2, 4, '2024-01-01 00:00:00', NULL);
INSERT INTO prediction (id, user_id, game_id, home_score, away_score, created_at, updated_at) VALUES (307, 9, 62, 2, 3, '2024-01-01 00:00:00', NULL);
INSERT INTO prediction (id, user_id, game_id, home_score, away_score, created_at, updated_at) VALUES (308, 19, 62, 3, 4, '2024-01-01 00:00:00', NULL);
INSERT INTO prediction (id, user_id, game_id, home_score, away_score, created_at, updated_at) VALUES (309, 13, 63, 2, 3, '2024-01-01 00:00:00', NULL);
INSERT INTO prediction (id, user_id, game_id, home_score, away_score, created_at, updated_at) VALUES (310, 8, 63, 3, 1, '2024-01-01 00:00:00', NULL);
INSERT INTO prediction (id, user_id, game_id, home_score, away_score, created_at, updated_at) VALUES (311, 9, 63, 2, 3, '2024-01-01 00:00:00', NULL);
INSERT INTO prediction (id, user_id, game_id, home_score, away_score, created_at, updated_at) VALUES (312, 19, 63, 4, 3, '2024-01-01 00:00:00', NULL);
INSERT INTO prediction (id, user_id, game_id, home_score, away_score, created_at, updated_at) VALUES (313, 13, 64, 3, 4, '2024-01-01 00:00:00', NULL);
INSERT INTO prediction (id, user_id, game_id, home_score, away_score, created_at, updated_at) VALUES (314, 8, 64, 3, 2, '2024-01-01 00:00:00', NULL);
INSERT INTO prediction (id, user_id, game_id, home_score, away_score, created_at, updated_at) VALUES (315, 16, 64, 3, 4, '2024-01-01 00:00:00', NULL);
INSERT INTO prediction (id, user_id, game_id, home_score, away_score, created_at, updated_at) VALUES (316, 9, 64, 2, 4, '2024-01-01 00:00:00', NULL);
INSERT INTO prediction (id, user_id, game_id, home_score, away_score, created_at, updated_at) VALUES (317, 19, 64, 5, 3, '2024-01-01 00:00:00', NULL);
INSERT INTO special_bet_rule (id, tournament_id, name, value_type, scoring_type, points, sort_order, actual_team_value_id, actual_string_value, actual_int_value) VALUES (1, 1, 'Medaile - 1. místo', 'team', 'exact_match', 3.0, 0, NULL, NULL, NULL);
INSERT INTO special_bet (id, user_id, rule_id, team_value_id, string_value, int_value) VALUES (1, 13, 1, 6, NULL, NULL);
INSERT INTO special_bet (id, user_id, rule_id, team_value_id, string_value, int_value) VALUES (2, 8, 1, 6, NULL, NULL);
INSERT INTO special_bet (id, user_id, rule_id, team_value_id, string_value, int_value) VALUES (3, 16, 1, 6, NULL, NULL);
INSERT INTO special_bet (id, user_id, rule_id, team_value_id, string_value, int_value) VALUES (4, 9, 1, 23, NULL, NULL);
INSERT INTO special_bet (id, user_id, rule_id, team_value_id, string_value, int_value) VALUES (5, 19, 1, 4, NULL, NULL);
INSERT INTO special_bet_rule (id, tournament_id, name, value_type, scoring_type, points, sort_order, actual_team_value_id, actual_string_value, actual_int_value) VALUES (2, 1, 'Medaile - 2. místo', 'team', 'exact_match', 2.0, 1, NULL, NULL, NULL);
INSERT INTO special_bet (id, user_id, rule_id, team_value_id, string_value, int_value) VALUES (6, 13, 2, 4, NULL, NULL);
INSERT INTO special_bet (id, user_id, rule_id, team_value_id, string_value, int_value) VALUES (7, 8, 2, 19, NULL, NULL);
INSERT INTO special_bet (id, user_id, rule_id, team_value_id, string_value, int_value) VALUES (8, 16, 2, 4, NULL, NULL);
INSERT INTO special_bet (id, user_id, rule_id, team_value_id, string_value, int_value) VALUES (9, 9, 2, 19, NULL, NULL);
INSERT INTO special_bet (id, user_id, rule_id, team_value_id, string_value, int_value) VALUES (10, 19, 2, 23, NULL, NULL);
INSERT INTO special_bet_rule (id, tournament_id, name, value_type, scoring_type, points, sort_order, actual_team_value_id, actual_string_value, actual_int_value) VALUES (3, 1, 'Medaile - 3. místo', 'team', 'exact_match', 1.0, 2, NULL, NULL, NULL);
INSERT INTO special_bet (id, user_id, rule_id, team_value_id, string_value, int_value) VALUES (11, 13, 3, 8, NULL, NULL);
INSERT INTO special_bet (id, user_id, rule_id, team_value_id, string_value, int_value) VALUES (12, 8, 3, 4, NULL, NULL);
INSERT INTO special_bet (id, user_id, rule_id, team_value_id, string_value, int_value) VALUES (13, 16, 3, 19, NULL, NULL);
INSERT INTO special_bet (id, user_id, rule_id, team_value_id, string_value, int_value) VALUES (14, 9, 3, 6, NULL, NULL);
INSERT INTO special_bet (id, user_id, rule_id, team_value_id, string_value, int_value) VALUES (15, 19, 3, 6, NULL, NULL);

-- Tournament: MS 2018
INSERT INTO tournament (id, name, year, slug, status, created_at) VALUES (2, 'MS 2018', 2018, 'ms-2018', 'finished', '2024-01-01 00:00:00');
INSERT INTO rule_set (id, tournament_id, winner_base_points, wrong_opponent_bonus, exact_score_bonus, prizes) VALUES (2, 2, 1.0, 0.25, 2.0, '{"1": 300, "2": 150, "3": 50}');
INSERT INTO "match" (id, tournament_id, home_team_id, away_team_id, phase, played_at, home_score, away_score, is_finished) VALUES (65, 2, 19, 9, 'group_stage', '2021-05-04 16:15:00', 7, 0, true);
INSERT INTO "match" (id, tournament_id, home_team_id, away_team_id, phase, played_at, home_score, away_score, is_finished) VALUES (66, 2, 24, 4, 'group_stage', '2021-05-04 16:15:00', 5, 4, true);
INSERT INTO "match" (id, tournament_id, home_team_id, away_team_id, phase, played_at, home_score, away_score, is_finished) VALUES (67, 2, 23, 2, 'group_stage', '2021-05-04 20:15:00', 5, 0, true);
INSERT INTO "match" (id, tournament_id, home_team_id, away_team_id, phase, played_at, home_score, away_score, is_finished) VALUES (68, 2, 11, 7, 'group_stage', '2021-05-04 20:15:00', 2, 3, true);
INSERT INTO "match" (id, tournament_id, home_team_id, away_team_id, phase, played_at, home_score, away_score, is_finished) VALUES (69, 2, 21, 1, 'group_stage', '2021-05-05 12:15:00', 3, 2, true);
INSERT INTO "match" (id, tournament_id, home_team_id, away_team_id, phase, played_at, home_score, away_score, is_finished) VALUES (70, 2, 16, 15, 'group_stage', '2021-05-05 12:15:00', 2, 3, true);
INSERT INTO "match" (id, tournament_id, home_team_id, away_team_id, phase, played_at, home_score, away_score, is_finished) VALUES (71, 2, 9, 2, 'group_stage', '2021-05-05 16:15:00', 6, 2, true);
INSERT INTO "match" (id, tournament_id, home_team_id, away_team_id, phase, played_at, home_score, away_score, is_finished) VALUES (72, 2, 8, 18, 'group_stage', '2021-05-05 16:15:00', 8, 1, true);
INSERT INTO "match" (id, tournament_id, home_team_id, away_team_id, phase, played_at, home_score, away_score, is_finished) VALUES (73, 2, 6, 22, 'group_stage', '2021-05-05 20:15:00', 3, 2, true);
INSERT INTO "match" (id, tournament_id, home_team_id, away_team_id, phase, played_at, home_score, away_score, is_finished) VALUES (74, 2, 7, 24, 'group_stage', '2021-05-05 20:15:00', 0, 4, true);
INSERT INTO "match" (id, tournament_id, home_team_id, away_team_id, phase, played_at, home_score, away_score, is_finished) VALUES (75, 2, 1, 19, 'group_stage', '2021-05-06 12:15:00', 0, 7, true);
INSERT INTO "match" (id, tournament_id, home_team_id, away_team_id, phase, played_at, home_score, away_score, is_finished) VALUES (76, 2, 18, 4, 'group_stage', '2021-05-06 12:15:00', NULL, NULL, false);
INSERT INTO "match" (id, tournament_id, home_team_id, away_team_id, phase, played_at, home_score, away_score, is_finished) VALUES (77, 2, 23, 6, 'group_stage', '2021-05-06 16:15:00', 3, 2, true);
INSERT INTO "match" (id, tournament_id, home_team_id, away_team_id, phase, played_at, home_score, away_score, is_finished) VALUES (78, 2, 11, 16, 'group_stage', '2021-05-06 16:15:00', 4, 5, true);
INSERT INTO "match" (id, tournament_id, home_team_id, away_team_id, phase, played_at, home_score, away_score, is_finished) VALUES (79, 2, 22, 21, 'group_stage', '2021-05-06 20:15:00', 0, 2, true);
INSERT INTO "match" (id, tournament_id, home_team_id, away_team_id, phase, played_at, home_score, away_score, is_finished) VALUES (80, 2, 15, 8, 'group_stage', '2021-05-06 20:15:00', 1, 8, true);
INSERT INTO "match" (id, tournament_id, home_team_id, away_team_id, phase, played_at, home_score, away_score, is_finished) VALUES (81, 2, 2, 19, 'group_stage', '2021-05-07 16:15:00', 0, 6, true);
INSERT INTO "match" (id, tournament_id, home_team_id, away_team_id, phase, played_at, home_score, away_score, is_finished) VALUES (82, 2, 24, 11, 'group_stage', '2021-05-07 16:15:00', 3, 0, true);
INSERT INTO "match" (id, tournament_id, home_team_id, away_team_id, phase, played_at, home_score, away_score, is_finished) VALUES (83, 2, 23, 9, 'group_stage', '2021-05-07 20:15:00', 4, 0, true);
INSERT INTO "match" (id, tournament_id, home_team_id, away_team_id, phase, played_at, home_score, away_score, is_finished) VALUES (84, 2, 4, 7, 'group_stage', '2021-05-07 20:15:00', 7, 1, true);
INSERT INTO "match" (id, tournament_id, home_team_id, away_team_id, phase, played_at, home_score, away_score, is_finished) VALUES (85, 2, 1, 22, 'group_stage', '2021-05-08 16:15:00', 2, 4, true);
INSERT INTO "match" (id, tournament_id, home_team_id, away_team_id, phase, played_at, home_score, away_score, is_finished) VALUES (86, 2, 18, 15, 'group_stage', '2021-05-08 16:15:00', 0, 5, true);
INSERT INTO "match" (id, tournament_id, home_team_id, away_team_id, phase, played_at, home_score, away_score, is_finished) VALUES (87, 2, 6, 21, 'group_stage', '2021-05-08 20:15:00', 5, 4, true);
INSERT INTO "match" (id, tournament_id, home_team_id, away_team_id, phase, played_at, home_score, away_score, is_finished) VALUES (88, 2, 8, 16, 'group_stage', '2021-05-08 20:15:00', 7, 0, true);
INSERT INTO "match" (id, tournament_id, home_team_id, away_team_id, phase, played_at, home_score, away_score, is_finished) VALUES (89, 2, 21, 2, 'group_stage', '2021-05-09 16:15:00', 5, 2, true);
INSERT INTO "match" (id, tournament_id, home_team_id, away_team_id, phase, played_at, home_score, away_score, is_finished) VALUES (90, 2, 11, 18, 'group_stage', '2021-05-09 16:15:00', 6, 1, true);
INSERT INTO "match" (id, tournament_id, home_team_id, away_team_id, phase, played_at, home_score, away_score, is_finished) VALUES (91, 2, 23, 1, 'group_stage', '2021-05-09 20:15:00', 7, 0, true);
INSERT INTO "match" (id, tournament_id, home_team_id, away_team_id, phase, played_at, home_score, away_score, is_finished) VALUES (92, 2, 8, 7, 'group_stage', '2021-05-09 20:15:00', 2, 3, true);
INSERT INTO "match" (id, tournament_id, home_team_id, away_team_id, phase, played_at, home_score, away_score, is_finished) VALUES (93, 2, 22, 9, 'group_stage', '2021-05-10 16:15:00', 3, 1, true);
INSERT INTO "match" (id, tournament_id, home_team_id, away_team_id, phase, played_at, home_score, away_score, is_finished) VALUES (94, 2, 24, 15, 'group_stage', '2021-05-10 16:15:00', 3, 2, true);
INSERT INTO "match" (id, tournament_id, home_team_id, away_team_id, phase, played_at, home_score, away_score, is_finished) VALUES (95, 2, 6, 19, 'group_stage', '2021-05-10 20:15:00', 4, 3, true);
INSERT INTO "match" (id, tournament_id, home_team_id, away_team_id, phase, played_at, home_score, away_score, is_finished) VALUES (96, 2, 16, 4, 'group_stage', '2021-05-10 20:15:00', 0, 5, true);
INSERT INTO "match" (id, tournament_id, home_team_id, away_team_id, phase, played_at, home_score, away_score, is_finished) VALUES (97, 2, 9, 1, 'group_stage', '2021-05-11 16:15:00', 5, 2, true);
INSERT INTO "match" (id, tournament_id, home_team_id, away_team_id, phase, played_at, home_score, away_score, is_finished) VALUES (98, 2, 7, 16, 'group_stage', '2021-05-11 16:15:00', 3, 0, true);
INSERT INTO "match" (id, tournament_id, home_team_id, away_team_id, phase, played_at, home_score, away_score, is_finished) VALUES (99, 2, 2, 6, 'group_stage', '2021-05-11 20:15:00', 0, 3, true);
INSERT INTO "match" (id, tournament_id, home_team_id, away_team_id, phase, played_at, home_score, away_score, is_finished) VALUES (100, 2, 24, 18, 'group_stage', '2021-05-11 20:15:00', 12, 1, true);
INSERT INTO "match" (id, tournament_id, home_team_id, away_team_id, phase, played_at, home_score, away_score, is_finished) VALUES (101, 2, 22, 23, 'group_stage', '2021-05-12 12:15:00', 3, 4, true);
INSERT INTO "match" (id, tournament_id, home_team_id, away_team_id, phase, played_at, home_score, away_score, is_finished) VALUES (102, 2, 15, 11, 'group_stage', '2021-05-12 12:15:00', 3, 1, true);
INSERT INTO "match" (id, tournament_id, home_team_id, away_team_id, phase, played_at, home_score, away_score, is_finished) VALUES (103, 2, 1, 2, 'group_stage', '2021-05-12 16:15:00', 4, 0, true);
INSERT INTO "match" (id, tournament_id, home_team_id, away_team_id, phase, played_at, home_score, away_score, is_finished) VALUES (104, 2, 7, 18, 'group_stage', '2021-05-12 16:15:00', 3, 1, true);
INSERT INTO "match" (id, tournament_id, home_team_id, away_team_id, phase, played_at, home_score, away_score, is_finished) VALUES (105, 2, 19, 21, 'group_stage', '2021-05-12 20:15:00', 4, 3, true);
INSERT INTO "match" (id, tournament_id, home_team_id, away_team_id, phase, played_at, home_score, away_score, is_finished) VALUES (106, 2, 4, 8, 'group_stage', '2021-05-12 20:15:00', 1, 5, true);
INSERT INTO "match" (id, tournament_id, home_team_id, away_team_id, phase, played_at, home_score, away_score, is_finished) VALUES (107, 2, 9, 6, 'group_stage', '2021-05-13 16:15:00', 0, 6, true);
INSERT INTO "match" (id, tournament_id, home_team_id, away_team_id, phase, played_at, home_score, away_score, is_finished) VALUES (108, 2, 16, 24, 'group_stage', '2021-05-13 16:15:00', 3, 9, true);
INSERT INTO "match" (id, tournament_id, home_team_id, away_team_id, phase, played_at, home_score, away_score, is_finished) VALUES (109, 2, 21, 23, 'group_stage', '2021-05-13 20:15:00', 3, 5, true);
INSERT INTO "match" (id, tournament_id, home_team_id, away_team_id, phase, played_at, home_score, away_score, is_finished) VALUES (110, 2, 11, 8, 'group_stage', '2021-05-13 20:15:00', 3, 2, true);
INSERT INTO "match" (id, tournament_id, home_team_id, away_team_id, phase, played_at, home_score, away_score, is_finished) VALUES (111, 2, 19, 22, 'group_stage', '2021-05-14 16:15:00', 4, 0, true);
INSERT INTO "match" (id, tournament_id, home_team_id, away_team_id, phase, played_at, home_score, away_score, is_finished) VALUES (112, 2, 18, 16, 'group_stage', '2021-05-14 16:15:00', 0, 3, true);
INSERT INTO "match" (id, tournament_id, home_team_id, away_team_id, phase, played_at, home_score, away_score, is_finished) VALUES (113, 2, 6, 1, 'group_stage', '2021-05-14 20:15:00', 4, 3, true);
INSERT INTO "match" (id, tournament_id, home_team_id, away_team_id, phase, played_at, home_score, away_score, is_finished) VALUES (114, 2, 4, 15, 'group_stage', '2021-05-14 20:15:00', 2, 1, true);
INSERT INTO "match" (id, tournament_id, home_team_id, away_team_id, phase, played_at, home_score, away_score, is_finished) VALUES (115, 2, 21, 9, 'group_stage', '2021-05-15 12:15:00', 5, 1, true);
INSERT INTO "match" (id, tournament_id, home_team_id, away_team_id, phase, played_at, home_score, away_score, is_finished) VALUES (116, 2, 8, 24, 'group_stage', '2021-05-15 12:15:00', 6, 2, true);
INSERT INTO "match" (id, tournament_id, home_team_id, away_team_id, phase, played_at, home_score, away_score, is_finished) VALUES (117, 2, 2, 22, 'group_stage', '2021-05-15 16:15:00', 4, 7, true);
INSERT INTO "match" (id, tournament_id, home_team_id, away_team_id, phase, played_at, home_score, away_score, is_finished) VALUES (118, 2, 4, 11, 'group_stage', '2021-05-15 16:15:00', 3, 0, true);
INSERT INTO "match" (id, tournament_id, home_team_id, away_team_id, phase, played_at, home_score, away_score, is_finished) VALUES (119, 2, 19, 23, 'group_stage', '2021-05-15 20:15:00', 1, 3, true);
INSERT INTO "match" (id, tournament_id, home_team_id, away_team_id, phase, played_at, home_score, away_score, is_finished) VALUES (120, 2, 15, 7, 'group_stage', '2021-05-15 20:15:00', 1, 0, true);
INSERT INTO "match" (id, tournament_id, home_team_id, away_team_id, phase, played_at, home_score, away_score, is_finished) VALUES (121, 2, 19, 4, 'group_stage', '2021-05-17 16:15:00', 4, 5, true);
INSERT INTO "match" (id, tournament_id, home_team_id, away_team_id, phase, played_at, home_score, away_score, is_finished) VALUES (122, 2, 24, 6, 'group_stage', '2021-05-17 16:15:00', 3, 2, true);
INSERT INTO "match" (id, tournament_id, home_team_id, away_team_id, phase, played_at, home_score, away_score, is_finished) VALUES (123, 2, 23, 15, 'group_stage', '2021-05-17 20:15:00', 3, 2, true);
INSERT INTO "match" (id, tournament_id, home_team_id, away_team_id, phase, played_at, home_score, away_score, is_finished) VALUES (124, 2, 8, 21, 'group_stage', '2021-05-17 20:15:00', 2, 3, true);
INSERT INTO "match" (id, tournament_id, home_team_id, away_team_id, phase, played_at, home_score, away_score, is_finished) VALUES (125, 2, 23, 24, 'semifinal', '2021-05-19 15:15:00', 6, 0, true);
INSERT INTO "match" (id, tournament_id, home_team_id, away_team_id, phase, played_at, home_score, away_score, is_finished) VALUES (126, 2, 4, 21, 'semifinal', '2021-05-19 19:15:00', 2, 3, true);
INSERT INTO "match" (id, tournament_id, home_team_id, away_team_id, phase, played_at, home_score, away_score, is_finished) VALUES (127, 2, 24, 4, 'bronze_medal', '2021-05-20 15:45:00', 4, 1, true);
INSERT INTO "match" (id, tournament_id, home_team_id, away_team_id, phase, played_at, home_score, away_score, is_finished) VALUES (128, 2, 23, 21, 'gold_medal', '2021-05-20 20:15:00', 3, 2, true);
INSERT INTO prediction (id, user_id, game_id, home_score, away_score, created_at, updated_at) VALUES (318, 13, 65, 5, 0, '2024-01-01 00:00:00', NULL);
INSERT INTO prediction (id, user_id, game_id, home_score, away_score, created_at, updated_at) VALUES (319, 8, 65, 3, 0, '2024-01-01 00:00:00', NULL);
INSERT INTO prediction (id, user_id, game_id, home_score, away_score, created_at, updated_at) VALUES (320, 16, 65, 5, 2, '2024-01-01 00:00:00', NULL);
INSERT INTO prediction (id, user_id, game_id, home_score, away_score, created_at, updated_at) VALUES (321, 9, 65, 7, 1, '2024-01-01 00:00:00', NULL);
INSERT INTO prediction (id, user_id, game_id, home_score, away_score, created_at, updated_at) VALUES (322, 19, 65, 5, 1, '2024-01-01 00:00:00', NULL);
INSERT INTO prediction (id, user_id, game_id, home_score, away_score, created_at, updated_at) VALUES (323, 14, 65, 6, 1, '2024-01-01 00:00:00', NULL);
INSERT INTO prediction (id, user_id, game_id, home_score, away_score, created_at, updated_at) VALUES (324, 15, 65, 6, 1, '2024-01-01 00:00:00', NULL);
INSERT INTO prediction (id, user_id, game_id, home_score, away_score, created_at, updated_at) VALUES (325, 17, 65, 5, 1, '2024-01-01 00:00:00', NULL);
INSERT INTO prediction (id, user_id, game_id, home_score, away_score, created_at, updated_at) VALUES (326, 7, 65, 6, 2, '2024-01-01 00:00:00', NULL);
INSERT INTO prediction (id, user_id, game_id, home_score, away_score, created_at, updated_at) VALUES (327, 13, 66, 2, 3, '2024-01-01 00:00:00', NULL);
INSERT INTO prediction (id, user_id, game_id, home_score, away_score, created_at, updated_at) VALUES (328, 8, 66, 2, 3, '2024-01-01 00:00:00', NULL);
INSERT INTO prediction (id, user_id, game_id, home_score, away_score, created_at, updated_at) VALUES (329, 16, 66, 4, 6, '2024-01-01 00:00:00', NULL);
INSERT INTO prediction (id, user_id, game_id, home_score, away_score, created_at, updated_at) VALUES (330, 9, 66, 2, 5, '2024-01-01 00:00:00', NULL);
INSERT INTO prediction (id, user_id, game_id, home_score, away_score, created_at, updated_at) VALUES (331, 19, 66, 2, 4, '2024-01-01 00:00:00', NULL);
INSERT INTO prediction (id, user_id, game_id, home_score, away_score, created_at, updated_at) VALUES (332, 14, 66, 2, 4, '2024-01-01 00:00:00', NULL);
INSERT INTO prediction (id, user_id, game_id, home_score, away_score, created_at, updated_at) VALUES (333, 15, 66, 3, 5, '2024-01-01 00:00:00', NULL);
INSERT INTO prediction (id, user_id, game_id, home_score, away_score, created_at, updated_at) VALUES (334, 17, 66, 2, 6, '2024-01-01 00:00:00', NULL);
INSERT INTO prediction (id, user_id, game_id, home_score, away_score, created_at, updated_at) VALUES (335, 7, 66, 3, 6, '2024-01-01 00:00:00', NULL);
INSERT INTO prediction (id, user_id, game_id, home_score, away_score, created_at, updated_at) VALUES (336, 13, 67, 5, 1, '2024-01-01 00:00:00', NULL);
INSERT INTO prediction (id, user_id, game_id, home_score, away_score, created_at, updated_at) VALUES (337, 8, 67, 4, 0, '2024-01-01 00:00:00', NULL);
INSERT INTO prediction (id, user_id, game_id, home_score, away_score, created_at, updated_at) VALUES (338, 16, 67, 4, 1, '2024-01-01 00:00:00', NULL);
INSERT INTO prediction (id, user_id, game_id, home_score, away_score, created_at, updated_at) VALUES (339, 9, 67, 5, 1, '2024-01-01 00:00:00', NULL);
INSERT INTO prediction (id, user_id, game_id, home_score, away_score, created_at, updated_at) VALUES (340, 19, 67, 4, 2, '2024-01-01 00:00:00', NULL);
INSERT INTO prediction (id, user_id, game_id, home_score, away_score, created_at, updated_at) VALUES (341, 14, 67, 4, 0, '2024-01-01 00:00:00', NULL);
INSERT INTO prediction (id, user_id, game_id, home_score, away_score, created_at, updated_at) VALUES (342, 15, 67, 5, 2, '2024-01-01 00:00:00', NULL);
INSERT INTO prediction (id, user_id, game_id, home_score, away_score, created_at, updated_at) VALUES (343, 17, 67, 4, 0, '2024-01-01 00:00:00', NULL);
INSERT INTO prediction (id, user_id, game_id, home_score, away_score, created_at, updated_at) VALUES (344, 7, 67, 4, 2, '2024-01-01 00:00:00', NULL);
INSERT INTO prediction (id, user_id, game_id, home_score, away_score, created_at, updated_at) VALUES (345, 13, 68, 2, 1, '2024-01-01 00:00:00', NULL);
INSERT INTO prediction (id, user_id, game_id, home_score, away_score, created_at, updated_at) VALUES (346, 8, 68, 3, 1, '2024-01-01 00:00:00', NULL);
INSERT INTO prediction (id, user_id, game_id, home_score, away_score, created_at, updated_at) VALUES (347, 16, 68, 3, 2, '2024-01-01 00:00:00', NULL);
INSERT INTO prediction (id, user_id, game_id, home_score, away_score, created_at, updated_at) VALUES (348, 9, 68, 4, 2, '2024-01-01 00:00:00', NULL);
INSERT INTO prediction (id, user_id, game_id, home_score, away_score, created_at, updated_at) VALUES (349, 19, 68, 3, 2, '2024-01-01 00:00:00', NULL);
INSERT INTO prediction (id, user_id, game_id, home_score, away_score, created_at, updated_at) VALUES (350, 14, 68, 4, 2, '2024-01-01 00:00:00', NULL);
INSERT INTO prediction (id, user_id, game_id, home_score, away_score, created_at, updated_at) VALUES (351, 15, 68, 3, 2, '2024-01-01 00:00:00', NULL);
INSERT INTO prediction (id, user_id, game_id, home_score, away_score, created_at, updated_at) VALUES (352, 17, 68, 4, 3, '2024-01-01 00:00:00', NULL);
INSERT INTO prediction (id, user_id, game_id, home_score, away_score, created_at, updated_at) VALUES (353, 7, 68, 3, 2, '2024-01-01 00:00:00', NULL);
INSERT INTO prediction (id, user_id, game_id, home_score, away_score, created_at, updated_at) VALUES (354, 13, 69, 2, 1, '2024-01-01 00:00:00', NULL);
INSERT INTO prediction (id, user_id, game_id, home_score, away_score, created_at, updated_at) VALUES (355, 8, 69, 3, 0, '2024-01-01 00:00:00', NULL);
INSERT INTO prediction (id, user_id, game_id, home_score, away_score, created_at, updated_at) VALUES (356, 16, 69, 4, 1, '2024-01-01 00:00:00', NULL);
INSERT INTO prediction (id, user_id, game_id, home_score, away_score, created_at, updated_at) VALUES (357, 9, 69, 4, 1, '2024-01-01 00:00:00', NULL);
INSERT INTO prediction (id, user_id, game_id, home_score, away_score, created_at, updated_at) VALUES (358, 19, 69, 3, 1, '2024-01-01 00:00:00', NULL);
INSERT INTO prediction (id, user_id, game_id, home_score, away_score, created_at, updated_at) VALUES (359, 14, 69, 4, 2, '2024-01-01 00:00:00', NULL);
INSERT INTO prediction (id, user_id, game_id, home_score, away_score, created_at, updated_at) VALUES (360, 15, 69, 4, 2, '2024-01-01 00:00:00', NULL);
INSERT INTO prediction (id, user_id, game_id, home_score, away_score, created_at, updated_at) VALUES (361, 17, 69, 4, 2, '2024-01-01 00:00:00', NULL);
INSERT INTO prediction (id, user_id, game_id, home_score, away_score, created_at, updated_at) VALUES (362, 7, 69, 4, 2, '2024-01-01 00:00:00', NULL);
INSERT INTO prediction (id, user_id, game_id, home_score, away_score, created_at, updated_at) VALUES (363, 13, 70, 2, 3, '2024-01-01 00:00:00', NULL);
INSERT INTO prediction (id, user_id, game_id, home_score, away_score, created_at, updated_at) VALUES (364, 8, 70, 1, 2, '2024-01-01 00:00:00', NULL);
INSERT INTO prediction (id, user_id, game_id, home_score, away_score, created_at, updated_at) VALUES (365, 16, 70, 4, 2, '2024-01-01 00:00:00', NULL);
INSERT INTO prediction (id, user_id, game_id, home_score, away_score, created_at, updated_at) VALUES (366, 9, 70, 3, 2, '2024-01-01 00:00:00', NULL);
INSERT INTO prediction (id, user_id, game_id, home_score, away_score, created_at, updated_at) VALUES (367, 19, 70, 2, 3, '2024-01-01 00:00:00', NULL);
INSERT INTO prediction (id, user_id, game_id, home_score, away_score, created_at, updated_at) VALUES (368, 14, 70, 3, 2, '2024-01-01 00:00:00', NULL);
INSERT INTO prediction (id, user_id, game_id, home_score, away_score, created_at, updated_at) VALUES (369, 15, 70, 3, 2, '2024-01-01 00:00:00', NULL);
INSERT INTO prediction (id, user_id, game_id, home_score, away_score, created_at, updated_at) VALUES (370, 17, 70, 2, 4, '2024-01-01 00:00:00', NULL);
INSERT INTO prediction (id, user_id, game_id, home_score, away_score, created_at, updated_at) VALUES (371, 7, 70, 4, 2, '2024-01-01 00:00:00', NULL);
INSERT INTO prediction (id, user_id, game_id, home_score, away_score, created_at, updated_at) VALUES (372, 13, 71, 1, 2, '2024-01-01 00:00:00', NULL);
INSERT INTO prediction (id, user_id, game_id, home_score, away_score, created_at, updated_at) VALUES (373, 8, 71, 1, 3, '2024-01-01 00:00:00', NULL);
INSERT INTO prediction (id, user_id, game_id, home_score, away_score, created_at, updated_at) VALUES (374, 16, 71, 3, 2, '2024-01-01 00:00:00', NULL);
INSERT INTO prediction (id, user_id, game_id, home_score, away_score, created_at, updated_at) VALUES (375, 9, 71, 2, 3, '2024-01-01 00:00:00', NULL);
INSERT INTO prediction (id, user_id, game_id, home_score, away_score, created_at, updated_at) VALUES (376, 19, 71, 2, 3, '2024-01-01 00:00:00', NULL);
INSERT INTO prediction (id, user_id, game_id, home_score, away_score, created_at, updated_at) VALUES (377, 14, 71, 4, 1, '2024-01-01 00:00:00', NULL);
INSERT INTO prediction (id, user_id, game_id, home_score, away_score, created_at, updated_at) VALUES (378, 15, 71, 3, 2, '2024-01-01 00:00:00', NULL);
INSERT INTO prediction (id, user_id, game_id, home_score, away_score, created_at, updated_at) VALUES (379, 17, 71, 4, 3, '2024-01-01 00:00:00', NULL);
INSERT INTO prediction (id, user_id, game_id, home_score, away_score, created_at, updated_at) VALUES (380, 7, 71, 4, 2, '2024-01-01 00:00:00', NULL);
INSERT INTO prediction (id, user_id, game_id, home_score, away_score, created_at, updated_at) VALUES (381, 13, 72, 5, 1, '2024-01-01 00:00:00', NULL);
INSERT INTO prediction (id, user_id, game_id, home_score, away_score, created_at, updated_at) VALUES (382, 8, 72, 5, 0, '2024-01-01 00:00:00', NULL);
INSERT INTO prediction (id, user_id, game_id, home_score, away_score, created_at, updated_at) VALUES (383, 16, 72, 6, 2, '2024-01-01 00:00:00', NULL);
INSERT INTO prediction (id, user_id, game_id, home_score, away_score, created_at, updated_at) VALUES (384, 9, 72, 5, 0, '2024-01-01 00:00:00', NULL);
INSERT INTO prediction (id, user_id, game_id, home_score, away_score, created_at, updated_at) VALUES (385, 19, 72, 5, 0, '2024-01-01 00:00:00', NULL);
INSERT INTO prediction (id, user_id, game_id, home_score, away_score, created_at, updated_at) VALUES (386, 14, 72, 5, 0, '2024-01-01 00:00:00', NULL);
INSERT INTO prediction (id, user_id, game_id, home_score, away_score, created_at, updated_at) VALUES (387, 15, 72, 6, 1, '2024-01-01 00:00:00', NULL);
INSERT INTO prediction (id, user_id, game_id, home_score, away_score, created_at, updated_at) VALUES (388, 17, 72, 6, 1, '2024-01-01 00:00:00', NULL);
INSERT INTO prediction (id, user_id, game_id, home_score, away_score, created_at, updated_at) VALUES (389, 7, 72, 6, 0, '2024-01-01 00:00:00', NULL);
INSERT INTO prediction (id, user_id, game_id, home_score, away_score, created_at, updated_at) VALUES (390, 13, 73, 5, 3, '2024-01-01 00:00:00', NULL);
INSERT INTO prediction (id, user_id, game_id, home_score, away_score, created_at, updated_at) VALUES (391, 8, 73, 4, 1, '2024-01-01 00:00:00', NULL);
INSERT INTO prediction (id, user_id, game_id, home_score, away_score, created_at, updated_at) VALUES (392, 16, 73, 5, 3, '2024-01-01 00:00:00', NULL);
INSERT INTO prediction (id, user_id, game_id, home_score, away_score, created_at, updated_at) VALUES (393, 9, 73, 4, 2, '2024-01-01 00:00:00', NULL);
INSERT INTO prediction (id, user_id, game_id, home_score, away_score, created_at, updated_at) VALUES (394, 19, 73, 4, 2, '2024-01-01 00:00:00', NULL);
INSERT INTO prediction (id, user_id, game_id, home_score, away_score, created_at, updated_at) VALUES (395, 14, 73, 4, 2, '2024-01-01 00:00:00', NULL);
INSERT INTO prediction (id, user_id, game_id, home_score, away_score, created_at, updated_at) VALUES (396, 15, 73, 3, 2, '2024-01-01 00:00:00', NULL);
INSERT INTO prediction (id, user_id, game_id, home_score, away_score, created_at, updated_at) VALUES (397, 17, 73, 5, 2, '2024-01-01 00:00:00', NULL);
INSERT INTO prediction (id, user_id, game_id, home_score, away_score, created_at, updated_at) VALUES (398, 7, 73, 5, 2, '2024-01-01 00:00:00', NULL);
INSERT INTO prediction (id, user_id, game_id, home_score, away_score, created_at, updated_at) VALUES (399, 13, 74, 0, 4, '2024-01-01 00:00:00', NULL);
INSERT INTO prediction (id, user_id, game_id, home_score, away_score, created_at, updated_at) VALUES (400, 8, 74, 1, 4, '2024-01-01 00:00:00', NULL);
INSERT INTO prediction (id, user_id, game_id, home_score, away_score, created_at, updated_at) VALUES (401, 16, 74, 1, 5, '2024-01-01 00:00:00', NULL);
INSERT INTO prediction (id, user_id, game_id, home_score, away_score, created_at, updated_at) VALUES (402, 9, 74, 2, 5, '2024-01-01 00:00:00', NULL);
INSERT INTO prediction (id, user_id, game_id, home_score, away_score, created_at, updated_at) VALUES (403, 19, 74, 1, 5, '2024-01-01 00:00:00', NULL);
INSERT INTO prediction (id, user_id, game_id, home_score, away_score, created_at, updated_at) VALUES (404, 14, 74, 2, 5, '2024-01-01 00:00:00', NULL);
INSERT INTO prediction (id, user_id, game_id, home_score, away_score, created_at, updated_at) VALUES (405, 15, 74, 2, 5, '2024-01-01 00:00:00', NULL);
INSERT INTO prediction (id, user_id, game_id, home_score, away_score, created_at, updated_at) VALUES (406, 17, 74, 2, 6, '2024-01-01 00:00:00', NULL);
INSERT INTO prediction (id, user_id, game_id, home_score, away_score, created_at, updated_at) VALUES (407, 7, 74, 2, 6, '2024-01-01 00:00:00', NULL);
INSERT INTO prediction (id, user_id, game_id, home_score, away_score, created_at, updated_at) VALUES (408, 13, 75, 2, 7, '2024-01-01 00:00:00', NULL);
INSERT INTO prediction (id, user_id, game_id, home_score, away_score, created_at, updated_at) VALUES (409, 8, 75, 0, 7, '2024-01-01 00:00:00', NULL);
INSERT INTO prediction (id, user_id, game_id, home_score, away_score, created_at, updated_at) VALUES (410, 16, 75, 1, 6, '2024-01-01 00:00:00', NULL);
INSERT INTO prediction (id, user_id, game_id, home_score, away_score, created_at, updated_at) VALUES (411, 9, 75, 1, 6, '2024-01-01 00:00:00', NULL);
INSERT INTO prediction (id, user_id, game_id, home_score, away_score, created_at, updated_at) VALUES (412, 19, 75, 1, 7, '2024-01-01 00:00:00', NULL);
INSERT INTO prediction (id, user_id, game_id, home_score, away_score, created_at, updated_at) VALUES (413, 14, 75, 0, 7, '2024-01-01 00:00:00', NULL);
INSERT INTO prediction (id, user_id, game_id, home_score, away_score, created_at, updated_at) VALUES (414, 15, 75, 1, 6, '2024-01-01 00:00:00', NULL);
INSERT INTO prediction (id, user_id, game_id, home_score, away_score, created_at, updated_at) VALUES (415, 17, 75, 0, 6, '2024-01-01 00:00:00', NULL);
INSERT INTO prediction (id, user_id, game_id, home_score, away_score, created_at, updated_at) VALUES (416, 7, 75, 0, 6, '2024-01-01 00:00:00', NULL);
INSERT INTO prediction (id, user_id, game_id, home_score, away_score, created_at, updated_at) VALUES (417, 13, 76, 1, 9, '2024-01-01 00:00:00', NULL);
INSERT INTO prediction (id, user_id, game_id, home_score, away_score, created_at, updated_at) VALUES (418, 8, 76, 0, 9, '2024-01-01 00:00:00', NULL);
INSERT INTO prediction (id, user_id, game_id, home_score, away_score, created_at, updated_at) VALUES (419, 16, 76, 0, 7, '2024-01-01 00:00:00', NULL);
INSERT INTO prediction (id, user_id, game_id, home_score, away_score, created_at, updated_at) VALUES (420, 9, 76, 0, 11, '2024-01-01 00:00:00', NULL);
INSERT INTO prediction (id, user_id, game_id, home_score, away_score, created_at, updated_at) VALUES (421, 19, 76, 1, 8, '2024-01-01 00:00:00', NULL);
INSERT INTO prediction (id, user_id, game_id, home_score, away_score, created_at, updated_at) VALUES (422, 14, 76, 0, 8, '2024-01-01 00:00:00', NULL);
INSERT INTO prediction (id, user_id, game_id, home_score, away_score, created_at, updated_at) VALUES (423, 15, 76, 1, 8, '2024-01-01 00:00:00', NULL);
INSERT INTO prediction (id, user_id, game_id, home_score, away_score, created_at, updated_at) VALUES (424, 17, 76, 0, 6, '2024-01-01 00:00:00', NULL);
INSERT INTO prediction (id, user_id, game_id, home_score, away_score, created_at, updated_at) VALUES (425, 7, 76, 0, 7, '2024-01-01 00:00:00', NULL);
INSERT INTO prediction (id, user_id, game_id, home_score, away_score, created_at, updated_at) VALUES (426, 13, 77, 4, 2, '2024-01-01 00:00:00', NULL);
INSERT INTO prediction (id, user_id, game_id, home_score, away_score, created_at, updated_at) VALUES (427, 8, 77, 3, 1, '2024-01-01 00:00:00', NULL);
INSERT INTO prediction (id, user_id, game_id, home_score, away_score, created_at, updated_at) VALUES (428, 16, 77, 4, 5, '2024-01-01 00:00:00', NULL);
INSERT INTO prediction (id, user_id, game_id, home_score, away_score, created_at, updated_at) VALUES (429, 9, 77, 3, 2, '2024-01-01 00:00:00', NULL);
INSERT INTO prediction (id, user_id, game_id, home_score, away_score, created_at, updated_at) VALUES (430, 19, 77, 4, 2, '2024-01-01 00:00:00', NULL);
INSERT INTO prediction (id, user_id, game_id, home_score, away_score, created_at, updated_at) VALUES (431, 14, 77, 4, 2, '2024-01-01 00:00:00', NULL);
INSERT INTO prediction (id, user_id, game_id, home_score, away_score, created_at, updated_at) VALUES (432, 15, 77, 4, 2, '2024-01-01 00:00:00', NULL);
INSERT INTO prediction (id, user_id, game_id, home_score, away_score, created_at, updated_at) VALUES (433, 17, 77, 4, 2, '2024-01-01 00:00:00', NULL);
INSERT INTO prediction (id, user_id, game_id, home_score, away_score, created_at, updated_at) VALUES (434, 7, 77, 5, 3, '2024-01-01 00:00:00', NULL);
INSERT INTO prediction (id, user_id, game_id, home_score, away_score, created_at, updated_at) VALUES (435, 13, 78, 3, 2, '2024-01-01 00:00:00', NULL);
INSERT INTO prediction (id, user_id, game_id, home_score, away_score, created_at, updated_at) VALUES (436, 8, 78, 4, 2, '2024-01-01 00:00:00', NULL);
INSERT INTO prediction (id, user_id, game_id, home_score, away_score, created_at, updated_at) VALUES (437, 16, 78, 2, 3, '2024-01-01 00:00:00', NULL);
INSERT INTO prediction (id, user_id, game_id, home_score, away_score, created_at, updated_at) VALUES (438, 9, 78, 4, 3, '2024-01-01 00:00:00', NULL);
INSERT INTO prediction (id, user_id, game_id, home_score, away_score, created_at, updated_at) VALUES (439, 14, 78, 3, 1, '2024-01-01 00:00:00', NULL);
INSERT INTO prediction (id, user_id, game_id, home_score, away_score, created_at, updated_at) VALUES (440, 15, 78, 3, 1, '2024-01-01 00:00:00', NULL);
INSERT INTO prediction (id, user_id, game_id, home_score, away_score, created_at, updated_at) VALUES (441, 17, 78, 3, 2, '2024-01-01 00:00:00', NULL);
INSERT INTO prediction (id, user_id, game_id, home_score, away_score, created_at, updated_at) VALUES (442, 7, 78, 3, 2, '2024-01-01 00:00:00', NULL);
INSERT INTO prediction (id, user_id, game_id, home_score, away_score, created_at, updated_at) VALUES (443, 13, 79, 1, 3, '2024-01-01 00:00:00', NULL);
INSERT INTO prediction (id, user_id, game_id, home_score, away_score, created_at, updated_at) VALUES (444, 8, 79, 3, 2, '2024-01-01 00:00:00', NULL);
INSERT INTO prediction (id, user_id, game_id, home_score, away_score, created_at, updated_at) VALUES (445, 16, 79, 4, 2, '2024-01-01 00:00:00', NULL);
INSERT INTO prediction (id, user_id, game_id, home_score, away_score, created_at, updated_at) VALUES (446, 9, 79, 2, 3, '2024-01-01 00:00:00', NULL);
INSERT INTO prediction (id, user_id, game_id, home_score, away_score, created_at, updated_at) VALUES (447, 19, 79, 3, 2, '2024-01-01 00:00:00', NULL);
INSERT INTO prediction (id, user_id, game_id, home_score, away_score, created_at, updated_at) VALUES (448, 14, 79, 3, 2, '2024-01-01 00:00:00', NULL);
INSERT INTO prediction (id, user_id, game_id, home_score, away_score, created_at, updated_at) VALUES (449, 15, 79, 3, 2, '2024-01-01 00:00:00', NULL);
INSERT INTO prediction (id, user_id, game_id, home_score, away_score, created_at, updated_at) VALUES (450, 17, 79, 2, 4, '2024-01-01 00:00:00', NULL);
INSERT INTO prediction (id, user_id, game_id, home_score, away_score, created_at, updated_at) VALUES (451, 7, 79, 1, 3, '2024-01-01 00:00:00', NULL);
INSERT INTO prediction (id, user_id, game_id, home_score, away_score, created_at, updated_at) VALUES (452, 13, 80, 2, 4, '2024-01-01 00:00:00', NULL);
INSERT INTO prediction (id, user_id, game_id, home_score, away_score, created_at, updated_at) VALUES (453, 8, 80, 2, 5, '2024-01-01 00:00:00', NULL);
INSERT INTO prediction (id, user_id, game_id, home_score, away_score, created_at, updated_at) VALUES (454, 16, 80, 2, 6, '2024-01-01 00:00:00', NULL);
INSERT INTO prediction (id, user_id, game_id, home_score, away_score, created_at, updated_at) VALUES (455, 9, 80, 1, 5, '2024-01-01 00:00:00', NULL);
INSERT INTO prediction (id, user_id, game_id, home_score, away_score, created_at, updated_at) VALUES (456, 19, 80, 2, 5, '2024-01-01 00:00:00', NULL);
INSERT INTO prediction (id, user_id, game_id, home_score, away_score, created_at, updated_at) VALUES (457, 14, 80, 1, 4, '2024-01-01 00:00:00', NULL);
INSERT INTO prediction (id, user_id, game_id, home_score, away_score, created_at, updated_at) VALUES (458, 15, 80, 2, 5, '2024-01-01 00:00:00', NULL);
INSERT INTO prediction (id, user_id, game_id, home_score, away_score, created_at, updated_at) VALUES (459, 17, 80, 2, 5, '2024-01-01 00:00:00', NULL);
INSERT INTO prediction (id, user_id, game_id, home_score, away_score, created_at, updated_at) VALUES (460, 7, 80, 1, 4, '2024-01-01 00:00:00', NULL);
INSERT INTO prediction (id, user_id, game_id, home_score, away_score, created_at, updated_at) VALUES (461, 13, 81, 0, 6, '2024-01-01 00:00:00', NULL);
INSERT INTO prediction (id, user_id, game_id, home_score, away_score, created_at, updated_at) VALUES (462, 8, 81, 0, 7, '2024-01-01 00:00:00', NULL);
INSERT INTO prediction (id, user_id, game_id, home_score, away_score, created_at, updated_at) VALUES (463, 16, 81, 1, 6, '2024-01-01 00:00:00', NULL);
INSERT INTO prediction (id, user_id, game_id, home_score, away_score, created_at, updated_at) VALUES (464, 9, 81, 1, 5, '2024-01-01 00:00:00', NULL);
INSERT INTO prediction (id, user_id, game_id, home_score, away_score, created_at, updated_at) VALUES (465, 19, 81, 1, 6, '2024-01-01 00:00:00', NULL);
INSERT INTO prediction (id, user_id, game_id, home_score, away_score, created_at, updated_at) VALUES (466, 14, 81, 1, 7, '2024-01-01 00:00:00', NULL);
INSERT INTO prediction (id, user_id, game_id, home_score, away_score, created_at, updated_at) VALUES (467, 15, 81, 2, 5, '2024-01-01 00:00:00', NULL);
INSERT INTO prediction (id, user_id, game_id, home_score, away_score, created_at, updated_at) VALUES (468, 17, 81, 0, 6, '2024-01-01 00:00:00', NULL);
INSERT INTO prediction (id, user_id, game_id, home_score, away_score, created_at, updated_at) VALUES (469, 7, 81, 0, 6, '2024-01-01 00:00:00', NULL);
INSERT INTO prediction (id, user_id, game_id, home_score, away_score, created_at, updated_at) VALUES (470, 13, 82, 5, 1, '2024-01-01 00:00:00', NULL);
INSERT INTO prediction (id, user_id, game_id, home_score, away_score, created_at, updated_at) VALUES (471, 8, 82, 2, 3, '2024-01-01 00:00:00', NULL);
INSERT INTO prediction (id, user_id, game_id, home_score, away_score, created_at, updated_at) VALUES (472, 16, 82, 5, 0, '2024-01-01 00:00:00', NULL);
INSERT INTO prediction (id, user_id, game_id, home_score, away_score, created_at, updated_at) VALUES (473, 9, 82, 3, 2, '2024-01-01 00:00:00', NULL);
INSERT INTO prediction (id, user_id, game_id, home_score, away_score, created_at, updated_at) VALUES (474, 19, 82, 5, 1, '2024-01-01 00:00:00', NULL);
INSERT INTO prediction (id, user_id, game_id, home_score, away_score, created_at, updated_at) VALUES (475, 14, 82, 4, 2, '2024-01-01 00:00:00', NULL);
INSERT INTO prediction (id, user_id, game_id, home_score, away_score, created_at, updated_at) VALUES (476, 15, 82, 4, 2, '2024-01-01 00:00:00', NULL);
INSERT INTO prediction (id, user_id, game_id, home_score, away_score, created_at, updated_at) VALUES (477, 17, 82, 5, 1, '2024-01-01 00:00:00', NULL);
INSERT INTO prediction (id, user_id, game_id, home_score, away_score, created_at, updated_at) VALUES (478, 7, 82, 4, 2, '2024-01-01 00:00:00', NULL);
INSERT INTO prediction (id, user_id, game_id, home_score, away_score, created_at, updated_at) VALUES (479, 13, 83, 5, 2, '2024-01-01 00:00:00', NULL);
INSERT INTO prediction (id, user_id, game_id, home_score, away_score, created_at, updated_at) VALUES (480, 8, 83, 4, 2, '2024-01-01 00:00:00', NULL);
INSERT INTO prediction (id, user_id, game_id, home_score, away_score, created_at, updated_at) VALUES (481, 16, 83, 4, 2, '2024-01-01 00:00:00', NULL);
INSERT INTO prediction (id, user_id, game_id, home_score, away_score, created_at, updated_at) VALUES (482, 9, 83, 4, 1, '2024-01-01 00:00:00', NULL);
INSERT INTO prediction (id, user_id, game_id, home_score, away_score, created_at, updated_at) VALUES (483, 19, 83, 4, 1, '2024-01-01 00:00:00', NULL);
INSERT INTO prediction (id, user_id, game_id, home_score, away_score, created_at, updated_at) VALUES (484, 14, 83, 4, 2, '2024-01-01 00:00:00', NULL);
INSERT INTO prediction (id, user_id, game_id, home_score, away_score, created_at, updated_at) VALUES (485, 15, 83, 5, 1, '2024-01-01 00:00:00', NULL);
INSERT INTO prediction (id, user_id, game_id, home_score, away_score, created_at, updated_at) VALUES (486, 17, 83, 5, 1, '2024-01-01 00:00:00', NULL);
INSERT INTO prediction (id, user_id, game_id, home_score, away_score, created_at, updated_at) VALUES (487, 7, 83, 7, 0, '2024-01-01 00:00:00', NULL);
INSERT INTO prediction (id, user_id, game_id, home_score, away_score, created_at, updated_at) VALUES (488, 13, 84, 7, 2, '2024-01-01 00:00:00', NULL);
INSERT INTO prediction (id, user_id, game_id, home_score, away_score, created_at, updated_at) VALUES (489, 8, 84, 5, 1, '2024-01-01 00:00:00', NULL);
INSERT INTO prediction (id, user_id, game_id, home_score, away_score, created_at, updated_at) VALUES (490, 16, 84, 7, 2, '2024-01-01 00:00:00', NULL);
INSERT INTO prediction (id, user_id, game_id, home_score, away_score, created_at, updated_at) VALUES (491, 9, 84, 5, 1, '2024-01-01 00:00:00', NULL);
INSERT INTO prediction (id, user_id, game_id, home_score, away_score, created_at, updated_at) VALUES (492, 19, 84, 8, 2, '2024-01-01 00:00:00', NULL);
INSERT INTO prediction (id, user_id, game_id, home_score, away_score, created_at, updated_at) VALUES (493, 14, 84, 5, 1, '2024-01-01 00:00:00', NULL);
INSERT INTO prediction (id, user_id, game_id, home_score, away_score, created_at, updated_at) VALUES (494, 15, 84, 6, 2, '2024-01-01 00:00:00', NULL);
INSERT INTO prediction (id, user_id, game_id, home_score, away_score, created_at, updated_at) VALUES (495, 17, 84, 6, 2, '2024-01-01 00:00:00', NULL);
INSERT INTO prediction (id, user_id, game_id, home_score, away_score, created_at, updated_at) VALUES (496, 7, 84, 7, 0, '2024-01-01 00:00:00', NULL);
INSERT INTO prediction (id, user_id, game_id, home_score, away_score, created_at, updated_at) VALUES (497, 13, 85, 2, 3, '2024-01-01 00:00:00', NULL);
INSERT INTO prediction (id, user_id, game_id, home_score, away_score, created_at, updated_at) VALUES (498, 8, 85, 3, 2, '2024-01-01 00:00:00', NULL);
INSERT INTO prediction (id, user_id, game_id, home_score, away_score, created_at, updated_at) VALUES (499, 16, 85, 0, 3, '2024-01-01 00:00:00', NULL);
INSERT INTO prediction (id, user_id, game_id, home_score, away_score, created_at, updated_at) VALUES (500, 9, 85, 2, 4, '2024-01-01 00:00:00', NULL);
INSERT INTO prediction (id, user_id, game_id, home_score, away_score, created_at, updated_at) VALUES (501, 19, 85, 2, 3, '2024-01-01 00:00:00', NULL);
INSERT INTO prediction (id, user_id, game_id, home_score, away_score, created_at, updated_at) VALUES (502, 14, 85, 1, 3, '2024-01-01 00:00:00', NULL);
INSERT INTO prediction (id, user_id, game_id, home_score, away_score, created_at, updated_at) VALUES (503, 15, 85, 2, 4, '2024-01-01 00:00:00', NULL);
INSERT INTO prediction (id, user_id, game_id, home_score, away_score, created_at, updated_at) VALUES (504, 17, 85, 1, 4, '2024-01-01 00:00:00', NULL);
INSERT INTO prediction (id, user_id, game_id, home_score, away_score, created_at, updated_at) VALUES (505, 7, 85, 3, 2, '2024-01-01 00:00:00', NULL);
INSERT INTO prediction (id, user_id, game_id, home_score, away_score, created_at, updated_at) VALUES (506, 13, 86, 2, 3, '2024-01-01 00:00:00', NULL);
INSERT INTO prediction (id, user_id, game_id, home_score, away_score, created_at, updated_at) VALUES (507, 8, 86, 1, 4, '2024-01-01 00:00:00', NULL);
INSERT INTO prediction (id, user_id, game_id, home_score, away_score, created_at, updated_at) VALUES (508, 16, 86, 1, 3, '2024-01-01 00:00:00', NULL);
INSERT INTO prediction (id, user_id, game_id, home_score, away_score, created_at, updated_at) VALUES (509, 9, 86, 1, 4, '2024-01-01 00:00:00', NULL);
INSERT INTO prediction (id, user_id, game_id, home_score, away_score, created_at, updated_at) VALUES (510, 19, 86, 1, 3, '2024-01-01 00:00:00', NULL);
INSERT INTO prediction (id, user_id, game_id, home_score, away_score, created_at, updated_at) VALUES (511, 14, 86, 1, 3, '2024-01-01 00:00:00', NULL);
INSERT INTO prediction (id, user_id, game_id, home_score, away_score, created_at, updated_at) VALUES (512, 15, 86, 2, 4, '2024-01-01 00:00:00', NULL);
INSERT INTO prediction (id, user_id, game_id, home_score, away_score, created_at, updated_at) VALUES (513, 17, 86, 1, 5, '2024-01-01 00:00:00', NULL);
INSERT INTO prediction (id, user_id, game_id, home_score, away_score, created_at, updated_at) VALUES (514, 7, 86, 1, 4, '2024-01-01 00:00:00', NULL);
INSERT INTO prediction (id, user_id, game_id, home_score, away_score, created_at, updated_at) VALUES (515, 13, 87, 5, 3, '2024-01-01 00:00:00', NULL);
INSERT INTO prediction (id, user_id, game_id, home_score, away_score, created_at, updated_at) VALUES (516, 8, 87, 3, 1, '2024-01-01 00:00:00', NULL);
INSERT INTO prediction (id, user_id, game_id, home_score, away_score, created_at, updated_at) VALUES (517, 16, 87, 4, 1, '2024-01-01 00:00:00', NULL);
INSERT INTO prediction (id, user_id, game_id, home_score, away_score, created_at, updated_at) VALUES (518, 9, 87, 5, 3, '2024-01-01 00:00:00', NULL);
INSERT INTO prediction (id, user_id, game_id, home_score, away_score, created_at, updated_at) VALUES (519, 19, 87, 4, 2, '2024-01-01 00:00:00', NULL);
INSERT INTO prediction (id, user_id, game_id, home_score, away_score, created_at, updated_at) VALUES (520, 14, 87, 3, 2, '2024-01-01 00:00:00', NULL);
INSERT INTO prediction (id, user_id, game_id, home_score, away_score, created_at, updated_at) VALUES (521, 15, 87, 2, 3, '2024-01-01 00:00:00', NULL);
INSERT INTO prediction (id, user_id, game_id, home_score, away_score, created_at, updated_at) VALUES (522, 17, 87, 4, 2, '2024-01-01 00:00:00', NULL);
INSERT INTO prediction (id, user_id, game_id, home_score, away_score, created_at, updated_at) VALUES (523, 7, 87, 3, 2, '2024-01-01 00:00:00', NULL);
INSERT INTO prediction (id, user_id, game_id, home_score, away_score, created_at, updated_at) VALUES (524, 13, 88, 4, 1, '2024-01-01 00:00:00', NULL);
INSERT INTO prediction (id, user_id, game_id, home_score, away_score, created_at, updated_at) VALUES (525, 8, 88, 5, 1, '2024-01-01 00:00:00', NULL);
INSERT INTO prediction (id, user_id, game_id, home_score, away_score, created_at, updated_at) VALUES (526, 16, 88, 4, 2, '2024-01-01 00:00:00', NULL);
INSERT INTO prediction (id, user_id, game_id, home_score, away_score, created_at, updated_at) VALUES (527, 9, 88, 4, 2, '2024-01-01 00:00:00', NULL);
INSERT INTO prediction (id, user_id, game_id, home_score, away_score, created_at, updated_at) VALUES (528, 19, 88, 5, 1, '2024-01-01 00:00:00', NULL);
INSERT INTO prediction (id, user_id, game_id, home_score, away_score, created_at, updated_at) VALUES (529, 14, 88, 5, 1, '2024-01-01 00:00:00', NULL);
INSERT INTO prediction (id, user_id, game_id, home_score, away_score, created_at, updated_at) VALUES (530, 15, 88, 6, 1, '2024-01-01 00:00:00', NULL);
INSERT INTO prediction (id, user_id, game_id, home_score, away_score, created_at, updated_at) VALUES (531, 17, 88, 5, 2, '2024-01-01 00:00:00', NULL);
INSERT INTO prediction (id, user_id, game_id, home_score, away_score, created_at, updated_at) VALUES (532, 7, 88, 5, 0, '2024-01-01 00:00:00', NULL);
INSERT INTO prediction (id, user_id, game_id, home_score, away_score, created_at, updated_at) VALUES (533, 13, 89, 4, 2, '2024-01-01 00:00:00', NULL);
INSERT INTO prediction (id, user_id, game_id, home_score, away_score, created_at, updated_at) VALUES (534, 8, 89, 3, 1, '2024-01-01 00:00:00', NULL);
INSERT INTO prediction (id, user_id, game_id, home_score, away_score, created_at, updated_at) VALUES (535, 16, 89, 4, 2, '2024-01-01 00:00:00', NULL);
INSERT INTO prediction (id, user_id, game_id, home_score, away_score, created_at, updated_at) VALUES (536, 9, 89, 3, 1, '2024-01-01 00:00:00', NULL);
INSERT INTO prediction (id, user_id, game_id, home_score, away_score, created_at, updated_at) VALUES (537, 19, 89, 4, 2, '2024-01-01 00:00:00', NULL);
INSERT INTO prediction (id, user_id, game_id, home_score, away_score, created_at, updated_at) VALUES (538, 14, 89, 6, 2, '2024-01-01 00:00:00', NULL);
INSERT INTO prediction (id, user_id, game_id, home_score, away_score, created_at, updated_at) VALUES (539, 15, 89, 5, 1, '2024-01-01 00:00:00', NULL);
INSERT INTO prediction (id, user_id, game_id, home_score, away_score, created_at, updated_at) VALUES (540, 17, 89, 4, 1, '2024-01-01 00:00:00', NULL);
INSERT INTO prediction (id, user_id, game_id, home_score, away_score, created_at, updated_at) VALUES (541, 7, 89, 3, 1, '2024-01-01 00:00:00', NULL);
INSERT INTO prediction (id, user_id, game_id, home_score, away_score, created_at, updated_at) VALUES (542, 13, 90, 4, 3, '2024-01-01 00:00:00', NULL);
INSERT INTO prediction (id, user_id, game_id, home_score, away_score, created_at, updated_at) VALUES (543, 8, 90, 4, 1, '2024-01-01 00:00:00', NULL);
INSERT INTO prediction (id, user_id, game_id, home_score, away_score, created_at, updated_at) VALUES (544, 16, 90, 4, 1, '2024-01-01 00:00:00', NULL);
INSERT INTO prediction (id, user_id, game_id, home_score, away_score, created_at, updated_at) VALUES (545, 9, 90, 4, 1, '2024-01-01 00:00:00', NULL);
INSERT INTO prediction (id, user_id, game_id, home_score, away_score, created_at, updated_at) VALUES (546, 19, 90, 4, 1, '2024-01-01 00:00:00', NULL);
INSERT INTO prediction (id, user_id, game_id, home_score, away_score, created_at, updated_at) VALUES (547, 14, 90, 5, 1, '2024-01-01 00:00:00', NULL);
INSERT INTO prediction (id, user_id, game_id, home_score, away_score, created_at, updated_at) VALUES (548, 15, 90, 7, 0, '2024-01-01 00:00:00', NULL);
INSERT INTO prediction (id, user_id, game_id, home_score, away_score, created_at, updated_at) VALUES (549, 17, 90, 5, 1, '2024-01-01 00:00:00', NULL);
INSERT INTO prediction (id, user_id, game_id, home_score, away_score, created_at, updated_at) VALUES (550, 7, 90, 6, 0, '2024-01-01 00:00:00', NULL);
INSERT INTO prediction (id, user_id, game_id, home_score, away_score, created_at, updated_at) VALUES (551, 13, 91, 8, 1, '2024-01-01 00:00:00', NULL);
INSERT INTO prediction (id, user_id, game_id, home_score, away_score, created_at, updated_at) VALUES (552, 8, 91, 6, 0, '2024-01-01 00:00:00', NULL);
INSERT INTO prediction (id, user_id, game_id, home_score, away_score, created_at, updated_at) VALUES (553, 16, 91, 8, 0, '2024-01-01 00:00:00', NULL);
INSERT INTO prediction (id, user_id, game_id, home_score, away_score, created_at, updated_at) VALUES (554, 9, 91, 4, 1, '2024-01-01 00:00:00', NULL);
INSERT INTO prediction (id, user_id, game_id, home_score, away_score, created_at, updated_at) VALUES (555, 19, 91, 5, 1, '2024-01-01 00:00:00', NULL);
INSERT INTO prediction (id, user_id, game_id, home_score, away_score, created_at, updated_at) VALUES (556, 14, 91, 6, 0, '2024-01-01 00:00:00', NULL);
INSERT INTO prediction (id, user_id, game_id, home_score, away_score, created_at, updated_at) VALUES (557, 15, 91, 6, 0, '2024-01-01 00:00:00', NULL);
INSERT INTO prediction (id, user_id, game_id, home_score, away_score, created_at, updated_at) VALUES (558, 17, 91, 6, 0, '2024-01-01 00:00:00', NULL);
INSERT INTO prediction (id, user_id, game_id, home_score, away_score, created_at, updated_at) VALUES (559, 7, 91, 6, 0, '2024-01-01 00:00:00', NULL);
INSERT INTO prediction (id, user_id, game_id, home_score, away_score, created_at, updated_at) VALUES (560, 13, 92, 7, 1, '2024-01-01 00:00:00', NULL);
INSERT INTO prediction (id, user_id, game_id, home_score, away_score, created_at, updated_at) VALUES (561, 8, 92, 7, 1, '2024-01-01 00:00:00', NULL);
INSERT INTO prediction (id, user_id, game_id, home_score, away_score, created_at, updated_at) VALUES (562, 16, 92, 7, 2, '2024-01-01 00:00:00', NULL);
INSERT INTO prediction (id, user_id, game_id, home_score, away_score, created_at, updated_at) VALUES (563, 9, 92, 3, 1, '2024-01-01 00:00:00', NULL);
INSERT INTO prediction (id, user_id, game_id, home_score, away_score, created_at, updated_at) VALUES (564, 19, 92, 6, 1, '2024-01-01 00:00:00', NULL);
INSERT INTO prediction (id, user_id, game_id, home_score, away_score, created_at, updated_at) VALUES (565, 14, 92, 6, 1, '2024-01-01 00:00:00', NULL);
INSERT INTO prediction (id, user_id, game_id, home_score, away_score, created_at, updated_at) VALUES (566, 15, 92, 6, 2, '2024-01-01 00:00:00', NULL);
INSERT INTO prediction (id, user_id, game_id, home_score, away_score, created_at, updated_at) VALUES (567, 17, 92, 5, 1, '2024-01-01 00:00:00', NULL);
INSERT INTO prediction (id, user_id, game_id, home_score, away_score, created_at, updated_at) VALUES (568, 7, 92, 6, 0, '2024-01-01 00:00:00', NULL);
INSERT INTO prediction (id, user_id, game_id, home_score, away_score, created_at, updated_at) VALUES (569, 13, 93, 2, 3, '2024-01-01 00:00:00', NULL);
INSERT INTO prediction (id, user_id, game_id, home_score, away_score, created_at, updated_at) VALUES (570, 8, 93, 3, 4, '2024-01-01 00:00:00', NULL);
INSERT INTO prediction (id, user_id, game_id, home_score, away_score, created_at, updated_at) VALUES (571, 16, 93, 3, 2, '2024-01-01 00:00:00', NULL);
INSERT INTO prediction (id, user_id, game_id, home_score, away_score, created_at, updated_at) VALUES (572, 9, 93, 2, 4, '2024-01-01 00:00:00', NULL);
INSERT INTO prediction (id, user_id, game_id, home_score, away_score, created_at, updated_at) VALUES (573, 19, 93, 4, 2, '2024-01-01 00:00:00', NULL);
INSERT INTO prediction (id, user_id, game_id, home_score, away_score, created_at, updated_at) VALUES (574, 14, 93, 2, 3, '2024-01-01 00:00:00', NULL);
INSERT INTO prediction (id, user_id, game_id, home_score, away_score, created_at, updated_at) VALUES (575, 15, 93, 3, 2, '2024-01-01 00:00:00', NULL);
INSERT INTO prediction (id, user_id, game_id, home_score, away_score, created_at, updated_at) VALUES (576, 17, 93, 4, 3, '2024-01-01 00:00:00', NULL);
INSERT INTO prediction (id, user_id, game_id, home_score, away_score, created_at, updated_at) VALUES (577, 7, 93, 3, 2, '2024-01-01 00:00:00', NULL);
INSERT INTO prediction (id, user_id, game_id, home_score, away_score, created_at, updated_at) VALUES (578, 13, 94, 5, 1, '2024-01-01 00:00:00', NULL);
INSERT INTO prediction (id, user_id, game_id, home_score, away_score, created_at, updated_at) VALUES (579, 8, 94, 7, 1, '2024-01-01 00:00:00', NULL);
INSERT INTO prediction (id, user_id, game_id, home_score, away_score, created_at, updated_at) VALUES (580, 16, 94, 7, 3, '2024-01-01 00:00:00', NULL);
INSERT INTO prediction (id, user_id, game_id, home_score, away_score, created_at, updated_at) VALUES (581, 9, 94, 5, 1, '2024-01-01 00:00:00', NULL);
INSERT INTO prediction (id, user_id, game_id, home_score, away_score, created_at, updated_at) VALUES (582, 19, 94, 5, 2, '2024-01-01 00:00:00', NULL);
INSERT INTO prediction (id, user_id, game_id, home_score, away_score, created_at, updated_at) VALUES (583, 14, 94, 8, 1, '2024-01-01 00:00:00', NULL);
INSERT INTO prediction (id, user_id, game_id, home_score, away_score, created_at, updated_at) VALUES (584, 15, 94, 6, 1, '2024-01-01 00:00:00', NULL);
INSERT INTO prediction (id, user_id, game_id, home_score, away_score, created_at, updated_at) VALUES (585, 17, 94, 5, 2, '2024-01-01 00:00:00', NULL);
INSERT INTO prediction (id, user_id, game_id, home_score, away_score, created_at, updated_at) VALUES (586, 7, 94, 6, 0, '2024-01-01 00:00:00', NULL);
INSERT INTO prediction (id, user_id, game_id, home_score, away_score, created_at, updated_at) VALUES (587, 13, 95, 2, 3, '2024-01-01 00:00:00', NULL);
INSERT INTO prediction (id, user_id, game_id, home_score, away_score, created_at, updated_at) VALUES (588, 8, 95, 3, 4, '2024-01-01 00:00:00', NULL);
INSERT INTO prediction (id, user_id, game_id, home_score, away_score, created_at, updated_at) VALUES (589, 16, 95, 6, 5, '2024-01-01 00:00:00', NULL);
INSERT INTO prediction (id, user_id, game_id, home_score, away_score, created_at, updated_at) VALUES (590, 9, 95, 2, 4, '2024-01-01 00:00:00', NULL);
INSERT INTO prediction (id, user_id, game_id, home_score, away_score, created_at, updated_at) VALUES (591, 19, 95, 2, 4, '2024-01-01 00:00:00', NULL);
INSERT INTO prediction (id, user_id, game_id, home_score, away_score, created_at, updated_at) VALUES (592, 14, 95, 3, 5, '2024-01-01 00:00:00', NULL);
INSERT INTO prediction (id, user_id, game_id, home_score, away_score, created_at, updated_at) VALUES (593, 15, 95, 2, 4, '2024-01-01 00:00:00', NULL);
INSERT INTO prediction (id, user_id, game_id, home_score, away_score, created_at, updated_at) VALUES (594, 17, 95, 2, 5, '2024-01-01 00:00:00', NULL);
INSERT INTO prediction (id, user_id, game_id, home_score, away_score, created_at, updated_at) VALUES (595, 7, 95, 2, 5, '2024-01-01 00:00:00', NULL);
INSERT INTO prediction (id, user_id, game_id, home_score, away_score, created_at, updated_at) VALUES (596, 13, 96, 0, 6, '2024-01-01 00:00:00', NULL);
INSERT INTO prediction (id, user_id, game_id, home_score, away_score, created_at, updated_at) VALUES (597, 8, 96, 0, 7, '2024-01-01 00:00:00', NULL);
INSERT INTO prediction (id, user_id, game_id, home_score, away_score, created_at, updated_at) VALUES (598, 16, 96, 1, 6, '2024-01-01 00:00:00', NULL);
INSERT INTO prediction (id, user_id, game_id, home_score, away_score, created_at, updated_at) VALUES (599, 9, 96, 1, 6, '2024-01-01 00:00:00', NULL);
INSERT INTO prediction (id, user_id, game_id, home_score, away_score, created_at, updated_at) VALUES (600, 19, 96, 1, 6, '2024-01-01 00:00:00', NULL);
INSERT INTO prediction (id, user_id, game_id, home_score, away_score, created_at, updated_at) VALUES (601, 14, 96, 0, 8, '2024-01-01 00:00:00', NULL);
INSERT INTO prediction (id, user_id, game_id, home_score, away_score, created_at, updated_at) VALUES (602, 15, 96, 0, 7, '2024-01-01 00:00:00', NULL);
INSERT INTO prediction (id, user_id, game_id, home_score, away_score, created_at, updated_at) VALUES (603, 17, 96, 1, 6, '2024-01-01 00:00:00', NULL);
INSERT INTO prediction (id, user_id, game_id, home_score, away_score, created_at, updated_at) VALUES (604, 7, 96, 1, 7, '2024-01-01 00:00:00', NULL);
INSERT INTO prediction (id, user_id, game_id, home_score, away_score, created_at, updated_at) VALUES (605, 13, 97, 3, 2, '2024-01-01 00:00:00', NULL);
INSERT INTO prediction (id, user_id, game_id, home_score, away_score, created_at, updated_at) VALUES (606, 8, 97, 4, 1, '2024-01-01 00:00:00', NULL);
INSERT INTO prediction (id, user_id, game_id, home_score, away_score, created_at, updated_at) VALUES (607, 16, 97, 3, 1, '2024-01-01 00:00:00', NULL);
INSERT INTO prediction (id, user_id, game_id, home_score, away_score, created_at, updated_at) VALUES (608, 9, 97, 4, 2, '2024-01-01 00:00:00', NULL);
INSERT INTO prediction (id, user_id, game_id, home_score, away_score, created_at, updated_at) VALUES (609, 14, 97, 3, 1, '2024-01-01 00:00:00', NULL);
INSERT INTO prediction (id, user_id, game_id, home_score, away_score, created_at, updated_at) VALUES (610, 15, 97, 4, 2, '2024-01-01 00:00:00', NULL);
INSERT INTO prediction (id, user_id, game_id, home_score, away_score, created_at, updated_at) VALUES (611, 17, 97, 4, 1, '2024-01-01 00:00:00', NULL);
INSERT INTO prediction (id, user_id, game_id, home_score, away_score, created_at, updated_at) VALUES (612, 7, 97, 3, 2, '2024-01-01 00:00:00', NULL);
INSERT INTO prediction (id, user_id, game_id, home_score, away_score, created_at, updated_at) VALUES (613, 13, 98, 3, 2, '2024-01-01 00:00:00', NULL);
INSERT INTO prediction (id, user_id, game_id, home_score, away_score, created_at, updated_at) VALUES (614, 8, 98, 4, 1, '2024-01-01 00:00:00', NULL);
INSERT INTO prediction (id, user_id, game_id, home_score, away_score, created_at, updated_at) VALUES (615, 16, 98, 4, 2, '2024-01-01 00:00:00', NULL);
INSERT INTO prediction (id, user_id, game_id, home_score, away_score, created_at, updated_at) VALUES (616, 9, 98, 3, 2, '2024-01-01 00:00:00', NULL);
INSERT INTO prediction (id, user_id, game_id, home_score, away_score, created_at, updated_at) VALUES (617, 14, 98, 4, 2, '2024-01-01 00:00:00', NULL);
INSERT INTO prediction (id, user_id, game_id, home_score, away_score, created_at, updated_at) VALUES (618, 15, 98, 3, 2, '2024-01-01 00:00:00', NULL);
INSERT INTO prediction (id, user_id, game_id, home_score, away_score, created_at, updated_at) VALUES (619, 17, 98, 4, 3, '2024-01-01 00:00:00', NULL);
INSERT INTO prediction (id, user_id, game_id, home_score, away_score, created_at, updated_at) VALUES (620, 7, 98, 2, 3, '2024-01-01 00:00:00', NULL);
INSERT INTO prediction (id, user_id, game_id, home_score, away_score, created_at, updated_at) VALUES (621, 13, 99, 2, 6, '2024-01-01 00:00:00', NULL);
INSERT INTO prediction (id, user_id, game_id, home_score, away_score, created_at, updated_at) VALUES (622, 8, 99, 1, 4, '2024-01-01 00:00:00', NULL);
INSERT INTO prediction (id, user_id, game_id, home_score, away_score, created_at, updated_at) VALUES (623, 16, 99, 0, 5, '2024-01-01 00:00:00', NULL);
INSERT INTO prediction (id, user_id, game_id, home_score, away_score, created_at, updated_at) VALUES (624, 9, 99, 1, 4, '2024-01-01 00:00:00', NULL);
INSERT INTO prediction (id, user_id, game_id, home_score, away_score, created_at, updated_at) VALUES (625, 19, 99, 2, 5, '2024-01-01 00:00:00', NULL);
INSERT INTO prediction (id, user_id, game_id, home_score, away_score, created_at, updated_at) VALUES (626, 14, 99, 1, 5, '2024-01-01 00:00:00', NULL);
INSERT INTO prediction (id, user_id, game_id, home_score, away_score, created_at, updated_at) VALUES (627, 15, 99, 2, 5, '2024-01-01 00:00:00', NULL);
INSERT INTO prediction (id, user_id, game_id, home_score, away_score, created_at, updated_at) VALUES (628, 17, 99, 1, 6, '2024-01-01 00:00:00', NULL);
INSERT INTO prediction (id, user_id, game_id, home_score, away_score, created_at, updated_at) VALUES (629, 7, 99, 1, 5, '2024-01-01 00:00:00', NULL);
INSERT INTO prediction (id, user_id, game_id, home_score, away_score, created_at, updated_at) VALUES (630, 13, 100, 5, 1, '2024-01-01 00:00:00', NULL);
INSERT INTO prediction (id, user_id, game_id, home_score, away_score, created_at, updated_at) VALUES (631, 8, 100, 7, 0, '2024-01-01 00:00:00', NULL);
INSERT INTO prediction (id, user_id, game_id, home_score, away_score, created_at, updated_at) VALUES (632, 16, 100, 8, 0, '2024-01-01 00:00:00', NULL);
INSERT INTO prediction (id, user_id, game_id, home_score, away_score, created_at, updated_at) VALUES (633, 9, 100, 7, 1, '2024-01-01 00:00:00', NULL);
INSERT INTO prediction (id, user_id, game_id, home_score, away_score, created_at, updated_at) VALUES (634, 19, 100, 8, 0, '2024-01-01 00:00:00', NULL);
INSERT INTO prediction (id, user_id, game_id, home_score, away_score, created_at, updated_at) VALUES (635, 14, 100, 7, 0, '2024-01-01 00:00:00', NULL);
INSERT INTO prediction (id, user_id, game_id, home_score, away_score, created_at, updated_at) VALUES (636, 15, 100, 9, 0, '2024-01-01 00:00:00', NULL);
INSERT INTO prediction (id, user_id, game_id, home_score, away_score, created_at, updated_at) VALUES (637, 17, 100, 8, 0, '2024-01-01 00:00:00', NULL);
INSERT INTO prediction (id, user_id, game_id, home_score, away_score, created_at, updated_at) VALUES (638, 7, 100, 8, 0, '2024-01-01 00:00:00', NULL);
INSERT INTO prediction (id, user_id, game_id, home_score, away_score, created_at, updated_at) VALUES (639, 13, 101, 2, 4, '2024-01-01 00:00:00', NULL);
INSERT INTO prediction (id, user_id, game_id, home_score, away_score, created_at, updated_at) VALUES (640, 8, 101, 0, 4, '2024-01-01 00:00:00', NULL);
INSERT INTO prediction (id, user_id, game_id, home_score, away_score, created_at, updated_at) VALUES (641, 16, 101, 2, 5, '2024-01-01 00:00:00', NULL);
INSERT INTO prediction (id, user_id, game_id, home_score, away_score, created_at, updated_at) VALUES (642, 9, 101, 2, 5, '2024-01-01 00:00:00', NULL);
INSERT INTO prediction (id, user_id, game_id, home_score, away_score, created_at, updated_at) VALUES (643, 19, 101, 1, 4, '2024-01-01 00:00:00', NULL);
INSERT INTO prediction (id, user_id, game_id, home_score, away_score, created_at, updated_at) VALUES (644, 15, 101, 1, 4, '2024-01-01 00:00:00', NULL);
INSERT INTO prediction (id, user_id, game_id, home_score, away_score, created_at, updated_at) VALUES (645, 17, 101, 0, 5, '2024-01-01 00:00:00', NULL);
INSERT INTO prediction (id, user_id, game_id, home_score, away_score, created_at, updated_at) VALUES (646, 7, 101, 0, 6, '2024-01-01 00:00:00', NULL);
INSERT INTO prediction (id, user_id, game_id, home_score, away_score, created_at, updated_at) VALUES (647, 13, 102, 3, 1, '2024-01-01 00:00:00', NULL);
INSERT INTO prediction (id, user_id, game_id, home_score, away_score, created_at, updated_at) VALUES (648, 8, 102, 4, 2, '2024-01-01 00:00:00', NULL);
INSERT INTO prediction (id, user_id, game_id, home_score, away_score, created_at, updated_at) VALUES (649, 16, 102, 2, 3, '2024-01-01 00:00:00', NULL);
INSERT INTO prediction (id, user_id, game_id, home_score, away_score, created_at, updated_at) VALUES (650, 9, 102, 3, 2, '2024-01-01 00:00:00', NULL);
INSERT INTO prediction (id, user_id, game_id, home_score, away_score, created_at, updated_at) VALUES (651, 19, 102, 2, 3, '2024-01-01 00:00:00', NULL);
INSERT INTO prediction (id, user_id, game_id, home_score, away_score, created_at, updated_at) VALUES (652, 15, 102, 1, 4, '2024-01-01 00:00:00', NULL);
INSERT INTO prediction (id, user_id, game_id, home_score, away_score, created_at, updated_at) VALUES (653, 17, 102, 4, 2, '2024-01-01 00:00:00', NULL);
INSERT INTO prediction (id, user_id, game_id, home_score, away_score, created_at, updated_at) VALUES (654, 7, 102, 1, 3, '2024-01-01 00:00:00', NULL);
INSERT INTO prediction (id, user_id, game_id, home_score, away_score, created_at, updated_at) VALUES (655, 13, 103, 3, 1, '2024-01-01 00:00:00', NULL);
INSERT INTO prediction (id, user_id, game_id, home_score, away_score, created_at, updated_at) VALUES (656, 8, 103, 3, 2, '2024-01-01 00:00:00', NULL);
INSERT INTO prediction (id, user_id, game_id, home_score, away_score, created_at, updated_at) VALUES (657, 16, 103, 1, 4, '2024-01-01 00:00:00', NULL);
INSERT INTO prediction (id, user_id, game_id, home_score, away_score, created_at, updated_at) VALUES (658, 9, 103, 3, 2, '2024-01-01 00:00:00', NULL);
INSERT INTO prediction (id, user_id, game_id, home_score, away_score, created_at, updated_at) VALUES (659, 19, 103, 2, 3, '2024-01-01 00:00:00', NULL);
INSERT INTO prediction (id, user_id, game_id, home_score, away_score, created_at, updated_at) VALUES (660, 14, 103, 2, 3, '2024-01-01 00:00:00', NULL);
INSERT INTO prediction (id, user_id, game_id, home_score, away_score, created_at, updated_at) VALUES (661, 15, 103, 2, 3, '2024-01-01 00:00:00', NULL);
INSERT INTO prediction (id, user_id, game_id, home_score, away_score, created_at, updated_at) VALUES (662, 17, 103, 3, 2, '2024-01-01 00:00:00', NULL);
INSERT INTO prediction (id, user_id, game_id, home_score, away_score, created_at, updated_at) VALUES (663, 7, 103, 2, 3, '2024-01-01 00:00:00', NULL);
INSERT INTO prediction (id, user_id, game_id, home_score, away_score, created_at, updated_at) VALUES (664, 13, 104, 5, 1, '2024-01-01 00:00:00', NULL);
INSERT INTO prediction (id, user_id, game_id, home_score, away_score, created_at, updated_at) VALUES (665, 8, 104, 4, 0, '2024-01-01 00:00:00', NULL);
INSERT INTO prediction (id, user_id, game_id, home_score, away_score, created_at, updated_at) VALUES (666, 16, 104, 5, 1, '2024-01-01 00:00:00', NULL);
INSERT INTO prediction (id, user_id, game_id, home_score, away_score, created_at, updated_at) VALUES (667, 9, 104, 4, 1, '2024-01-01 00:00:00', NULL);
INSERT INTO prediction (id, user_id, game_id, home_score, away_score, created_at, updated_at) VALUES (668, 19, 104, 4, 1, '2024-01-01 00:00:00', NULL);
INSERT INTO prediction (id, user_id, game_id, home_score, away_score, created_at, updated_at) VALUES (669, 14, 104, 5, 1, '2024-01-01 00:00:00', NULL);
INSERT INTO prediction (id, user_id, game_id, home_score, away_score, created_at, updated_at) VALUES (670, 15, 104, 4, 1, '2024-01-01 00:00:00', NULL);
INSERT INTO prediction (id, user_id, game_id, home_score, away_score, created_at, updated_at) VALUES (671, 17, 104, 5, 2, '2024-01-01 00:00:00', NULL);
INSERT INTO prediction (id, user_id, game_id, home_score, away_score, created_at, updated_at) VALUES (672, 7, 104, 6, 0, '2024-01-01 00:00:00', NULL);
INSERT INTO prediction (id, user_id, game_id, home_score, away_score, created_at, updated_at) VALUES (673, 13, 105, 5, 3, '2024-01-01 00:00:00', NULL);
INSERT INTO prediction (id, user_id, game_id, home_score, away_score, created_at, updated_at) VALUES (674, 8, 105, 5, 2, '2024-01-01 00:00:00', NULL);
INSERT INTO prediction (id, user_id, game_id, home_score, away_score, created_at, updated_at) VALUES (675, 16, 105, 6, 2, '2024-01-01 00:00:00', NULL);
INSERT INTO prediction (id, user_id, game_id, home_score, away_score, created_at, updated_at) VALUES (676, 9, 105, 4, 2, '2024-01-01 00:00:00', NULL);
INSERT INTO prediction (id, user_id, game_id, home_score, away_score, created_at, updated_at) VALUES (677, 19, 105, 5, 2, '2024-01-01 00:00:00', NULL);
INSERT INTO prediction (id, user_id, game_id, home_score, away_score, created_at, updated_at) VALUES (678, 14, 105, 5, 3, '2024-01-01 00:00:00', NULL);
INSERT INTO prediction (id, user_id, game_id, home_score, away_score, created_at, updated_at) VALUES (679, 15, 105, 5, 2, '2024-01-01 00:00:00', NULL);
INSERT INTO prediction (id, user_id, game_id, home_score, away_score, created_at, updated_at) VALUES (680, 17, 105, 6, 1, '2024-01-01 00:00:00', NULL);
INSERT INTO prediction (id, user_id, game_id, home_score, away_score, created_at, updated_at) VALUES (681, 7, 105, 4, 1, '2024-01-01 00:00:00', NULL);
INSERT INTO prediction (id, user_id, game_id, home_score, away_score, created_at, updated_at) VALUES (682, 13, 106, 2, 1, '2024-01-01 00:00:00', NULL);
INSERT INTO prediction (id, user_id, game_id, home_score, away_score, created_at, updated_at) VALUES (683, 8, 106, 3, 4, '2024-01-01 00:00:00', NULL);
INSERT INTO prediction (id, user_id, game_id, home_score, away_score, created_at, updated_at) VALUES (684, 16, 106, 5, 3, '2024-01-01 00:00:00', NULL);
INSERT INTO prediction (id, user_id, game_id, home_score, away_score, created_at, updated_at) VALUES (685, 9, 106, 3, 1, '2024-01-01 00:00:00', NULL);
INSERT INTO prediction (id, user_id, game_id, home_score, away_score, created_at, updated_at) VALUES (686, 19, 106, 5, 3, '2024-01-01 00:00:00', NULL);
INSERT INTO prediction (id, user_id, game_id, home_score, away_score, created_at, updated_at) VALUES (687, 14, 106, 3, 1, '2024-01-01 00:00:00', NULL);
INSERT INTO prediction (id, user_id, game_id, home_score, away_score, created_at, updated_at) VALUES (688, 15, 106, 5, 3, '2024-01-01 00:00:00', NULL);
INSERT INTO prediction (id, user_id, game_id, home_score, away_score, created_at, updated_at) VALUES (689, 17, 106, 5, 4, '2024-01-01 00:00:00', NULL);
INSERT INTO prediction (id, user_id, game_id, home_score, away_score, created_at, updated_at) VALUES (690, 7, 106, 5, 3, '2024-01-01 00:00:00', NULL);
INSERT INTO prediction (id, user_id, game_id, home_score, away_score, created_at, updated_at) VALUES (691, 13, 107, 1, 4, '2024-01-01 00:00:00', NULL);
INSERT INTO prediction (id, user_id, game_id, home_score, away_score, created_at, updated_at) VALUES (692, 8, 107, 2, 4, '2024-01-01 00:00:00', NULL);
INSERT INTO prediction (id, user_id, game_id, home_score, away_score, created_at, updated_at) VALUES (693, 16, 107, 1, 4, '2024-01-01 00:00:00', NULL);
INSERT INTO prediction (id, user_id, game_id, home_score, away_score, created_at, updated_at) VALUES (694, 9, 107, 1, 3, '2024-01-01 00:00:00', NULL);
INSERT INTO prediction (id, user_id, game_id, home_score, away_score, created_at, updated_at) VALUES (695, 19, 107, 2, 5, '2024-01-01 00:00:00', NULL);
INSERT INTO prediction (id, user_id, game_id, home_score, away_score, created_at, updated_at) VALUES (696, 14, 107, 2, 4, '2024-01-01 00:00:00', NULL);
INSERT INTO prediction (id, user_id, game_id, home_score, away_score, created_at, updated_at) VALUES (697, 15, 107, 2, 4, '2024-01-01 00:00:00', NULL);
INSERT INTO prediction (id, user_id, game_id, home_score, away_score, created_at, updated_at) VALUES (698, 17, 107, 2, 5, '2024-01-01 00:00:00', NULL);
INSERT INTO prediction (id, user_id, game_id, home_score, away_score, created_at, updated_at) VALUES (699, 7, 107, 0, 5, '2024-01-01 00:00:00', NULL);
INSERT INTO prediction (id, user_id, game_id, home_score, away_score, created_at, updated_at) VALUES (700, 13, 108, 1, 6, '2024-01-01 00:00:00', NULL);
INSERT INTO prediction (id, user_id, game_id, home_score, away_score, created_at, updated_at) VALUES (701, 8, 108, 0, 6, '2024-01-01 00:00:00', NULL);
INSERT INTO prediction (id, user_id, game_id, home_score, away_score, created_at, updated_at) VALUES (702, 16, 108, 0, 5, '2024-01-01 00:00:00', NULL);
INSERT INTO prediction (id, user_id, game_id, home_score, away_score, created_at, updated_at) VALUES (703, 9, 108, 1, 4, '2024-01-01 00:00:00', NULL);
INSERT INTO prediction (id, user_id, game_id, home_score, away_score, created_at, updated_at) VALUES (704, 19, 108, 1, 6, '2024-01-01 00:00:00', NULL);
INSERT INTO prediction (id, user_id, game_id, home_score, away_score, created_at, updated_at) VALUES (705, 14, 108, 0, 5, '2024-01-01 00:00:00', NULL);
INSERT INTO prediction (id, user_id, game_id, home_score, away_score, created_at, updated_at) VALUES (706, 15, 108, 1, 6, '2024-01-01 00:00:00', NULL);
INSERT INTO prediction (id, user_id, game_id, home_score, away_score, created_at, updated_at) VALUES (707, 17, 108, 1, 7, '2024-01-01 00:00:00', NULL);
INSERT INTO prediction (id, user_id, game_id, home_score, away_score, created_at, updated_at) VALUES (708, 7, 108, 0, 5, '2024-01-01 00:00:00', NULL);
INSERT INTO prediction (id, user_id, game_id, home_score, away_score, created_at, updated_at) VALUES (709, 13, 109, 2, 3, '2024-01-01 00:00:00', NULL);
INSERT INTO prediction (id, user_id, game_id, home_score, away_score, created_at, updated_at) VALUES (710, 8, 109, 3, 4, '2024-01-01 00:00:00', NULL);
INSERT INTO prediction (id, user_id, game_id, home_score, away_score, created_at, updated_at) VALUES (711, 16, 109, 2, 4, '2024-01-01 00:00:00', NULL);
INSERT INTO prediction (id, user_id, game_id, home_score, away_score, created_at, updated_at) VALUES (712, 9, 109, 2, 4, '2024-01-01 00:00:00', NULL);
INSERT INTO prediction (id, user_id, game_id, home_score, away_score, created_at, updated_at) VALUES (713, 19, 109, 2, 5, '2024-01-01 00:00:00', NULL);
INSERT INTO prediction (id, user_id, game_id, home_score, away_score, created_at, updated_at) VALUES (714, 14, 109, 3, 5, '2024-01-01 00:00:00', NULL);
INSERT INTO prediction (id, user_id, game_id, home_score, away_score, created_at, updated_at) VALUES (715, 15, 109, 2, 4, '2024-01-01 00:00:00', NULL);
INSERT INTO prediction (id, user_id, game_id, home_score, away_score, created_at, updated_at) VALUES (716, 17, 109, 2, 4, '2024-01-01 00:00:00', NULL);
INSERT INTO prediction (id, user_id, game_id, home_score, away_score, created_at, updated_at) VALUES (717, 7, 109, 2, 3, '2024-01-01 00:00:00', NULL);
INSERT INTO prediction (id, user_id, game_id, home_score, away_score, created_at, updated_at) VALUES (718, 13, 110, 2, 4, '2024-01-01 00:00:00', NULL);
INSERT INTO prediction (id, user_id, game_id, home_score, away_score, created_at, updated_at) VALUES (719, 8, 110, 1, 6, '2024-01-01 00:00:00', NULL);
INSERT INTO prediction (id, user_id, game_id, home_score, away_score, created_at, updated_at) VALUES (720, 16, 110, 1, 6, '2024-01-01 00:00:00', NULL);
INSERT INTO prediction (id, user_id, game_id, home_score, away_score, created_at, updated_at) VALUES (721, 9, 110, 1, 4, '2024-01-01 00:00:00', NULL);
INSERT INTO prediction (id, user_id, game_id, home_score, away_score, created_at, updated_at) VALUES (722, 19, 110, 1, 6, '2024-01-01 00:00:00', NULL);
INSERT INTO prediction (id, user_id, game_id, home_score, away_score, created_at, updated_at) VALUES (723, 14, 110, 0, 6, '2024-01-01 00:00:00', NULL);
INSERT INTO prediction (id, user_id, game_id, home_score, away_score, created_at, updated_at) VALUES (724, 15, 110, 2, 5, '2024-01-01 00:00:00', NULL);
INSERT INTO prediction (id, user_id, game_id, home_score, away_score, created_at, updated_at) VALUES (725, 17, 110, 1, 5, '2024-01-01 00:00:00', NULL);
INSERT INTO prediction (id, user_id, game_id, home_score, away_score, created_at, updated_at) VALUES (726, 7, 110, 0, 4, '2024-01-01 00:00:00', NULL);
INSERT INTO prediction (id, user_id, game_id, home_score, away_score, created_at, updated_at) VALUES (727, 13, 111, 4, 3, '2024-01-01 00:00:00', NULL);
INSERT INTO prediction (id, user_id, game_id, home_score, away_score, created_at, updated_at) VALUES (728, 8, 111, 5, 3, '2024-01-01 00:00:00', NULL);
INSERT INTO prediction (id, user_id, game_id, home_score, away_score, created_at, updated_at) VALUES (729, 16, 111, 5, 3, '2024-01-01 00:00:00', NULL);
INSERT INTO prediction (id, user_id, game_id, home_score, away_score, created_at, updated_at) VALUES (730, 9, 111, 5, 2, '2024-01-01 00:00:00', NULL);
INSERT INTO prediction (id, user_id, game_id, home_score, away_score, created_at, updated_at) VALUES (731, 19, 111, 5, 1, '2024-01-01 00:00:00', NULL);
INSERT INTO prediction (id, user_id, game_id, home_score, away_score, created_at, updated_at) VALUES (732, 14, 111, 5, 2, '2024-01-01 00:00:00', NULL);
INSERT INTO prediction (id, user_id, game_id, home_score, away_score, created_at, updated_at) VALUES (733, 15, 111, 7, 1, '2024-01-01 00:00:00', NULL);
INSERT INTO prediction (id, user_id, game_id, home_score, away_score, created_at, updated_at) VALUES (734, 17, 111, 5, 2, '2024-01-01 00:00:00', NULL);
INSERT INTO prediction (id, user_id, game_id, home_score, away_score, created_at, updated_at) VALUES (735, 7, 111, 4, 3, '2024-01-01 00:00:00', NULL);
INSERT INTO prediction (id, user_id, game_id, home_score, away_score, created_at, updated_at) VALUES (736, 13, 112, 2, 3, '2024-01-01 00:00:00', NULL);
INSERT INTO prediction (id, user_id, game_id, home_score, away_score, created_at, updated_at) VALUES (737, 8, 112, 1, 5, '2024-01-01 00:00:00', NULL);
INSERT INTO prediction (id, user_id, game_id, home_score, away_score, created_at, updated_at) VALUES (738, 16, 112, 2, 4, '2024-01-01 00:00:00', NULL);
INSERT INTO prediction (id, user_id, game_id, home_score, away_score, created_at, updated_at) VALUES (739, 9, 112, 1, 5, '2024-01-01 00:00:00', NULL);
INSERT INTO prediction (id, user_id, game_id, home_score, away_score, created_at, updated_at) VALUES (740, 19, 112, 2, 4, '2024-01-01 00:00:00', NULL);
INSERT INTO prediction (id, user_id, game_id, home_score, away_score, created_at, updated_at) VALUES (741, 14, 112, 1, 3, '2024-01-01 00:00:00', NULL);
INSERT INTO prediction (id, user_id, game_id, home_score, away_score, created_at, updated_at) VALUES (742, 15, 112, 1, 4, '2024-01-01 00:00:00', NULL);
INSERT INTO prediction (id, user_id, game_id, home_score, away_score, created_at, updated_at) VALUES (743, 17, 112, 1, 3, '2024-01-01 00:00:00', NULL);
INSERT INTO prediction (id, user_id, game_id, home_score, away_score, created_at, updated_at) VALUES (744, 7, 112, 1, 4, '2024-01-01 00:00:00', NULL);
INSERT INTO prediction (id, user_id, game_id, home_score, away_score, created_at, updated_at) VALUES (745, 13, 113, 5, 1, '2024-01-01 00:00:00', NULL);
INSERT INTO prediction (id, user_id, game_id, home_score, away_score, created_at, updated_at) VALUES (746, 8, 113, 5, 0, '2024-01-01 00:00:00', NULL);
INSERT INTO prediction (id, user_id, game_id, home_score, away_score, created_at, updated_at) VALUES (747, 16, 113, 7, 0, '2024-01-01 00:00:00', NULL);
INSERT INTO prediction (id, user_id, game_id, home_score, away_score, created_at, updated_at) VALUES (748, 9, 113, 4, 1, '2024-01-01 00:00:00', NULL);
INSERT INTO prediction (id, user_id, game_id, home_score, away_score, created_at, updated_at) VALUES (749, 19, 113, 7, 0, '2024-01-01 00:00:00', NULL);
INSERT INTO prediction (id, user_id, game_id, home_score, away_score, created_at, updated_at) VALUES (750, 14, 113, 4, 1, '2024-01-01 00:00:00', NULL);
INSERT INTO prediction (id, user_id, game_id, home_score, away_score, created_at, updated_at) VALUES (751, 15, 113, 5, 1, '2024-01-01 00:00:00', NULL);
INSERT INTO prediction (id, user_id, game_id, home_score, away_score, created_at, updated_at) VALUES (752, 17, 113, 6, 0, '2024-01-01 00:00:00', NULL);
INSERT INTO prediction (id, user_id, game_id, home_score, away_score, created_at, updated_at) VALUES (753, 7, 113, 5, 0, '2024-01-01 00:00:00', NULL);
INSERT INTO prediction (id, user_id, game_id, home_score, away_score, created_at, updated_at) VALUES (754, 13, 114, 5, 3, '2024-01-01 00:00:00', NULL);
INSERT INTO prediction (id, user_id, game_id, home_score, away_score, created_at, updated_at) VALUES (755, 8, 114, 6, 2, '2024-01-01 00:00:00', NULL);
INSERT INTO prediction (id, user_id, game_id, home_score, away_score, created_at, updated_at) VALUES (756, 16, 114, 8, 0, '2024-01-01 00:00:00', NULL);
INSERT INTO prediction (id, user_id, game_id, home_score, away_score, created_at, updated_at) VALUES (757, 9, 114, 5, 2, '2024-01-01 00:00:00', NULL);
INSERT INTO prediction (id, user_id, game_id, home_score, away_score, created_at, updated_at) VALUES (758, 19, 114, 8, 2, '2024-01-01 00:00:00', NULL);
INSERT INTO prediction (id, user_id, game_id, home_score, away_score, created_at, updated_at) VALUES (759, 14, 114, 3, 0, '2024-01-01 00:00:00', NULL);
INSERT INTO prediction (id, user_id, game_id, home_score, away_score, created_at, updated_at) VALUES (760, 15, 114, 6, 2, '2024-01-01 00:00:00', NULL);
INSERT INTO prediction (id, user_id, game_id, home_score, away_score, created_at, updated_at) VALUES (761, 17, 114, 5, 1, '2024-01-01 00:00:00', NULL);
INSERT INTO prediction (id, user_id, game_id, home_score, away_score, created_at, updated_at) VALUES (762, 7, 114, 7, 1, '2024-01-01 00:00:00', NULL);
INSERT INTO prediction (id, user_id, game_id, home_score, away_score, created_at, updated_at) VALUES (763, 13, 115, 4, 1, '2024-01-01 00:00:00', NULL);
INSERT INTO prediction (id, user_id, game_id, home_score, away_score, created_at, updated_at) VALUES (764, 8, 115, 5, 0, '2024-01-01 00:00:00', NULL);
INSERT INTO prediction (id, user_id, game_id, home_score, away_score, created_at, updated_at) VALUES (765, 16, 115, 3, 2, '2024-01-01 00:00:00', NULL);
INSERT INTO prediction (id, user_id, game_id, home_score, away_score, created_at, updated_at) VALUES (766, 9, 115, 5, 2, '2024-01-01 00:00:00', NULL);
INSERT INTO prediction (id, user_id, game_id, home_score, away_score, created_at, updated_at) VALUES (767, 19, 115, 4, 1, '2024-01-01 00:00:00', NULL);
INSERT INTO prediction (id, user_id, game_id, home_score, away_score, created_at, updated_at) VALUES (768, 14, 115, 4, 1, '2024-01-01 00:00:00', NULL);
INSERT INTO prediction (id, user_id, game_id, home_score, away_score, created_at, updated_at) VALUES (769, 15, 115, 4, 1, '2024-01-01 00:00:00', NULL);
INSERT INTO prediction (id, user_id, game_id, home_score, away_score, created_at, updated_at) VALUES (770, 17, 115, 5, 2, '2024-01-01 00:00:00', NULL);
INSERT INTO prediction (id, user_id, game_id, home_score, away_score, created_at, updated_at) VALUES (771, 7, 115, 4, 2, '2024-01-01 00:00:00', NULL);
INSERT INTO prediction (id, user_id, game_id, home_score, away_score, created_at, updated_at) VALUES (772, 13, 116, 2, 4, '2024-01-01 00:00:00', NULL);
INSERT INTO prediction (id, user_id, game_id, home_score, away_score, created_at, updated_at) VALUES (773, 8, 116, 3, 4, '2024-01-01 00:00:00', NULL);
INSERT INTO prediction (id, user_id, game_id, home_score, away_score, created_at, updated_at) VALUES (774, 16, 116, 3, 4, '2024-01-01 00:00:00', NULL);
INSERT INTO prediction (id, user_id, game_id, home_score, away_score, created_at, updated_at) VALUES (775, 9, 116, 2, 3, '2024-01-01 00:00:00', NULL);
INSERT INTO prediction (id, user_id, game_id, home_score, away_score, created_at, updated_at) VALUES (776, 19, 116, 3, 5, '2024-01-01 00:00:00', NULL);
INSERT INTO prediction (id, user_id, game_id, home_score, away_score, created_at, updated_at) VALUES (777, 14, 116, 3, 2, '2024-01-01 00:00:00', NULL);
INSERT INTO prediction (id, user_id, game_id, home_score, away_score, created_at, updated_at) VALUES (778, 15, 116, 4, 3, '2024-01-01 00:00:00', NULL);
INSERT INTO prediction (id, user_id, game_id, home_score, away_score, created_at, updated_at) VALUES (779, 17, 116, 3, 4, '2024-01-01 00:00:00', NULL);
INSERT INTO prediction (id, user_id, game_id, home_score, away_score, created_at, updated_at) VALUES (780, 7, 116, 4, 2, '2024-01-01 00:00:00', NULL);
INSERT INTO prediction (id, user_id, game_id, home_score, away_score, created_at, updated_at) VALUES (781, 13, 117, 1, 3, '2024-01-01 00:00:00', NULL);
INSERT INTO prediction (id, user_id, game_id, home_score, away_score, created_at, updated_at) VALUES (782, 8, 117, 1, 4, '2024-01-01 00:00:00', NULL);
INSERT INTO prediction (id, user_id, game_id, home_score, away_score, created_at, updated_at) VALUES (783, 16, 117, 1, 4, '2024-01-01 00:00:00', NULL);
INSERT INTO prediction (id, user_id, game_id, home_score, away_score, created_at, updated_at) VALUES (784, 9, 117, 1, 4, '2024-01-01 00:00:00', NULL);
INSERT INTO prediction (id, user_id, game_id, home_score, away_score, created_at, updated_at) VALUES (785, 19, 117, 2, 4, '2024-01-01 00:00:00', NULL);
INSERT INTO prediction (id, user_id, game_id, home_score, away_score, created_at, updated_at) VALUES (786, 14, 117, 2, 4, '2024-01-01 00:00:00', NULL);
INSERT INTO prediction (id, user_id, game_id, home_score, away_score, created_at, updated_at) VALUES (787, 15, 117, 3, 2, '2024-01-01 00:00:00', NULL);
INSERT INTO prediction (id, user_id, game_id, home_score, away_score, created_at, updated_at) VALUES (788, 17, 117, 0, 4, '2024-01-01 00:00:00', NULL);
INSERT INTO prediction (id, user_id, game_id, home_score, away_score, created_at, updated_at) VALUES (789, 7, 117, 2, 3, '2024-01-01 00:00:00', NULL);
INSERT INTO prediction (id, user_id, game_id, home_score, away_score, created_at, updated_at) VALUES (790, 13, 118, 4, 1, '2024-01-01 00:00:00', NULL);
INSERT INTO prediction (id, user_id, game_id, home_score, away_score, created_at, updated_at) VALUES (791, 8, 118, 5, 1, '2024-01-01 00:00:00', NULL);
INSERT INTO prediction (id, user_id, game_id, home_score, away_score, created_at, updated_at) VALUES (792, 16, 118, 4, 2, '2024-01-01 00:00:00', NULL);
INSERT INTO prediction (id, user_id, game_id, home_score, away_score, created_at, updated_at) VALUES (793, 9, 118, 4, 1, '2024-01-01 00:00:00', NULL);
INSERT INTO prediction (id, user_id, game_id, home_score, away_score, created_at, updated_at) VALUES (794, 19, 118, 2, 3, '2024-01-01 00:00:00', NULL);
INSERT INTO prediction (id, user_id, game_id, home_score, away_score, created_at, updated_at) VALUES (795, 14, 118, 3, 2, '2024-01-01 00:00:00', NULL);
INSERT INTO prediction (id, user_id, game_id, home_score, away_score, created_at, updated_at) VALUES (796, 15, 118, 4, 2, '2024-01-01 00:00:00', NULL);
INSERT INTO prediction (id, user_id, game_id, home_score, away_score, created_at, updated_at) VALUES (797, 17, 118, 6, 1, '2024-01-01 00:00:00', NULL);
INSERT INTO prediction (id, user_id, game_id, home_score, away_score, created_at, updated_at) VALUES (798, 7, 118, 6, 1, '2024-01-01 00:00:00', NULL);
INSERT INTO prediction (id, user_id, game_id, home_score, away_score, created_at, updated_at) VALUES (799, 13, 119, 3, 2, '2024-01-01 00:00:00', NULL);
INSERT INTO prediction (id, user_id, game_id, home_score, away_score, created_at, updated_at) VALUES (800, 8, 119, 4, 3, '2024-01-01 00:00:00', NULL);
INSERT INTO prediction (id, user_id, game_id, home_score, away_score, created_at, updated_at) VALUES (801, 16, 119, 3, 5, '2024-01-01 00:00:00', NULL);
INSERT INTO prediction (id, user_id, game_id, home_score, away_score, created_at, updated_at) VALUES (802, 9, 119, 4, 3, '2024-01-01 00:00:00', NULL);
INSERT INTO prediction (id, user_id, game_id, home_score, away_score, created_at, updated_at) VALUES (803, 19, 119, 3, 5, '2024-01-01 00:00:00', NULL);
INSERT INTO prediction (id, user_id, game_id, home_score, away_score, created_at, updated_at) VALUES (804, 14, 119, 2, 3, '2024-01-01 00:00:00', NULL);
INSERT INTO prediction (id, user_id, game_id, home_score, away_score, created_at, updated_at) VALUES (805, 15, 119, 3, 4, '2024-01-01 00:00:00', NULL);
INSERT INTO prediction (id, user_id, game_id, home_score, away_score, created_at, updated_at) VALUES (806, 17, 119, 3, 4, '2024-01-01 00:00:00', NULL);
INSERT INTO prediction (id, user_id, game_id, home_score, away_score, created_at, updated_at) VALUES (807, 7, 119, 3, 4, '2024-01-01 00:00:00', NULL);
INSERT INTO prediction (id, user_id, game_id, home_score, away_score, created_at, updated_at) VALUES (808, 13, 120, 4, 3, '2024-01-01 00:00:00', NULL);
INSERT INTO prediction (id, user_id, game_id, home_score, away_score, created_at, updated_at) VALUES (809, 8, 120, 3, 2, '2024-01-01 00:00:00', NULL);
INSERT INTO prediction (id, user_id, game_id, home_score, away_score, created_at, updated_at) VALUES (810, 16, 120, 3, 2, '2024-01-01 00:00:00', NULL);
INSERT INTO prediction (id, user_id, game_id, home_score, away_score, created_at, updated_at) VALUES (811, 9, 120, 3, 2, '2024-01-01 00:00:00', NULL);
INSERT INTO prediction (id, user_id, game_id, home_score, away_score, created_at, updated_at) VALUES (812, 19, 120, 2, 4, '2024-01-01 00:00:00', NULL);
INSERT INTO prediction (id, user_id, game_id, home_score, away_score, created_at, updated_at) VALUES (813, 14, 120, 2, 4, '2024-01-01 00:00:00', NULL);
INSERT INTO prediction (id, user_id, game_id, home_score, away_score, created_at, updated_at) VALUES (814, 15, 120, 1, 3, '2024-01-01 00:00:00', NULL);
INSERT INTO prediction (id, user_id, game_id, home_score, away_score, created_at, updated_at) VALUES (815, 17, 120, 3, 2, '2024-01-01 00:00:00', NULL);
INSERT INTO prediction (id, user_id, game_id, home_score, away_score, created_at, updated_at) VALUES (816, 7, 120, 1, 4, '2024-01-01 00:00:00', NULL);
INSERT INTO prediction (id, user_id, game_id, home_score, away_score, created_at, updated_at) VALUES (817, 13, 121, 3, 5, '2024-01-01 00:00:00', NULL);
INSERT INTO prediction (id, user_id, game_id, home_score, away_score, created_at, updated_at) VALUES (818, 8, 121, 2, 4, '2024-01-01 00:00:00', NULL);
INSERT INTO prediction (id, user_id, game_id, home_score, away_score, created_at, updated_at) VALUES (819, 16, 121, 3, 6, '2024-01-01 00:00:00', NULL);
INSERT INTO prediction (id, user_id, game_id, home_score, away_score, created_at, updated_at) VALUES (820, 9, 121, 5, 4, '2024-01-01 00:00:00', NULL);
INSERT INTO prediction (id, user_id, game_id, home_score, away_score, created_at, updated_at) VALUES (821, 19, 121, 3, 4, '2024-01-01 00:00:00', NULL);
INSERT INTO prediction (id, user_id, game_id, home_score, away_score, created_at, updated_at) VALUES (822, 14, 121, 3, 2, '2024-01-01 00:00:00', NULL);
INSERT INTO prediction (id, user_id, game_id, home_score, away_score, created_at, updated_at) VALUES (823, 15, 121, 5, 3, '2024-01-01 00:00:00', NULL);
INSERT INTO prediction (id, user_id, game_id, home_score, away_score, created_at, updated_at) VALUES (824, 17, 121, 3, 4, '2024-01-01 00:00:00', NULL);
INSERT INTO prediction (id, user_id, game_id, home_score, away_score, created_at, updated_at) VALUES (825, 7, 121, 3, 2, '2024-01-01 00:00:00', NULL);
INSERT INTO prediction (id, user_id, game_id, home_score, away_score, created_at, updated_at) VALUES (826, 13, 122, 2, 4, '2024-01-01 00:00:00', NULL);
INSERT INTO prediction (id, user_id, game_id, home_score, away_score, created_at, updated_at) VALUES (827, 8, 122, 3, 4, '2024-01-01 00:00:00', NULL);
INSERT INTO prediction (id, user_id, game_id, home_score, away_score, created_at, updated_at) VALUES (828, 16, 122, 3, 4, '2024-01-01 00:00:00', NULL);
INSERT INTO prediction (id, user_id, game_id, home_score, away_score, created_at, updated_at) VALUES (829, 9, 122, 2, 4, '2024-01-01 00:00:00', NULL);
INSERT INTO prediction (id, user_id, game_id, home_score, away_score, created_at, updated_at) VALUES (830, 19, 122, 4, 5, '2024-01-01 00:00:00', NULL);
INSERT INTO prediction (id, user_id, game_id, home_score, away_score, created_at, updated_at) VALUES (831, 14, 122, 3, 4, '2024-01-01 00:00:00', NULL);
INSERT INTO prediction (id, user_id, game_id, home_score, away_score, created_at, updated_at) VALUES (832, 15, 122, 3, 5, '2024-01-01 00:00:00', NULL);
INSERT INTO prediction (id, user_id, game_id, home_score, away_score, created_at, updated_at) VALUES (833, 17, 122, 3, 4, '2024-01-01 00:00:00', NULL);
INSERT INTO prediction (id, user_id, game_id, home_score, away_score, created_at, updated_at) VALUES (834, 7, 122, 2, 4, '2024-01-01 00:00:00', NULL);
INSERT INTO prediction (id, user_id, game_id, home_score, away_score, created_at, updated_at) VALUES (835, 13, 123, 6, 3, '2024-01-01 00:00:00', NULL);
INSERT INTO prediction (id, user_id, game_id, home_score, away_score, created_at, updated_at) VALUES (836, 8, 123, 4, 1, '2024-01-01 00:00:00', NULL);
INSERT INTO prediction (id, user_id, game_id, home_score, away_score, created_at, updated_at) VALUES (837, 16, 123, 7, 2, '2024-01-01 00:00:00', NULL);
INSERT INTO prediction (id, user_id, game_id, home_score, away_score, created_at, updated_at) VALUES (838, 9, 123, 4, 1, '2024-01-01 00:00:00', NULL);
INSERT INTO prediction (id, user_id, game_id, home_score, away_score, created_at, updated_at) VALUES (839, 19, 123, 6, 2, '2024-01-01 00:00:00', NULL);
INSERT INTO prediction (id, user_id, game_id, home_score, away_score, created_at, updated_at) VALUES (840, 14, 123, 4, 1, '2024-01-01 00:00:00', NULL);
INSERT INTO prediction (id, user_id, game_id, home_score, away_score, created_at, updated_at) VALUES (841, 15, 123, 4, 1, '2024-01-01 00:00:00', NULL);
INSERT INTO prediction (id, user_id, game_id, home_score, away_score, created_at, updated_at) VALUES (842, 17, 123, 5, 1, '2024-01-01 00:00:00', NULL);
INSERT INTO prediction (id, user_id, game_id, home_score, away_score, created_at, updated_at) VALUES (843, 7, 123, 5, 1, '2024-01-01 00:00:00', NULL);
INSERT INTO prediction (id, user_id, game_id, home_score, away_score, created_at, updated_at) VALUES (844, 13, 124, 3, 1, '2024-01-01 00:00:00', NULL);
INSERT INTO prediction (id, user_id, game_id, home_score, away_score, created_at, updated_at) VALUES (845, 8, 124, 4, 1, '2024-01-01 00:00:00', NULL);
INSERT INTO prediction (id, user_id, game_id, home_score, away_score, created_at, updated_at) VALUES (846, 16, 124, 4, 1, '2024-01-01 00:00:00', NULL);
INSERT INTO prediction (id, user_id, game_id, home_score, away_score, created_at, updated_at) VALUES (847, 9, 124, 4, 2, '2024-01-01 00:00:00', NULL);
INSERT INTO prediction (id, user_id, game_id, home_score, away_score, created_at, updated_at) VALUES (848, 19, 124, 6, 3, '2024-01-01 00:00:00', NULL);
INSERT INTO prediction (id, user_id, game_id, home_score, away_score, created_at, updated_at) VALUES (849, 14, 124, 6, 2, '2024-01-01 00:00:00', NULL);
INSERT INTO prediction (id, user_id, game_id, home_score, away_score, created_at, updated_at) VALUES (850, 15, 124, 4, 3, '2024-01-01 00:00:00', NULL);
INSERT INTO prediction (id, user_id, game_id, home_score, away_score, created_at, updated_at) VALUES (851, 17, 124, 3, 2, '2024-01-01 00:00:00', NULL);
INSERT INTO prediction (id, user_id, game_id, home_score, away_score, created_at, updated_at) VALUES (852, 7, 124, 3, 4, '2024-01-01 00:00:00', NULL);
INSERT INTO prediction (id, user_id, game_id, home_score, away_score, created_at, updated_at) VALUES (853, 13, 125, 4, 3, '2024-01-01 00:00:00', NULL);
INSERT INTO prediction (id, user_id, game_id, home_score, away_score, created_at, updated_at) VALUES (854, 8, 125, 4, 1, '2024-01-01 00:00:00', NULL);
INSERT INTO prediction (id, user_id, game_id, home_score, away_score, created_at, updated_at) VALUES (855, 16, 125, 4, 2, '2024-01-01 00:00:00', NULL);
INSERT INTO prediction (id, user_id, game_id, home_score, away_score, created_at, updated_at) VALUES (856, 9, 125, 3, 4, '2024-01-01 00:00:00', NULL);
INSERT INTO prediction (id, user_id, game_id, home_score, away_score, created_at, updated_at) VALUES (857, 19, 125, 4, 3, '2024-01-01 00:00:00', NULL);
INSERT INTO prediction (id, user_id, game_id, home_score, away_score, created_at, updated_at) VALUES (858, 15, 125, 4, 3, '2024-01-01 00:00:00', NULL);
INSERT INTO prediction (id, user_id, game_id, home_score, away_score, created_at, updated_at) VALUES (859, 17, 125, 4, 3, '2024-01-01 00:00:00', NULL);
INSERT INTO prediction (id, user_id, game_id, home_score, away_score, created_at, updated_at) VALUES (860, 7, 125, 4, 3, '2024-01-01 00:00:00', NULL);
INSERT INTO prediction (id, user_id, game_id, home_score, away_score, created_at, updated_at) VALUES (861, 13, 126, 5, 3, '2024-01-01 00:00:00', NULL);
INSERT INTO prediction (id, user_id, game_id, home_score, away_score, created_at, updated_at) VALUES (862, 8, 126, 5, 2, '2024-01-01 00:00:00', NULL);
INSERT INTO prediction (id, user_id, game_id, home_score, away_score, created_at, updated_at) VALUES (863, 16, 126, 5, 1, '2024-01-01 00:00:00', NULL);
INSERT INTO prediction (id, user_id, game_id, home_score, away_score, created_at, updated_at) VALUES (864, 9, 126, 2, 3, '2024-01-01 00:00:00', NULL);
INSERT INTO prediction (id, user_id, game_id, home_score, away_score, created_at, updated_at) VALUES (865, 19, 126, 5, 3, '2024-01-01 00:00:00', NULL);
INSERT INTO prediction (id, user_id, game_id, home_score, away_score, created_at, updated_at) VALUES (866, 14, 126, 4, 2, '2024-01-01 00:00:00', NULL);
INSERT INTO prediction (id, user_id, game_id, home_score, away_score, created_at, updated_at) VALUES (867, 15, 126, 5, 3, '2024-01-01 00:00:00', NULL);
INSERT INTO prediction (id, user_id, game_id, home_score, away_score, created_at, updated_at) VALUES (868, 17, 126, 4, 2, '2024-01-01 00:00:00', NULL);
INSERT INTO prediction (id, user_id, game_id, home_score, away_score, created_at, updated_at) VALUES (869, 7, 126, 3, 4, '2024-01-01 00:00:00', NULL);
INSERT INTO prediction (id, user_id, game_id, home_score, away_score, created_at, updated_at) VALUES (870, 13, 127, 4, 2, '2024-01-01 00:00:00', NULL);
INSERT INTO prediction (id, user_id, game_id, home_score, away_score, created_at, updated_at) VALUES (871, 8, 127, 2, 3, '2024-01-01 00:00:00', NULL);
INSERT INTO prediction (id, user_id, game_id, home_score, away_score, created_at, updated_at) VALUES (872, 16, 127, 3, 4, '2024-01-01 00:00:00', NULL);
INSERT INTO prediction (id, user_id, game_id, home_score, away_score, created_at, updated_at) VALUES (873, 9, 127, 4, 2, '2024-01-01 00:00:00', NULL);
INSERT INTO prediction (id, user_id, game_id, home_score, away_score, created_at, updated_at) VALUES (874, 15, 127, 3, 2, '2024-01-01 00:00:00', NULL);
INSERT INTO prediction (id, user_id, game_id, home_score, away_score, created_at, updated_at) VALUES (875, 17, 127, 3, 2, '2024-01-01 00:00:00', NULL);
INSERT INTO prediction (id, user_id, game_id, home_score, away_score, created_at, updated_at) VALUES (876, 7, 127, 7, 4, '2024-01-01 00:00:00', NULL);
INSERT INTO prediction (id, user_id, game_id, home_score, away_score, created_at, updated_at) VALUES (877, 13, 128, 3, 1, '2024-01-01 00:00:00', NULL);
INSERT INTO prediction (id, user_id, game_id, home_score, away_score, created_at, updated_at) VALUES (878, 8, 128, 4, 2, '2024-01-01 00:00:00', NULL);
INSERT INTO prediction (id, user_id, game_id, home_score, away_score, created_at, updated_at) VALUES (879, 16, 128, 5, 2, '2024-01-01 00:00:00', NULL);
INSERT INTO prediction (id, user_id, game_id, home_score, away_score, created_at, updated_at) VALUES (880, 9, 128, 2, 3, '2024-01-01 00:00:00', NULL);
INSERT INTO prediction (id, user_id, game_id, home_score, away_score, created_at, updated_at) VALUES (881, 15, 128, 2, 3, '2024-01-01 00:00:00', NULL);
INSERT INTO prediction (id, user_id, game_id, home_score, away_score, created_at, updated_at) VALUES (882, 17, 128, 4, 1, '2024-01-01 00:00:00', NULL);
INSERT INTO prediction (id, user_id, game_id, home_score, away_score, created_at, updated_at) VALUES (883, 7, 128, 3, 2, '2024-01-01 00:00:00', NULL);
INSERT INTO special_bet_rule (id, tournament_id, name, value_type, scoring_type, points, sort_order, actual_team_value_id, actual_string_value, actual_int_value) VALUES (4, 2, 'Medaile - 1. místo', 'team', 'exact_match', 3.0, 0, NULL, NULL, NULL);
INSERT INTO special_bet (id, user_id, rule_id, team_value_id, string_value, int_value) VALUES (16, 13, 4, 23, NULL, NULL);
INSERT INTO special_bet (id, user_id, rule_id, team_value_id, string_value, int_value) VALUES (17, 8, 4, 23, NULL, NULL);
INSERT INTO special_bet (id, user_id, rule_id, team_value_id, string_value, int_value) VALUES (18, 16, 4, 6, NULL, NULL);
INSERT INTO special_bet (id, user_id, rule_id, team_value_id, string_value, int_value) VALUES (19, 9, 4, 19, NULL, NULL);
INSERT INTO special_bet (id, user_id, rule_id, team_value_id, string_value, int_value) VALUES (20, 19, 4, 4, NULL, NULL);
INSERT INTO special_bet (id, user_id, rule_id, team_value_id, string_value, int_value) VALUES (21, 14, 4, 4, NULL, NULL);
INSERT INTO special_bet (id, user_id, rule_id, team_value_id, string_value, int_value) VALUES (22, 15, 4, 4, NULL, NULL);
INSERT INTO special_bet (id, user_id, rule_id, team_value_id, string_value, int_value) VALUES (23, 17, 4, 23, NULL, NULL);
INSERT INTO special_bet (id, user_id, rule_id, team_value_id, string_value, int_value) VALUES (24, 7, 4, 23, NULL, NULL);
INSERT INTO special_bet_rule (id, tournament_id, name, value_type, scoring_type, points, sort_order, actual_team_value_id, actual_string_value, actual_int_value) VALUES (5, 2, 'Medaile - 2. místo', 'team', 'exact_match', 2.0, 1, NULL, NULL, NULL);
INSERT INTO special_bet (id, user_id, rule_id, team_value_id, string_value, int_value) VALUES (25, 13, 5, 4, NULL, NULL);
INSERT INTO special_bet (id, user_id, rule_id, team_value_id, string_value, int_value) VALUES (26, 8, 5, 4, NULL, NULL);
INSERT INTO special_bet (id, user_id, rule_id, team_value_id, string_value, int_value) VALUES (27, 16, 5, 4, NULL, NULL);
INSERT INTO special_bet (id, user_id, rule_id, team_value_id, string_value, int_value) VALUES (28, 9, 5, 23, NULL, NULL);
INSERT INTO special_bet (id, user_id, rule_id, team_value_id, string_value, int_value) VALUES (29, 19, 5, 19, NULL, NULL);
INSERT INTO special_bet (id, user_id, rule_id, team_value_id, string_value, int_value) VALUES (30, 14, 5, 23, NULL, NULL);
INSERT INTO special_bet (id, user_id, rule_id, team_value_id, string_value, int_value) VALUES (31, 15, 5, 23, NULL, NULL);
INSERT INTO special_bet (id, user_id, rule_id, team_value_id, string_value, int_value) VALUES (32, 17, 5, 8, NULL, NULL);
INSERT INTO special_bet (id, user_id, rule_id, team_value_id, string_value, int_value) VALUES (33, 7, 5, 19, NULL, NULL);
INSERT INTO special_bet_rule (id, tournament_id, name, value_type, scoring_type, points, sort_order, actual_team_value_id, actual_string_value, actual_int_value) VALUES (6, 2, 'Medaile - 3. místo', 'team', 'exact_match', 1.0, 2, NULL, NULL, NULL);
INSERT INTO special_bet (id, user_id, rule_id, team_value_id, string_value, int_value) VALUES (34, 13, 6, 6, NULL, NULL);
INSERT INTO special_bet (id, user_id, rule_id, team_value_id, string_value, int_value) VALUES (35, 8, 6, 19, NULL, NULL);
INSERT INTO special_bet (id, user_id, rule_id, team_value_id, string_value, int_value) VALUES (36, 16, 6, 19, NULL, NULL);
INSERT INTO special_bet (id, user_id, rule_id, team_value_id, string_value, int_value) VALUES (37, 9, 6, 4, NULL, NULL);
INSERT INTO special_bet (id, user_id, rule_id, team_value_id, string_value, int_value) VALUES (38, 19, 6, 23, NULL, NULL);
INSERT INTO special_bet (id, user_id, rule_id, team_value_id, string_value, int_value) VALUES (39, 14, 6, 19, NULL, NULL);
INSERT INTO special_bet (id, user_id, rule_id, team_value_id, string_value, int_value) VALUES (40, 15, 6, 19, NULL, NULL);
INSERT INTO special_bet (id, user_id, rule_id, team_value_id, string_value, int_value) VALUES (41, 17, 6, 6, NULL, NULL);
INSERT INTO special_bet (id, user_id, rule_id, team_value_id, string_value, int_value) VALUES (42, 7, 6, 6, NULL, NULL);
INSERT INTO special_bet_rule (id, tournament_id, name, value_type, scoring_type, points, sort_order, actual_team_value_id, actual_string_value, actual_int_value) VALUES (7, 2, 'Trestné minuty Radko Gudase', 'integer', 'closest', 2.0, 3, NULL, NULL, NULL);
INSERT INTO special_bet (id, user_id, rule_id, team_value_id, string_value, int_value) VALUES (43, 13, 7, NULL, NULL, 6);
INSERT INTO special_bet (id, user_id, rule_id, team_value_id, string_value, int_value) VALUES (44, 8, 7, NULL, NULL, 10);
INSERT INTO special_bet (id, user_id, rule_id, team_value_id, string_value, int_value) VALUES (45, 16, 7, NULL, NULL, 22);
INSERT INTO special_bet (id, user_id, rule_id, team_value_id, string_value, int_value) VALUES (46, 9, 7, NULL, NULL, 16);
INSERT INTO special_bet (id, user_id, rule_id, team_value_id, string_value, int_value) VALUES (47, 19, 7, NULL, NULL, 20);
INSERT INTO special_bet (id, user_id, rule_id, team_value_id, string_value, int_value) VALUES (48, 14, 7, NULL, NULL, 8);
INSERT INTO special_bet (id, user_id, rule_id, team_value_id, string_value, int_value) VALUES (49, 15, 7, NULL, NULL, 10);
INSERT INTO special_bet (id, user_id, rule_id, team_value_id, string_value, int_value) VALUES (50, 17, 7, NULL, NULL, 12);
INSERT INTO special_bet (id, user_id, rule_id, team_value_id, string_value, int_value) VALUES (51, 7, 7, NULL, NULL, 18);
INSERT INTO special_bet_rule (id, tournament_id, name, value_type, scoring_type, points, sort_order, actual_team_value_id, actual_string_value, actual_int_value) VALUES (8, 2, 'Sestupující tým 1', 'team', 'exact_match', 2.0, 4, NULL, NULL, NULL);
INSERT INTO special_bet (id, user_id, rule_id, team_value_id, string_value, int_value) VALUES (52, 13, 8, 1, NULL, NULL);
INSERT INTO special_bet (id, user_id, rule_id, team_value_id, string_value, int_value) VALUES (53, 8, 8, 1, NULL, NULL);
INSERT INTO special_bet (id, user_id, rule_id, team_value_id, string_value, int_value) VALUES (54, 16, 8, 1, NULL, NULL);
INSERT INTO special_bet (id, user_id, rule_id, team_value_id, string_value, int_value) VALUES (55, 9, 8, 1, NULL, NULL);
INSERT INTO special_bet (id, user_id, rule_id, team_value_id, string_value, int_value) VALUES (56, 19, 8, 1, NULL, NULL);
INSERT INTO special_bet (id, user_id, rule_id, team_value_id, string_value, int_value) VALUES (57, 14, 8, 1, NULL, NULL);
INSERT INTO special_bet (id, user_id, rule_id, team_value_id, string_value, int_value) VALUES (58, 15, 8, 1, NULL, NULL);
INSERT INTO special_bet (id, user_id, rule_id, team_value_id, string_value, int_value) VALUES (59, 17, 8, 1, NULL, NULL);
INSERT INTO special_bet (id, user_id, rule_id, team_value_id, string_value, int_value) VALUES (60, 7, 8, 1, NULL, NULL);
INSERT INTO special_bet_rule (id, tournament_id, name, value_type, scoring_type, points, sort_order, actual_team_value_id, actual_string_value, actual_int_value) VALUES (9, 2, 'Sestupující tým 2', 'team', 'exact_match', 2.0, 5, NULL, NULL, NULL);
INSERT INTO special_bet (id, user_id, rule_id, team_value_id, string_value, int_value) VALUES (61, 13, 9, 18, NULL, NULL);
INSERT INTO special_bet (id, user_id, rule_id, team_value_id, string_value, int_value) VALUES (62, 8, 9, 18, NULL, NULL);
INSERT INTO special_bet (id, user_id, rule_id, team_value_id, string_value, int_value) VALUES (63, 16, 9, 18, NULL, NULL);
INSERT INTO special_bet (id, user_id, rule_id, team_value_id, string_value, int_value) VALUES (64, 9, 9, 18, NULL, NULL);
INSERT INTO special_bet (id, user_id, rule_id, team_value_id, string_value, int_value) VALUES (65, 19, 9, 18, NULL, NULL);
INSERT INTO special_bet (id, user_id, rule_id, team_value_id, string_value, int_value) VALUES (66, 14, 9, 18, NULL, NULL);
INSERT INTO special_bet (id, user_id, rule_id, team_value_id, string_value, int_value) VALUES (67, 15, 9, 18, NULL, NULL);
INSERT INTO special_bet (id, user_id, rule_id, team_value_id, string_value, int_value) VALUES (68, 17, 9, 18, NULL, NULL);
INSERT INTO special_bet (id, user_id, rule_id, team_value_id, string_value, int_value) VALUES (69, 7, 9, 18, NULL, NULL);

-- Tournament: MS 2019
INSERT INTO tournament (id, name, year, slug, status, created_at) VALUES (3, 'MS 2019', 2019, 'ms-2019', 'finished', '2024-01-01 00:00:00');
INSERT INTO rule_set (id, tournament_id, winner_base_points, wrong_opponent_bonus, exact_score_bonus, prizes) VALUES (3, 3, 1.0, 0.25, 2.0, '{"1": 300, "2": 150, "3": 50}');
INSERT INTO "match" (id, tournament_id, home_team_id, away_team_id, phase, played_at, home_score, away_score, is_finished) VALUES (129, 3, 8, 4, 'group_stage', '2021-05-10 16:15:00', 3, 1, true);
INSERT INTO "match" (id, tournament_id, home_team_id, away_team_id, phase, played_at, home_score, away_score, is_finished) VALUES (130, 3, 19, 16, 'group_stage', '2021-05-10 16:15:00', 5, 2, true);
INSERT INTO "match" (id, tournament_id, home_team_id, away_team_id, phase, played_at, home_score, away_score, is_finished) VALUES (131, 3, 24, 22, 'group_stage', '2021-05-10 20:15:00', 1, 4, true);
INSERT INTO "match" (id, tournament_id, home_team_id, away_team_id, phase, played_at, home_score, away_score, is_finished) VALUES (132, 3, 6, 23, 'group_stage', '2021-05-10 20:15:00', 5, 2, true);
INSERT INTO "match" (id, tournament_id, home_team_id, away_team_id, phase, played_at, home_score, away_score, is_finished) VALUES (133, 3, 7, 9, 'group_stage', '2021-05-11 12:15:00', 5, 4, true);
INSERT INTO "match" (id, tournament_id, home_team_id, away_team_id, phase, played_at, home_score, away_score, is_finished) VALUES (134, 3, 21, 13, 'group_stage', '2021-05-11 12:15:00', 9, 0, true);
INSERT INTO "match" (id, tournament_id, home_team_id, away_team_id, phase, played_at, home_score, away_score, is_finished) VALUES (135, 3, 11, 10, 'group_stage', '2021-05-11 16:15:00', 3, 1, true);
INSERT INTO "match" (id, tournament_id, home_team_id, away_team_id, phase, played_at, home_score, away_score, is_finished) VALUES (136, 3, 15, 1, 'group_stage', '2021-05-11 16:15:00', 5, 2, true);
INSERT INTO "match" (id, tournament_id, home_team_id, away_team_id, phase, played_at, home_score, away_score, is_finished) VALUES (137, 3, 22, 8, 'group_stage', '2021-05-11 20:15:00', 2, 4, true);
INSERT INTO "match" (id, tournament_id, home_team_id, away_team_id, phase, played_at, home_score, away_score, is_finished) VALUES (138, 3, 16, 6, 'group_stage', '2021-05-11 20:15:00', 2, 7, true);
INSERT INTO "match" (id, tournament_id, home_team_id, away_team_id, phase, played_at, home_score, away_score, is_finished) VALUES (139, 3, 24, 9, 'group_stage', '2021-05-12 12:15:00', 7, 1, true);
INSERT INTO "match" (id, tournament_id, home_team_id, away_team_id, phase, played_at, home_score, away_score, is_finished) VALUES (140, 3, 19, 1, 'group_stage', '2021-05-12 12:15:00', 5, 0, true);
INSERT INTO "match" (id, tournament_id, home_team_id, away_team_id, phase, played_at, home_score, away_score, is_finished) VALUES (141, 3, 7, 11, 'group_stage', '2021-05-12 16:15:00', 1, 2, true);
INSERT INTO "match" (id, tournament_id, home_team_id, away_team_id, phase, played_at, home_score, away_score, is_finished) VALUES (142, 3, 13, 23, 'group_stage', '2021-05-12 16:15:00', 0, 8, true);
INSERT INTO "match" (id, tournament_id, home_team_id, away_team_id, phase, played_at, home_score, away_score, is_finished) VALUES (143, 3, 10, 4, 'group_stage', '2021-05-12 20:15:00', 0, 8, true);
INSERT INTO "match" (id, tournament_id, home_team_id, away_team_id, phase, played_at, home_score, away_score, is_finished) VALUES (144, 3, 15, 21, 'group_stage', '2021-05-12 20:15:00', 1, 3, true);
INSERT INTO "match" (id, tournament_id, home_team_id, away_team_id, phase, played_at, home_score, away_score, is_finished) VALUES (145, 3, 24, 8, 'group_stage', '2021-05-13 16:15:00', 3, 2, true);
INSERT INTO "match" (id, tournament_id, home_team_id, away_team_id, phase, played_at, home_score, away_score, is_finished) VALUES (146, 3, 19, 6, 'group_stage', '2021-05-13 16:15:00', 3, 0, true);
INSERT INTO "match" (id, tournament_id, home_team_id, away_team_id, phase, played_at, home_score, away_score, is_finished) VALUES (147, 3, 22, 4, 'group_stage', '2021-05-13 20:15:00', 5, 6, true);
INSERT INTO "match" (id, tournament_id, home_team_id, away_team_id, phase, played_at, home_score, away_score, is_finished) VALUES (148, 3, 16, 23, 'group_stage', '2021-05-13 20:15:00', 1, 9, true);
INSERT INTO "match" (id, tournament_id, home_team_id, away_team_id, phase, played_at, home_score, away_score, is_finished) VALUES (149, 3, 10, 7, 'group_stage', '2021-05-14 16:15:00', 0, 9, true);
INSERT INTO "match" (id, tournament_id, home_team_id, away_team_id, phase, played_at, home_score, away_score, is_finished) VALUES (150, 3, 13, 15, 'group_stage', '2021-05-14 16:15:00', 0, 3, true);
INSERT INTO "match" (id, tournament_id, home_team_id, away_team_id, phase, played_at, home_score, away_score, is_finished) VALUES (151, 3, 11, 9, 'group_stage', '2021-05-14 20:15:00', 4, 1, true);
INSERT INTO "match" (id, tournament_id, home_team_id, away_team_id, phase, played_at, home_score, away_score, is_finished) VALUES (152, 3, 21, 1, 'group_stage', '2021-05-14 20:15:00', 4, 0, true);
INSERT INTO "match" (id, tournament_id, home_team_id, away_team_id, phase, played_at, home_score, away_score, is_finished) VALUES (153, 3, 24, 10, 'group_stage', '2021-05-15 16:15:00', 6, 3, true);
INSERT INTO "match" (id, tournament_id, home_team_id, away_team_id, phase, played_at, home_score, away_score, is_finished) VALUES (154, 3, 21, 16, 'group_stage', '2021-05-15 16:15:00', 4, 1, true);
INSERT INTO "match" (id, tournament_id, home_team_id, away_team_id, phase, played_at, home_score, away_score, is_finished) VALUES (155, 3, 11, 22, 'group_stage', '2021-05-15 20:15:00', 3, 2, true);
INSERT INTO "match" (id, tournament_id, home_team_id, away_team_id, phase, played_at, home_score, away_score, is_finished) VALUES (156, 3, 19, 13, 'group_stage', '2021-05-15 20:15:00', 10, 0, true);
INSERT INTO "match" (id, tournament_id, home_team_id, away_team_id, phase, played_at, home_score, away_score, is_finished) VALUES (157, 3, 4, 9, 'group_stage', '2021-05-16 16:15:00', 5, 2, true);
INSERT INTO "match" (id, tournament_id, home_team_id, away_team_id, phase, played_at, home_score, away_score, is_finished) VALUES (158, 3, 23, 1, 'group_stage', '2021-05-16 16:15:00', 9, 1, true);
INSERT INTO "match" (id, tournament_id, home_team_id, away_team_id, phase, played_at, home_score, away_score, is_finished) VALUES (159, 3, 8, 7, 'group_stage', '2021-05-16 20:15:00', 3, 1, true);
INSERT INTO "match" (id, tournament_id, home_team_id, away_team_id, phase, played_at, home_score, away_score, is_finished) VALUES (160, 3, 6, 15, 'group_stage', '2021-05-16 20:15:00', 6, 3, true);
INSERT INTO "match" (id, tournament_id, home_team_id, away_team_id, phase, played_at, home_score, away_score, is_finished) VALUES (161, 3, 9, 22, 'group_stage', '2021-05-17 16:15:00', 3, 6, true);
INSERT INTO "match" (id, tournament_id, home_team_id, away_team_id, phase, played_at, home_score, away_score, is_finished) VALUES (162, 3, 1, 16, 'group_stage', '2021-05-17 16:15:00', 3, 5, true);
INSERT INTO "match" (id, tournament_id, home_team_id, away_team_id, phase, played_at, home_score, away_score, is_finished) VALUES (163, 3, 8, 10, 'group_stage', '2021-05-17 20:15:00', 5, 0, true);
INSERT INTO "match" (id, tournament_id, home_team_id, away_team_id, phase, played_at, home_score, away_score, is_finished) VALUES (164, 3, 6, 13, 'group_stage', '2021-05-17 20:15:00', 8, 0, true);
INSERT INTO "match" (id, tournament_id, home_team_id, away_team_id, phase, played_at, home_score, away_score, is_finished) VALUES (165, 3, 7, 24, 'group_stage', '2021-05-18 12:15:00', 1, 7, true);
INSERT INTO "match" (id, tournament_id, home_team_id, away_team_id, phase, played_at, home_score, away_score, is_finished) VALUES (166, 3, 15, 19, 'group_stage', '2021-05-18 12:15:00', 1, 3, true);
INSERT INTO "match" (id, tournament_id, home_team_id, away_team_id, phase, played_at, home_score, away_score, is_finished) VALUES (167, 3, 4, 11, 'group_stage', '2021-05-18 16:15:00', 8, 1, true);
INSERT INTO "match" (id, tournament_id, home_team_id, away_team_id, phase, played_at, home_score, away_score, is_finished) VALUES (168, 3, 13, 16, 'group_stage', '2021-05-18 16:15:00', 1, 7, true);
INSERT INTO "match" (id, tournament_id, home_team_id, away_team_id, phase, played_at, home_score, away_score, is_finished) VALUES (169, 3, 10, 22, 'group_stage', '2021-05-18 20:15:00', 1, 7, true);
INSERT INTO "match" (id, tournament_id, home_team_id, away_team_id, phase, played_at, home_score, away_score, is_finished) VALUES (170, 3, 23, 21, 'group_stage', '2021-05-18 20:15:00', 4, 3, true);
INSERT INTO "match" (id, tournament_id, home_team_id, away_team_id, phase, played_at, home_score, away_score, is_finished) VALUES (171, 3, 11, 24, 'group_stage', '2021-05-19 16:15:00', 1, 3, true);
INSERT INTO "match" (id, tournament_id, home_team_id, away_team_id, phase, played_at, home_score, away_score, is_finished) VALUES (172, 3, 1, 6, 'group_stage', '2021-05-19 16:15:00', 0, 8, true);
INSERT INTO "match" (id, tournament_id, home_team_id, away_team_id, phase, played_at, home_score, away_score, is_finished) VALUES (173, 3, 9, 8, 'group_stage', '2021-05-19 20:15:00', 0, 3, true);
INSERT INTO "match" (id, tournament_id, home_team_id, away_team_id, phase, played_at, home_score, away_score, is_finished) VALUES (174, 3, 21, 19, 'group_stage', '2021-05-19 20:15:00', 0, 3, true);
INSERT INTO "match" (id, tournament_id, home_team_id, away_team_id, phase, played_at, home_score, away_score, is_finished) VALUES (175, 3, 9, 10, 'group_stage', '2021-05-20 16:15:00', 3, 4, true);
INSERT INTO "match" (id, tournament_id, home_team_id, away_team_id, phase, played_at, home_score, away_score, is_finished) VALUES (176, 3, 23, 15, 'group_stage', '2021-05-20 16:15:00', 5, 4, true);
INSERT INTO "match" (id, tournament_id, home_team_id, away_team_id, phase, played_at, home_score, away_score, is_finished) VALUES (177, 3, 4, 7, 'group_stage', '2021-05-20 20:15:00', 5, 0, true);
INSERT INTO "match" (id, tournament_id, home_team_id, away_team_id, phase, played_at, home_score, away_score, is_finished) VALUES (178, 3, 1, 13, 'group_stage', '2021-05-20 20:15:00', 3, 4, true);
INSERT INTO "match" (id, tournament_id, home_team_id, away_team_id, phase, played_at, home_score, away_score, is_finished) VALUES (179, 3, 8, 11, 'group_stage', '2021-05-21 12:15:00', 2, 4, true);
INSERT INTO "match" (id, tournament_id, home_team_id, away_team_id, phase, played_at, home_score, away_score, is_finished) VALUES (180, 3, 6, 21, 'group_stage', '2021-05-21 12:15:00', 5, 4, true);
INSERT INTO "match" (id, tournament_id, home_team_id, away_team_id, phase, played_at, home_score, away_score, is_finished) VALUES (181, 3, 22, 7, 'group_stage', '2021-05-21 16:15:00', 2, 1, true);
INSERT INTO "match" (id, tournament_id, home_team_id, away_team_id, phase, played_at, home_score, away_score, is_finished) VALUES (182, 3, 16, 15, 'group_stage', '2021-05-21 16:15:00', 1, 4, true);
INSERT INTO "match" (id, tournament_id, home_team_id, away_team_id, phase, played_at, home_score, away_score, is_finished) VALUES (183, 3, 4, 24, 'group_stage', '2021-05-21 20:15:00', 3, 0, true);
INSERT INTO "match" (id, tournament_id, home_team_id, away_team_id, phase, played_at, home_score, away_score, is_finished) VALUES (184, 3, 23, 19, 'group_stage', '2021-05-21 20:15:00', 4, 7, true);
INSERT INTO "match" (id, tournament_id, home_team_id, away_team_id, phase, played_at, home_score, away_score, is_finished) VALUES (185, 3, 4, 21, 'group_stage', '2021-05-23 16:15:00', 3, 2, true);
INSERT INTO "match" (id, tournament_id, home_team_id, away_team_id, phase, played_at, home_score, away_score, is_finished) VALUES (186, 3, 19, 24, 'group_stage', '2021-05-23 16:15:00', 4, 3, true);
INSERT INTO "match" (id, tournament_id, home_team_id, away_team_id, phase, played_at, home_score, away_score, is_finished) VALUES (187, 3, 8, 23, 'group_stage', '2021-05-23 20:15:00', 5, 4, true);
INSERT INTO "match" (id, tournament_id, home_team_id, away_team_id, phase, played_at, home_score, away_score, is_finished) VALUES (188, 3, 6, 11, 'group_stage', '2021-05-23 20:15:00', 5, 1, true);
INSERT INTO "match" (id, tournament_id, home_team_id, away_team_id, phase, played_at, home_score, away_score, is_finished) VALUES (189, 3, 19, 8, 'semifinal', '2021-05-25 15:15:00', 0, 1, true);
INSERT INTO "match" (id, tournament_id, home_team_id, away_team_id, phase, played_at, home_score, away_score, is_finished) VALUES (190, 3, 4, 6, 'semifinal', '2021-05-25 19:15:00', 5, 1, true);
INSERT INTO "match" (id, tournament_id, home_team_id, away_team_id, phase, played_at, home_score, away_score, is_finished) VALUES (191, 3, 19, 6, 'bronze_medal', '2021-05-26 15:45:00', 3, 2, true);
INSERT INTO "match" (id, tournament_id, home_team_id, away_team_id, phase, played_at, home_score, away_score, is_finished) VALUES (192, 3, 4, 8, 'gold_medal', '2021-05-26 20:15:00', 1, 3, true);
INSERT INTO prediction (id, user_id, game_id, home_score, away_score, created_at, updated_at) VALUES (884, 13, 129, 4, 2, '2024-01-01 00:00:00', NULL);
INSERT INTO prediction (id, user_id, game_id, home_score, away_score, created_at, updated_at) VALUES (885, 8, 129, 4, 3, '2024-01-01 00:00:00', NULL);
INSERT INTO prediction (id, user_id, game_id, home_score, away_score, created_at, updated_at) VALUES (886, 16, 129, 3, 5, '2024-01-01 00:00:00', NULL);
INSERT INTO prediction (id, user_id, game_id, home_score, away_score, created_at, updated_at) VALUES (887, 9, 129, 1, 3, '2024-01-01 00:00:00', NULL);
INSERT INTO prediction (id, user_id, game_id, home_score, away_score, created_at, updated_at) VALUES (888, 19, 129, 2, 5, '2024-01-01 00:00:00', NULL);
INSERT INTO prediction (id, user_id, game_id, home_score, away_score, created_at, updated_at) VALUES (889, 14, 129, 2, 3, '2024-01-01 00:00:00', NULL);
INSERT INTO prediction (id, user_id, game_id, home_score, away_score, created_at, updated_at) VALUES (890, 15, 129, 3, 2, '2024-01-01 00:00:00', NULL);
INSERT INTO prediction (id, user_id, game_id, home_score, away_score, created_at, updated_at) VALUES (891, 17, 129, 3, 4, '2024-01-01 00:00:00', NULL);
INSERT INTO prediction (id, user_id, game_id, home_score, away_score, created_at, updated_at) VALUES (892, 7, 129, 4, 3, '2024-01-01 00:00:00', NULL);
INSERT INTO prediction (id, user_id, game_id, home_score, away_score, created_at, updated_at) VALUES (893, 11, 129, 2, 3, '2024-01-01 00:00:00', NULL);
INSERT INTO prediction (id, user_id, game_id, home_score, away_score, created_at, updated_at) VALUES (894, 13, 130, 7, 1, '2024-01-01 00:00:00', NULL);
INSERT INTO prediction (id, user_id, game_id, home_score, away_score, created_at, updated_at) VALUES (895, 8, 130, 5, 0, '2024-01-01 00:00:00', NULL);
INSERT INTO prediction (id, user_id, game_id, home_score, away_score, created_at, updated_at) VALUES (896, 16, 130, 6, 1, '2024-01-01 00:00:00', NULL);
INSERT INTO prediction (id, user_id, game_id, home_score, away_score, created_at, updated_at) VALUES (897, 9, 130, 6, 1, '2024-01-01 00:00:00', NULL);
INSERT INTO prediction (id, user_id, game_id, home_score, away_score, created_at, updated_at) VALUES (898, 19, 130, 6, 1, '2024-01-01 00:00:00', NULL);
INSERT INTO prediction (id, user_id, game_id, home_score, away_score, created_at, updated_at) VALUES (899, 14, 130, 4, 1, '2024-01-01 00:00:00', NULL);
INSERT INTO prediction (id, user_id, game_id, home_score, away_score, created_at, updated_at) VALUES (900, 15, 130, 6, 1, '2024-01-01 00:00:00', NULL);
INSERT INTO prediction (id, user_id, game_id, home_score, away_score, created_at, updated_at) VALUES (901, 17, 130, 6, 0, '2024-01-01 00:00:00', NULL);
INSERT INTO prediction (id, user_id, game_id, home_score, away_score, created_at, updated_at) VALUES (902, 7, 130, 6, 1, '2024-01-01 00:00:00', NULL);
INSERT INTO prediction (id, user_id, game_id, home_score, away_score, created_at, updated_at) VALUES (903, 11, 130, 4, 1, '2024-01-01 00:00:00', NULL);
INSERT INTO prediction (id, user_id, game_id, home_score, away_score, created_at, updated_at) VALUES (904, 13, 131, 4, 3, '2024-01-01 00:00:00', NULL);
INSERT INTO prediction (id, user_id, game_id, home_score, away_score, created_at, updated_at) VALUES (905, 8, 131, 4, 2, '2024-01-01 00:00:00', NULL);
INSERT INTO prediction (id, user_id, game_id, home_score, away_score, created_at, updated_at) VALUES (906, 16, 131, 5, 2, '2024-01-01 00:00:00', NULL);
INSERT INTO prediction (id, user_id, game_id, home_score, away_score, created_at, updated_at) VALUES (907, 9, 131, 4, 2, '2024-01-01 00:00:00', NULL);
INSERT INTO prediction (id, user_id, game_id, home_score, away_score, created_at, updated_at) VALUES (908, 19, 131, 5, 1, '2024-01-01 00:00:00', NULL);
INSERT INTO prediction (id, user_id, game_id, home_score, away_score, created_at, updated_at) VALUES (909, 14, 131, 3, 1, '2024-01-01 00:00:00', NULL);
INSERT INTO prediction (id, user_id, game_id, home_score, away_score, created_at, updated_at) VALUES (910, 15, 131, 4, 3, '2024-01-01 00:00:00', NULL);
INSERT INTO prediction (id, user_id, game_id, home_score, away_score, created_at, updated_at) VALUES (911, 17, 131, 5, 2, '2024-01-01 00:00:00', NULL);
INSERT INTO prediction (id, user_id, game_id, home_score, away_score, created_at, updated_at) VALUES (912, 7, 131, 6, 2, '2024-01-01 00:00:00', NULL);
INSERT INTO prediction (id, user_id, game_id, home_score, away_score, created_at, updated_at) VALUES (913, 11, 131, 5, 2, '2024-01-01 00:00:00', NULL);
INSERT INTO prediction (id, user_id, game_id, home_score, away_score, created_at, updated_at) VALUES (914, 13, 132, 4, 2, '2024-01-01 00:00:00', NULL);
INSERT INTO prediction (id, user_id, game_id, home_score, away_score, created_at, updated_at) VALUES (915, 8, 132, 3, 2, '2024-01-01 00:00:00', NULL);
INSERT INTO prediction (id, user_id, game_id, home_score, away_score, created_at, updated_at) VALUES (916, 16, 132, 4, 3, '2024-01-01 00:00:00', NULL);
INSERT INTO prediction (id, user_id, game_id, home_score, away_score, created_at, updated_at) VALUES (917, 9, 132, 2, 4, '2024-01-01 00:00:00', NULL);
INSERT INTO prediction (id, user_id, game_id, home_score, away_score, created_at, updated_at) VALUES (918, 19, 132, 3, 2, '2024-01-01 00:00:00', NULL);
INSERT INTO prediction (id, user_id, game_id, home_score, away_score, created_at, updated_at) VALUES (919, 14, 132, 4, 3, '2024-01-01 00:00:00', NULL);
INSERT INTO prediction (id, user_id, game_id, home_score, away_score, created_at, updated_at) VALUES (920, 15, 132, 2, 4, '2024-01-01 00:00:00', NULL);
INSERT INTO prediction (id, user_id, game_id, home_score, away_score, created_at, updated_at) VALUES (921, 17, 132, 2, 4, '2024-01-01 00:00:00', NULL);
INSERT INTO prediction (id, user_id, game_id, home_score, away_score, created_at, updated_at) VALUES (922, 7, 132, 2, 4, '2024-01-01 00:00:00', NULL);
INSERT INTO prediction (id, user_id, game_id, home_score, away_score, created_at, updated_at) VALUES (923, 11, 132, 2, 3, '2024-01-01 00:00:00', NULL);
INSERT INTO prediction (id, user_id, game_id, home_score, away_score, created_at, updated_at) VALUES (924, 13, 133, 2, 3, '2024-01-01 00:00:00', NULL);
INSERT INTO prediction (id, user_id, game_id, home_score, away_score, created_at, updated_at) VALUES (925, 8, 133, 2, 3, '2024-01-01 00:00:00', NULL);
INSERT INTO prediction (id, user_id, game_id, home_score, away_score, created_at, updated_at) VALUES (926, 16, 133, 4, 2, '2024-01-01 00:00:00', NULL);
INSERT INTO prediction (id, user_id, game_id, home_score, away_score, created_at, updated_at) VALUES (927, 9, 133, 3, 2, '2024-01-01 00:00:00', NULL);
INSERT INTO prediction (id, user_id, game_id, home_score, away_score, created_at, updated_at) VALUES (928, 19, 133, 4, 2, '2024-01-01 00:00:00', NULL);
INSERT INTO prediction (id, user_id, game_id, home_score, away_score, created_at, updated_at) VALUES (929, 14, 133, 2, 3, '2024-01-01 00:00:00', NULL);
INSERT INTO prediction (id, user_id, game_id, home_score, away_score, created_at, updated_at) VALUES (930, 15, 133, 2, 3, '2024-01-01 00:00:00', NULL);
INSERT INTO prediction (id, user_id, game_id, home_score, away_score, created_at, updated_at) VALUES (931, 17, 133, 4, 2, '2024-01-01 00:00:00', NULL);
INSERT INTO prediction (id, user_id, game_id, home_score, away_score, created_at, updated_at) VALUES (932, 7, 133, 3, 2, '2024-01-01 00:00:00', NULL);
INSERT INTO prediction (id, user_id, game_id, home_score, away_score, created_at, updated_at) VALUES (933, 11, 133, 2, 1, '2024-01-01 00:00:00', NULL);
INSERT INTO prediction (id, user_id, game_id, home_score, away_score, created_at, updated_at) VALUES (934, 13, 134, 5, 0, '2024-01-01 00:00:00', NULL);
INSERT INTO prediction (id, user_id, game_id, home_score, away_score, created_at, updated_at) VALUES (935, 8, 134, 5, 1, '2024-01-01 00:00:00', NULL);
INSERT INTO prediction (id, user_id, game_id, home_score, away_score, created_at, updated_at) VALUES (936, 16, 134, 5, 2, '2024-01-01 00:00:00', NULL);
INSERT INTO prediction (id, user_id, game_id, home_score, away_score, created_at, updated_at) VALUES (937, 9, 134, 4, 1, '2024-01-01 00:00:00', NULL);
INSERT INTO prediction (id, user_id, game_id, home_score, away_score, created_at, updated_at) VALUES (938, 19, 134, 4, 1, '2024-01-01 00:00:00', NULL);
INSERT INTO prediction (id, user_id, game_id, home_score, away_score, created_at, updated_at) VALUES (939, 14, 134, 4, 2, '2024-01-01 00:00:00', NULL);
INSERT INTO prediction (id, user_id, game_id, home_score, away_score, created_at, updated_at) VALUES (940, 15, 134, 5, 1, '2024-01-01 00:00:00', NULL);
INSERT INTO prediction (id, user_id, game_id, home_score, away_score, created_at, updated_at) VALUES (941, 17, 134, 4, 0, '2024-01-01 00:00:00', NULL);
INSERT INTO prediction (id, user_id, game_id, home_score, away_score, created_at, updated_at) VALUES (942, 7, 134, 3, 1, '2024-01-01 00:00:00', NULL);
INSERT INTO prediction (id, user_id, game_id, home_score, away_score, created_at, updated_at) VALUES (943, 11, 134, 5, 1, '2024-01-01 00:00:00', NULL);
INSERT INTO prediction (id, user_id, game_id, home_score, away_score, created_at, updated_at) VALUES (944, 13, 135, 4, 1, '2024-01-01 00:00:00', NULL);
INSERT INTO prediction (id, user_id, game_id, home_score, away_score, created_at, updated_at) VALUES (945, 8, 135, 4, 1, '2024-01-01 00:00:00', NULL);
INSERT INTO prediction (id, user_id, game_id, home_score, away_score, created_at, updated_at) VALUES (946, 16, 135, 4, 1, '2024-01-01 00:00:00', NULL);
INSERT INTO prediction (id, user_id, game_id, home_score, away_score, created_at, updated_at) VALUES (947, 9, 135, 5, 1, '2024-01-01 00:00:00', NULL);
INSERT INTO prediction (id, user_id, game_id, home_score, away_score, created_at, updated_at) VALUES (948, 19, 135, 5, 1, '2024-01-01 00:00:00', NULL);
INSERT INTO prediction (id, user_id, game_id, home_score, away_score, created_at, updated_at) VALUES (949, 14, 135, 5, 1, '2024-01-01 00:00:00', NULL);
INSERT INTO prediction (id, user_id, game_id, home_score, away_score, created_at, updated_at) VALUES (950, 15, 135, 6, 2, '2024-01-01 00:00:00', NULL);
INSERT INTO prediction (id, user_id, game_id, home_score, away_score, created_at, updated_at) VALUES (951, 17, 135, 5, 1, '2024-01-01 00:00:00', NULL);
INSERT INTO prediction (id, user_id, game_id, home_score, away_score, created_at, updated_at) VALUES (952, 7, 135, 4, 2, '2024-01-01 00:00:00', NULL);
INSERT INTO prediction (id, user_id, game_id, home_score, away_score, created_at, updated_at) VALUES (953, 11, 135, 4, 3, '2024-01-01 00:00:00', NULL);
INSERT INTO prediction (id, user_id, game_id, home_score, away_score, created_at, updated_at) VALUES (954, 13, 136, 3, 2, '2024-01-01 00:00:00', NULL);
INSERT INTO prediction (id, user_id, game_id, home_score, away_score, created_at, updated_at) VALUES (955, 8, 136, 3, 2, '2024-01-01 00:00:00', NULL);
INSERT INTO prediction (id, user_id, game_id, home_score, away_score, created_at, updated_at) VALUES (956, 16, 136, 3, 1, '2024-01-01 00:00:00', NULL);
INSERT INTO prediction (id, user_id, game_id, home_score, away_score, created_at, updated_at) VALUES (957, 9, 136, 3, 2, '2024-01-01 00:00:00', NULL);
INSERT INTO prediction (id, user_id, game_id, home_score, away_score, created_at, updated_at) VALUES (958, 19, 136, 4, 2, '2024-01-01 00:00:00', NULL);
INSERT INTO prediction (id, user_id, game_id, home_score, away_score, created_at, updated_at) VALUES (959, 14, 136, 2, 3, '2024-01-01 00:00:00', NULL);
INSERT INTO prediction (id, user_id, game_id, home_score, away_score, created_at, updated_at) VALUES (960, 15, 136, 2, 3, '2024-01-01 00:00:00', NULL);
INSERT INTO prediction (id, user_id, game_id, home_score, away_score, created_at, updated_at) VALUES (961, 17, 136, 4, 1, '2024-01-01 00:00:00', NULL);
INSERT INTO prediction (id, user_id, game_id, home_score, away_score, created_at, updated_at) VALUES (962, 7, 136, 4, 3, '2024-01-01 00:00:00', NULL);
INSERT INTO prediction (id, user_id, game_id, home_score, away_score, created_at, updated_at) VALUES (963, 11, 136, 2, 3, '2024-01-01 00:00:00', NULL);
INSERT INTO prediction (id, user_id, game_id, home_score, away_score, created_at, updated_at) VALUES (964, 13, 137, 2, 4, '2024-01-01 00:00:00', NULL);
INSERT INTO prediction (id, user_id, game_id, home_score, away_score, created_at, updated_at) VALUES (965, 8, 137, 3, 4, '2024-01-01 00:00:00', NULL);
INSERT INTO prediction (id, user_id, game_id, home_score, away_score, created_at, updated_at) VALUES (966, 16, 137, 3, 4, '2024-01-01 00:00:00', NULL);
INSERT INTO prediction (id, user_id, game_id, home_score, away_score, created_at, updated_at) VALUES (967, 9, 137, 2, 4, '2024-01-01 00:00:00', NULL);
INSERT INTO prediction (id, user_id, game_id, home_score, away_score, created_at, updated_at) VALUES (968, 19, 137, 2, 4, '2024-01-01 00:00:00', NULL);
INSERT INTO prediction (id, user_id, game_id, home_score, away_score, created_at, updated_at) VALUES (969, 14, 137, 2, 3, '2024-01-01 00:00:00', NULL);
INSERT INTO prediction (id, user_id, game_id, home_score, away_score, created_at, updated_at) VALUES (970, 15, 137, 2, 5, '2024-01-01 00:00:00', NULL);
INSERT INTO prediction (id, user_id, game_id, home_score, away_score, created_at, updated_at) VALUES (971, 17, 137, 2, 3, '2024-01-01 00:00:00', NULL);
INSERT INTO prediction (id, user_id, game_id, home_score, away_score, created_at, updated_at) VALUES (972, 7, 137, 1, 4, '2024-01-01 00:00:00', NULL);
INSERT INTO prediction (id, user_id, game_id, home_score, away_score, created_at, updated_at) VALUES (973, 11, 137, 1, 3, '2024-01-01 00:00:00', NULL);
INSERT INTO prediction (id, user_id, game_id, home_score, away_score, created_at, updated_at) VALUES (974, 13, 138, 1, 5, '2024-01-01 00:00:00', NULL);
INSERT INTO prediction (id, user_id, game_id, home_score, away_score, created_at, updated_at) VALUES (975, 8, 138, 2, 4, '2024-01-01 00:00:00', NULL);
INSERT INTO prediction (id, user_id, game_id, home_score, away_score, created_at, updated_at) VALUES (976, 16, 138, 1, 5, '2024-01-01 00:00:00', NULL);
INSERT INTO prediction (id, user_id, game_id, home_score, away_score, created_at, updated_at) VALUES (977, 9, 138, 1, 4, '2024-01-01 00:00:00', NULL);
INSERT INTO prediction (id, user_id, game_id, home_score, away_score, created_at, updated_at) VALUES (978, 19, 138, 2, 4, '2024-01-01 00:00:00', NULL);
INSERT INTO prediction (id, user_id, game_id, home_score, away_score, created_at, updated_at) VALUES (979, 14, 138, 1, 4, '2024-01-01 00:00:00', NULL);
INSERT INTO prediction (id, user_id, game_id, home_score, away_score, created_at, updated_at) VALUES (980, 15, 138, 1, 5, '2024-01-01 00:00:00', NULL);
INSERT INTO prediction (id, user_id, game_id, home_score, away_score, created_at, updated_at) VALUES (981, 17, 138, 1, 5, '2024-01-01 00:00:00', NULL);
INSERT INTO prediction (id, user_id, game_id, home_score, away_score, created_at, updated_at) VALUES (982, 7, 138, 2, 4, '2024-01-01 00:00:00', NULL);
INSERT INTO prediction (id, user_id, game_id, home_score, away_score, created_at, updated_at) VALUES (983, 11, 138, 1, 3, '2024-01-01 00:00:00', NULL);
INSERT INTO prediction (id, user_id, game_id, home_score, away_score, created_at, updated_at) VALUES (984, 13, 139, 4, 1, '2024-01-01 00:00:00', NULL);
INSERT INTO prediction (id, user_id, game_id, home_score, away_score, created_at, updated_at) VALUES (985, 8, 139, 4, 2, '2024-01-01 00:00:00', NULL);
INSERT INTO prediction (id, user_id, game_id, home_score, away_score, created_at, updated_at) VALUES (986, 16, 139, 6, 2, '2024-01-01 00:00:00', NULL);
INSERT INTO prediction (id, user_id, game_id, home_score, away_score, created_at, updated_at) VALUES (987, 9, 139, 4, 1, '2024-01-01 00:00:00', NULL);
INSERT INTO prediction (id, user_id, game_id, home_score, away_score, created_at, updated_at) VALUES (988, 19, 139, 5, 2, '2024-01-01 00:00:00', NULL);
INSERT INTO prediction (id, user_id, game_id, home_score, away_score, created_at, updated_at) VALUES (989, 14, 139, 6, 3, '2024-01-01 00:00:00', NULL);
INSERT INTO prediction (id, user_id, game_id, home_score, away_score, created_at, updated_at) VALUES (990, 17, 139, 5, 1, '2024-01-01 00:00:00', NULL);
INSERT INTO prediction (id, user_id, game_id, home_score, away_score, created_at, updated_at) VALUES (991, 11, 139, 5, 1, '2024-01-01 00:00:00', NULL);
INSERT INTO prediction (id, user_id, game_id, home_score, away_score, created_at, updated_at) VALUES (992, 13, 140, 5, 0, '2024-01-01 00:00:00', NULL);
INSERT INTO prediction (id, user_id, game_id, home_score, away_score, created_at, updated_at) VALUES (993, 8, 140, 7, 0, '2024-01-01 00:00:00', NULL);
INSERT INTO prediction (id, user_id, game_id, home_score, away_score, created_at, updated_at) VALUES (994, 16, 140, 7, 1, '2024-01-01 00:00:00', NULL);
INSERT INTO prediction (id, user_id, game_id, home_score, away_score, created_at, updated_at) VALUES (995, 9, 140, 5, 1, '2024-01-01 00:00:00', NULL);
INSERT INTO prediction (id, user_id, game_id, home_score, away_score, created_at, updated_at) VALUES (996, 19, 140, 7, 1, '2024-01-01 00:00:00', NULL);
INSERT INTO prediction (id, user_id, game_id, home_score, away_score, created_at, updated_at) VALUES (997, 14, 140, 7, 2, '2024-01-01 00:00:00', NULL);
INSERT INTO prediction (id, user_id, game_id, home_score, away_score, created_at, updated_at) VALUES (998, 17, 140, 7, 0, '2024-01-01 00:00:00', NULL);
INSERT INTO prediction (id, user_id, game_id, home_score, away_score, created_at, updated_at) VALUES (999, 11, 140, 6, 1, '2024-01-01 00:00:00', NULL);
INSERT INTO prediction (id, user_id, game_id, home_score, away_score, created_at, updated_at) VALUES (1000, 13, 141, 3, 2, '2024-01-01 00:00:00', NULL);
INSERT INTO prediction (id, user_id, game_id, home_score, away_score, created_at, updated_at) VALUES (1001, 8, 141, 4, 3, '2024-01-01 00:00:00', NULL);
INSERT INTO prediction (id, user_id, game_id, home_score, away_score, created_at, updated_at) VALUES (1002, 16, 141, 2, 4, '2024-01-01 00:00:00', NULL);
INSERT INTO prediction (id, user_id, game_id, home_score, away_score, created_at, updated_at) VALUES (1003, 9, 141, 3, 2, '2024-01-01 00:00:00', NULL);
INSERT INTO prediction (id, user_id, game_id, home_score, away_score, created_at, updated_at) VALUES (1004, 19, 141, 2, 4, '2024-01-01 00:00:00', NULL);
INSERT INTO prediction (id, user_id, game_id, home_score, away_score, created_at, updated_at) VALUES (1005, 14, 141, 2, 3, '2024-01-01 00:00:00', NULL);
INSERT INTO prediction (id, user_id, game_id, home_score, away_score, created_at, updated_at) VALUES (1006, 15, 141, 2, 3, '2024-01-01 00:00:00', NULL);
INSERT INTO prediction (id, user_id, game_id, home_score, away_score, created_at, updated_at) VALUES (1007, 17, 141, 4, 2, '2024-01-01 00:00:00', NULL);
INSERT INTO prediction (id, user_id, game_id, home_score, away_score, created_at, updated_at) VALUES (1008, 7, 141, 3, 2, '2024-01-01 00:00:00', NULL);
INSERT INTO prediction (id, user_id, game_id, home_score, away_score, created_at, updated_at) VALUES (1009, 11, 141, 2, 3, '2024-01-01 00:00:00', NULL);
INSERT INTO prediction (id, user_id, game_id, home_score, away_score, created_at, updated_at) VALUES (1010, 13, 142, 1, 7, '2024-01-01 00:00:00', NULL);
INSERT INTO prediction (id, user_id, game_id, home_score, away_score, created_at, updated_at) VALUES (1011, 8, 142, 0, 7, '2024-01-01 00:00:00', NULL);
INSERT INTO prediction (id, user_id, game_id, home_score, away_score, created_at, updated_at) VALUES (1012, 16, 142, 1, 6, '2024-01-01 00:00:00', NULL);
INSERT INTO prediction (id, user_id, game_id, home_score, away_score, created_at, updated_at) VALUES (1013, 9, 142, 1, 8, '2024-01-01 00:00:00', NULL);
INSERT INTO prediction (id, user_id, game_id, home_score, away_score, created_at, updated_at) VALUES (1014, 19, 142, 1, 7, '2024-01-01 00:00:00', NULL);
INSERT INTO prediction (id, user_id, game_id, home_score, away_score, created_at, updated_at) VALUES (1015, 14, 142, 0, 8, '2024-01-01 00:00:00', NULL);
INSERT INTO prediction (id, user_id, game_id, home_score, away_score, created_at, updated_at) VALUES (1016, 15, 142, 1, 8, '2024-01-01 00:00:00', NULL);
INSERT INTO prediction (id, user_id, game_id, home_score, away_score, created_at, updated_at) VALUES (1017, 17, 142, 0, 7, '2024-01-01 00:00:00', NULL);
INSERT INTO prediction (id, user_id, game_id, home_score, away_score, created_at, updated_at) VALUES (1018, 7, 142, 0, 8, '2024-01-01 00:00:00', NULL);
INSERT INTO prediction (id, user_id, game_id, home_score, away_score, created_at, updated_at) VALUES (1019, 11, 142, 1, 5, '2024-01-01 00:00:00', NULL);
INSERT INTO prediction (id, user_id, game_id, home_score, away_score, created_at, updated_at) VALUES (1020, 13, 143, 1, 7, '2024-01-01 00:00:00', NULL);
INSERT INTO prediction (id, user_id, game_id, home_score, away_score, created_at, updated_at) VALUES (1021, 8, 143, 1, 5, '2024-01-01 00:00:00', NULL);
INSERT INTO prediction (id, user_id, game_id, home_score, away_score, created_at, updated_at) VALUES (1022, 16, 143, 0, 8, '2024-01-01 00:00:00', NULL);
INSERT INTO prediction (id, user_id, game_id, home_score, away_score, created_at, updated_at) VALUES (1023, 9, 143, 1, 6, '2024-01-01 00:00:00', NULL);
INSERT INTO prediction (id, user_id, game_id, home_score, away_score, created_at, updated_at) VALUES (1024, 19, 143, 1, 7, '2024-01-01 00:00:00', NULL);
INSERT INTO prediction (id, user_id, game_id, home_score, away_score, created_at, updated_at) VALUES (1025, 14, 143, 1, 9, '2024-01-01 00:00:00', NULL);
INSERT INTO prediction (id, user_id, game_id, home_score, away_score, created_at, updated_at) VALUES (1026, 15, 143, 1, 8, '2024-01-01 00:00:00', NULL);
INSERT INTO prediction (id, user_id, game_id, home_score, away_score, created_at, updated_at) VALUES (1027, 17, 143, 0, 6, '2024-01-01 00:00:00', NULL);
INSERT INTO prediction (id, user_id, game_id, home_score, away_score, created_at, updated_at) VALUES (1028, 7, 143, 0, 8, '2024-01-01 00:00:00', NULL);
INSERT INTO prediction (id, user_id, game_id, home_score, away_score, created_at, updated_at) VALUES (1029, 11, 143, 0, 8, '2024-01-01 00:00:00', NULL);
INSERT INTO prediction (id, user_id, game_id, home_score, away_score, created_at, updated_at) VALUES (1030, 13, 144, 1, 4, '2024-01-01 00:00:00', NULL);
INSERT INTO prediction (id, user_id, game_id, home_score, away_score, created_at, updated_at) VALUES (1031, 8, 144, 2, 3, '2024-01-01 00:00:00', NULL);
INSERT INTO prediction (id, user_id, game_id, home_score, away_score, created_at, updated_at) VALUES (1032, 16, 144, 1, 4, '2024-01-01 00:00:00', NULL);
INSERT INTO prediction (id, user_id, game_id, home_score, away_score, created_at, updated_at) VALUES (1033, 9, 144, 1, 4, '2024-01-01 00:00:00', NULL);
INSERT INTO prediction (id, user_id, game_id, home_score, away_score, created_at, updated_at) VALUES (1034, 19, 144, 2, 4, '2024-01-01 00:00:00', NULL);
INSERT INTO prediction (id, user_id, game_id, home_score, away_score, created_at, updated_at) VALUES (1035, 14, 144, 2, 3, '2024-01-01 00:00:00', NULL);
INSERT INTO prediction (id, user_id, game_id, home_score, away_score, created_at, updated_at) VALUES (1036, 15, 144, 2, 5, '2024-01-01 00:00:00', NULL);
INSERT INTO prediction (id, user_id, game_id, home_score, away_score, created_at, updated_at) VALUES (1037, 17, 144, 3, 4, '2024-01-01 00:00:00', NULL);
INSERT INTO prediction (id, user_id, game_id, home_score, away_score, created_at, updated_at) VALUES (1038, 7, 144, 1, 2, '2024-01-01 00:00:00', NULL);
INSERT INTO prediction (id, user_id, game_id, home_score, away_score, created_at, updated_at) VALUES (1039, 11, 144, 3, 4, '2024-01-01 00:00:00', NULL);
INSERT INTO prediction (id, user_id, game_id, home_score, away_score, created_at, updated_at) VALUES (1040, 13, 145, 1, 3, '2024-01-01 00:00:00', NULL);
INSERT INTO prediction (id, user_id, game_id, home_score, away_score, created_at, updated_at) VALUES (1041, 8, 145, 2, 3, '2024-01-01 00:00:00', NULL);
INSERT INTO prediction (id, user_id, game_id, home_score, away_score, created_at, updated_at) VALUES (1042, 16, 145, 3, 4, '2024-01-01 00:00:00', NULL);
INSERT INTO prediction (id, user_id, game_id, home_score, away_score, created_at, updated_at) VALUES (1043, 9, 145, 2, 4, '2024-01-01 00:00:00', NULL);
INSERT INTO prediction (id, user_id, game_id, home_score, away_score, created_at, updated_at) VALUES (1044, 19, 145, 3, 5, '2024-01-01 00:00:00', NULL);
INSERT INTO prediction (id, user_id, game_id, home_score, away_score, created_at, updated_at) VALUES (1045, 14, 145, 4, 3, '2024-01-01 00:00:00', NULL);
INSERT INTO prediction (id, user_id, game_id, home_score, away_score, created_at, updated_at) VALUES (1046, 15, 145, 3, 4, '2024-01-01 00:00:00', NULL);
INSERT INTO prediction (id, user_id, game_id, home_score, away_score, created_at, updated_at) VALUES (1047, 17, 145, 3, 5, '2024-01-01 00:00:00', NULL);
INSERT INTO prediction (id, user_id, game_id, home_score, away_score, created_at, updated_at) VALUES (1048, 7, 145, 3, 4, '2024-01-01 00:00:00', NULL);
INSERT INTO prediction (id, user_id, game_id, home_score, away_score, created_at, updated_at) VALUES (1049, 11, 145, 2, 3, '2024-01-01 00:00:00', NULL);
INSERT INTO prediction (id, user_id, game_id, home_score, away_score, created_at, updated_at) VALUES (1050, 13, 146, 1, 2, '2024-01-01 00:00:00', NULL);
INSERT INTO prediction (id, user_id, game_id, home_score, away_score, created_at, updated_at) VALUES (1051, 8, 146, 2, 4, '2024-01-01 00:00:00', NULL);
INSERT INTO prediction (id, user_id, game_id, home_score, away_score, created_at, updated_at) VALUES (1052, 16, 146, 3, 5, '2024-01-01 00:00:00', NULL);
INSERT INTO prediction (id, user_id, game_id, home_score, away_score, created_at, updated_at) VALUES (1053, 9, 146, 2, 4, '2024-01-01 00:00:00', NULL);
INSERT INTO prediction (id, user_id, game_id, home_score, away_score, created_at, updated_at) VALUES (1054, 19, 146, 3, 5, '2024-01-01 00:00:00', NULL);
INSERT INTO prediction (id, user_id, game_id, home_score, away_score, created_at, updated_at) VALUES (1055, 14, 146, 3, 4, '2024-01-01 00:00:00', NULL);
INSERT INTO prediction (id, user_id, game_id, home_score, away_score, created_at, updated_at) VALUES (1056, 15, 146, 3, 5, '2024-01-01 00:00:00', NULL);
INSERT INTO prediction (id, user_id, game_id, home_score, away_score, created_at, updated_at) VALUES (1057, 17, 146, 4, 3, '2024-01-01 00:00:00', NULL);
INSERT INTO prediction (id, user_id, game_id, home_score, away_score, created_at, updated_at) VALUES (1058, 7, 146, 3, 5, '2024-01-01 00:00:00', NULL);
INSERT INTO prediction (id, user_id, game_id, home_score, away_score, created_at, updated_at) VALUES (1059, 11, 146, 3, 4, '2024-01-01 00:00:00', NULL);
INSERT INTO prediction (id, user_id, game_id, home_score, away_score, created_at, updated_at) VALUES (1060, 13, 147, 2, 5, '2024-01-01 00:00:00', NULL);
INSERT INTO prediction (id, user_id, game_id, home_score, away_score, created_at, updated_at) VALUES (1061, 8, 147, 2, 1, '2024-01-01 00:00:00', NULL);
INSERT INTO prediction (id, user_id, game_id, home_score, away_score, created_at, updated_at) VALUES (1062, 16, 147, 3, 2, '2024-01-01 00:00:00', NULL);
INSERT INTO prediction (id, user_id, game_id, home_score, away_score, created_at, updated_at) VALUES (1063, 9, 147, 3, 2, '2024-01-01 00:00:00', NULL);
INSERT INTO prediction (id, user_id, game_id, home_score, away_score, created_at, updated_at) VALUES (1064, 19, 147, 2, 5, '2024-01-01 00:00:00', NULL);
INSERT INTO prediction (id, user_id, game_id, home_score, away_score, created_at, updated_at) VALUES (1065, 14, 147, 3, 4, '2024-01-01 00:00:00', NULL);
INSERT INTO prediction (id, user_id, game_id, home_score, away_score, created_at, updated_at) VALUES (1066, 15, 147, 1, 5, '2024-01-01 00:00:00', NULL);
INSERT INTO prediction (id, user_id, game_id, home_score, away_score, created_at, updated_at) VALUES (1067, 17, 147, 2, 4, '2024-01-01 00:00:00', NULL);
INSERT INTO prediction (id, user_id, game_id, home_score, away_score, created_at, updated_at) VALUES (1068, 7, 147, 3, 5, '2024-01-01 00:00:00', NULL);
INSERT INTO prediction (id, user_id, game_id, home_score, away_score, created_at, updated_at) VALUES (1069, 11, 147, 4, 5, '2024-01-01 00:00:00', NULL);
INSERT INTO prediction (id, user_id, game_id, home_score, away_score, created_at, updated_at) VALUES (1070, 13, 148, 1, 3, '2024-01-01 00:00:00', NULL);
INSERT INTO prediction (id, user_id, game_id, home_score, away_score, created_at, updated_at) VALUES (1071, 8, 148, 2, 6, '2024-01-01 00:00:00', NULL);
INSERT INTO prediction (id, user_id, game_id, home_score, away_score, created_at, updated_at) VALUES (1072, 16, 148, 1, 5, '2024-01-01 00:00:00', NULL);
INSERT INTO prediction (id, user_id, game_id, home_score, away_score, created_at, updated_at) VALUES (1073, 9, 148, 1, 5, '2024-01-01 00:00:00', NULL);
INSERT INTO prediction (id, user_id, game_id, home_score, away_score, created_at, updated_at) VALUES (1074, 19, 148, 2, 7, '2024-01-01 00:00:00', NULL);
INSERT INTO prediction (id, user_id, game_id, home_score, away_score, created_at, updated_at) VALUES (1075, 14, 148, 3, 5, '2024-01-01 00:00:00', NULL);
INSERT INTO prediction (id, user_id, game_id, home_score, away_score, created_at, updated_at) VALUES (1076, 15, 148, 2, 5, '2024-01-01 00:00:00', NULL);
INSERT INTO prediction (id, user_id, game_id, home_score, away_score, created_at, updated_at) VALUES (1077, 17, 148, 2, 6, '2024-01-01 00:00:00', NULL);
INSERT INTO prediction (id, user_id, game_id, home_score, away_score, created_at, updated_at) VALUES (1078, 7, 148, 1, 5, '2024-01-01 00:00:00', NULL);
INSERT INTO prediction (id, user_id, game_id, home_score, away_score, created_at, updated_at) VALUES (1079, 11, 148, 3, 5, '2024-01-01 00:00:00', NULL);
INSERT INTO prediction (id, user_id, game_id, home_score, away_score, created_at, updated_at) VALUES (1080, 13, 149, 1, 2, '2024-01-01 00:00:00', NULL);
INSERT INTO prediction (id, user_id, game_id, home_score, away_score, created_at, updated_at) VALUES (1081, 8, 149, 0, 3, '2024-01-01 00:00:00', NULL);
INSERT INTO prediction (id, user_id, game_id, home_score, away_score, created_at, updated_at) VALUES (1082, 16, 149, 1, 4, '2024-01-01 00:00:00', NULL);
INSERT INTO prediction (id, user_id, game_id, home_score, away_score, created_at, updated_at) VALUES (1083, 9, 149, 1, 3, '2024-01-01 00:00:00', NULL);
INSERT INTO prediction (id, user_id, game_id, home_score, away_score, created_at, updated_at) VALUES (1084, 19, 149, 1, 3, '2024-01-01 00:00:00', NULL);
INSERT INTO prediction (id, user_id, game_id, home_score, away_score, created_at, updated_at) VALUES (1085, 14, 149, 2, 5, '2024-01-01 00:00:00', NULL);
INSERT INTO prediction (id, user_id, game_id, home_score, away_score, created_at, updated_at) VALUES (1086, 15, 149, 2, 3, '2024-01-01 00:00:00', NULL);
INSERT INTO prediction (id, user_id, game_id, home_score, away_score, created_at, updated_at) VALUES (1087, 17, 149, 0, 3, '2024-01-01 00:00:00', NULL);
INSERT INTO prediction (id, user_id, game_id, home_score, away_score, created_at, updated_at) VALUES (1088, 7, 149, 2, 4, '2024-01-01 00:00:00', NULL);
INSERT INTO prediction (id, user_id, game_id, home_score, away_score, created_at, updated_at) VALUES (1089, 11, 149, 2, 5, '2024-01-01 00:00:00', NULL);
INSERT INTO prediction (id, user_id, game_id, home_score, away_score, created_at, updated_at) VALUES (1090, 13, 150, 2, 3, '2024-01-01 00:00:00', NULL);
INSERT INTO prediction (id, user_id, game_id, home_score, away_score, created_at, updated_at) VALUES (1091, 8, 150, 0, 3, '2024-01-01 00:00:00', NULL);
INSERT INTO prediction (id, user_id, game_id, home_score, away_score, created_at, updated_at) VALUES (1092, 16, 150, 2, 5, '2024-01-01 00:00:00', NULL);
INSERT INTO prediction (id, user_id, game_id, home_score, away_score, created_at, updated_at) VALUES (1093, 9, 150, 1, 5, '2024-01-01 00:00:00', NULL);
INSERT INTO prediction (id, user_id, game_id, home_score, away_score, created_at, updated_at) VALUES (1094, 19, 150, 1, 4, '2024-01-01 00:00:00', NULL);
INSERT INTO prediction (id, user_id, game_id, home_score, away_score, created_at, updated_at) VALUES (1095, 14, 150, 1, 5, '2024-01-01 00:00:00', NULL);
INSERT INTO prediction (id, user_id, game_id, home_score, away_score, created_at, updated_at) VALUES (1096, 15, 150, 2, 4, '2024-01-01 00:00:00', NULL);
INSERT INTO prediction (id, user_id, game_id, home_score, away_score, created_at, updated_at) VALUES (1097, 17, 150, 1, 6, '2024-01-01 00:00:00', NULL);
INSERT INTO prediction (id, user_id, game_id, home_score, away_score, created_at, updated_at) VALUES (1098, 7, 150, 0, 5, '2024-01-01 00:00:00', NULL);
INSERT INTO prediction (id, user_id, game_id, home_score, away_score, created_at, updated_at) VALUES (1099, 11, 150, 6, 0, '2024-01-01 00:00:00', NULL);
INSERT INTO prediction (id, user_id, game_id, home_score, away_score, created_at, updated_at) VALUES (1100, 13, 151, 1, 2, '2024-01-01 00:00:00', NULL);
INSERT INTO prediction (id, user_id, game_id, home_score, away_score, created_at, updated_at) VALUES (1101, 8, 151, 2, 3, '2024-01-01 00:00:00', NULL);
INSERT INTO prediction (id, user_id, game_id, home_score, away_score, created_at, updated_at) VALUES (1102, 16, 151, 4, 2, '2024-01-01 00:00:00', NULL);
INSERT INTO prediction (id, user_id, game_id, home_score, away_score, created_at, updated_at) VALUES (1103, 9, 151, 1, 2, '2024-01-01 00:00:00', NULL);
INSERT INTO prediction (id, user_id, game_id, home_score, away_score, created_at, updated_at) VALUES (1104, 19, 151, 4, 2, '2024-01-01 00:00:00', NULL);
INSERT INTO prediction (id, user_id, game_id, home_score, away_score, created_at, updated_at) VALUES (1105, 14, 151, 3, 2, '2024-01-01 00:00:00', NULL);
INSERT INTO prediction (id, user_id, game_id, home_score, away_score, created_at, updated_at) VALUES (1106, 15, 151, 4, 1, '2024-01-01 00:00:00', NULL);
INSERT INTO prediction (id, user_id, game_id, home_score, away_score, created_at, updated_at) VALUES (1107, 17, 151, 4, 1, '2024-01-01 00:00:00', NULL);
INSERT INTO prediction (id, user_id, game_id, home_score, away_score, created_at, updated_at) VALUES (1108, 7, 151, 3, 1, '2024-01-01 00:00:00', NULL);
INSERT INTO prediction (id, user_id, game_id, home_score, away_score, created_at, updated_at) VALUES (1109, 11, 151, 5, 4, '2024-01-01 00:00:00', NULL);
INSERT INTO prediction (id, user_id, game_id, home_score, away_score, created_at, updated_at) VALUES (1110, 13, 152, 3, 0, '2024-01-01 00:00:00', NULL);
INSERT INTO prediction (id, user_id, game_id, home_score, away_score, created_at, updated_at) VALUES (1111, 8, 152, 4, 0, '2024-01-01 00:00:00', NULL);
INSERT INTO prediction (id, user_id, game_id, home_score, away_score, created_at, updated_at) VALUES (1112, 16, 152, 3, 1, '2024-01-01 00:00:00', NULL);
INSERT INTO prediction (id, user_id, game_id, home_score, away_score, created_at, updated_at) VALUES (1113, 9, 152, 4, 2, '2024-01-01 00:00:00', NULL);
INSERT INTO prediction (id, user_id, game_id, home_score, away_score, created_at, updated_at) VALUES (1114, 19, 152, 4, 2, '2024-01-01 00:00:00', NULL);
INSERT INTO prediction (id, user_id, game_id, home_score, away_score, created_at, updated_at) VALUES (1115, 14, 152, 4, 2, '2024-01-01 00:00:00', NULL);
INSERT INTO prediction (id, user_id, game_id, home_score, away_score, created_at, updated_at) VALUES (1116, 15, 152, 4, 1, '2024-01-01 00:00:00', NULL);
INSERT INTO prediction (id, user_id, game_id, home_score, away_score, created_at, updated_at) VALUES (1117, 17, 152, 5, 0, '2024-01-01 00:00:00', NULL);
INSERT INTO prediction (id, user_id, game_id, home_score, away_score, created_at, updated_at) VALUES (1118, 7, 152, 4, 2, '2024-01-01 00:00:00', NULL);
INSERT INTO prediction (id, user_id, game_id, home_score, away_score, created_at, updated_at) VALUES (1119, 11, 152, 4, 0, '2024-01-01 00:00:00', NULL);
INSERT INTO prediction (id, user_id, game_id, home_score, away_score, created_at, updated_at) VALUES (1120, 13, 153, 7, 2, '2024-01-01 00:00:00', NULL);
INSERT INTO prediction (id, user_id, game_id, home_score, away_score, created_at, updated_at) VALUES (1121, 8, 153, 11, 0, '2024-01-01 00:00:00', NULL);
INSERT INTO prediction (id, user_id, game_id, home_score, away_score, created_at, updated_at) VALUES (1122, 16, 153, 10, 0, '2024-01-01 00:00:00', NULL);
INSERT INTO prediction (id, user_id, game_id, home_score, away_score, created_at, updated_at) VALUES (1123, 9, 153, 8, 0, '2024-01-01 00:00:00', NULL);
INSERT INTO prediction (id, user_id, game_id, home_score, away_score, created_at, updated_at) VALUES (1124, 19, 153, 9, 0, '2024-01-01 00:00:00', NULL);
INSERT INTO prediction (id, user_id, game_id, home_score, away_score, created_at, updated_at) VALUES (1125, 14, 153, 7, 0, '2024-01-01 00:00:00', NULL);
INSERT INTO prediction (id, user_id, game_id, home_score, away_score, created_at, updated_at) VALUES (1126, 15, 153, 7, 0, '2024-01-01 00:00:00', NULL);
INSERT INTO prediction (id, user_id, game_id, home_score, away_score, created_at, updated_at) VALUES (1127, 17, 153, 9, 0, '2024-01-01 00:00:00', NULL);
INSERT INTO prediction (id, user_id, game_id, home_score, away_score, created_at, updated_at) VALUES (1128, 7, 153, 8, 0, '2024-01-01 00:00:00', NULL);
INSERT INTO prediction (id, user_id, game_id, home_score, away_score, created_at, updated_at) VALUES (1129, 11, 153, 7, 0, '2024-01-01 00:00:00', NULL);
INSERT INTO prediction (id, user_id, game_id, home_score, away_score, created_at, updated_at) VALUES (1130, 13, 154, 4, 1, '2024-01-01 00:00:00', NULL);
INSERT INTO prediction (id, user_id, game_id, home_score, away_score, created_at, updated_at) VALUES (1131, 8, 154, 6, 1, '2024-01-01 00:00:00', NULL);
INSERT INTO prediction (id, user_id, game_id, home_score, away_score, created_at, updated_at) VALUES (1132, 16, 154, 4, 2, '2024-01-01 00:00:00', NULL);
INSERT INTO prediction (id, user_id, game_id, home_score, away_score, created_at, updated_at) VALUES (1133, 9, 154, 4, 1, '2024-01-01 00:00:00', NULL);
INSERT INTO prediction (id, user_id, game_id, home_score, away_score, created_at, updated_at) VALUES (1134, 19, 154, 4, 2, '2024-01-01 00:00:00', NULL);
INSERT INTO prediction (id, user_id, game_id, home_score, away_score, created_at, updated_at) VALUES (1135, 14, 154, 4, 3, '2024-01-01 00:00:00', NULL);
INSERT INTO prediction (id, user_id, game_id, home_score, away_score, created_at, updated_at) VALUES (1136, 15, 154, 4, 2, '2024-01-01 00:00:00', NULL);
INSERT INTO prediction (id, user_id, game_id, home_score, away_score, created_at, updated_at) VALUES (1137, 17, 154, 4, 2, '2024-01-01 00:00:00', NULL);
INSERT INTO prediction (id, user_id, game_id, home_score, away_score, created_at, updated_at) VALUES (1138, 7, 154, 4, 1, '2024-01-01 00:00:00', NULL);
INSERT INTO prediction (id, user_id, game_id, home_score, away_score, created_at, updated_at) VALUES (1139, 11, 154, 5, 2, '2024-01-01 00:00:00', NULL);
INSERT INTO prediction (id, user_id, game_id, home_score, away_score, created_at, updated_at) VALUES (1140, 13, 155, 2, 3, '2024-01-01 00:00:00', NULL);
INSERT INTO prediction (id, user_id, game_id, home_score, away_score, created_at, updated_at) VALUES (1141, 8, 155, 2, 5, '2024-01-01 00:00:00', NULL);
INSERT INTO prediction (id, user_id, game_id, home_score, away_score, created_at, updated_at) VALUES (1142, 16, 155, 1, 4, '2024-01-01 00:00:00', NULL);
INSERT INTO prediction (id, user_id, game_id, home_score, away_score, created_at, updated_at) VALUES (1143, 9, 155, 2, 4, '2024-01-01 00:00:00', NULL);
INSERT INTO prediction (id, user_id, game_id, home_score, away_score, created_at, updated_at) VALUES (1144, 19, 155, 2, 4, '2024-01-01 00:00:00', NULL);
INSERT INTO prediction (id, user_id, game_id, home_score, away_score, created_at, updated_at) VALUES (1145, 14, 155, 2, 3, '2024-01-01 00:00:00', NULL);
INSERT INTO prediction (id, user_id, game_id, home_score, away_score, created_at, updated_at) VALUES (1146, 15, 155, 2, 3, '2024-01-01 00:00:00', NULL);
INSERT INTO prediction (id, user_id, game_id, home_score, away_score, created_at, updated_at) VALUES (1147, 17, 155, 2, 5, '2024-01-01 00:00:00', NULL);
INSERT INTO prediction (id, user_id, game_id, home_score, away_score, created_at, updated_at) VALUES (1148, 7, 155, 2, 4, '2024-01-01 00:00:00', NULL);
INSERT INTO prediction (id, user_id, game_id, home_score, away_score, created_at, updated_at) VALUES (1149, 11, 155, 3, 5, '2024-01-01 00:00:00', NULL);
INSERT INTO prediction (id, user_id, game_id, home_score, away_score, created_at, updated_at) VALUES (1150, 13, 156, 6, 1, '2024-01-01 00:00:00', NULL);
INSERT INTO prediction (id, user_id, game_id, home_score, away_score, created_at, updated_at) VALUES (1151, 8, 156, 7, 0, '2024-01-01 00:00:00', NULL);
INSERT INTO prediction (id, user_id, game_id, home_score, away_score, created_at, updated_at) VALUES (1152, 16, 156, 8, 1, '2024-01-01 00:00:00', NULL);
INSERT INTO prediction (id, user_id, game_id, home_score, away_score, created_at, updated_at) VALUES (1153, 9, 156, 10, 0, '2024-01-01 00:00:00', NULL);
INSERT INTO prediction (id, user_id, game_id, home_score, away_score, created_at, updated_at) VALUES (1154, 19, 156, 9, 0, '2024-01-01 00:00:00', NULL);
INSERT INTO prediction (id, user_id, game_id, home_score, away_score, created_at, updated_at) VALUES (1155, 14, 156, 9, 0, '2024-01-01 00:00:00', NULL);
INSERT INTO prediction (id, user_id, game_id, home_score, away_score, created_at, updated_at) VALUES (1156, 15, 156, 9, 0, '2024-01-01 00:00:00', NULL);
INSERT INTO prediction (id, user_id, game_id, home_score, away_score, created_at, updated_at) VALUES (1157, 17, 156, 8, 0, '2024-01-01 00:00:00', NULL);
INSERT INTO prediction (id, user_id, game_id, home_score, away_score, created_at, updated_at) VALUES (1158, 7, 156, 8, 0, '2024-01-01 00:00:00', NULL);
INSERT INTO prediction (id, user_id, game_id, home_score, away_score, created_at, updated_at) VALUES (1159, 11, 156, 7, 0, '2024-01-01 00:00:00', NULL);
INSERT INTO prediction (id, user_id, game_id, home_score, away_score, created_at, updated_at) VALUES (1160, 13, 157, 5, 1, '2024-01-01 00:00:00', NULL);
INSERT INTO prediction (id, user_id, game_id, home_score, away_score, created_at, updated_at) VALUES (1161, 8, 157, 8, 0, '2024-01-01 00:00:00', NULL);
INSERT INTO prediction (id, user_id, game_id, home_score, away_score, created_at, updated_at) VALUES (1162, 16, 157, 8, 1, '2024-01-01 00:00:00', NULL);
INSERT INTO prediction (id, user_id, game_id, home_score, away_score, created_at, updated_at) VALUES (1163, 9, 157, 5, 2, '2024-01-01 00:00:00', NULL);
INSERT INTO prediction (id, user_id, game_id, home_score, away_score, created_at, updated_at) VALUES (1164, 19, 157, 6, 1, '2024-01-01 00:00:00', NULL);
INSERT INTO prediction (id, user_id, game_id, home_score, away_score, created_at, updated_at) VALUES (1165, 14, 157, 7, 1, '2024-01-01 00:00:00', NULL);
INSERT INTO prediction (id, user_id, game_id, home_score, away_score, created_at, updated_at) VALUES (1166, 15, 157, 8, 1, '2024-01-01 00:00:00', NULL);
INSERT INTO prediction (id, user_id, game_id, home_score, away_score, created_at, updated_at) VALUES (1167, 17, 157, 6, 1, '2024-01-01 00:00:00', NULL);
INSERT INTO prediction (id, user_id, game_id, home_score, away_score, created_at, updated_at) VALUES (1168, 7, 157, 8, 0, '2024-01-01 00:00:00', NULL);
INSERT INTO prediction (id, user_id, game_id, home_score, away_score, created_at, updated_at) VALUES (1169, 11, 157, 9, 0, '2024-01-01 00:00:00', NULL);
INSERT INTO prediction (id, user_id, game_id, home_score, away_score, created_at, updated_at) VALUES (1170, 13, 158, 7, 0, '2024-01-01 00:00:00', NULL);
INSERT INTO prediction (id, user_id, game_id, home_score, away_score, created_at, updated_at) VALUES (1171, 8, 158, 8, 0, '2024-01-01 00:00:00', NULL);
INSERT INTO prediction (id, user_id, game_id, home_score, away_score, created_at, updated_at) VALUES (1172, 16, 158, 6, 1, '2024-01-01 00:00:00', NULL);
INSERT INTO prediction (id, user_id, game_id, home_score, away_score, created_at, updated_at) VALUES (1173, 9, 158, 5, 1, '2024-01-01 00:00:00', NULL);
INSERT INTO prediction (id, user_id, game_id, home_score, away_score, created_at, updated_at) VALUES (1174, 19, 158, 6, 1, '2024-01-01 00:00:00', NULL);
INSERT INTO prediction (id, user_id, game_id, home_score, away_score, created_at, updated_at) VALUES (1175, 14, 158, 5, 0, '2024-01-01 00:00:00', NULL);
INSERT INTO prediction (id, user_id, game_id, home_score, away_score, created_at, updated_at) VALUES (1176, 15, 158, 4, 1, '2024-01-01 00:00:00', NULL);
INSERT INTO prediction (id, user_id, game_id, home_score, away_score, created_at, updated_at) VALUES (1177, 17, 158, 8, 0, '2024-01-01 00:00:00', NULL);
INSERT INTO prediction (id, user_id, game_id, home_score, away_score, created_at, updated_at) VALUES (1178, 7, 158, 7, 0, '2024-01-01 00:00:00', NULL);
INSERT INTO prediction (id, user_id, game_id, home_score, away_score, created_at, updated_at) VALUES (1179, 11, 158, 5, 1, '2024-01-01 00:00:00', NULL);
INSERT INTO prediction (id, user_id, game_id, home_score, away_score, created_at, updated_at) VALUES (1180, 13, 159, 4, 1, '2024-01-01 00:00:00', NULL);
INSERT INTO prediction (id, user_id, game_id, home_score, away_score, created_at, updated_at) VALUES (1181, 8, 159, 3, 1, '2024-01-01 00:00:00', NULL);
INSERT INTO prediction (id, user_id, game_id, home_score, away_score, created_at, updated_at) VALUES (1182, 16, 159, 4, 2, '2024-01-01 00:00:00', NULL);
INSERT INTO prediction (id, user_id, game_id, home_score, away_score, created_at, updated_at) VALUES (1183, 9, 159, 4, 1, '2024-01-01 00:00:00', NULL);
INSERT INTO prediction (id, user_id, game_id, home_score, away_score, created_at, updated_at) VALUES (1184, 19, 159, 5, 2, '2024-01-01 00:00:00', NULL);
INSERT INTO prediction (id, user_id, game_id, home_score, away_score, created_at, updated_at) VALUES (1185, 14, 159, 6, 1, '2024-01-01 00:00:00', NULL);
INSERT INTO prediction (id, user_id, game_id, home_score, away_score, created_at, updated_at) VALUES (1186, 15, 159, 5, 2, '2024-01-01 00:00:00', NULL);
INSERT INTO prediction (id, user_id, game_id, home_score, away_score, created_at, updated_at) VALUES (1187, 17, 159, 5, 1, '2024-01-01 00:00:00', NULL);
INSERT INTO prediction (id, user_id, game_id, home_score, away_score, created_at, updated_at) VALUES (1188, 7, 159, 5, 2, '2024-01-01 00:00:00', NULL);
INSERT INTO prediction (id, user_id, game_id, home_score, away_score, created_at, updated_at) VALUES (1189, 11, 159, 4, 2, '2024-01-01 00:00:00', NULL);
INSERT INTO prediction (id, user_id, game_id, home_score, away_score, created_at, updated_at) VALUES (1190, 13, 160, 4, 2, '2024-01-01 00:00:00', NULL);
INSERT INTO prediction (id, user_id, game_id, home_score, away_score, created_at, updated_at) VALUES (1191, 8, 160, 3, 2, '2024-01-01 00:00:00', NULL);
INSERT INTO prediction (id, user_id, game_id, home_score, away_score, created_at, updated_at) VALUES (1192, 16, 160, 5, 1, '2024-01-01 00:00:00', NULL);
INSERT INTO prediction (id, user_id, game_id, home_score, away_score, created_at, updated_at) VALUES (1193, 9, 160, 4, 1, '2024-01-01 00:00:00', NULL);
INSERT INTO prediction (id, user_id, game_id, home_score, away_score, created_at, updated_at) VALUES (1194, 19, 160, 5, 2, '2024-01-01 00:00:00', NULL);
INSERT INTO prediction (id, user_id, game_id, home_score, away_score, created_at, updated_at) VALUES (1195, 14, 160, 4, 2, '2024-01-01 00:00:00', NULL);
INSERT INTO prediction (id, user_id, game_id, home_score, away_score, created_at, updated_at) VALUES (1196, 15, 160, 3, 1, '2024-01-01 00:00:00', NULL);
INSERT INTO prediction (id, user_id, game_id, home_score, away_score, created_at, updated_at) VALUES (1197, 17, 160, 5, 2, '2024-01-01 00:00:00', NULL);
INSERT INTO prediction (id, user_id, game_id, home_score, away_score, created_at, updated_at) VALUES (1198, 7, 160, 5, 2, '2024-01-01 00:00:00', NULL);
INSERT INTO prediction (id, user_id, game_id, home_score, away_score, created_at, updated_at) VALUES (1199, 11, 160, 5, 3, '2024-01-01 00:00:00', NULL);
INSERT INTO prediction (id, user_id, game_id, home_score, away_score, created_at, updated_at) VALUES (1200, 13, 161, 1, 4, '2024-01-01 00:00:00', NULL);
INSERT INTO prediction (id, user_id, game_id, home_score, away_score, created_at, updated_at) VALUES (1201, 8, 161, 3, 5, '2024-01-01 00:00:00', NULL);
INSERT INTO prediction (id, user_id, game_id, home_score, away_score, created_at, updated_at) VALUES (1202, 16, 161, 2, 5, '2024-01-01 00:00:00', NULL);
INSERT INTO prediction (id, user_id, game_id, home_score, away_score, created_at, updated_at) VALUES (1203, 9, 161, 2, 4, '2024-01-01 00:00:00', NULL);
INSERT INTO prediction (id, user_id, game_id, home_score, away_score, created_at, updated_at) VALUES (1204, 19, 161, 2, 4, '2024-01-01 00:00:00', NULL);
INSERT INTO prediction (id, user_id, game_id, home_score, away_score, created_at, updated_at) VALUES (1205, 14, 161, 2, 4, '2024-01-01 00:00:00', NULL);
INSERT INTO prediction (id, user_id, game_id, home_score, away_score, created_at, updated_at) VALUES (1206, 15, 161, 3, 5, '2024-01-01 00:00:00', NULL);
INSERT INTO prediction (id, user_id, game_id, home_score, away_score, created_at, updated_at) VALUES (1207, 17, 161, 1, 4, '2024-01-01 00:00:00', NULL);
INSERT INTO prediction (id, user_id, game_id, home_score, away_score, created_at, updated_at) VALUES (1208, 7, 161, 2, 3, '2024-01-01 00:00:00', NULL);
INSERT INTO prediction (id, user_id, game_id, home_score, away_score, created_at, updated_at) VALUES (1209, 11, 161, 1, 5, '2024-01-01 00:00:00', NULL);
INSERT INTO prediction (id, user_id, game_id, home_score, away_score, created_at, updated_at) VALUES (1210, 13, 162, 2, 3, '2024-01-01 00:00:00', NULL);
INSERT INTO prediction (id, user_id, game_id, home_score, away_score, created_at, updated_at) VALUES (1211, 8, 162, 3, 4, '2024-01-01 00:00:00', NULL);
INSERT INTO prediction (id, user_id, game_id, home_score, away_score, created_at, updated_at) VALUES (1212, 16, 162, 2, 4, '2024-01-01 00:00:00', NULL);
INSERT INTO prediction (id, user_id, game_id, home_score, away_score, created_at, updated_at) VALUES (1213, 9, 162, 1, 4, '2024-01-01 00:00:00', NULL);
INSERT INTO prediction (id, user_id, game_id, home_score, away_score, created_at, updated_at) VALUES (1214, 19, 162, 2, 4, '2024-01-01 00:00:00', NULL);
INSERT INTO prediction (id, user_id, game_id, home_score, away_score, created_at, updated_at) VALUES (1215, 14, 162, 1, 5, '2024-01-01 00:00:00', NULL);
INSERT INTO prediction (id, user_id, game_id, home_score, away_score, created_at, updated_at) VALUES (1216, 15, 162, 2, 4, '2024-01-01 00:00:00', NULL);
INSERT INTO prediction (id, user_id, game_id, home_score, away_score, created_at, updated_at) VALUES (1217, 17, 162, 2, 5, '2024-01-01 00:00:00', NULL);
INSERT INTO prediction (id, user_id, game_id, home_score, away_score, created_at, updated_at) VALUES (1218, 7, 162, 2, 4, '2024-01-01 00:00:00', NULL);
INSERT INTO prediction (id, user_id, game_id, home_score, away_score, created_at, updated_at) VALUES (1219, 11, 162, 3, 4, '2024-01-01 00:00:00', NULL);
INSERT INTO prediction (id, user_id, game_id, home_score, away_score, created_at, updated_at) VALUES (1220, 13, 163, 7, 1, '2024-01-01 00:00:00', NULL);
INSERT INTO prediction (id, user_id, game_id, home_score, away_score, created_at, updated_at) VALUES (1221, 8, 163, 6, 0, '2024-01-01 00:00:00', NULL);
INSERT INTO prediction (id, user_id, game_id, home_score, away_score, created_at, updated_at) VALUES (1222, 16, 163, 9, 1, '2024-01-01 00:00:00', NULL);
INSERT INTO prediction (id, user_id, game_id, home_score, away_score, created_at, updated_at) VALUES (1223, 9, 163, 7, 1, '2024-01-01 00:00:00', NULL);
INSERT INTO prediction (id, user_id, game_id, home_score, away_score, created_at, updated_at) VALUES (1224, 19, 163, 9, 0, '2024-01-01 00:00:00', NULL);
INSERT INTO prediction (id, user_id, game_id, home_score, away_score, created_at, updated_at) VALUES (1225, 14, 163, 7, 0, '2024-01-01 00:00:00', NULL);
INSERT INTO prediction (id, user_id, game_id, home_score, away_score, created_at, updated_at) VALUES (1226, 15, 163, 7, 0, '2024-01-01 00:00:00', NULL);
INSERT INTO prediction (id, user_id, game_id, home_score, away_score, created_at, updated_at) VALUES (1227, 17, 163, 7, 0, '2024-01-01 00:00:00', NULL);
INSERT INTO prediction (id, user_id, game_id, home_score, away_score, created_at, updated_at) VALUES (1228, 7, 163, 7, 0, '2024-01-01 00:00:00', NULL);
INSERT INTO prediction (id, user_id, game_id, home_score, away_score, created_at, updated_at) VALUES (1229, 11, 163, 7, 1, '2024-01-01 00:00:00', NULL);
INSERT INTO prediction (id, user_id, game_id, home_score, away_score, created_at, updated_at) VALUES (1230, 13, 164, 6, 0, '2024-01-01 00:00:00', NULL);
INSERT INTO prediction (id, user_id, game_id, home_score, away_score, created_at, updated_at) VALUES (1231, 8, 164, 8, 0, '2024-01-01 00:00:00', NULL);
INSERT INTO prediction (id, user_id, game_id, home_score, away_score, created_at, updated_at) VALUES (1232, 16, 164, 11, 0, '2024-01-01 00:00:00', NULL);
INSERT INTO prediction (id, user_id, game_id, home_score, away_score, created_at, updated_at) VALUES (1233, 9, 164, 8, 0, '2024-01-01 00:00:00', NULL);
INSERT INTO prediction (id, user_id, game_id, home_score, away_score, created_at, updated_at) VALUES (1234, 19, 164, 9, 0, '2024-01-01 00:00:00', NULL);
INSERT INTO prediction (id, user_id, game_id, home_score, away_score, created_at, updated_at) VALUES (1235, 14, 164, 9, 0, '2024-01-01 00:00:00', NULL);
INSERT INTO prediction (id, user_id, game_id, home_score, away_score, created_at, updated_at) VALUES (1236, 15, 164, 10, 0, '2024-01-01 00:00:00', NULL);
INSERT INTO prediction (id, user_id, game_id, home_score, away_score, created_at, updated_at) VALUES (1237, 17, 164, 8, 0, '2024-01-01 00:00:00', NULL);
INSERT INTO prediction (id, user_id, game_id, home_score, away_score, created_at, updated_at) VALUES (1238, 7, 164, 8, 0, '2024-01-01 00:00:00', NULL);
INSERT INTO prediction (id, user_id, game_id, home_score, away_score, created_at, updated_at) VALUES (1239, 11, 164, 8, 1, '2024-01-01 00:00:00', NULL);
INSERT INTO prediction (id, user_id, game_id, home_score, away_score, created_at, updated_at) VALUES (1240, 13, 165, 1, 5, '2024-01-01 00:00:00', NULL);
INSERT INTO prediction (id, user_id, game_id, home_score, away_score, created_at, updated_at) VALUES (1241, 8, 165, 1, 3, '2024-01-01 00:00:00', NULL);
INSERT INTO prediction (id, user_id, game_id, home_score, away_score, created_at, updated_at) VALUES (1242, 16, 165, 1, 5, '2024-01-01 00:00:00', NULL);
INSERT INTO prediction (id, user_id, game_id, home_score, away_score, created_at, updated_at) VALUES (1243, 9, 165, 2, 4, '2024-01-01 00:00:00', NULL);
INSERT INTO prediction (id, user_id, game_id, home_score, away_score, created_at, updated_at) VALUES (1244, 19, 165, 2, 5, '2024-01-01 00:00:00', NULL);
INSERT INTO prediction (id, user_id, game_id, home_score, away_score, created_at, updated_at) VALUES (1245, 15, 165, 3, 5, '2024-01-01 00:00:00', NULL);
INSERT INTO prediction (id, user_id, game_id, home_score, away_score, created_at, updated_at) VALUES (1246, 17, 165, 2, 5, '2024-01-01 00:00:00', NULL);
INSERT INTO prediction (id, user_id, game_id, home_score, away_score, created_at, updated_at) VALUES (1247, 7, 165, 1, 7, '2024-01-01 00:00:00', NULL);
INSERT INTO prediction (id, user_id, game_id, home_score, away_score, created_at, updated_at) VALUES (1248, 11, 165, 2, 4, '2024-01-01 00:00:00', NULL);
INSERT INTO prediction (id, user_id, game_id, home_score, away_score, created_at, updated_at) VALUES (1249, 13, 166, 2, 4, '2024-01-01 00:00:00', NULL);
INSERT INTO prediction (id, user_id, game_id, home_score, away_score, created_at, updated_at) VALUES (1250, 8, 166, 1, 4, '2024-01-01 00:00:00', NULL);
INSERT INTO prediction (id, user_id, game_id, home_score, away_score, created_at, updated_at) VALUES (1251, 9, 166, 1, 5, '2024-01-01 00:00:00', NULL);
INSERT INTO prediction (id, user_id, game_id, home_score, away_score, created_at, updated_at) VALUES (1252, 19, 166, 2, 5, '2024-01-01 00:00:00', NULL);
INSERT INTO prediction (id, user_id, game_id, home_score, away_score, created_at, updated_at) VALUES (1253, 15, 166, 1, 6, '2024-01-01 00:00:00', NULL);
INSERT INTO prediction (id, user_id, game_id, home_score, away_score, created_at, updated_at) VALUES (1254, 17, 166, 2, 6, '2024-01-01 00:00:00', NULL);
INSERT INTO prediction (id, user_id, game_id, home_score, away_score, created_at, updated_at) VALUES (1255, 7, 166, 1, 6, '2024-01-01 00:00:00', NULL);
INSERT INTO prediction (id, user_id, game_id, home_score, away_score, created_at, updated_at) VALUES (1256, 11, 166, 2, 5, '2024-01-01 00:00:00', NULL);
INSERT INTO prediction (id, user_id, game_id, home_score, away_score, created_at, updated_at) VALUES (1257, 13, 167, 5, 2, '2024-01-01 00:00:00', NULL);
INSERT INTO prediction (id, user_id, game_id, home_score, away_score, created_at, updated_at) VALUES (1258, 8, 167, 3, 2, '2024-01-01 00:00:00', NULL);
INSERT INTO prediction (id, user_id, game_id, home_score, away_score, created_at, updated_at) VALUES (1259, 16, 167, 6, 2, '2024-01-01 00:00:00', NULL);
INSERT INTO prediction (id, user_id, game_id, home_score, away_score, created_at, updated_at) VALUES (1260, 9, 167, 4, 2, '2024-01-01 00:00:00', NULL);
INSERT INTO prediction (id, user_id, game_id, home_score, away_score, created_at, updated_at) VALUES (1261, 19, 167, 5, 3, '2024-01-01 00:00:00', NULL);
INSERT INTO prediction (id, user_id, game_id, home_score, away_score, created_at, updated_at) VALUES (1262, 14, 167, 4, 2, '2024-01-01 00:00:00', NULL);
INSERT INTO prediction (id, user_id, game_id, home_score, away_score, created_at, updated_at) VALUES (1263, 15, 167, 5, 2, '2024-01-01 00:00:00', NULL);
INSERT INTO prediction (id, user_id, game_id, home_score, away_score, created_at, updated_at) VALUES (1264, 17, 167, 6, 2, '2024-01-01 00:00:00', NULL);
INSERT INTO prediction (id, user_id, game_id, home_score, away_score, created_at, updated_at) VALUES (1265, 7, 167, 5, 2, '2024-01-01 00:00:00', NULL);
INSERT INTO prediction (id, user_id, game_id, home_score, away_score, created_at, updated_at) VALUES (1266, 11, 167, 5, 1, '2024-01-01 00:00:00', NULL);
INSERT INTO prediction (id, user_id, game_id, home_score, away_score, created_at, updated_at) VALUES (1267, 13, 168, 1, 3, '2024-01-01 00:00:00', NULL);
INSERT INTO prediction (id, user_id, game_id, home_score, away_score, created_at, updated_at) VALUES (1268, 8, 168, 1, 4, '2024-01-01 00:00:00', NULL);
INSERT INTO prediction (id, user_id, game_id, home_score, away_score, created_at, updated_at) VALUES (1269, 16, 168, 1, 4, '2024-01-01 00:00:00', NULL);
INSERT INTO prediction (id, user_id, game_id, home_score, away_score, created_at, updated_at) VALUES (1270, 9, 168, 2, 4, '2024-01-01 00:00:00', NULL);
INSERT INTO prediction (id, user_id, game_id, home_score, away_score, created_at, updated_at) VALUES (1271, 19, 168, 1, 4, '2024-01-01 00:00:00', NULL);
INSERT INTO prediction (id, user_id, game_id, home_score, away_score, created_at, updated_at) VALUES (1272, 14, 168, 1, 6, '2024-01-01 00:00:00', NULL);
INSERT INTO prediction (id, user_id, game_id, home_score, away_score, created_at, updated_at) VALUES (1273, 15, 168, 1, 5, '2024-01-01 00:00:00', NULL);
INSERT INTO prediction (id, user_id, game_id, home_score, away_score, created_at, updated_at) VALUES (1274, 17, 168, 0, 4, '2024-01-01 00:00:00', NULL);
INSERT INTO prediction (id, user_id, game_id, home_score, away_score, created_at, updated_at) VALUES (1275, 7, 168, 0, 5, '2024-01-01 00:00:00', NULL);
INSERT INTO prediction (id, user_id, game_id, home_score, away_score, created_at, updated_at) VALUES (1276, 11, 168, 1, 5, '2024-01-01 00:00:00', NULL);
INSERT INTO prediction (id, user_id, game_id, home_score, away_score, created_at, updated_at) VALUES (1277, 13, 169, 2, 5, '2024-01-01 00:00:00', NULL);
INSERT INTO prediction (id, user_id, game_id, home_score, away_score, created_at, updated_at) VALUES (1278, 8, 169, 1, 5, '2024-01-01 00:00:00', NULL);
INSERT INTO prediction (id, user_id, game_id, home_score, away_score, created_at, updated_at) VALUES (1279, 16, 169, 1, 4, '2024-01-01 00:00:00', NULL);
INSERT INTO prediction (id, user_id, game_id, home_score, away_score, created_at, updated_at) VALUES (1280, 9, 169, 1, 7, '2024-01-01 00:00:00', NULL);
INSERT INTO prediction (id, user_id, game_id, home_score, away_score, created_at, updated_at) VALUES (1281, 19, 169, 0, 4, '2024-01-01 00:00:00', NULL);
INSERT INTO prediction (id, user_id, game_id, home_score, away_score, created_at, updated_at) VALUES (1282, 14, 169, 1, 4, '2024-01-01 00:00:00', NULL);
INSERT INTO prediction (id, user_id, game_id, home_score, away_score, created_at, updated_at) VALUES (1283, 15, 169, 0, 7, '2024-01-01 00:00:00', NULL);
INSERT INTO prediction (id, user_id, game_id, home_score, away_score, created_at, updated_at) VALUES (1284, 17, 169, 1, 4, '2024-01-01 00:00:00', NULL);
INSERT INTO prediction (id, user_id, game_id, home_score, away_score, created_at, updated_at) VALUES (1285, 7, 169, 2, 6, '2024-01-01 00:00:00', NULL);
INSERT INTO prediction (id, user_id, game_id, home_score, away_score, created_at, updated_at) VALUES (1286, 11, 169, 1, 5, '2024-01-01 00:00:00', NULL);
INSERT INTO prediction (id, user_id, game_id, home_score, away_score, created_at, updated_at) VALUES (1287, 13, 170, 3, 2, '2024-01-01 00:00:00', NULL);
INSERT INTO prediction (id, user_id, game_id, home_score, away_score, created_at, updated_at) VALUES (1288, 8, 170, 4, 2, '2024-01-01 00:00:00', NULL);
INSERT INTO prediction (id, user_id, game_id, home_score, away_score, created_at, updated_at) VALUES (1289, 16, 170, 4, 3, '2024-01-01 00:00:00', NULL);
INSERT INTO prediction (id, user_id, game_id, home_score, away_score, created_at, updated_at) VALUES (1290, 9, 170, 4, 1, '2024-01-01 00:00:00', NULL);
INSERT INTO prediction (id, user_id, game_id, home_score, away_score, created_at, updated_at) VALUES (1291, 19, 170, 4, 3, '2024-01-01 00:00:00', NULL);
INSERT INTO prediction (id, user_id, game_id, home_score, away_score, created_at, updated_at) VALUES (1292, 14, 170, 4, 3, '2024-01-01 00:00:00', NULL);
INSERT INTO prediction (id, user_id, game_id, home_score, away_score, created_at, updated_at) VALUES (1293, 15, 170, 5, 3, '2024-01-01 00:00:00', NULL);
INSERT INTO prediction (id, user_id, game_id, home_score, away_score, created_at, updated_at) VALUES (1294, 17, 170, 5, 2, '2024-01-01 00:00:00', NULL);
INSERT INTO prediction (id, user_id, game_id, home_score, away_score, created_at, updated_at) VALUES (1295, 7, 170, 4, 2, '2024-01-01 00:00:00', NULL);
INSERT INTO prediction (id, user_id, game_id, home_score, away_score, created_at, updated_at) VALUES (1296, 11, 170, 5, 3, '2024-01-01 00:00:00', NULL);
INSERT INTO prediction (id, user_id, game_id, home_score, away_score, created_at, updated_at) VALUES (1297, 13, 171, 3, 5, '2024-01-01 00:00:00', NULL);
INSERT INTO prediction (id, user_id, game_id, home_score, away_score, created_at, updated_at) VALUES (1298, 8, 171, 2, 5, '2024-01-01 00:00:00', NULL);
INSERT INTO prediction (id, user_id, game_id, home_score, away_score, created_at, updated_at) VALUES (1299, 16, 171, 1, 7, '2024-01-01 00:00:00', NULL);
INSERT INTO prediction (id, user_id, game_id, home_score, away_score, created_at, updated_at) VALUES (1300, 9, 171, 2, 5, '2024-01-01 00:00:00', NULL);
INSERT INTO prediction (id, user_id, game_id, home_score, away_score, created_at, updated_at) VALUES (1301, 19, 171, 2, 6, '2024-01-01 00:00:00', NULL);
INSERT INTO prediction (id, user_id, game_id, home_score, away_score, created_at, updated_at) VALUES (1302, 14, 171, 1, 4, '2024-01-01 00:00:00', NULL);
INSERT INTO prediction (id, user_id, game_id, home_score, away_score, created_at, updated_at) VALUES (1303, 15, 171, 2, 4, '2024-01-01 00:00:00', NULL);
INSERT INTO prediction (id, user_id, game_id, home_score, away_score, created_at, updated_at) VALUES (1304, 17, 171, 1, 5, '2024-01-01 00:00:00', NULL);
INSERT INTO prediction (id, user_id, game_id, home_score, away_score, created_at, updated_at) VALUES (1305, 7, 171, 2, 4, '2024-01-01 00:00:00', NULL);
INSERT INTO prediction (id, user_id, game_id, home_score, away_score, created_at, updated_at) VALUES (1306, 11, 171, 2, 6, '2024-01-01 00:00:00', NULL);
INSERT INTO prediction (id, user_id, game_id, home_score, away_score, created_at, updated_at) VALUES (1307, 13, 172, 0, 6, '2024-01-01 00:00:00', NULL);
INSERT INTO prediction (id, user_id, game_id, home_score, away_score, created_at, updated_at) VALUES (1308, 8, 172, 1, 5, '2024-01-01 00:00:00', NULL);
INSERT INTO prediction (id, user_id, game_id, home_score, away_score, created_at, updated_at) VALUES (1309, 16, 172, 1, 6, '2024-01-01 00:00:00', NULL);
INSERT INTO prediction (id, user_id, game_id, home_score, away_score, created_at, updated_at) VALUES (1310, 9, 172, 1, 5, '2024-01-01 00:00:00', NULL);
INSERT INTO prediction (id, user_id, game_id, home_score, away_score, created_at, updated_at) VALUES (1311, 19, 172, 2, 6, '2024-01-01 00:00:00', NULL);
INSERT INTO prediction (id, user_id, game_id, home_score, away_score, created_at, updated_at) VALUES (1312, 14, 172, 1, 6, '2024-01-01 00:00:00', NULL);
INSERT INTO prediction (id, user_id, game_id, home_score, away_score, created_at, updated_at) VALUES (1313, 15, 172, 1, 4, '2024-01-01 00:00:00', NULL);
INSERT INTO prediction (id, user_id, game_id, home_score, away_score, created_at, updated_at) VALUES (1314, 17, 172, 1, 6, '2024-01-01 00:00:00', NULL);
INSERT INTO prediction (id, user_id, game_id, home_score, away_score, created_at, updated_at) VALUES (1315, 7, 172, 1, 6, '2024-01-01 00:00:00', NULL);
INSERT INTO prediction (id, user_id, game_id, home_score, away_score, created_at, updated_at) VALUES (1316, 11, 172, 1, 4, '2024-01-01 00:00:00', NULL);
INSERT INTO prediction (id, user_id, game_id, home_score, away_score, created_at, updated_at) VALUES (1317, 13, 173, 2, 3, '2024-01-01 00:00:00', NULL);
INSERT INTO prediction (id, user_id, game_id, home_score, away_score, created_at, updated_at) VALUES (1318, 8, 173, 1, 3, '2024-01-01 00:00:00', NULL);
INSERT INTO prediction (id, user_id, game_id, home_score, away_score, created_at, updated_at) VALUES (1319, 16, 173, 2, 5, '2024-01-01 00:00:00', NULL);
INSERT INTO prediction (id, user_id, game_id, home_score, away_score, created_at, updated_at) VALUES (1320, 9, 173, 1, 3, '2024-01-01 00:00:00', NULL);
INSERT INTO prediction (id, user_id, game_id, home_score, away_score, created_at, updated_at) VALUES (1321, 19, 173, 2, 5, '2024-01-01 00:00:00', NULL);
INSERT INTO prediction (id, user_id, game_id, home_score, away_score, created_at, updated_at) VALUES (1322, 14, 173, 2, 6, '2024-01-01 00:00:00', NULL);
INSERT INTO prediction (id, user_id, game_id, home_score, away_score, created_at, updated_at) VALUES (1323, 15, 173, 1, 5, '2024-01-01 00:00:00', NULL);
INSERT INTO prediction (id, user_id, game_id, home_score, away_score, created_at, updated_at) VALUES (1324, 17, 173, 1, 5, '2024-01-01 00:00:00', NULL);
INSERT INTO prediction (id, user_id, game_id, home_score, away_score, created_at, updated_at) VALUES (1325, 7, 173, 0, 5, '2024-01-01 00:00:00', NULL);
INSERT INTO prediction (id, user_id, game_id, home_score, away_score, created_at, updated_at) VALUES (1326, 11, 173, 2, 5, '2024-01-01 00:00:00', NULL);
INSERT INTO prediction (id, user_id, game_id, home_score, away_score, created_at, updated_at) VALUES (1327, 13, 174, 2, 5, '2024-01-01 00:00:00', NULL);
INSERT INTO prediction (id, user_id, game_id, home_score, away_score, created_at, updated_at) VALUES (1328, 8, 174, 1, 3, '2024-01-01 00:00:00', NULL);
INSERT INTO prediction (id, user_id, game_id, home_score, away_score, created_at, updated_at) VALUES (1329, 16, 174, 3, 5, '2024-01-01 00:00:00', NULL);
INSERT INTO prediction (id, user_id, game_id, home_score, away_score, created_at, updated_at) VALUES (1330, 9, 174, 2, 5, '2024-01-01 00:00:00', NULL);
INSERT INTO prediction (id, user_id, game_id, home_score, away_score, created_at, updated_at) VALUES (1331, 19, 174, 3, 5, '2024-01-01 00:00:00', NULL);
INSERT INTO prediction (id, user_id, game_id, home_score, away_score, created_at, updated_at) VALUES (1332, 14, 174, 2, 4, '2024-01-01 00:00:00', NULL);
INSERT INTO prediction (id, user_id, game_id, home_score, away_score, created_at, updated_at) VALUES (1333, 15, 174, 4, 3, '2024-01-01 00:00:00', NULL);
INSERT INTO prediction (id, user_id, game_id, home_score, away_score, created_at, updated_at) VALUES (1334, 17, 174, 2, 4, '2024-01-01 00:00:00', NULL);
INSERT INTO prediction (id, user_id, game_id, home_score, away_score, created_at, updated_at) VALUES (1335, 7, 174, 2, 4, '2024-01-01 00:00:00', NULL);
INSERT INTO prediction (id, user_id, game_id, home_score, away_score, created_at, updated_at) VALUES (1336, 11, 174, 2, 5, '2024-01-01 00:00:00', NULL);
INSERT INTO prediction (id, user_id, game_id, home_score, away_score, created_at, updated_at) VALUES (1337, 13, 175, 2, 1, '2024-01-01 00:00:00', NULL);
INSERT INTO prediction (id, user_id, game_id, home_score, away_score, created_at, updated_at) VALUES (1338, 8, 175, 3, 1, '2024-01-01 00:00:00', NULL);
INSERT INTO prediction (id, user_id, game_id, home_score, away_score, created_at, updated_at) VALUES (1339, 16, 175, 3, 2, '2024-01-01 00:00:00', NULL);
INSERT INTO prediction (id, user_id, game_id, home_score, away_score, created_at, updated_at) VALUES (1340, 9, 175, 5, 2, '2024-01-01 00:00:00', NULL);
INSERT INTO prediction (id, user_id, game_id, home_score, away_score, created_at, updated_at) VALUES (1341, 19, 175, 4, 1, '2024-01-01 00:00:00', NULL);
INSERT INTO prediction (id, user_id, game_id, home_score, away_score, created_at, updated_at) VALUES (1342, 14, 175, 3, 1, '2024-01-01 00:00:00', NULL);
INSERT INTO prediction (id, user_id, game_id, home_score, away_score, created_at, updated_at) VALUES (1343, 15, 175, 6, 2, '2024-01-01 00:00:00', NULL);
INSERT INTO prediction (id, user_id, game_id, home_score, away_score, created_at, updated_at) VALUES (1344, 7, 175, 3, 1, '2024-01-01 00:00:00', NULL);
INSERT INTO prediction (id, user_id, game_id, home_score, away_score, created_at, updated_at) VALUES (1345, 11, 175, 4, 3, '2024-01-01 00:00:00', NULL);
INSERT INTO prediction (id, user_id, game_id, home_score, away_score, created_at, updated_at) VALUES (1346, 13, 176, 4, 1, '2024-01-01 00:00:00', NULL);
INSERT INTO prediction (id, user_id, game_id, home_score, away_score, created_at, updated_at) VALUES (1347, 8, 176, 5, 2, '2024-01-01 00:00:00', NULL);
INSERT INTO prediction (id, user_id, game_id, home_score, away_score, created_at, updated_at) VALUES (1348, 16, 176, 4, 2, '2024-01-01 00:00:00', NULL);
INSERT INTO prediction (id, user_id, game_id, home_score, away_score, created_at, updated_at) VALUES (1349, 9, 176, 5, 1, '2024-01-01 00:00:00', NULL);
INSERT INTO prediction (id, user_id, game_id, home_score, away_score, created_at, updated_at) VALUES (1350, 19, 176, 6, 2, '2024-01-01 00:00:00', NULL);
INSERT INTO prediction (id, user_id, game_id, home_score, away_score, created_at, updated_at) VALUES (1351, 14, 176, 4, 2, '2024-01-01 00:00:00', NULL);
INSERT INTO prediction (id, user_id, game_id, home_score, away_score, created_at, updated_at) VALUES (1352, 15, 176, 5, 1, '2024-01-01 00:00:00', NULL);
INSERT INTO prediction (id, user_id, game_id, home_score, away_score, created_at, updated_at) VALUES (1353, 7, 176, 6, 1, '2024-01-01 00:00:00', NULL);
INSERT INTO prediction (id, user_id, game_id, home_score, away_score, created_at, updated_at) VALUES (1354, 11, 176, 5, 3, '2024-01-01 00:00:00', NULL);
INSERT INTO prediction (id, user_id, game_id, home_score, away_score, created_at, updated_at) VALUES (1355, 13, 177, 6, 1, '2024-01-01 00:00:00', NULL);
INSERT INTO prediction (id, user_id, game_id, home_score, away_score, created_at, updated_at) VALUES (1356, 8, 177, 7, 1, '2024-01-01 00:00:00', NULL);
INSERT INTO prediction (id, user_id, game_id, home_score, away_score, created_at, updated_at) VALUES (1357, 16, 177, 5, 1, '2024-01-01 00:00:00', NULL);
INSERT INTO prediction (id, user_id, game_id, home_score, away_score, created_at, updated_at) VALUES (1358, 9, 177, 7, 1, '2024-01-01 00:00:00', NULL);
INSERT INTO prediction (id, user_id, game_id, home_score, away_score, created_at, updated_at) VALUES (1359, 19, 177, 6, 2, '2024-01-01 00:00:00', NULL);
INSERT INTO prediction (id, user_id, game_id, home_score, away_score, created_at, updated_at) VALUES (1360, 14, 177, 6, 0, '2024-01-01 00:00:00', NULL);
INSERT INTO prediction (id, user_id, game_id, home_score, away_score, created_at, updated_at) VALUES (1361, 15, 177, 6, 2, '2024-01-01 00:00:00', NULL);
INSERT INTO prediction (id, user_id, game_id, home_score, away_score, created_at, updated_at) VALUES (1362, 17, 177, 7, 1, '2024-01-01 00:00:00', NULL);
INSERT INTO prediction (id, user_id, game_id, home_score, away_score, created_at, updated_at) VALUES (1363, 11, 177, 6, 2, '2024-01-01 00:00:00', NULL);
INSERT INTO prediction (id, user_id, game_id, home_score, away_score, created_at, updated_at) VALUES (1364, 13, 178, 3, 2, '2024-01-01 00:00:00', NULL);
INSERT INTO prediction (id, user_id, game_id, home_score, away_score, created_at, updated_at) VALUES (1365, 8, 178, 3, 1, '2024-01-01 00:00:00', NULL);
INSERT INTO prediction (id, user_id, game_id, home_score, away_score, created_at, updated_at) VALUES (1366, 16, 178, 4, 3, '2024-01-01 00:00:00', NULL);
INSERT INTO prediction (id, user_id, game_id, home_score, away_score, created_at, updated_at) VALUES (1367, 9, 178, 5, 1, '2024-01-01 00:00:00', NULL);
INSERT INTO prediction (id, user_id, game_id, home_score, away_score, created_at, updated_at) VALUES (1368, 19, 178, 3, 1, '2024-01-01 00:00:00', NULL);
INSERT INTO prediction (id, user_id, game_id, home_score, away_score, created_at, updated_at) VALUES (1369, 14, 178, 4, 2, '2024-01-01 00:00:00', NULL);
INSERT INTO prediction (id, user_id, game_id, home_score, away_score, created_at, updated_at) VALUES (1370, 15, 178, 6, 1, '2024-01-01 00:00:00', NULL);
INSERT INTO prediction (id, user_id, game_id, home_score, away_score, created_at, updated_at) VALUES (1371, 17, 178, 5, 1, '2024-01-01 00:00:00', NULL);
INSERT INTO prediction (id, user_id, game_id, home_score, away_score, created_at, updated_at) VALUES (1372, 7, 178, 4, 0, '2024-01-01 00:00:00', NULL);
INSERT INTO prediction (id, user_id, game_id, home_score, away_score, created_at, updated_at) VALUES (1373, 11, 178, 4, 2, '2024-01-01 00:00:00', NULL);
INSERT INTO prediction (id, user_id, game_id, home_score, away_score, created_at, updated_at) VALUES (1374, 13, 179, 3, 1, '2024-01-01 00:00:00', NULL);
INSERT INTO prediction (id, user_id, game_id, home_score, away_score, created_at, updated_at) VALUES (1375, 8, 179, 3, 1, '2024-01-01 00:00:00', NULL);
INSERT INTO prediction (id, user_id, game_id, home_score, away_score, created_at, updated_at) VALUES (1376, 16, 179, 4, 1, '2024-01-01 00:00:00', NULL);
INSERT INTO prediction (id, user_id, game_id, home_score, away_score, created_at, updated_at) VALUES (1377, 9, 179, 3, 1, '2024-01-01 00:00:00', NULL);
INSERT INTO prediction (id, user_id, game_id, home_score, away_score, created_at, updated_at) VALUES (1378, 19, 179, 4, 2, '2024-01-01 00:00:00', NULL);
INSERT INTO prediction (id, user_id, game_id, home_score, away_score, created_at, updated_at) VALUES (1379, 14, 179, 3, 1, '2024-01-01 00:00:00', NULL);
INSERT INTO prediction (id, user_id, game_id, home_score, away_score, created_at, updated_at) VALUES (1380, 15, 179, 3, 1, '2024-01-01 00:00:00', NULL);
INSERT INTO prediction (id, user_id, game_id, home_score, away_score, created_at, updated_at) VALUES (1381, 17, 179, 4, 1, '2024-01-01 00:00:00', NULL);
INSERT INTO prediction (id, user_id, game_id, home_score, away_score, created_at, updated_at) VALUES (1382, 7, 179, 4, 2, '2024-01-01 00:00:00', NULL);
INSERT INTO prediction (id, user_id, game_id, home_score, away_score, created_at, updated_at) VALUES (1383, 11, 179, 3, 4, '2024-01-01 00:00:00', NULL);
INSERT INTO prediction (id, user_id, game_id, home_score, away_score, created_at, updated_at) VALUES (1384, 13, 180, 3, 2, '2024-01-01 00:00:00', NULL);
INSERT INTO prediction (id, user_id, game_id, home_score, away_score, created_at, updated_at) VALUES (1385, 16, 180, 5, 3, '2024-01-01 00:00:00', NULL);
INSERT INTO prediction (id, user_id, game_id, home_score, away_score, created_at, updated_at) VALUES (1386, 9, 180, 4, 2, '2024-01-01 00:00:00', NULL);
INSERT INTO prediction (id, user_id, game_id, home_score, away_score, created_at, updated_at) VALUES (1387, 19, 180, 5, 3, '2024-01-01 00:00:00', NULL);
INSERT INTO prediction (id, user_id, game_id, home_score, away_score, created_at, updated_at) VALUES (1388, 14, 180, 4, 3, '2024-01-01 00:00:00', NULL);
INSERT INTO prediction (id, user_id, game_id, home_score, away_score, created_at, updated_at) VALUES (1389, 15, 180, 3, 5, '2024-01-01 00:00:00', NULL);
INSERT INTO prediction (id, user_id, game_id, home_score, away_score, created_at, updated_at) VALUES (1390, 17, 180, 4, 3, '2024-01-01 00:00:00', NULL);
INSERT INTO prediction (id, user_id, game_id, home_score, away_score, created_at, updated_at) VALUES (1391, 7, 180, 3, 2, '2024-01-01 00:00:00', NULL);
INSERT INTO prediction (id, user_id, game_id, home_score, away_score, created_at, updated_at) VALUES (1392, 11, 180, 5, 4, '2024-01-01 00:00:00', NULL);
INSERT INTO prediction (id, user_id, game_id, home_score, away_score, created_at, updated_at) VALUES (1393, 13, 181, 5, 1, '2024-01-01 00:00:00', NULL);
INSERT INTO prediction (id, user_id, game_id, home_score, away_score, created_at, updated_at) VALUES (1394, 8, 181, 4, 1, '2024-01-01 00:00:00', NULL);
INSERT INTO prediction (id, user_id, game_id, home_score, away_score, created_at, updated_at) VALUES (1395, 16, 181, 4, 2, '2024-01-01 00:00:00', NULL);
INSERT INTO prediction (id, user_id, game_id, home_score, away_score, created_at, updated_at) VALUES (1396, 9, 181, 4, 2, '2024-01-01 00:00:00', NULL);
INSERT INTO prediction (id, user_id, game_id, home_score, away_score, created_at, updated_at) VALUES (1397, 19, 181, 4, 2, '2024-01-01 00:00:00', NULL);
INSERT INTO prediction (id, user_id, game_id, home_score, away_score, created_at, updated_at) VALUES (1398, 14, 181, 5, 2, '2024-01-01 00:00:00', NULL);
INSERT INTO prediction (id, user_id, game_id, home_score, away_score, created_at, updated_at) VALUES (1399, 15, 181, 5, 2, '2024-01-01 00:00:00', NULL);
INSERT INTO prediction (id, user_id, game_id, home_score, away_score, created_at, updated_at) VALUES (1400, 17, 181, 5, 2, '2024-01-01 00:00:00', NULL);
INSERT INTO prediction (id, user_id, game_id, home_score, away_score, created_at, updated_at) VALUES (1401, 7, 181, 4, 2, '2024-01-01 00:00:00', NULL);
INSERT INTO prediction (id, user_id, game_id, home_score, away_score, created_at, updated_at) VALUES (1402, 11, 181, 2, 4, '2024-01-01 00:00:00', NULL);
INSERT INTO prediction (id, user_id, game_id, home_score, away_score, created_at, updated_at) VALUES (1403, 13, 182, 2, 3, '2024-01-01 00:00:00', NULL);
INSERT INTO prediction (id, user_id, game_id, home_score, away_score, created_at, updated_at) VALUES (1404, 8, 182, 2, 3, '2024-01-01 00:00:00', NULL);
INSERT INTO prediction (id, user_id, game_id, home_score, away_score, created_at, updated_at) VALUES (1405, 16, 182, 2, 3, '2024-01-01 00:00:00', NULL);
INSERT INTO prediction (id, user_id, game_id, home_score, away_score, created_at, updated_at) VALUES (1406, 9, 182, 2, 4, '2024-01-01 00:00:00', NULL);
INSERT INTO prediction (id, user_id, game_id, home_score, away_score, created_at, updated_at) VALUES (1407, 19, 182, 2, 4, '2024-01-01 00:00:00', NULL);
INSERT INTO prediction (id, user_id, game_id, home_score, away_score, created_at, updated_at) VALUES (1408, 14, 182, 2, 4, '2024-01-01 00:00:00', NULL);
INSERT INTO prediction (id, user_id, game_id, home_score, away_score, created_at, updated_at) VALUES (1409, 15, 182, 2, 4, '2024-01-01 00:00:00', NULL);
INSERT INTO prediction (id, user_id, game_id, home_score, away_score, created_at, updated_at) VALUES (1410, 17, 182, 1, 5, '2024-01-01 00:00:00', NULL);
INSERT INTO prediction (id, user_id, game_id, home_score, away_score, created_at, updated_at) VALUES (1411, 7, 182, 2, 4, '2024-01-01 00:00:00', NULL);
INSERT INTO prediction (id, user_id, game_id, home_score, away_score, created_at, updated_at) VALUES (1412, 11, 182, 4, 5, '2024-01-01 00:00:00', NULL);
INSERT INTO prediction (id, user_id, game_id, home_score, away_score, created_at, updated_at) VALUES (1413, 13, 183, 5, 4, '2024-01-01 00:00:00', NULL);
INSERT INTO prediction (id, user_id, game_id, home_score, away_score, created_at, updated_at) VALUES (1414, 8, 183, 2, 4, '2024-01-01 00:00:00', NULL);
INSERT INTO prediction (id, user_id, game_id, home_score, away_score, created_at, updated_at) VALUES (1415, 16, 183, 3, 2, '2024-01-01 00:00:00', NULL);
INSERT INTO prediction (id, user_id, game_id, home_score, away_score, created_at, updated_at) VALUES (1416, 9, 183, 2, 4, '2024-01-01 00:00:00', NULL);
INSERT INTO prediction (id, user_id, game_id, home_score, away_score, created_at, updated_at) VALUES (1417, 19, 183, 5, 3, '2024-01-01 00:00:00', NULL);
INSERT INTO prediction (id, user_id, game_id, home_score, away_score, created_at, updated_at) VALUES (1418, 14, 183, 3, 2, '2024-01-01 00:00:00', NULL);
INSERT INTO prediction (id, user_id, game_id, home_score, away_score, created_at, updated_at) VALUES (1419, 15, 183, 4, 3, '2024-01-01 00:00:00', NULL);
INSERT INTO prediction (id, user_id, game_id, home_score, away_score, created_at, updated_at) VALUES (1420, 17, 183, 2, 3, '2024-01-01 00:00:00', NULL);
INSERT INTO prediction (id, user_id, game_id, home_score, away_score, created_at, updated_at) VALUES (1421, 7, 183, 4, 3, '2024-01-01 00:00:00', NULL);
INSERT INTO prediction (id, user_id, game_id, home_score, away_score, created_at, updated_at) VALUES (1422, 11, 183, 7, 5, '2024-01-01 00:00:00', NULL);
INSERT INTO prediction (id, user_id, game_id, home_score, away_score, created_at, updated_at) VALUES (1423, 13, 184, 2, 3, '2024-01-01 00:00:00', NULL);
INSERT INTO prediction (id, user_id, game_id, home_score, away_score, created_at, updated_at) VALUES (1424, 8, 184, 1, 3, '2024-01-01 00:00:00', NULL);
INSERT INTO prediction (id, user_id, game_id, home_score, away_score, created_at, updated_at) VALUES (1425, 16, 184, 5, 4, '2024-01-01 00:00:00', NULL);
INSERT INTO prediction (id, user_id, game_id, home_score, away_score, created_at, updated_at) VALUES (1426, 9, 184, 2, 4, '2024-01-01 00:00:00', NULL);
INSERT INTO prediction (id, user_id, game_id, home_score, away_score, created_at, updated_at) VALUES (1427, 19, 184, 3, 5, '2024-01-01 00:00:00', NULL);
INSERT INTO prediction (id, user_id, game_id, home_score, away_score, created_at, updated_at) VALUES (1428, 14, 184, 2, 4, '2024-01-01 00:00:00', NULL);
INSERT INTO prediction (id, user_id, game_id, home_score, away_score, created_at, updated_at) VALUES (1429, 15, 184, 3, 4, '2024-01-01 00:00:00', NULL);
INSERT INTO prediction (id, user_id, game_id, home_score, away_score, created_at, updated_at) VALUES (1430, 17, 184, 4, 2, '2024-01-01 00:00:00', NULL);
INSERT INTO prediction (id, user_id, game_id, home_score, away_score, created_at, updated_at) VALUES (1431, 7, 184, 4, 3, '2024-01-01 00:00:00', NULL);
INSERT INTO prediction (id, user_id, game_id, home_score, away_score, created_at, updated_at) VALUES (1432, 11, 184, 1, 4, '2024-01-01 00:00:00', NULL);
INSERT INTO prediction (id, user_id, game_id, home_score, away_score, created_at, updated_at) VALUES (1433, 13, 185, 4, 2, '2024-01-01 00:00:00', NULL);
INSERT INTO prediction (id, user_id, game_id, home_score, away_score, created_at, updated_at) VALUES (1434, 8, 185, 2, 3, '2024-01-01 00:00:00', NULL);
INSERT INTO prediction (id, user_id, game_id, home_score, away_score, created_at, updated_at) VALUES (1435, 16, 185, 4, 3, '2024-01-01 00:00:00', NULL);
INSERT INTO prediction (id, user_id, game_id, home_score, away_score, created_at, updated_at) VALUES (1436, 9, 185, 4, 3, '2024-01-01 00:00:00', NULL);
INSERT INTO prediction (id, user_id, game_id, home_score, away_score, created_at, updated_at) VALUES (1437, 19, 185, 5, 3, '2024-01-01 00:00:00', NULL);
INSERT INTO prediction (id, user_id, game_id, home_score, away_score, created_at, updated_at) VALUES (1438, 14, 185, 3, 4, '2024-01-01 00:00:00', NULL);
INSERT INTO prediction (id, user_id, game_id, home_score, away_score, created_at, updated_at) VALUES (1439, 17, 185, 2, 3, '2024-01-01 00:00:00', NULL);
INSERT INTO prediction (id, user_id, game_id, home_score, away_score, created_at, updated_at) VALUES (1440, 7, 185, 3, 2, '2024-01-01 00:00:00', NULL);
INSERT INTO prediction (id, user_id, game_id, home_score, away_score, created_at, updated_at) VALUES (1441, 11, 185, 5, 3, '2024-01-01 00:00:00', NULL);
INSERT INTO prediction (id, user_id, game_id, home_score, away_score, created_at, updated_at) VALUES (1442, 13, 186, 4, 1, '2024-01-01 00:00:00', NULL);
INSERT INTO prediction (id, user_id, game_id, home_score, away_score, created_at, updated_at) VALUES (1443, 8, 186, 5, 2, '2024-01-01 00:00:00', NULL);
INSERT INTO prediction (id, user_id, game_id, home_score, away_score, created_at, updated_at) VALUES (1444, 16, 186, 3, 4, '2024-01-01 00:00:00', NULL);
INSERT INTO prediction (id, user_id, game_id, home_score, away_score, created_at, updated_at) VALUES (1445, 9, 186, 5, 1, '2024-01-01 00:00:00', NULL);
INSERT INTO prediction (id, user_id, game_id, home_score, away_score, created_at, updated_at) VALUES (1446, 19, 186, 6, 3, '2024-01-01 00:00:00', NULL);
INSERT INTO prediction (id, user_id, game_id, home_score, away_score, created_at, updated_at) VALUES (1447, 14, 186, 5, 2, '2024-01-01 00:00:00', NULL);
INSERT INTO prediction (id, user_id, game_id, home_score, away_score, created_at, updated_at) VALUES (1448, 17, 186, 6, 2, '2024-01-01 00:00:00', NULL);
INSERT INTO prediction (id, user_id, game_id, home_score, away_score, created_at, updated_at) VALUES (1449, 7, 186, 4, 2, '2024-01-01 00:00:00', NULL);
INSERT INTO prediction (id, user_id, game_id, home_score, away_score, created_at, updated_at) VALUES (1450, 11, 186, 3, 1, '2024-01-01 00:00:00', NULL);
INSERT INTO prediction (id, user_id, game_id, home_score, away_score, created_at, updated_at) VALUES (1451, 13, 187, 2, 3, '2024-01-01 00:00:00', NULL);
INSERT INTO prediction (id, user_id, game_id, home_score, away_score, created_at, updated_at) VALUES (1452, 8, 187, 3, 2, '2024-01-01 00:00:00', NULL);
INSERT INTO prediction (id, user_id, game_id, home_score, away_score, created_at, updated_at) VALUES (1453, 16, 187, 3, 5, '2024-01-01 00:00:00', NULL);
INSERT INTO prediction (id, user_id, game_id, home_score, away_score, created_at, updated_at) VALUES (1454, 9, 187, 1, 3, '2024-01-01 00:00:00', NULL);
INSERT INTO prediction (id, user_id, game_id, home_score, away_score, created_at, updated_at) VALUES (1455, 19, 187, 2, 4, '2024-01-01 00:00:00', NULL);
INSERT INTO prediction (id, user_id, game_id, home_score, away_score, created_at, updated_at) VALUES (1456, 14, 187, 3, 2, '2024-01-01 00:00:00', NULL);
INSERT INTO prediction (id, user_id, game_id, home_score, away_score, created_at, updated_at) VALUES (1457, 15, 187, 2, 4, '2024-01-01 00:00:00', NULL);
INSERT INTO prediction (id, user_id, game_id, home_score, away_score, created_at, updated_at) VALUES (1458, 17, 187, 2, 5, '2024-01-01 00:00:00', NULL);
INSERT INTO prediction (id, user_id, game_id, home_score, away_score, created_at, updated_at) VALUES (1459, 7, 187, 2, 4, '2024-01-01 00:00:00', NULL);
INSERT INTO prediction (id, user_id, game_id, home_score, away_score, created_at, updated_at) VALUES (1460, 11, 187, 2, 4, '2024-01-01 00:00:00', NULL);
INSERT INTO prediction (id, user_id, game_id, home_score, away_score, created_at, updated_at) VALUES (1461, 13, 188, 4, 1, '2024-01-01 00:00:00', NULL);
INSERT INTO prediction (id, user_id, game_id, home_score, away_score, created_at, updated_at) VALUES (1462, 8, 188, 4, 3, '2024-01-01 00:00:00', NULL);
INSERT INTO prediction (id, user_id, game_id, home_score, away_score, created_at, updated_at) VALUES (1463, 16, 188, 5, 3, '2024-01-01 00:00:00', NULL);
INSERT INTO prediction (id, user_id, game_id, home_score, away_score, created_at, updated_at) VALUES (1464, 9, 188, 5, 3, '2024-01-01 00:00:00', NULL);
INSERT INTO prediction (id, user_id, game_id, home_score, away_score, created_at, updated_at) VALUES (1465, 19, 188, 5, 3, '2024-01-01 00:00:00', NULL);
INSERT INTO prediction (id, user_id, game_id, home_score, away_score, created_at, updated_at) VALUES (1466, 14, 188, 4, 3, '2024-01-01 00:00:00', NULL);
INSERT INTO prediction (id, user_id, game_id, home_score, away_score, created_at, updated_at) VALUES (1467, 15, 188, 3, 2, '2024-01-01 00:00:00', NULL);
INSERT INTO prediction (id, user_id, game_id, home_score, away_score, created_at, updated_at) VALUES (1468, 17, 188, 5, 3, '2024-01-01 00:00:00', NULL);
INSERT INTO prediction (id, user_id, game_id, home_score, away_score, created_at, updated_at) VALUES (1469, 7, 188, 4, 2, '2024-01-01 00:00:00', NULL);
INSERT INTO prediction (id, user_id, game_id, home_score, away_score, created_at, updated_at) VALUES (1470, 11, 188, 3, 2, '2024-01-01 00:00:00', NULL);
INSERT INTO prediction (id, user_id, game_id, home_score, away_score, created_at, updated_at) VALUES (1471, 13, 189, 2, 1, '2024-01-01 00:00:00', NULL);
INSERT INTO prediction (id, user_id, game_id, home_score, away_score, created_at, updated_at) VALUES (1472, 8, 189, 5, 2, '2024-01-01 00:00:00', NULL);
INSERT INTO prediction (id, user_id, game_id, home_score, away_score, created_at, updated_at) VALUES (1473, 16, 189, 3, 4, '2024-01-01 00:00:00', NULL);
INSERT INTO prediction (id, user_id, game_id, home_score, away_score, created_at, updated_at) VALUES (1474, 9, 189, 4, 2, '2024-01-01 00:00:00', NULL);
INSERT INTO prediction (id, user_id, game_id, home_score, away_score, created_at, updated_at) VALUES (1475, 19, 189, 5, 3, '2024-01-01 00:00:00', NULL);
INSERT INTO prediction (id, user_id, game_id, home_score, away_score, created_at, updated_at) VALUES (1476, 14, 189, 5, 2, '2024-01-01 00:00:00', NULL);
INSERT INTO prediction (id, user_id, game_id, home_score, away_score, created_at, updated_at) VALUES (1477, 15, 189, 5, 3, '2024-01-01 00:00:00', NULL);
INSERT INTO prediction (id, user_id, game_id, home_score, away_score, created_at, updated_at) VALUES (1478, 17, 189, 4, 3, '2024-01-01 00:00:00', NULL);
INSERT INTO prediction (id, user_id, game_id, home_score, away_score, created_at, updated_at) VALUES (1479, 7, 189, 4, 2, '2024-01-01 00:00:00', NULL);
INSERT INTO prediction (id, user_id, game_id, home_score, away_score, created_at, updated_at) VALUES (1480, 11, 189, 4, 2, '2024-01-01 00:00:00', NULL);
INSERT INTO prediction (id, user_id, game_id, home_score, away_score, created_at, updated_at) VALUES (1481, 13, 190, 2, 4, '2024-01-01 00:00:00', NULL);
INSERT INTO prediction (id, user_id, game_id, home_score, away_score, created_at, updated_at) VALUES (1482, 8, 190, 3, 4, '2024-01-01 00:00:00', NULL);
INSERT INTO prediction (id, user_id, game_id, home_score, away_score, created_at, updated_at) VALUES (1483, 16, 190, 2, 3, '2024-01-01 00:00:00', NULL);
INSERT INTO prediction (id, user_id, game_id, home_score, away_score, created_at, updated_at) VALUES (1484, 9, 190, 2, 4, '2024-01-01 00:00:00', NULL);
INSERT INTO prediction (id, user_id, game_id, home_score, away_score, created_at, updated_at) VALUES (1485, 19, 190, 3, 5, '2024-01-01 00:00:00', NULL);
INSERT INTO prediction (id, user_id, game_id, home_score, away_score, created_at, updated_at) VALUES (1486, 14, 190, 2, 3, '2024-01-01 00:00:00', NULL);
INSERT INTO prediction (id, user_id, game_id, home_score, away_score, created_at, updated_at) VALUES (1487, 15, 190, 3, 4, '2024-01-01 00:00:00', NULL);
INSERT INTO prediction (id, user_id, game_id, home_score, away_score, created_at, updated_at) VALUES (1488, 17, 190, 3, 4, '2024-01-01 00:00:00', NULL);
INSERT INTO prediction (id, user_id, game_id, home_score, away_score, created_at, updated_at) VALUES (1489, 7, 190, 3, 2, '2024-01-01 00:00:00', NULL);
INSERT INTO prediction (id, user_id, game_id, home_score, away_score, created_at, updated_at) VALUES (1490, 11, 190, 3, 4, '2024-01-01 00:00:00', NULL);
INSERT INTO prediction (id, user_id, game_id, home_score, away_score, created_at, updated_at) VALUES (1491, 13, 191, 3, 2, '2024-01-01 00:00:00', NULL);
INSERT INTO prediction (id, user_id, game_id, home_score, away_score, created_at, updated_at) VALUES (1492, 8, 191, 4, 2, '2024-01-01 00:00:00', NULL);
INSERT INTO prediction (id, user_id, game_id, home_score, away_score, created_at, updated_at) VALUES (1493, 16, 191, 3, 4, '2024-01-01 00:00:00', NULL);
INSERT INTO prediction (id, user_id, game_id, home_score, away_score, created_at, updated_at) VALUES (1494, 9, 191, 2, 3, '2024-01-01 00:00:00', NULL);
INSERT INTO prediction (id, user_id, game_id, home_score, away_score, created_at, updated_at) VALUES (1495, 19, 191, 2, 4, '2024-01-01 00:00:00', NULL);
INSERT INTO prediction (id, user_id, game_id, home_score, away_score, created_at, updated_at) VALUES (1496, 14, 191, 2, 3, '2024-01-01 00:00:00', NULL);
INSERT INTO prediction (id, user_id, game_id, home_score, away_score, created_at, updated_at) VALUES (1497, 15, 191, 3, 4, '2024-01-01 00:00:00', NULL);
INSERT INTO prediction (id, user_id, game_id, home_score, away_score, created_at, updated_at) VALUES (1498, 7, 191, 3, 1, '2024-01-01 00:00:00', NULL);
INSERT INTO prediction (id, user_id, game_id, home_score, away_score, created_at, updated_at) VALUES (1499, 11, 191, 4, 2, '2024-01-01 00:00:00', NULL);
INSERT INTO prediction (id, user_id, game_id, home_score, away_score, created_at, updated_at) VALUES (1500, 13, 192, 4, 2, '2024-01-01 00:00:00', NULL);
INSERT INTO prediction (id, user_id, game_id, home_score, away_score, created_at, updated_at) VALUES (1501, 8, 192, 2, 3, '2024-01-01 00:00:00', NULL);
INSERT INTO prediction (id, user_id, game_id, home_score, away_score, created_at, updated_at) VALUES (1502, 16, 192, 1, 2, '2024-01-01 00:00:00', NULL);
INSERT INTO prediction (id, user_id, game_id, home_score, away_score, created_at, updated_at) VALUES (1503, 9, 192, 1, 3, '2024-01-01 00:00:00', NULL);
INSERT INTO prediction (id, user_id, game_id, home_score, away_score, created_at, updated_at) VALUES (1504, 19, 192, 4, 2, '2024-01-01 00:00:00', NULL);
INSERT INTO prediction (id, user_id, game_id, home_score, away_score, created_at, updated_at) VALUES (1505, 14, 192, 1, 2, '2024-01-01 00:00:00', NULL);
INSERT INTO prediction (id, user_id, game_id, home_score, away_score, created_at, updated_at) VALUES (1506, 15, 192, 2, 3, '2024-01-01 00:00:00', NULL);
INSERT INTO prediction (id, user_id, game_id, home_score, away_score, created_at, updated_at) VALUES (1507, 7, 192, 3, 2, '2024-01-01 00:00:00', NULL);
INSERT INTO prediction (id, user_id, game_id, home_score, away_score, created_at, updated_at) VALUES (1508, 11, 192, 3, 2, '2024-01-01 00:00:00', NULL);
INSERT INTO special_bet_rule (id, tournament_id, name, value_type, scoring_type, points, sort_order, actual_team_value_id, actual_string_value, actual_int_value) VALUES (10, 3, 'Medaile - 1. místo', 'team', 'exact_match', 3.0, 0, NULL, NULL, NULL);
INSERT INTO special_bet (id, user_id, rule_id, team_value_id, string_value, int_value) VALUES (70, 13, 10, 6, NULL, NULL);
INSERT INTO special_bet (id, user_id, rule_id, team_value_id, string_value, int_value) VALUES (71, 8, 10, 23, NULL, NULL);
INSERT INTO special_bet (id, user_id, rule_id, team_value_id, string_value, int_value) VALUES (72, 16, 10, 6, NULL, NULL);
INSERT INTO special_bet (id, user_id, rule_id, team_value_id, string_value, int_value) VALUES (73, 9, 10, 19, NULL, NULL);
INSERT INTO special_bet (id, user_id, rule_id, team_value_id, string_value, int_value) VALUES (74, 19, 10, 4, NULL, NULL);
INSERT INTO special_bet (id, user_id, rule_id, team_value_id, string_value, int_value) VALUES (75, 14, 10, 19, NULL, NULL);
INSERT INTO special_bet (id, user_id, rule_id, team_value_id, string_value, int_value) VALUES (76, 15, 10, 23, NULL, NULL);
INSERT INTO special_bet (id, user_id, rule_id, team_value_id, string_value, int_value) VALUES (77, 17, 10, 19, NULL, NULL);
INSERT INTO special_bet (id, user_id, rule_id, team_value_id, string_value, int_value) VALUES (78, 7, 10, 23, NULL, NULL);
INSERT INTO special_bet (id, user_id, rule_id, team_value_id, string_value, int_value) VALUES (79, 11, 10, 4, NULL, NULL);
INSERT INTO special_bet_rule (id, tournament_id, name, value_type, scoring_type, points, sort_order, actual_team_value_id, actual_string_value, actual_int_value) VALUES (11, 3, 'Medaile - 2. místo', 'team', 'exact_match', 2.0, 1, NULL, NULL, NULL);
INSERT INTO special_bet (id, user_id, rule_id, team_value_id, string_value, int_value) VALUES (80, 13, 11, 8, NULL, NULL);
INSERT INTO special_bet (id, user_id, rule_id, team_value_id, string_value, int_value) VALUES (81, 8, 11, 8, NULL, NULL);
INSERT INTO special_bet (id, user_id, rule_id, team_value_id, string_value, int_value) VALUES (82, 16, 11, 23, NULL, NULL);
INSERT INTO special_bet (id, user_id, rule_id, team_value_id, string_value, int_value) VALUES (83, 9, 11, 24, NULL, NULL);
INSERT INTO special_bet (id, user_id, rule_id, team_value_id, string_value, int_value) VALUES (84, 19, 11, 19, NULL, NULL);
INSERT INTO special_bet (id, user_id, rule_id, team_value_id, string_value, int_value) VALUES (85, 14, 11, 24, NULL, NULL);
INSERT INTO special_bet (id, user_id, rule_id, team_value_id, string_value, int_value) VALUES (86, 15, 11, 19, NULL, NULL);
INSERT INTO special_bet (id, user_id, rule_id, team_value_id, string_value, int_value) VALUES (87, 17, 11, 23, NULL, NULL);
INSERT INTO special_bet (id, user_id, rule_id, team_value_id, string_value, int_value) VALUES (88, 7, 11, 19, NULL, NULL);
INSERT INTO special_bet (id, user_id, rule_id, team_value_id, string_value, int_value) VALUES (89, 11, 11, 23, NULL, NULL);
INSERT INTO special_bet_rule (id, tournament_id, name, value_type, scoring_type, points, sort_order, actual_team_value_id, actual_string_value, actual_int_value) VALUES (12, 3, 'Medaile - 3. místo', 'team', 'exact_match', 1.0, 2, NULL, NULL, NULL);
INSERT INTO special_bet (id, user_id, rule_id, team_value_id, string_value, int_value) VALUES (90, 13, 12, 19, NULL, NULL);
INSERT INTO special_bet (id, user_id, rule_id, team_value_id, string_value, int_value) VALUES (91, 8, 12, 19, NULL, NULL);
INSERT INTO special_bet (id, user_id, rule_id, team_value_id, string_value, int_value) VALUES (92, 16, 12, 8, NULL, NULL);
INSERT INTO special_bet (id, user_id, rule_id, team_value_id, string_value, int_value) VALUES (93, 9, 12, 6, NULL, NULL);
INSERT INTO special_bet (id, user_id, rule_id, team_value_id, string_value, int_value) VALUES (94, 19, 12, 6, NULL, NULL);
INSERT INTO special_bet (id, user_id, rule_id, team_value_id, string_value, int_value) VALUES (95, 14, 12, 8, NULL, NULL);
INSERT INTO special_bet (id, user_id, rule_id, team_value_id, string_value, int_value) VALUES (96, 15, 12, 4, NULL, NULL);
INSERT INTO special_bet (id, user_id, rule_id, team_value_id, string_value, int_value) VALUES (97, 17, 12, 6, NULL, NULL);
INSERT INTO special_bet (id, user_id, rule_id, team_value_id, string_value, int_value) VALUES (98, 7, 12, 6, NULL, NULL);
INSERT INTO special_bet (id, user_id, rule_id, team_value_id, string_value, int_value) VALUES (99, 11, 12, 24, NULL, NULL);
INSERT INTO special_bet_rule (id, tournament_id, name, value_type, scoring_type, points, sort_order, actual_team_value_id, actual_string_value, actual_int_value) VALUES (13, 3, 'Nejlepší Čech #1', 'string', 'exact_match', 2.0, 3, NULL, NULL, NULL);
INSERT INTO special_bet (id, user_id, rule_id, team_value_id, string_value, int_value) VALUES (100, 13, 13, NULL, 'Voráček', NULL);
INSERT INTO special_bet (id, user_id, rule_id, team_value_id, string_value, int_value) VALUES (101, 8, 13, NULL, 'Voráček', NULL);
INSERT INTO special_bet (id, user_id, rule_id, team_value_id, string_value, int_value) VALUES (102, 16, 13, NULL, 'Voráček', NULL);
INSERT INTO special_bet (id, user_id, rule_id, team_value_id, string_value, int_value) VALUES (103, 9, 13, NULL, 'Voráček', NULL);
INSERT INTO special_bet (id, user_id, rule_id, team_value_id, string_value, int_value) VALUES (104, 19, 13, NULL, 'Voráček', NULL);
INSERT INTO special_bet (id, user_id, rule_id, team_value_id, string_value, int_value) VALUES (105, 14, 13, NULL, 'Voráček', NULL);
INSERT INTO special_bet (id, user_id, rule_id, team_value_id, string_value, int_value) VALUES (106, 15, 13, NULL, 'Voráček', NULL);
INSERT INTO special_bet (id, user_id, rule_id, team_value_id, string_value, int_value) VALUES (107, 17, 13, NULL, 'Palát', NULL);
INSERT INTO special_bet (id, user_id, rule_id, team_value_id, string_value, int_value) VALUES (108, 7, 13, NULL, 'Voráček', NULL);
INSERT INTO special_bet (id, user_id, rule_id, team_value_id, string_value, int_value) VALUES (109, 11, 13, NULL, 'Voráček', NULL);
INSERT INTO special_bet_rule (id, tournament_id, name, value_type, scoring_type, points, sort_order, actual_team_value_id, actual_string_value, actual_int_value) VALUES (14, 3, 'Nejlepší Čech #2', 'string', 'exact_match', 2.0, 4, NULL, NULL, NULL);
INSERT INTO special_bet (id, user_id, rule_id, team_value_id, string_value, int_value) VALUES (110, 13, 14, NULL, 'Frolík', NULL);
INSERT INTO special_bet (id, user_id, rule_id, team_value_id, string_value, int_value) VALUES (111, 8, 14, NULL, 'Vrána', NULL);
INSERT INTO special_bet (id, user_id, rule_id, team_value_id, string_value, int_value) VALUES (112, 16, 14, NULL, 'Kubalík', NULL);
INSERT INTO special_bet (id, user_id, rule_id, team_value_id, string_value, int_value) VALUES (113, 9, 14, NULL, 'Jaškin', NULL);
INSERT INTO special_bet (id, user_id, rule_id, team_value_id, string_value, int_value) VALUES (114, 19, 14, NULL, 'Vrána', NULL);
INSERT INTO special_bet (id, user_id, rule_id, team_value_id, string_value, int_value) VALUES (115, 14, 14, NULL, 'Jaškin', NULL);
INSERT INTO special_bet (id, user_id, rule_id, team_value_id, string_value, int_value) VALUES (116, 15, 14, NULL, 'Vrána', NULL);
INSERT INTO special_bet (id, user_id, rule_id, team_value_id, string_value, int_value) VALUES (117, 17, 14, NULL, 'Jaškin', NULL);
INSERT INTO special_bet (id, user_id, rule_id, team_value_id, string_value, int_value) VALUES (118, 7, 14, NULL, 'Jaškin', NULL);
INSERT INTO special_bet (id, user_id, rule_id, team_value_id, string_value, int_value) VALUES (119, 11, 14, NULL, 'Frolík', NULL);
INSERT INTO special_bet_rule (id, tournament_id, name, value_type, scoring_type, points, sort_order, actual_team_value_id, actual_string_value, actual_int_value) VALUES (15, 3, 'Nejlepší Čech #3', 'string', 'exact_match', 2.0, 5, NULL, NULL, NULL);
INSERT INTO special_bet (id, user_id, rule_id, team_value_id, string_value, int_value) VALUES (120, 13, 15, NULL, 'Jaškin', NULL);
INSERT INTO special_bet (id, user_id, rule_id, team_value_id, string_value, int_value) VALUES (121, 8, 15, NULL, 'Frolík', NULL);
INSERT INTO special_bet (id, user_id, rule_id, team_value_id, string_value, int_value) VALUES (122, 16, 15, NULL, 'Chytil', NULL);
INSERT INTO special_bet (id, user_id, rule_id, team_value_id, string_value, int_value) VALUES (123, 9, 15, NULL, 'Chytil', NULL);
INSERT INTO special_bet (id, user_id, rule_id, team_value_id, string_value, int_value) VALUES (124, 19, 15, NULL, 'Simon', NULL);
INSERT INTO special_bet (id, user_id, rule_id, team_value_id, string_value, int_value) VALUES (125, 14, 15, NULL, 'Vrána', NULL);
INSERT INTO special_bet (id, user_id, rule_id, team_value_id, string_value, int_value) VALUES (126, 15, 15, NULL, 'J. Kovář', NULL);
INSERT INTO special_bet (id, user_id, rule_id, team_value_id, string_value, int_value) VALUES (127, 17, 15, NULL, 'Hronek', NULL);
INSERT INTO special_bet (id, user_id, rule_id, team_value_id, string_value, int_value) VALUES (128, 7, 15, NULL, 'Hronek', NULL);
INSERT INTO special_bet (id, user_id, rule_id, team_value_id, string_value, int_value) VALUES (129, 11, 15, NULL, 'Kubalík', NULL);
INSERT INTO special_bet_rule (id, tournament_id, name, value_type, scoring_type, points, sort_order, actual_team_value_id, actual_string_value, actual_int_value) VALUES (16, 3, 'Trestné minuty Radko Gudase', 'integer', 'closest', 2.0, 6, NULL, NULL, NULL);
INSERT INTO special_bet (id, user_id, rule_id, team_value_id, string_value, int_value) VALUES (130, 13, 16, NULL, NULL, 8);
INSERT INTO special_bet (id, user_id, rule_id, team_value_id, string_value, int_value) VALUES (131, 8, 16, NULL, NULL, 8);
INSERT INTO special_bet (id, user_id, rule_id, team_value_id, string_value, int_value) VALUES (132, 16, 16, NULL, NULL, 14);
INSERT INTO special_bet (id, user_id, rule_id, team_value_id, string_value, int_value) VALUES (133, 9, 16, NULL, NULL, 6);
INSERT INTO special_bet (id, user_id, rule_id, team_value_id, string_value, int_value) VALUES (134, 19, 16, NULL, NULL, 10);
INSERT INTO special_bet (id, user_id, rule_id, team_value_id, string_value, int_value) VALUES (135, 14, 16, NULL, NULL, 10);
INSERT INTO special_bet (id, user_id, rule_id, team_value_id, string_value, int_value) VALUES (136, 15, 16, NULL, NULL, 10);
INSERT INTO special_bet (id, user_id, rule_id, team_value_id, string_value, int_value) VALUES (137, 17, 16, NULL, NULL, 6);
INSERT INTO special_bet (id, user_id, rule_id, team_value_id, string_value, int_value) VALUES (138, 7, 16, NULL, NULL, 8);
INSERT INTO special_bet (id, user_id, rule_id, team_value_id, string_value, int_value) VALUES (139, 11, 16, NULL, NULL, 6);
INSERT INTO special_bet_rule (id, tournament_id, name, value_type, scoring_type, points, sort_order, actual_team_value_id, actual_string_value, actual_int_value) VALUES (17, 3, 'Sestupující tým 1', 'team', 'exact_match', 2.0, 7, NULL, NULL, NULL);
INSERT INTO special_bet (id, user_id, rule_id, team_value_id, string_value, int_value) VALUES (140, 13, 17, 10, NULL, NULL);
INSERT INTO special_bet (id, user_id, rule_id, team_value_id, string_value, int_value) VALUES (141, 8, 17, 10, NULL, NULL);
INSERT INTO special_bet (id, user_id, rule_id, team_value_id, string_value, int_value) VALUES (142, 16, 17, 10, NULL, NULL);
INSERT INTO special_bet (id, user_id, rule_id, team_value_id, string_value, int_value) VALUES (143, 9, 17, 10, NULL, NULL);
INSERT INTO special_bet (id, user_id, rule_id, team_value_id, string_value, int_value) VALUES (144, 19, 17, 10, NULL, NULL);
INSERT INTO special_bet (id, user_id, rule_id, team_value_id, string_value, int_value) VALUES (145, 14, 17, 10, NULL, NULL);
INSERT INTO special_bet (id, user_id, rule_id, team_value_id, string_value, int_value) VALUES (146, 15, 17, 10, NULL, NULL);
INSERT INTO special_bet (id, user_id, rule_id, team_value_id, string_value, int_value) VALUES (147, 17, 17, 10, NULL, NULL);
INSERT INTO special_bet (id, user_id, rule_id, team_value_id, string_value, int_value) VALUES (148, 7, 17, 10, NULL, NULL);
INSERT INTO special_bet (id, user_id, rule_id, team_value_id, string_value, int_value) VALUES (149, 11, 17, 10, NULL, NULL);
INSERT INTO special_bet_rule (id, tournament_id, name, value_type, scoring_type, points, sort_order, actual_team_value_id, actual_string_value, actual_int_value) VALUES (18, 3, 'Sestupující tým 2', 'team', 'exact_match', 2.0, 8, NULL, NULL, NULL);
INSERT INTO special_bet (id, user_id, rule_id, team_value_id, string_value, int_value) VALUES (150, 13, 18, 13, NULL, NULL);
INSERT INTO special_bet (id, user_id, rule_id, team_value_id, string_value, int_value) VALUES (151, 8, 18, 13, NULL, NULL);
INSERT INTO special_bet (id, user_id, rule_id, team_value_id, string_value, int_value) VALUES (152, 16, 18, 13, NULL, NULL);
INSERT INTO special_bet (id, user_id, rule_id, team_value_id, string_value, int_value) VALUES (153, 9, 18, 13, NULL, NULL);
INSERT INTO special_bet (id, user_id, rule_id, team_value_id, string_value, int_value) VALUES (154, 19, 18, 13, NULL, NULL);
INSERT INTO special_bet (id, user_id, rule_id, team_value_id, string_value, int_value) VALUES (155, 14, 18, 13, NULL, NULL);
INSERT INTO special_bet (id, user_id, rule_id, team_value_id, string_value, int_value) VALUES (156, 15, 18, 13, NULL, NULL);
INSERT INTO special_bet (id, user_id, rule_id, team_value_id, string_value, int_value) VALUES (157, 17, 18, 13, NULL, NULL);
INSERT INTO special_bet (id, user_id, rule_id, team_value_id, string_value, int_value) VALUES (158, 7, 18, 13, NULL, NULL);
INSERT INTO special_bet (id, user_id, rule_id, team_value_id, string_value, int_value) VALUES (159, 11, 18, 13, NULL, NULL);

-- Tournament: MS 2021
INSERT INTO tournament (id, name, year, slug, status, created_at) VALUES (4, 'MS 2021', 2021, 'ms-2021', 'finished', '2024-01-01 00:00:00');
INSERT INTO rule_set (id, tournament_id, winner_base_points, wrong_opponent_bonus, exact_score_bonus, prizes) VALUES (4, 4, 1.0, 0.25, 2.0, '{"1": 300, "2": 150, "3": 50}');
INSERT INTO "match" (id, tournament_id, home_team_id, away_team_id, phase, played_at, home_score, away_score, is_finished) VALUES (193, 4, 19, 6, 'group_stage', '2021-05-21 15:15:00', 4, 3, true);
INSERT INTO "match" (id, tournament_id, home_team_id, away_team_id, phase, played_at, home_score, away_score, is_finished) VALUES (194, 4, 11, 13, 'group_stage', '2021-05-21 15:15:00', 9, 4, true);
INSERT INTO "match" (id, tournament_id, home_team_id, away_team_id, phase, played_at, home_score, away_score, is_finished) VALUES (195, 4, 2, 22, 'group_stage', '2021-05-21 19:15:00', 2, 5, true);
INSERT INTO "match" (id, tournament_id, home_team_id, away_team_id, phase, played_at, home_score, away_score, is_finished) VALUES (196, 4, 4, 15, 'group_stage', '2021-05-21 19:15:00', 0, 2, true);
INSERT INTO "match" (id, tournament_id, home_team_id, away_team_id, phase, played_at, home_score, away_score, is_finished) VALUES (197, 4, 7, 23, 'group_stage', '2021-05-22 11:15:00', 4, 3, true);
INSERT INTO "match" (id, tournament_id, home_team_id, away_team_id, phase, played_at, home_score, away_score, is_finished) VALUES (198, 4, 16, 11, 'group_stage', '2021-05-22 11:15:00', 1, 5, true);
INSERT INTO "match" (id, tournament_id, home_team_id, away_team_id, phase, played_at, home_score, away_score, is_finished) VALUES (199, 4, 10, 19, 'group_stage', '2021-05-22 15:15:00', 1, 7, true);
INSERT INTO "match" (id, tournament_id, home_team_id, away_team_id, phase, played_at, home_score, away_score, is_finished) VALUES (200, 4, 8, 24, 'group_stage', '2021-05-22 15:15:00', 2, 1, true);
INSERT INTO "match" (id, tournament_id, home_team_id, away_team_id, phase, played_at, home_score, away_score, is_finished) VALUES (201, 4, 6, 21, 'group_stage', '2021-05-22 19:15:00', 2, 5, true);
INSERT INTO "match" (id, tournament_id, home_team_id, away_team_id, phase, played_at, home_score, away_score, is_finished) VALUES (202, 4, 15, 14, 'group_stage', '2021-05-22 19:15:00', 2, 3, true);
INSERT INTO "match" (id, tournament_id, home_team_id, away_team_id, phase, played_at, home_score, away_score, is_finished) VALUES (203, 4, 10, 22, 'group_stage', '2021-05-23 11:15:00', 1, 2, true);
INSERT INTO "match" (id, tournament_id, home_team_id, away_team_id, phase, played_at, home_score, away_score, is_finished) VALUES (204, 4, 16, 13, 'group_stage', '2021-05-23 11:15:00', 4, 1, true);
INSERT INTO "match" (id, tournament_id, home_team_id, away_team_id, phase, played_at, home_score, away_score, is_finished) VALUES (205, 4, 23, 2, 'group_stage', '2021-05-23 15:15:00', 0, 1, true);
INSERT INTO "match" (id, tournament_id, home_team_id, away_team_id, phase, played_at, home_score, away_score, is_finished) VALUES (206, 4, 14, 8, 'group_stage', '2021-05-23 15:15:00', 2, 1, true);
INSERT INTO "match" (id, tournament_id, home_team_id, away_team_id, phase, played_at, home_score, away_score, is_finished) VALUES (207, 4, 7, 21, 'group_stage', '2021-05-23 19:15:00', 0, 1, true);
INSERT INTO "match" (id, tournament_id, home_team_id, away_team_id, phase, played_at, home_score, away_score, is_finished) VALUES (208, 4, 4, 24, 'group_stage', '2021-05-23 19:15:00', 1, 5, true);
INSERT INTO "match" (id, tournament_id, home_team_id, away_team_id, phase, played_at, home_score, away_score, is_finished) VALUES (209, 4, 22, 19, 'group_stage', '2021-05-24 15:15:00', 3, 1, true);
INSERT INTO "match" (id, tournament_id, home_team_id, away_team_id, phase, played_at, home_score, away_score, is_finished) VALUES (210, 4, 15, 13, 'group_stage', '2021-05-24 15:15:00', 3, 0, true);
INSERT INTO "match" (id, tournament_id, home_team_id, away_team_id, phase, played_at, home_score, away_score, is_finished) VALUES (211, 4, 6, 2, 'group_stage', '2021-05-24 19:15:00', 3, 2, true);
INSERT INTO "match" (id, tournament_id, home_team_id, away_team_id, phase, played_at, home_score, away_score, is_finished) VALUES (212, 4, 11, 4, 'group_stage', '2021-05-24 19:15:00', 3, 1, true);
INSERT INTO "match" (id, tournament_id, home_team_id, away_team_id, phase, played_at, home_score, away_score, is_finished) VALUES (213, 4, 10, 7, 'group_stage', '2021-05-25 15:15:00', 2, 3, true);
INSERT INTO "match" (id, tournament_id, home_team_id, away_team_id, phase, played_at, home_score, away_score, is_finished) VALUES (214, 4, 24, 14, 'group_stage', '2021-05-25 15:15:00', 3, 0, true);
INSERT INTO "match" (id, tournament_id, home_team_id, away_team_id, phase, played_at, home_score, away_score, is_finished) VALUES (215, 4, 21, 23, 'group_stage', '2021-05-25 19:15:00', 0, 7, true);
INSERT INTO "match" (id, tournament_id, home_team_id, away_team_id, phase, played_at, home_score, away_score, is_finished) VALUES (216, 4, 8, 16, 'group_stage', '2021-05-25 19:15:00', 5, 2, true);
INSERT INTO "match" (id, tournament_id, home_team_id, away_team_id, phase, played_at, home_score, away_score, is_finished) VALUES (217, 4, 19, 7, 'group_stage', '2021-05-26 15:15:00', 3, 0, true);
INSERT INTO "match" (id, tournament_id, home_team_id, away_team_id, phase, played_at, home_score, away_score, is_finished) VALUES (218, 4, 14, 11, 'group_stage', '2021-05-26 15:15:00', 3, 2, true);
INSERT INTO "match" (id, tournament_id, home_team_id, away_team_id, phase, played_at, home_score, away_score, is_finished) VALUES (219, 4, 2, 10, 'group_stage', '2021-05-26 19:15:00', 3, 4, true);
INSERT INTO "match" (id, tournament_id, home_team_id, away_team_id, phase, played_at, home_score, away_score, is_finished) VALUES (220, 4, 4, 16, 'group_stage', '2021-05-26 19:15:00', 4, 2, true);
INSERT INTO "match" (id, tournament_id, home_team_id, away_team_id, phase, played_at, home_score, away_score, is_finished) VALUES (221, 4, 21, 22, 'group_stage', '2021-05-27 15:15:00', 8, 1, true);
INSERT INTO "match" (id, tournament_id, home_team_id, away_team_id, phase, played_at, home_score, away_score, is_finished) VALUES (222, 4, 24, 15, 'group_stage', '2021-05-27 15:15:00', 4, 2, true);
INSERT INTO "match" (id, tournament_id, home_team_id, away_team_id, phase, played_at, home_score, away_score, is_finished) VALUES (223, 4, 23, 6, 'group_stage', '2021-05-27 19:15:00', 2, 4, true);
INSERT INTO "match" (id, tournament_id, home_team_id, away_team_id, phase, played_at, home_score, away_score, is_finished) VALUES (224, 4, 8, 13, 'group_stage', '2021-05-27 19:15:00', 3, 0, true);
INSERT INTO "match" (id, tournament_id, home_team_id, away_team_id, phase, played_at, home_score, away_score, is_finished) VALUES (225, 4, 23, 10, 'group_stage', '2021-05-28 15:15:00', 4, 1, true);
INSERT INTO "match" (id, tournament_id, home_team_id, away_team_id, phase, played_at, home_score, away_score, is_finished) VALUES (226, 4, 14, 4, 'group_stage', '2021-05-28 15:15:00', 2, 4, true);
INSERT INTO "match" (id, tournament_id, home_team_id, away_team_id, phase, played_at, home_score, away_score, is_finished) VALUES (227, 4, 7, 2, 'group_stage', '2021-05-28 19:15:00', 5, 2, true);
INSERT INTO "match" (id, tournament_id, home_team_id, away_team_id, phase, played_at, home_score, away_score, is_finished) VALUES (228, 4, 15, 16, 'group_stage', '2021-05-28 19:15:00', 3, 4, true);
INSERT INTO "match" (id, tournament_id, home_team_id, away_team_id, phase, played_at, home_score, away_score, is_finished) VALUES (229, 4, 6, 10, 'group_stage', '2021-05-29 11:15:00', 6, 1, true);
INSERT INTO "match" (id, tournament_id, home_team_id, away_team_id, phase, played_at, home_score, away_score, is_finished) VALUES (230, 4, 13, 14, 'group_stage', '2021-05-29 11:15:00', NULL, NULL, false);
INSERT INTO "match" (id, tournament_id, home_team_id, away_team_id, phase, played_at, home_score, away_score, is_finished) VALUES (231, 4, 21, 19, 'group_stage', '2021-05-29 15:15:00', 1, 4, true);
INSERT INTO "match" (id, tournament_id, home_team_id, away_team_id, phase, played_at, home_score, away_score, is_finished) VALUES (232, 4, 16, 24, 'group_stage', '2021-05-29 15:15:00', 1, 2, true);
INSERT INTO "match" (id, tournament_id, home_team_id, away_team_id, phase, played_at, home_score, away_score, is_finished) VALUES (233, 4, 22, 7, 'group_stage', '2021-05-29 19:15:00', 2, 0, true);
INSERT INTO "match" (id, tournament_id, home_team_id, away_team_id, phase, played_at, home_score, away_score, is_finished) VALUES (234, 4, 11, 8, 'group_stage', '2021-05-29 19:15:00', 1, 2, true);
INSERT INTO "match" (id, tournament_id, home_team_id, away_team_id, phase, played_at, home_score, away_score, is_finished) VALUES (235, 4, 2, 21, 'group_stage', '2021-05-30 15:15:00', 0, 6, true);
INSERT INTO "match" (id, tournament_id, home_team_id, away_team_id, phase, played_at, home_score, away_score, is_finished) VALUES (236, 4, 13, 4, 'group_stage', '2021-05-30 15:15:00', 1, 7, true);
INSERT INTO "match" (id, tournament_id, home_team_id, away_team_id, phase, played_at, home_score, away_score, is_finished) VALUES (237, 4, 23, 22, 'group_stage', '2021-05-30 19:15:00', 3, 1, true);
INSERT INTO "match" (id, tournament_id, home_team_id, away_team_id, phase, played_at, home_score, away_score, is_finished) VALUES (238, 4, 8, 15, 'group_stage', '2021-05-30 19:15:00', 3, 2, true);
INSERT INTO "match" (id, tournament_id, home_team_id, away_team_id, phase, played_at, home_score, away_score, is_finished) VALUES (239, 4, 6, 7, 'group_stage', '2021-05-31 15:15:00', 2, 1, true);
INSERT INTO "match" (id, tournament_id, home_team_id, away_team_id, phase, played_at, home_score, away_score, is_finished) VALUES (240, 4, 24, 11, 'group_stage', '2021-05-31 15:15:00', 2, 0, true);
INSERT INTO "match" (id, tournament_id, home_team_id, away_team_id, phase, played_at, home_score, away_score, is_finished) VALUES (241, 4, 19, 23, 'group_stage', '2021-05-31 19:15:00', 3, 2, true);
INSERT INTO "match" (id, tournament_id, home_team_id, away_team_id, phase, played_at, home_score, away_score, is_finished) VALUES (242, 4, 16, 14, 'group_stage', '2021-05-31 19:15:00', 3, 1, true);
INSERT INTO "match" (id, tournament_id, home_team_id, away_team_id, phase, played_at, home_score, away_score, is_finished) VALUES (243, 4, 21, 10, 'group_stage', '2021-06-01 11:15:00', 6, 3, true);
INSERT INTO "match" (id, tournament_id, home_team_id, away_team_id, phase, played_at, home_score, away_score, is_finished) VALUES (244, 4, 4, 8, 'group_stage', '2021-06-01 11:15:00', 2, 3, true);
INSERT INTO "match" (id, tournament_id, home_team_id, away_team_id, phase, played_at, home_score, away_score, is_finished) VALUES (245, 4, 22, 6, 'group_stage', '2021-06-01 15:15:00', 3, 7, true);
INSERT INTO "match" (id, tournament_id, home_team_id, away_team_id, phase, played_at, home_score, away_score, is_finished) VALUES (246, 4, 13, 24, 'group_stage', '2021-06-01 15:15:00', 2, 4, true);
INSERT INTO "match" (id, tournament_id, home_team_id, away_team_id, phase, played_at, home_score, away_score, is_finished) VALUES (247, 4, 19, 2, 'group_stage', '2021-06-01 19:15:00', 6, 0, true);
INSERT INTO "match" (id, tournament_id, home_team_id, away_team_id, phase, played_at, home_score, away_score, is_finished) VALUES (248, 4, 11, 15, 'group_stage', '2021-06-01 19:15:00', 2, 1, true);
INSERT INTO "match" (id, tournament_id, home_team_id, away_team_id, phase, played_at, home_score, away_score, is_finished) VALUES (249, 4, 21, 11, 'group_stage', '2021-06-03 15:15:00', 2, 3, true);
INSERT INTO "match" (id, tournament_id, home_team_id, away_team_id, phase, played_at, home_score, away_score, is_finished) VALUES (250, 4, 24, 22, 'group_stage', '2021-06-03 15:15:00', 6, 1, true);
INSERT INTO "match" (id, tournament_id, home_team_id, away_team_id, phase, played_at, home_score, away_score, is_finished) VALUES (251, 4, 19, 4, 'group_stage', '2021-06-03 19:15:00', 1, 2, true);
INSERT INTO "match" (id, tournament_id, home_team_id, away_team_id, phase, played_at, home_score, away_score, is_finished) VALUES (252, 4, 8, 6, 'group_stage', '2021-06-03 19:15:00', 1, 0, true);
INSERT INTO "match" (id, tournament_id, home_team_id, away_team_id, phase, played_at, home_score, away_score, is_finished) VALUES (253, 4, 24, 4, 'semifinal', '2021-06-05 13:15:00', 2, 4, true);
INSERT INTO "match" (id, tournament_id, home_team_id, away_team_id, phase, played_at, home_score, away_score, is_finished) VALUES (254, 4, 8, 11, 'semifinal', '2021-06-05 17:15:00', 2, 1, true);
INSERT INTO "match" (id, tournament_id, home_team_id, away_team_id, phase, played_at, home_score, away_score, is_finished) VALUES (255, 4, 24, 11, 'bronze_medal', '2021-06-06 14:15:00', 6, 1, true);
INSERT INTO "match" (id, tournament_id, home_team_id, away_team_id, phase, played_at, home_score, away_score, is_finished) VALUES (256, 4, 8, 4, 'gold_medal', '2021-06-06 19:15:00', 2, 3, true);
INSERT INTO prediction (id, user_id, game_id, home_score, away_score, created_at, updated_at) VALUES (1509, 13, 193, 1, 3, '2024-01-01 00:00:00', NULL);
INSERT INTO prediction (id, user_id, game_id, home_score, away_score, created_at, updated_at) VALUES (1510, 8, 193, 3, 4, '2024-01-01 00:00:00', NULL);
INSERT INTO prediction (id, user_id, game_id, home_score, away_score, created_at, updated_at) VALUES (1511, 16, 193, 3, 5, '2024-01-01 00:00:00', NULL);
INSERT INTO prediction (id, user_id, game_id, home_score, away_score, created_at, updated_at) VALUES (1512, 9, 193, 2, 4, '2024-01-01 00:00:00', NULL);
INSERT INTO prediction (id, user_id, game_id, home_score, away_score, created_at, updated_at) VALUES (1513, 19, 193, 2, 3, '2024-01-01 00:00:00', NULL);
INSERT INTO prediction (id, user_id, game_id, home_score, away_score, created_at, updated_at) VALUES (1514, 14, 193, 3, 4, '2024-01-01 00:00:00', NULL);
INSERT INTO prediction (id, user_id, game_id, home_score, away_score, created_at, updated_at) VALUES (1515, 15, 193, 2, 4, '2024-01-01 00:00:00', NULL);
INSERT INTO prediction (id, user_id, game_id, home_score, away_score, created_at, updated_at) VALUES (1516, 17, 193, 2, 3, '2024-01-01 00:00:00', NULL);
INSERT INTO prediction (id, user_id, game_id, home_score, away_score, created_at, updated_at) VALUES (1517, 7, 193, 4, 2, '2024-01-01 00:00:00', NULL);
INSERT INTO prediction (id, user_id, game_id, home_score, away_score, created_at, updated_at) VALUES (1518, 11, 193, 2, 3, '2024-01-01 00:00:00', NULL);
INSERT INTO prediction (id, user_id, game_id, home_score, away_score, created_at, updated_at) VALUES (1519, 18, 193, 1, 3, '2024-01-01 00:00:00', NULL);
INSERT INTO prediction (id, user_id, game_id, home_score, away_score, created_at, updated_at) VALUES (1520, 13, 194, 4, 1, '2024-01-01 00:00:00', NULL);
INSERT INTO prediction (id, user_id, game_id, home_score, away_score, created_at, updated_at) VALUES (1521, 8, 194, 4, 1, '2024-01-01 00:00:00', NULL);
INSERT INTO prediction (id, user_id, game_id, home_score, away_score, created_at, updated_at) VALUES (1522, 16, 194, 7, 1, '2024-01-01 00:00:00', NULL);
INSERT INTO prediction (id, user_id, game_id, home_score, away_score, created_at, updated_at) VALUES (1523, 9, 194, 6, 0, '2024-01-01 00:00:00', NULL);
INSERT INTO prediction (id, user_id, game_id, home_score, away_score, created_at, updated_at) VALUES (1524, 19, 194, 5, 1, '2024-01-01 00:00:00', NULL);
INSERT INTO prediction (id, user_id, game_id, home_score, away_score, created_at, updated_at) VALUES (1525, 14, 194, 7, 1, '2024-01-01 00:00:00', NULL);
INSERT INTO prediction (id, user_id, game_id, home_score, away_score, created_at, updated_at) VALUES (1526, 15, 194, 6, 2, '2024-01-01 00:00:00', NULL);
INSERT INTO prediction (id, user_id, game_id, home_score, away_score, created_at, updated_at) VALUES (1527, 17, 194, 5, 1, '2024-01-01 00:00:00', NULL);
INSERT INTO prediction (id, user_id, game_id, home_score, away_score, created_at, updated_at) VALUES (1528, 7, 194, 7, 1, '2024-01-01 00:00:00', NULL);
INSERT INTO prediction (id, user_id, game_id, home_score, away_score, created_at, updated_at) VALUES (1529, 11, 194, 8, 1, '2024-01-01 00:00:00', NULL);
INSERT INTO prediction (id, user_id, game_id, home_score, away_score, created_at, updated_at) VALUES (1530, 18, 194, 4, 0, '2024-01-01 00:00:00', NULL);
INSERT INTO prediction (id, user_id, game_id, home_score, away_score, created_at, updated_at) VALUES (1531, 13, 195, 2, 3, '2024-01-01 00:00:00', NULL);
INSERT INTO prediction (id, user_id, game_id, home_score, away_score, created_at, updated_at) VALUES (1532, 8, 195, 3, 2, '2024-01-01 00:00:00', NULL);
INSERT INTO prediction (id, user_id, game_id, home_score, away_score, created_at, updated_at) VALUES (1533, 16, 195, 3, 4, '2024-01-01 00:00:00', NULL);
INSERT INTO prediction (id, user_id, game_id, home_score, away_score, created_at, updated_at) VALUES (1534, 9, 195, 2, 3, '2024-01-01 00:00:00', NULL);
INSERT INTO prediction (id, user_id, game_id, home_score, away_score, created_at, updated_at) VALUES (1535, 19, 195, 2, 4, '2024-01-01 00:00:00', NULL);
INSERT INTO prediction (id, user_id, game_id, home_score, away_score, created_at, updated_at) VALUES (1536, 14, 195, 2, 5, '2024-01-01 00:00:00', NULL);
INSERT INTO prediction (id, user_id, game_id, home_score, away_score, created_at, updated_at) VALUES (1537, 15, 195, 2, 4, '2024-01-01 00:00:00', NULL);
INSERT INTO prediction (id, user_id, game_id, home_score, away_score, created_at, updated_at) VALUES (1538, 17, 195, 2, 4, '2024-01-01 00:00:00', NULL);
INSERT INTO prediction (id, user_id, game_id, home_score, away_score, created_at, updated_at) VALUES (1539, 7, 195, 2, 4, '2024-01-01 00:00:00', NULL);
INSERT INTO prediction (id, user_id, game_id, home_score, away_score, created_at, updated_at) VALUES (1540, 11, 195, 2, 5, '2024-01-01 00:00:00', NULL);
INSERT INTO prediction (id, user_id, game_id, home_score, away_score, created_at, updated_at) VALUES (1541, 18, 195, 2, 1, '2024-01-01 00:00:00', NULL);
INSERT INTO prediction (id, user_id, game_id, home_score, away_score, created_at, updated_at) VALUES (1542, 13, 196, 4, 3, '2024-01-01 00:00:00', NULL);
INSERT INTO prediction (id, user_id, game_id, home_score, away_score, created_at, updated_at) VALUES (1543, 8, 196, 4, 2, '2024-01-01 00:00:00', NULL);
INSERT INTO prediction (id, user_id, game_id, home_score, away_score, created_at, updated_at) VALUES (1544, 16, 196, 8, 2, '2024-01-01 00:00:00', NULL);
INSERT INTO prediction (id, user_id, game_id, home_score, away_score, created_at, updated_at) VALUES (1545, 9, 196, 4, 1, '2024-01-01 00:00:00', NULL);
INSERT INTO prediction (id, user_id, game_id, home_score, away_score, created_at, updated_at) VALUES (1546, 19, 196, 6, 2, '2024-01-01 00:00:00', NULL);
INSERT INTO prediction (id, user_id, game_id, home_score, away_score, created_at, updated_at) VALUES (1547, 14, 196, 5, 0, '2024-01-01 00:00:00', NULL);
INSERT INTO prediction (id, user_id, game_id, home_score, away_score, created_at, updated_at) VALUES (1548, 15, 196, 5, 2, '2024-01-01 00:00:00', NULL);
INSERT INTO prediction (id, user_id, game_id, home_score, away_score, created_at, updated_at) VALUES (1549, 17, 196, 6, 1, '2024-01-01 00:00:00', NULL);
INSERT INTO prediction (id, user_id, game_id, home_score, away_score, created_at, updated_at) VALUES (1550, 7, 196, 5, 2, '2024-01-01 00:00:00', NULL);
INSERT INTO prediction (id, user_id, game_id, home_score, away_score, created_at, updated_at) VALUES (1551, 11, 196, 5, 2, '2024-01-01 00:00:00', NULL);
INSERT INTO prediction (id, user_id, game_id, home_score, away_score, created_at, updated_at) VALUES (1552, 18, 196, 3, 2, '2024-01-01 00:00:00', NULL);
INSERT INTO prediction (id, user_id, game_id, home_score, away_score, created_at, updated_at) VALUES (1553, 13, 197, 2, 4, '2024-01-01 00:00:00', NULL);
INSERT INTO prediction (id, user_id, game_id, home_score, away_score, created_at, updated_at) VALUES (1554, 8, 197, 1, 4, '2024-01-01 00:00:00', NULL);
INSERT INTO prediction (id, user_id, game_id, home_score, away_score, created_at, updated_at) VALUES (1555, 16, 197, 2, 5, '2024-01-01 00:00:00', NULL);
INSERT INTO prediction (id, user_id, game_id, home_score, away_score, created_at, updated_at) VALUES (1556, 9, 197, 1, 4, '2024-01-01 00:00:00', NULL);
INSERT INTO prediction (id, user_id, game_id, home_score, away_score, created_at, updated_at) VALUES (1557, 19, 197, 2, 5, '2024-01-01 00:00:00', NULL);
INSERT INTO prediction (id, user_id, game_id, home_score, away_score, created_at, updated_at) VALUES (1558, 14, 197, 2, 6, '2024-01-01 00:00:00', NULL);
INSERT INTO prediction (id, user_id, game_id, home_score, away_score, created_at, updated_at) VALUES (1559, 15, 197, 1, 7, '2024-01-01 00:00:00', NULL);
INSERT INTO prediction (id, user_id, game_id, home_score, away_score, created_at, updated_at) VALUES (1560, 17, 197, 1, 5, '2024-01-01 00:00:00', NULL);
INSERT INTO prediction (id, user_id, game_id, home_score, away_score, created_at, updated_at) VALUES (1561, 7, 197, 1, 5, '2024-01-01 00:00:00', NULL);
INSERT INTO prediction (id, user_id, game_id, home_score, away_score, created_at, updated_at) VALUES (1562, 11, 197, 3, 4, '2024-01-01 00:00:00', NULL);
INSERT INTO prediction (id, user_id, game_id, home_score, away_score, created_at, updated_at) VALUES (1563, 18, 197, 2, 4, '2024-01-01 00:00:00', NULL);
INSERT INTO prediction (id, user_id, game_id, home_score, away_score, created_at, updated_at) VALUES (1564, 13, 198, 5, 4, '2024-01-01 00:00:00', NULL);
INSERT INTO prediction (id, user_id, game_id, home_score, away_score, created_at, updated_at) VALUES (1565, 8, 198, 2, 5, '2024-01-01 00:00:00', NULL);
INSERT INTO prediction (id, user_id, game_id, home_score, away_score, created_at, updated_at) VALUES (1566, 16, 198, 2, 3, '2024-01-01 00:00:00', NULL);
INSERT INTO prediction (id, user_id, game_id, home_score, away_score, created_at, updated_at) VALUES (1567, 9, 198, 2, 4, '2024-01-01 00:00:00', NULL);
INSERT INTO prediction (id, user_id, game_id, home_score, away_score, created_at, updated_at) VALUES (1568, 19, 198, 3, 5, '2024-01-01 00:00:00', NULL);
INSERT INTO prediction (id, user_id, game_id, home_score, away_score, created_at, updated_at) VALUES (1569, 14, 198, 2, 5, '2024-01-01 00:00:00', NULL);
INSERT INTO prediction (id, user_id, game_id, home_score, away_score, created_at, updated_at) VALUES (1570, 15, 198, 2, 4, '2024-01-01 00:00:00', NULL);
INSERT INTO prediction (id, user_id, game_id, home_score, away_score, created_at, updated_at) VALUES (1571, 17, 198, 4, 2, '2024-01-01 00:00:00', NULL);
INSERT INTO prediction (id, user_id, game_id, home_score, away_score, created_at, updated_at) VALUES (1572, 7, 198, 3, 4, '2024-01-01 00:00:00', NULL);
INSERT INTO prediction (id, user_id, game_id, home_score, away_score, created_at, updated_at) VALUES (1573, 11, 198, 3, 1, '2024-01-01 00:00:00', NULL);
INSERT INTO prediction (id, user_id, game_id, home_score, away_score, created_at, updated_at) VALUES (1574, 18, 198, 1, 2, '2024-01-01 00:00:00', NULL);
INSERT INTO prediction (id, user_id, game_id, home_score, away_score, created_at, updated_at) VALUES (1575, 13, 199, 0, 7, '2024-01-01 00:00:00', NULL);
INSERT INTO prediction (id, user_id, game_id, home_score, away_score, created_at, updated_at) VALUES (1576, 8, 199, 0, 6, '2024-01-01 00:00:00', NULL);
INSERT INTO prediction (id, user_id, game_id, home_score, away_score, created_at, updated_at) VALUES (1577, 16, 199, 0, 8, '2024-01-01 00:00:00', NULL);
INSERT INTO prediction (id, user_id, game_id, home_score, away_score, created_at, updated_at) VALUES (1578, 9, 199, 1, 9, '2024-01-01 00:00:00', NULL);
INSERT INTO prediction (id, user_id, game_id, home_score, away_score, created_at, updated_at) VALUES (1579, 19, 199, 0, 11, '2024-01-01 00:00:00', NULL);
INSERT INTO prediction (id, user_id, game_id, home_score, away_score, created_at, updated_at) VALUES (1580, 14, 199, 1, 8, '2024-01-01 00:00:00', NULL);
INSERT INTO prediction (id, user_id, game_id, home_score, away_score, created_at, updated_at) VALUES (1581, 15, 199, 1, 7, '2024-01-01 00:00:00', NULL);
INSERT INTO prediction (id, user_id, game_id, home_score, away_score, created_at, updated_at) VALUES (1582, 17, 199, 0, 8, '2024-01-01 00:00:00', NULL);
INSERT INTO prediction (id, user_id, game_id, home_score, away_score, created_at, updated_at) VALUES (1583, 7, 199, 0, 11, '2024-01-01 00:00:00', NULL);
INSERT INTO prediction (id, user_id, game_id, home_score, away_score, created_at, updated_at) VALUES (1584, 11, 199, 1, 6, '2024-01-01 00:00:00', NULL);
INSERT INTO prediction (id, user_id, game_id, home_score, away_score, created_at, updated_at) VALUES (1585, 18, 199, 1, 4, '2024-01-01 00:00:00', NULL);
INSERT INTO prediction (id, user_id, game_id, home_score, away_score, created_at, updated_at) VALUES (1586, 13, 200, 3, 2, '2024-01-01 00:00:00', NULL);
INSERT INTO prediction (id, user_id, game_id, home_score, away_score, created_at, updated_at) VALUES (1587, 8, 200, 4, 3, '2024-01-01 00:00:00', NULL);
INSERT INTO prediction (id, user_id, game_id, home_score, away_score, created_at, updated_at) VALUES (1588, 16, 200, 5, 3, '2024-01-01 00:00:00', NULL);
INSERT INTO prediction (id, user_id, game_id, home_score, away_score, created_at, updated_at) VALUES (1589, 9, 200, 4, 2, '2024-01-01 00:00:00', NULL);
INSERT INTO prediction (id, user_id, game_id, home_score, away_score, created_at, updated_at) VALUES (1590, 19, 200, 4, 2, '2024-01-01 00:00:00', NULL);
INSERT INTO prediction (id, user_id, game_id, home_score, away_score, created_at, updated_at) VALUES (1591, 14, 200, 2, 3, '2024-01-01 00:00:00', NULL);
INSERT INTO prediction (id, user_id, game_id, home_score, away_score, created_at, updated_at) VALUES (1592, 15, 200, 3, 2, '2024-01-01 00:00:00', NULL);
INSERT INTO prediction (id, user_id, game_id, home_score, away_score, created_at, updated_at) VALUES (1593, 17, 200, 3, 2, '2024-01-01 00:00:00', NULL);
INSERT INTO prediction (id, user_id, game_id, home_score, away_score, created_at, updated_at) VALUES (1594, 7, 200, 5, 4, '2024-01-01 00:00:00', NULL);
INSERT INTO prediction (id, user_id, game_id, home_score, away_score, created_at, updated_at) VALUES (1595, 11, 200, 4, 5, '2024-01-01 00:00:00', NULL);
INSERT INTO prediction (id, user_id, game_id, home_score, away_score, created_at, updated_at) VALUES (1596, 18, 200, 3, 1, '2024-01-01 00:00:00', NULL);
INSERT INTO prediction (id, user_id, game_id, home_score, away_score, created_at, updated_at) VALUES (1597, 13, 201, 4, 3, '2024-01-01 00:00:00', NULL);
INSERT INTO prediction (id, user_id, game_id, home_score, away_score, created_at, updated_at) VALUES (1598, 8, 201, 3, 2, '2024-01-01 00:00:00', NULL);
INSERT INTO prediction (id, user_id, game_id, home_score, away_score, created_at, updated_at) VALUES (1599, 16, 201, 4, 1, '2024-01-01 00:00:00', NULL);
INSERT INTO prediction (id, user_id, game_id, home_score, away_score, created_at, updated_at) VALUES (1600, 9, 201, 4, 2, '2024-01-01 00:00:00', NULL);
INSERT INTO prediction (id, user_id, game_id, home_score, away_score, created_at, updated_at) VALUES (1601, 19, 201, 4, 3, '2024-01-01 00:00:00', NULL);
INSERT INTO prediction (id, user_id, game_id, home_score, away_score, created_at, updated_at) VALUES (1602, 14, 201, 4, 2, '2024-01-01 00:00:00', NULL);
INSERT INTO prediction (id, user_id, game_id, home_score, away_score, created_at, updated_at) VALUES (1603, 15, 201, 4, 3, '2024-01-01 00:00:00', NULL);
INSERT INTO prediction (id, user_id, game_id, home_score, away_score, created_at, updated_at) VALUES (1604, 17, 201, 5, 2, '2024-01-01 00:00:00', NULL);
INSERT INTO prediction (id, user_id, game_id, home_score, away_score, created_at, updated_at) VALUES (1605, 7, 201, 4, 2, '2024-01-01 00:00:00', NULL);
INSERT INTO prediction (id, user_id, game_id, home_score, away_score, created_at, updated_at) VALUES (1606, 11, 201, 3, 4, '2024-01-01 00:00:00', NULL);
INSERT INTO prediction (id, user_id, game_id, home_score, away_score, created_at, updated_at) VALUES (1607, 18, 201, 2, 1, '2024-01-01 00:00:00', NULL);
INSERT INTO prediction (id, user_id, game_id, home_score, away_score, created_at, updated_at) VALUES (1608, 13, 202, 3, 2, '2024-01-01 00:00:00', NULL);
INSERT INTO prediction (id, user_id, game_id, home_score, away_score, created_at, updated_at) VALUES (1609, 8, 202, 6, 1, '2024-01-01 00:00:00', NULL);
INSERT INTO prediction (id, user_id, game_id, home_score, away_score, created_at, updated_at) VALUES (1610, 16, 202, 4, 2, '2024-01-01 00:00:00', NULL);
INSERT INTO prediction (id, user_id, game_id, home_score, away_score, created_at, updated_at) VALUES (1611, 9, 202, 4, 1, '2024-01-01 00:00:00', NULL);
INSERT INTO prediction (id, user_id, game_id, home_score, away_score, created_at, updated_at) VALUES (1612, 19, 202, 5, 1, '2024-01-01 00:00:00', NULL);
INSERT INTO prediction (id, user_id, game_id, home_score, away_score, created_at, updated_at) VALUES (1613, 14, 202, 4, 1, '2024-01-01 00:00:00', NULL);
INSERT INTO prediction (id, user_id, game_id, home_score, away_score, created_at, updated_at) VALUES (1614, 15, 202, 3, 2, '2024-01-01 00:00:00', NULL);
INSERT INTO prediction (id, user_id, game_id, home_score, away_score, created_at, updated_at) VALUES (1615, 17, 202, 4, 1, '2024-01-01 00:00:00', NULL);
INSERT INTO prediction (id, user_id, game_id, home_score, away_score, created_at, updated_at) VALUES (1616, 7, 202, 5, 2, '2024-01-01 00:00:00', NULL);
INSERT INTO prediction (id, user_id, game_id, home_score, away_score, created_at, updated_at) VALUES (1617, 11, 202, 8, 1, '2024-01-01 00:00:00', NULL);
INSERT INTO prediction (id, user_id, game_id, home_score, away_score, created_at, updated_at) VALUES (1618, 18, 202, 3, 2, '2024-01-01 00:00:00', NULL);
INSERT INTO prediction (id, user_id, game_id, home_score, away_score, created_at, updated_at) VALUES (1619, 13, 203, 1, 7, '2024-01-01 00:00:00', NULL);
INSERT INTO prediction (id, user_id, game_id, home_score, away_score, created_at, updated_at) VALUES (1620, 8, 203, 2, 5, '2024-01-01 00:00:00', NULL);
INSERT INTO prediction (id, user_id, game_id, home_score, away_score, created_at, updated_at) VALUES (1621, 16, 203, 2, 6, '2024-01-01 00:00:00', NULL);
INSERT INTO prediction (id, user_id, game_id, home_score, away_score, created_at, updated_at) VALUES (1622, 9, 203, 2, 5, '2024-01-01 00:00:00', NULL);
INSERT INTO prediction (id, user_id, game_id, home_score, away_score, created_at, updated_at) VALUES (1623, 19, 203, 1, 4, '2024-01-01 00:00:00', NULL);
INSERT INTO prediction (id, user_id, game_id, home_score, away_score, created_at, updated_at) VALUES (1624, 14, 203, 2, 6, '2024-01-01 00:00:00', NULL);
INSERT INTO prediction (id, user_id, game_id, home_score, away_score, created_at, updated_at) VALUES (1625, 15, 203, 2, 4, '2024-01-01 00:00:00', NULL);
INSERT INTO prediction (id, user_id, game_id, home_score, away_score, created_at, updated_at) VALUES (1626, 17, 203, 1, 6, '2024-01-01 00:00:00', NULL);
INSERT INTO prediction (id, user_id, game_id, home_score, away_score, created_at, updated_at) VALUES (1627, 7, 203, 1, 6, '2024-01-01 00:00:00', NULL);
INSERT INTO prediction (id, user_id, game_id, home_score, away_score, created_at, updated_at) VALUES (1628, 11, 203, 1, 5, '2024-01-01 00:00:00', NULL);
INSERT INTO prediction (id, user_id, game_id, home_score, away_score, created_at, updated_at) VALUES (1629, 18, 203, 2, 6, '2024-01-01 00:00:00', NULL);
INSERT INTO prediction (id, user_id, game_id, home_score, away_score, created_at, updated_at) VALUES (1630, 13, 204, 5, 1, '2024-01-01 00:00:00', NULL);
INSERT INTO prediction (id, user_id, game_id, home_score, away_score, created_at, updated_at) VALUES (1631, 8, 204, 3, 4, '2024-01-01 00:00:00', NULL);
INSERT INTO prediction (id, user_id, game_id, home_score, away_score, created_at, updated_at) VALUES (1632, 16, 204, 4, 2, '2024-01-01 00:00:00', NULL);
INSERT INTO prediction (id, user_id, game_id, home_score, away_score, created_at, updated_at) VALUES (1633, 9, 204, 4, 1, '2024-01-01 00:00:00', NULL);
INSERT INTO prediction (id, user_id, game_id, home_score, away_score, created_at, updated_at) VALUES (1634, 19, 204, 6, 2, '2024-01-01 00:00:00', NULL);
INSERT INTO prediction (id, user_id, game_id, home_score, away_score, created_at, updated_at) VALUES (1635, 14, 204, 7, 2, '2024-01-01 00:00:00', NULL);
INSERT INTO prediction (id, user_id, game_id, home_score, away_score, created_at, updated_at) VALUES (1636, 15, 204, 4, 1, '2024-01-01 00:00:00', NULL);
INSERT INTO prediction (id, user_id, game_id, home_score, away_score, created_at, updated_at) VALUES (1637, 17, 204, 5, 2, '2024-01-01 00:00:00', NULL);
INSERT INTO prediction (id, user_id, game_id, home_score, away_score, created_at, updated_at) VALUES (1638, 7, 204, 5, 2, '2024-01-01 00:00:00', NULL);
INSERT INTO prediction (id, user_id, game_id, home_score, away_score, created_at, updated_at) VALUES (1639, 11, 204, 4, 2, '2024-01-01 00:00:00', NULL);
INSERT INTO prediction (id, user_id, game_id, home_score, away_score, created_at, updated_at) VALUES (1640, 18, 204, 5, 1, '2024-01-01 00:00:00', NULL);
INSERT INTO prediction (id, user_id, game_id, home_score, away_score, created_at, updated_at) VALUES (1641, 13, 205, 4, 1, '2024-01-01 00:00:00', NULL);
INSERT INTO prediction (id, user_id, game_id, home_score, away_score, created_at, updated_at) VALUES (1642, 8, 205, 3, 1, '2024-01-01 00:00:00', NULL);
INSERT INTO prediction (id, user_id, game_id, home_score, away_score, created_at, updated_at) VALUES (1643, 16, 205, 5, 1, '2024-01-01 00:00:00', NULL);
INSERT INTO prediction (id, user_id, game_id, home_score, away_score, created_at, updated_at) VALUES (1644, 9, 205, 4, 1, '2024-01-01 00:00:00', NULL);
INSERT INTO prediction (id, user_id, game_id, home_score, away_score, created_at, updated_at) VALUES (1645, 19, 205, 5, 2, '2024-01-01 00:00:00', NULL);
INSERT INTO prediction (id, user_id, game_id, home_score, away_score, created_at, updated_at) VALUES (1646, 14, 205, 4, 3, '2024-01-01 00:00:00', NULL);
INSERT INTO prediction (id, user_id, game_id, home_score, away_score, created_at, updated_at) VALUES (1647, 15, 205, 4, 3, '2024-01-01 00:00:00', NULL);
INSERT INTO prediction (id, user_id, game_id, home_score, away_score, created_at, updated_at) VALUES (1648, 17, 205, 5, 1, '2024-01-01 00:00:00', NULL);
INSERT INTO prediction (id, user_id, game_id, home_score, away_score, created_at, updated_at) VALUES (1649, 7, 205, 7, 1, '2024-01-01 00:00:00', NULL);
INSERT INTO prediction (id, user_id, game_id, home_score, away_score, created_at, updated_at) VALUES (1650, 11, 205, 6, 2, '2024-01-01 00:00:00', NULL);
INSERT INTO prediction (id, user_id, game_id, home_score, away_score, created_at, updated_at) VALUES (1651, 18, 205, 3, 2, '2024-01-01 00:00:00', NULL);
INSERT INTO prediction (id, user_id, game_id, home_score, away_score, created_at, updated_at) VALUES (1652, 13, 206, 0, 6, '2024-01-01 00:00:00', NULL);
INSERT INTO prediction (id, user_id, game_id, home_score, away_score, created_at, updated_at) VALUES (1653, 8, 206, 1, 4, '2024-01-01 00:00:00', NULL);
INSERT INTO prediction (id, user_id, game_id, home_score, away_score, created_at, updated_at) VALUES (1654, 16, 206, 1, 7, '2024-01-01 00:00:00', NULL);
INSERT INTO prediction (id, user_id, game_id, home_score, away_score, created_at, updated_at) VALUES (1655, 9, 206, 1, 3, '2024-01-01 00:00:00', NULL);
INSERT INTO prediction (id, user_id, game_id, home_score, away_score, created_at, updated_at) VALUES (1656, 19, 206, 2, 5, '2024-01-01 00:00:00', NULL);
INSERT INTO prediction (id, user_id, game_id, home_score, away_score, created_at, updated_at) VALUES (1657, 14, 206, 0, 5, '2024-01-01 00:00:00', NULL);
INSERT INTO prediction (id, user_id, game_id, home_score, away_score, created_at, updated_at) VALUES (1658, 15, 206, 1, 4, '2024-01-01 00:00:00', NULL);
INSERT INTO prediction (id, user_id, game_id, home_score, away_score, created_at, updated_at) VALUES (1659, 17, 206, 0, 6, '2024-01-01 00:00:00', NULL);
INSERT INTO prediction (id, user_id, game_id, home_score, away_score, created_at, updated_at) VALUES (1660, 7, 206, 1, 6, '2024-01-01 00:00:00', NULL);
INSERT INTO prediction (id, user_id, game_id, home_score, away_score, created_at, updated_at) VALUES (1661, 11, 206, 1, 8, '2024-01-01 00:00:00', NULL);
INSERT INTO prediction (id, user_id, game_id, home_score, away_score, created_at, updated_at) VALUES (1662, 18, 206, 1, 4, '2024-01-01 00:00:00', NULL);
INSERT INTO prediction (id, user_id, game_id, home_score, away_score, created_at, updated_at) VALUES (1663, 13, 207, 2, 3, '2024-01-01 00:00:00', NULL);
INSERT INTO prediction (id, user_id, game_id, home_score, away_score, created_at, updated_at) VALUES (1664, 8, 207, 2, 4, '2024-01-01 00:00:00', NULL);
INSERT INTO prediction (id, user_id, game_id, home_score, away_score, created_at, updated_at) VALUES (1665, 16, 207, 3, 4, '2024-01-01 00:00:00', NULL);
INSERT INTO prediction (id, user_id, game_id, home_score, away_score, created_at, updated_at) VALUES (1666, 9, 207, 2, 4, '2024-01-01 00:00:00', NULL);
INSERT INTO prediction (id, user_id, game_id, home_score, away_score, created_at, updated_at) VALUES (1667, 19, 207, 2, 4, '2024-01-01 00:00:00', NULL);
INSERT INTO prediction (id, user_id, game_id, home_score, away_score, created_at, updated_at) VALUES (1668, 14, 207, 2, 4, '2024-01-01 00:00:00', NULL);
INSERT INTO prediction (id, user_id, game_id, home_score, away_score, created_at, updated_at) VALUES (1669, 15, 207, 2, 3, '2024-01-01 00:00:00', NULL);
INSERT INTO prediction (id, user_id, game_id, home_score, away_score, created_at, updated_at) VALUES (1670, 17, 207, 2, 3, '2024-01-01 00:00:00', NULL);
INSERT INTO prediction (id, user_id, game_id, home_score, away_score, created_at, updated_at) VALUES (1671, 7, 207, 2, 4, '2024-01-01 00:00:00', NULL);
INSERT INTO prediction (id, user_id, game_id, home_score, away_score, created_at, updated_at) VALUES (1672, 11, 207, 3, 4, '2024-01-01 00:00:00', NULL);
INSERT INTO prediction (id, user_id, game_id, home_score, away_score, created_at, updated_at) VALUES (1673, 18, 207, 2, 3, '2024-01-01 00:00:00', NULL);
INSERT INTO prediction (id, user_id, game_id, home_score, away_score, created_at, updated_at) VALUES (1674, 13, 208, 4, 2, '2024-01-01 00:00:00', NULL);
INSERT INTO prediction (id, user_id, game_id, home_score, away_score, created_at, updated_at) VALUES (1675, 8, 208, 3, 4, '2024-01-01 00:00:00', NULL);
INSERT INTO prediction (id, user_id, game_id, home_score, away_score, created_at, updated_at) VALUES (1676, 16, 208, 3, 2, '2024-01-01 00:00:00', NULL);
INSERT INTO prediction (id, user_id, game_id, home_score, away_score, created_at, updated_at) VALUES (1677, 9, 208, 4, 2, '2024-01-01 00:00:00', NULL);
INSERT INTO prediction (id, user_id, game_id, home_score, away_score, created_at, updated_at) VALUES (1678, 19, 208, 2, 3, '2024-01-01 00:00:00', NULL);
INSERT INTO prediction (id, user_id, game_id, home_score, away_score, created_at, updated_at) VALUES (1679, 14, 208, 3, 4, '2024-01-01 00:00:00', NULL);
INSERT INTO prediction (id, user_id, game_id, home_score, away_score, created_at, updated_at) VALUES (1680, 15, 208, 1, 2, '2024-01-01 00:00:00', NULL);
INSERT INTO prediction (id, user_id, game_id, home_score, away_score, created_at, updated_at) VALUES (1681, 17, 208, 2, 4, '2024-01-01 00:00:00', NULL);
INSERT INTO prediction (id, user_id, game_id, home_score, away_score, created_at, updated_at) VALUES (1682, 7, 208, 4, 3, '2024-01-01 00:00:00', NULL);
INSERT INTO prediction (id, user_id, game_id, home_score, away_score, created_at, updated_at) VALUES (1683, 11, 208, 2, 3, '2024-01-01 00:00:00', NULL);
INSERT INTO prediction (id, user_id, game_id, home_score, away_score, created_at, updated_at) VALUES (1684, 18, 208, 3, 4, '2024-01-01 00:00:00', NULL);
INSERT INTO prediction (id, user_id, game_id, home_score, away_score, created_at, updated_at) VALUES (1685, 13, 209, 2, 4, '2024-01-01 00:00:00', NULL);
INSERT INTO prediction (id, user_id, game_id, home_score, away_score, created_at, updated_at) VALUES (1686, 8, 209, 1, 4, '2024-01-01 00:00:00', NULL);
INSERT INTO prediction (id, user_id, game_id, home_score, away_score, created_at, updated_at) VALUES (1687, 16, 209, 2, 6, '2024-01-01 00:00:00', NULL);
INSERT INTO prediction (id, user_id, game_id, home_score, away_score, created_at, updated_at) VALUES (1688, 9, 209, 2, 5, '2024-01-01 00:00:00', NULL);
INSERT INTO prediction (id, user_id, game_id, home_score, away_score, created_at, updated_at) VALUES (1689, 19, 209, 2, 5, '2024-01-01 00:00:00', NULL);
INSERT INTO prediction (id, user_id, game_id, home_score, away_score, created_at, updated_at) VALUES (1690, 14, 209, 2, 5, '2024-01-01 00:00:00', NULL);
INSERT INTO prediction (id, user_id, game_id, home_score, away_score, created_at, updated_at) VALUES (1691, 15, 209, 2, 5, '2024-01-01 00:00:00', NULL);
INSERT INTO prediction (id, user_id, game_id, home_score, away_score, created_at, updated_at) VALUES (1692, 17, 209, 1, 4, '2024-01-01 00:00:00', NULL);
INSERT INTO prediction (id, user_id, game_id, home_score, away_score, created_at, updated_at) VALUES (1693, 7, 209, 2, 5, '2024-01-01 00:00:00', NULL);
INSERT INTO prediction (id, user_id, game_id, home_score, away_score, created_at, updated_at) VALUES (1694, 11, 209, 2, 5, '2024-01-01 00:00:00', NULL);
INSERT INTO prediction (id, user_id, game_id, home_score, away_score, created_at, updated_at) VALUES (1695, 18, 209, 1, 3, '2024-01-01 00:00:00', NULL);
INSERT INTO prediction (id, user_id, game_id, home_score, away_score, created_at, updated_at) VALUES (1696, 13, 210, 3, 2, '2024-01-01 00:00:00', NULL);
INSERT INTO prediction (id, user_id, game_id, home_score, away_score, created_at, updated_at) VALUES (1697, 8, 210, 4, 3, '2024-01-01 00:00:00', NULL);
INSERT INTO prediction (id, user_id, game_id, home_score, away_score, created_at, updated_at) VALUES (1698, 16, 210, 4, 2, '2024-01-01 00:00:00', NULL);
INSERT INTO prediction (id, user_id, game_id, home_score, away_score, created_at, updated_at) VALUES (1699, 9, 210, 5, 1, '2024-01-01 00:00:00', NULL);
INSERT INTO prediction (id, user_id, game_id, home_score, away_score, created_at, updated_at) VALUES (1700, 19, 210, 4, 2, '2024-01-01 00:00:00', NULL);
INSERT INTO prediction (id, user_id, game_id, home_score, away_score, created_at, updated_at) VALUES (1701, 14, 210, 7, 3, '2024-01-01 00:00:00', NULL);
INSERT INTO prediction (id, user_id, game_id, home_score, away_score, created_at, updated_at) VALUES (1702, 15, 210, 4, 2, '2024-01-01 00:00:00', NULL);
INSERT INTO prediction (id, user_id, game_id, home_score, away_score, created_at, updated_at) VALUES (1703, 17, 210, 4, 1, '2024-01-01 00:00:00', NULL);
INSERT INTO prediction (id, user_id, game_id, home_score, away_score, created_at, updated_at) VALUES (1704, 7, 210, 3, 2, '2024-01-01 00:00:00', NULL);
INSERT INTO prediction (id, user_id, game_id, home_score, away_score, created_at, updated_at) VALUES (1705, 11, 210, 5, 2, '2024-01-01 00:00:00', NULL);
INSERT INTO prediction (id, user_id, game_id, home_score, away_score, created_at, updated_at) VALUES (1706, 18, 210, 4, 2, '2024-01-01 00:00:00', NULL);
INSERT INTO prediction (id, user_id, game_id, home_score, away_score, created_at, updated_at) VALUES (1707, 13, 211, 4, 2, '2024-01-01 00:00:00', NULL);
INSERT INTO prediction (id, user_id, game_id, home_score, away_score, created_at, updated_at) VALUES (1708, 8, 211, 4, 3, '2024-01-01 00:00:00', NULL);
INSERT INTO prediction (id, user_id, game_id, home_score, away_score, created_at, updated_at) VALUES (1709, 16, 211, 3, 2, '2024-01-01 00:00:00', NULL);
INSERT INTO prediction (id, user_id, game_id, home_score, away_score, created_at, updated_at) VALUES (1710, 9, 211, 5, 2, '2024-01-01 00:00:00', NULL);
INSERT INTO prediction (id, user_id, game_id, home_score, away_score, created_at, updated_at) VALUES (1711, 19, 211, 5, 3, '2024-01-01 00:00:00', NULL);
INSERT INTO prediction (id, user_id, game_id, home_score, away_score, created_at, updated_at) VALUES (1712, 14, 211, 4, 1, '2024-01-01 00:00:00', NULL);
INSERT INTO prediction (id, user_id, game_id, home_score, away_score, created_at, updated_at) VALUES (1713, 15, 211, 2, 3, '2024-01-01 00:00:00', NULL);
INSERT INTO prediction (id, user_id, game_id, home_score, away_score, created_at, updated_at) VALUES (1714, 17, 211, 5, 2, '2024-01-01 00:00:00', NULL);
INSERT INTO prediction (id, user_id, game_id, home_score, away_score, created_at, updated_at) VALUES (1715, 7, 211, 3, 1, '2024-01-01 00:00:00', NULL);
INSERT INTO prediction (id, user_id, game_id, home_score, away_score, created_at, updated_at) VALUES (1716, 11, 211, 4, 2, '2024-01-01 00:00:00', NULL);
INSERT INTO prediction (id, user_id, game_id, home_score, away_score, created_at, updated_at) VALUES (1717, 18, 211, 3, 2, '2024-01-01 00:00:00', NULL);
INSERT INTO prediction (id, user_id, game_id, home_score, away_score, created_at, updated_at) VALUES (1718, 13, 212, 2, 1, '2024-01-01 00:00:00', NULL);
INSERT INTO prediction (id, user_id, game_id, home_score, away_score, created_at, updated_at) VALUES (1719, 8, 212, 3, 2, '2024-01-01 00:00:00', NULL);
INSERT INTO prediction (id, user_id, game_id, home_score, away_score, created_at, updated_at) VALUES (1720, 16, 212, 4, 3, '2024-01-01 00:00:00', NULL);
INSERT INTO prediction (id, user_id, game_id, home_score, away_score, created_at, updated_at) VALUES (1721, 9, 212, 4, 2, '2024-01-01 00:00:00', NULL);
INSERT INTO prediction (id, user_id, game_id, home_score, away_score, created_at, updated_at) VALUES (1722, 19, 212, 4, 2, '2024-01-01 00:00:00', NULL);
INSERT INTO prediction (id, user_id, game_id, home_score, away_score, created_at, updated_at) VALUES (1723, 14, 212, 3, 5, '2024-01-01 00:00:00', NULL);
INSERT INTO prediction (id, user_id, game_id, home_score, away_score, created_at, updated_at) VALUES (1724, 15, 212, 3, 2, '2024-01-01 00:00:00', NULL);
INSERT INTO prediction (id, user_id, game_id, home_score, away_score, created_at, updated_at) VALUES (1725, 17, 212, 4, 3, '2024-01-01 00:00:00', NULL);
INSERT INTO prediction (id, user_id, game_id, home_score, away_score, created_at, updated_at) VALUES (1726, 7, 212, 3, 4, '2024-01-01 00:00:00', NULL);
INSERT INTO prediction (id, user_id, game_id, home_score, away_score, created_at, updated_at) VALUES (1727, 11, 212, 4, 3, '2024-01-01 00:00:00', NULL);
INSERT INTO prediction (id, user_id, game_id, home_score, away_score, created_at, updated_at) VALUES (1728, 18, 212, 4, 2, '2024-01-01 00:00:00', NULL);
INSERT INTO prediction (id, user_id, game_id, home_score, away_score, created_at, updated_at) VALUES (1729, 13, 213, 1, 3, '2024-01-01 00:00:00', NULL);
INSERT INTO prediction (id, user_id, game_id, home_score, away_score, created_at, updated_at) VALUES (1730, 8, 213, 2, 5, '2024-01-01 00:00:00', NULL);
INSERT INTO prediction (id, user_id, game_id, home_score, away_score, created_at, updated_at) VALUES (1731, 16, 213, 2, 5, '2024-01-01 00:00:00', NULL);
INSERT INTO prediction (id, user_id, game_id, home_score, away_score, created_at, updated_at) VALUES (1732, 9, 213, 1, 4, '2024-01-01 00:00:00', NULL);
INSERT INTO prediction (id, user_id, game_id, home_score, away_score, created_at, updated_at) VALUES (1733, 19, 213, 1, 3, '2024-01-01 00:00:00', NULL);
INSERT INTO prediction (id, user_id, game_id, home_score, away_score, created_at, updated_at) VALUES (1734, 14, 213, 2, 5, '2024-01-01 00:00:00', NULL);
INSERT INTO prediction (id, user_id, game_id, home_score, away_score, created_at, updated_at) VALUES (1735, 15, 213, 1, 4, '2024-01-01 00:00:00', NULL);
INSERT INTO prediction (id, user_id, game_id, home_score, away_score, created_at, updated_at) VALUES (1736, 17, 213, 0, 4, '2024-01-01 00:00:00', NULL);
INSERT INTO prediction (id, user_id, game_id, home_score, away_score, created_at, updated_at) VALUES (1737, 7, 213, 1, 3, '2024-01-01 00:00:00', NULL);
INSERT INTO prediction (id, user_id, game_id, home_score, away_score, created_at, updated_at) VALUES (1738, 11, 213, 2, 3, '2024-01-01 00:00:00', NULL);
INSERT INTO prediction (id, user_id, game_id, home_score, away_score, created_at, updated_at) VALUES (1739, 18, 213, 1, 5, '2024-01-01 00:00:00', NULL);
INSERT INTO prediction (id, user_id, game_id, home_score, away_score, created_at, updated_at) VALUES (1740, 13, 214, 3, 2, '2024-01-01 00:00:00', NULL);
INSERT INTO prediction (id, user_id, game_id, home_score, away_score, created_at, updated_at) VALUES (1741, 8, 214, 3, 2, '2024-01-01 00:00:00', NULL);
INSERT INTO prediction (id, user_id, game_id, home_score, away_score, created_at, updated_at) VALUES (1742, 16, 214, 4, 3, '2024-01-01 00:00:00', NULL);
INSERT INTO prediction (id, user_id, game_id, home_score, away_score, created_at, updated_at) VALUES (1743, 9, 214, 2, 3, '2024-01-01 00:00:00', NULL);
INSERT INTO prediction (id, user_id, game_id, home_score, away_score, created_at, updated_at) VALUES (1744, 19, 214, 6, 1, '2024-01-01 00:00:00', NULL);
INSERT INTO prediction (id, user_id, game_id, home_score, away_score, created_at, updated_at) VALUES (1745, 14, 214, 3, 1, '2024-01-01 00:00:00', NULL);
INSERT INTO prediction (id, user_id, game_id, home_score, away_score, created_at, updated_at) VALUES (1746, 15, 214, 4, 2, '2024-01-01 00:00:00', NULL);
INSERT INTO prediction (id, user_id, game_id, home_score, away_score, created_at, updated_at) VALUES (1747, 17, 214, 4, 1, '2024-01-01 00:00:00', NULL);
INSERT INTO prediction (id, user_id, game_id, home_score, away_score, created_at, updated_at) VALUES (1748, 7, 214, 3, 1, '2024-01-01 00:00:00', NULL);
INSERT INTO prediction (id, user_id, game_id, home_score, away_score, created_at, updated_at) VALUES (1749, 11, 214, 5, 3, '2024-01-01 00:00:00', NULL);
INSERT INTO prediction (id, user_id, game_id, home_score, away_score, created_at, updated_at) VALUES (1750, 18, 214, 3, 2, '2024-01-01 00:00:00', NULL);
INSERT INTO prediction (id, user_id, game_id, home_score, away_score, created_at, updated_at) VALUES (1751, 13, 215, 2, 1, '2024-01-01 00:00:00', NULL);
INSERT INTO prediction (id, user_id, game_id, home_score, away_score, created_at, updated_at) VALUES (1752, 8, 215, 4, 2, '2024-01-01 00:00:00', NULL);
INSERT INTO prediction (id, user_id, game_id, home_score, away_score, created_at, updated_at) VALUES (1753, 16, 215, 3, 2, '2024-01-01 00:00:00', NULL);
INSERT INTO prediction (id, user_id, game_id, home_score, away_score, created_at, updated_at) VALUES (1754, 9, 215, 4, 2, '2024-01-01 00:00:00', NULL);
INSERT INTO prediction (id, user_id, game_id, home_score, away_score, created_at, updated_at) VALUES (1755, 19, 215, 5, 3, '2024-01-01 00:00:00', NULL);
INSERT INTO prediction (id, user_id, game_id, home_score, away_score, created_at, updated_at) VALUES (1756, 14, 215, 3, 2, '2024-01-01 00:00:00', NULL);
INSERT INTO prediction (id, user_id, game_id, home_score, away_score, created_at, updated_at) VALUES (1757, 15, 215, 4, 2, '2024-01-01 00:00:00', NULL);
INSERT INTO prediction (id, user_id, game_id, home_score, away_score, created_at, updated_at) VALUES (1758, 17, 215, 3, 2, '2024-01-01 00:00:00', NULL);
INSERT INTO prediction (id, user_id, game_id, home_score, away_score, created_at, updated_at) VALUES (1759, 7, 215, 2, 3, '2024-01-01 00:00:00', NULL);
INSERT INTO prediction (id, user_id, game_id, home_score, away_score, created_at, updated_at) VALUES (1760, 11, 215, 3, 2, '2024-01-01 00:00:00', NULL);
INSERT INTO prediction (id, user_id, game_id, home_score, away_score, created_at, updated_at) VALUES (1761, 18, 215, 2, 1, '2024-01-01 00:00:00', NULL);
INSERT INTO prediction (id, user_id, game_id, home_score, away_score, created_at, updated_at) VALUES (1762, 13, 216, 3, 0, '2024-01-01 00:00:00', NULL);
INSERT INTO prediction (id, user_id, game_id, home_score, away_score, created_at, updated_at) VALUES (1763, 8, 216, 3, 2, '2024-01-01 00:00:00', NULL);
INSERT INTO prediction (id, user_id, game_id, home_score, away_score, created_at, updated_at) VALUES (1764, 16, 216, 5, 2, '2024-01-01 00:00:00', NULL);
INSERT INTO prediction (id, user_id, game_id, home_score, away_score, created_at, updated_at) VALUES (1765, 9, 216, 3, 1, '2024-01-01 00:00:00', NULL);
INSERT INTO prediction (id, user_id, game_id, home_score, away_score, created_at, updated_at) VALUES (1766, 19, 216, 4, 2, '2024-01-01 00:00:00', NULL);
INSERT INTO prediction (id, user_id, game_id, home_score, away_score, created_at, updated_at) VALUES (1767, 14, 216, 4, 2, '2024-01-01 00:00:00', NULL);
INSERT INTO prediction (id, user_id, game_id, home_score, away_score, created_at, updated_at) VALUES (1768, 15, 216, 4, 1, '2024-01-01 00:00:00', NULL);
INSERT INTO prediction (id, user_id, game_id, home_score, away_score, created_at, updated_at) VALUES (1769, 17, 216, 2, 4, '2024-01-01 00:00:00', NULL);
INSERT INTO prediction (id, user_id, game_id, home_score, away_score, created_at, updated_at) VALUES (1770, 7, 216, 5, 1, '2024-01-01 00:00:00', NULL);
INSERT INTO prediction (id, user_id, game_id, home_score, away_score, created_at, updated_at) VALUES (1771, 11, 216, 2, 3, '2024-01-01 00:00:00', NULL);
INSERT INTO prediction (id, user_id, game_id, home_score, away_score, created_at, updated_at) VALUES (1772, 18, 216, 3, 1, '2024-01-01 00:00:00', NULL);
INSERT INTO prediction (id, user_id, game_id, home_score, away_score, created_at, updated_at) VALUES (1773, 13, 217, 4, 0, '2024-01-01 00:00:00', NULL);
INSERT INTO prediction (id, user_id, game_id, home_score, away_score, created_at, updated_at) VALUES (1774, 8, 217, 3, 1, '2024-01-01 00:00:00', NULL);
INSERT INTO prediction (id, user_id, game_id, home_score, away_score, created_at, updated_at) VALUES (1775, 16, 217, 6, 1, '2024-01-01 00:00:00', NULL);
INSERT INTO prediction (id, user_id, game_id, home_score, away_score, created_at, updated_at) VALUES (1776, 9, 217, 7, 1, '2024-01-01 00:00:00', NULL);
INSERT INTO prediction (id, user_id, game_id, home_score, away_score, created_at, updated_at) VALUES (1777, 19, 217, 6, 1, '2024-01-01 00:00:00', NULL);
INSERT INTO prediction (id, user_id, game_id, home_score, away_score, created_at, updated_at) VALUES (1778, 14, 217, 5, 1, '2024-01-01 00:00:00', NULL);
INSERT INTO prediction (id, user_id, game_id, home_score, away_score, created_at, updated_at) VALUES (1779, 15, 217, 4, 1, '2024-01-01 00:00:00', NULL);
INSERT INTO prediction (id, user_id, game_id, home_score, away_score, created_at, updated_at) VALUES (1780, 17, 217, 5, 1, '2024-01-01 00:00:00', NULL);
INSERT INTO prediction (id, user_id, game_id, home_score, away_score, created_at, updated_at) VALUES (1781, 7, 217, 4, 1, '2024-01-01 00:00:00', NULL);
INSERT INTO prediction (id, user_id, game_id, home_score, away_score, created_at, updated_at) VALUES (1782, 11, 217, 4, 1, '2024-01-01 00:00:00', NULL);
INSERT INTO prediction (id, user_id, game_id, home_score, away_score, created_at, updated_at) VALUES (1783, 18, 217, 4, 1, '2024-01-01 00:00:00', NULL);
INSERT INTO prediction (id, user_id, game_id, home_score, away_score, created_at, updated_at) VALUES (1784, 13, 218, 2, 3, '2024-01-01 00:00:00', NULL);
INSERT INTO prediction (id, user_id, game_id, home_score, away_score, created_at, updated_at) VALUES (1785, 8, 218, 1, 3, '2024-01-01 00:00:00', NULL);
INSERT INTO prediction (id, user_id, game_id, home_score, away_score, created_at, updated_at) VALUES (1786, 16, 218, 2, 4, '2024-01-01 00:00:00', NULL);
INSERT INTO prediction (id, user_id, game_id, home_score, away_score, created_at, updated_at) VALUES (1787, 9, 218, 1, 4, '2024-01-01 00:00:00', NULL);
INSERT INTO prediction (id, user_id, game_id, home_score, away_score, created_at, updated_at) VALUES (1788, 19, 218, 2, 4, '2024-01-01 00:00:00', NULL);
INSERT INTO prediction (id, user_id, game_id, home_score, away_score, created_at, updated_at) VALUES (1789, 14, 218, 2, 5, '2024-01-01 00:00:00', NULL);
INSERT INTO prediction (id, user_id, game_id, home_score, away_score, created_at, updated_at) VALUES (1790, 15, 218, 2, 4, '2024-01-01 00:00:00', NULL);
INSERT INTO prediction (id, user_id, game_id, home_score, away_score, created_at, updated_at) VALUES (1791, 17, 218, 2, 3, '2024-01-01 00:00:00', NULL);
INSERT INTO prediction (id, user_id, game_id, home_score, away_score, created_at, updated_at) VALUES (1792, 7, 218, 2, 5, '2024-01-01 00:00:00', NULL);
INSERT INTO prediction (id, user_id, game_id, home_score, away_score, created_at, updated_at) VALUES (1793, 11, 218, 4, 5, '2024-01-01 00:00:00', NULL);
INSERT INTO prediction (id, user_id, game_id, home_score, away_score, created_at, updated_at) VALUES (1794, 18, 218, 0, 3, '2024-01-01 00:00:00', NULL);
INSERT INTO prediction (id, user_id, game_id, home_score, away_score, created_at, updated_at) VALUES (1795, 13, 219, 4, 3, '2024-01-01 00:00:00', NULL);
INSERT INTO prediction (id, user_id, game_id, home_score, away_score, created_at, updated_at) VALUES (1796, 8, 219, 3, 2, '2024-01-01 00:00:00', NULL);
INSERT INTO prediction (id, user_id, game_id, home_score, away_score, created_at, updated_at) VALUES (1797, 16, 219, 5, 2, '2024-01-01 00:00:00', NULL);
INSERT INTO prediction (id, user_id, game_id, home_score, away_score, created_at, updated_at) VALUES (1798, 9, 219, 3, 1, '2024-01-01 00:00:00', NULL);
INSERT INTO prediction (id, user_id, game_id, home_score, away_score, created_at, updated_at) VALUES (1799, 19, 219, 4, 1, '2024-01-01 00:00:00', NULL);
INSERT INTO prediction (id, user_id, game_id, home_score, away_score, created_at, updated_at) VALUES (1800, 14, 219, 4, 2, '2024-01-01 00:00:00', NULL);
INSERT INTO prediction (id, user_id, game_id, home_score, away_score, created_at, updated_at) VALUES (1801, 15, 219, 5, 1, '2024-01-01 00:00:00', NULL);
INSERT INTO prediction (id, user_id, game_id, home_score, away_score, created_at, updated_at) VALUES (1802, 17, 219, 2, 1, '2024-01-01 00:00:00', NULL);
INSERT INTO prediction (id, user_id, game_id, home_score, away_score, created_at, updated_at) VALUES (1803, 7, 219, 2, 1, '2024-01-01 00:00:00', NULL);
INSERT INTO prediction (id, user_id, game_id, home_score, away_score, created_at, updated_at) VALUES (1804, 11, 219, 3, 2, '2024-01-01 00:00:00', NULL);
INSERT INTO prediction (id, user_id, game_id, home_score, away_score, created_at, updated_at) VALUES (1805, 18, 219, 2, 1, '2024-01-01 00:00:00', NULL);
INSERT INTO prediction (id, user_id, game_id, home_score, away_score, created_at, updated_at) VALUES (1806, 13, 220, 4, 1, '2024-01-01 00:00:00', NULL);
INSERT INTO prediction (id, user_id, game_id, home_score, away_score, created_at, updated_at) VALUES (1807, 8, 220, 3, 2, '2024-01-01 00:00:00', NULL);
INSERT INTO prediction (id, user_id, game_id, home_score, away_score, created_at, updated_at) VALUES (1808, 16, 220, 4, 2, '2024-01-01 00:00:00', NULL);
INSERT INTO prediction (id, user_id, game_id, home_score, away_score, created_at, updated_at) VALUES (1809, 9, 220, 4, 1, '2024-01-01 00:00:00', NULL);
INSERT INTO prediction (id, user_id, game_id, home_score, away_score, created_at, updated_at) VALUES (1810, 19, 220, 4, 2, '2024-01-01 00:00:00', NULL);
INSERT INTO prediction (id, user_id, game_id, home_score, away_score, created_at, updated_at) VALUES (1811, 14, 220, 3, 2, '2024-01-01 00:00:00', NULL);
INSERT INTO prediction (id, user_id, game_id, home_score, away_score, created_at, updated_at) VALUES (1812, 15, 220, 3, 1, '2024-01-01 00:00:00', NULL);
INSERT INTO prediction (id, user_id, game_id, home_score, away_score, created_at, updated_at) VALUES (1813, 17, 220, 3, 1, '2024-01-01 00:00:00', NULL);
INSERT INTO prediction (id, user_id, game_id, home_score, away_score, created_at, updated_at) VALUES (1814, 7, 220, 3, 1, '2024-01-01 00:00:00', NULL);
INSERT INTO prediction (id, user_id, game_id, home_score, away_score, created_at, updated_at) VALUES (1815, 11, 220, 3, 2, '2024-01-01 00:00:00', NULL);
INSERT INTO prediction (id, user_id, game_id, home_score, away_score, created_at, updated_at) VALUES (1816, 18, 220, 2, 1, '2024-01-01 00:00:00', NULL);
INSERT INTO prediction (id, user_id, game_id, home_score, away_score, created_at, updated_at) VALUES (1817, 13, 221, 3, 4, '2024-01-01 00:00:00', NULL);
INSERT INTO prediction (id, user_id, game_id, home_score, away_score, created_at, updated_at) VALUES (1818, 8, 221, 2, 3, '2024-01-01 00:00:00', NULL);
INSERT INTO prediction (id, user_id, game_id, home_score, away_score, created_at, updated_at) VALUES (1819, 16, 221, 2, 3, '2024-01-01 00:00:00', NULL);
INSERT INTO prediction (id, user_id, game_id, home_score, away_score, created_at, updated_at) VALUES (1820, 9, 221, 2, 3, '2024-01-01 00:00:00', NULL);
INSERT INTO prediction (id, user_id, game_id, home_score, away_score, created_at, updated_at) VALUES (1821, 19, 221, 5, 3, '2024-01-01 00:00:00', NULL);
INSERT INTO prediction (id, user_id, game_id, home_score, away_score, created_at, updated_at) VALUES (1822, 14, 221, 2, 5, '2024-01-01 00:00:00', NULL);
INSERT INTO prediction (id, user_id, game_id, home_score, away_score, created_at, updated_at) VALUES (1823, 15, 221, 1, 3, '2024-01-01 00:00:00', NULL);
INSERT INTO prediction (id, user_id, game_id, home_score, away_score, created_at, updated_at) VALUES (1824, 17, 221, 2, 3, '2024-01-01 00:00:00', NULL);
INSERT INTO prediction (id, user_id, game_id, home_score, away_score, created_at, updated_at) VALUES (1825, 7, 221, 2, 4, '2024-01-01 00:00:00', NULL);
INSERT INTO prediction (id, user_id, game_id, home_score, away_score, created_at, updated_at) VALUES (1826, 11, 221, 2, 4, '2024-01-01 00:00:00', NULL);
INSERT INTO prediction (id, user_id, game_id, home_score, away_score, created_at, updated_at) VALUES (1827, 18, 221, 1, 3, '2024-01-01 00:00:00', NULL);
INSERT INTO prediction (id, user_id, game_id, home_score, away_score, created_at, updated_at) VALUES (1828, 13, 222, 4, 2, '2024-01-01 00:00:00', NULL);
INSERT INTO prediction (id, user_id, game_id, home_score, away_score, created_at, updated_at) VALUES (1829, 8, 222, 4, 1, '2024-01-01 00:00:00', NULL);
INSERT INTO prediction (id, user_id, game_id, home_score, away_score, created_at, updated_at) VALUES (1830, 16, 222, 4, 3, '2024-01-01 00:00:00', NULL);
INSERT INTO prediction (id, user_id, game_id, home_score, away_score, created_at, updated_at) VALUES (1831, 9, 222, 2, 3, '2024-01-01 00:00:00', NULL);
INSERT INTO prediction (id, user_id, game_id, home_score, away_score, created_at, updated_at) VALUES (1832, 19, 222, 6, 2, '2024-01-01 00:00:00', NULL);
INSERT INTO prediction (id, user_id, game_id, home_score, away_score, created_at, updated_at) VALUES (1833, 14, 222, 3, 1, '2024-01-01 00:00:00', NULL);
INSERT INTO prediction (id, user_id, game_id, home_score, away_score, created_at, updated_at) VALUES (1834, 15, 222, 4, 1, '2024-01-01 00:00:00', NULL);
INSERT INTO prediction (id, user_id, game_id, home_score, away_score, created_at, updated_at) VALUES (1835, 17, 222, 5, 2, '2024-01-01 00:00:00', NULL);
INSERT INTO prediction (id, user_id, game_id, home_score, away_score, created_at, updated_at) VALUES (1836, 7, 222, 3, 0, '2024-01-01 00:00:00', NULL);
INSERT INTO prediction (id, user_id, game_id, home_score, away_score, created_at, updated_at) VALUES (1837, 11, 222, 3, 2, '2024-01-01 00:00:00', NULL);
INSERT INTO prediction (id, user_id, game_id, home_score, away_score, created_at, updated_at) VALUES (1838, 18, 222, 4, 2, '2024-01-01 00:00:00', NULL);
INSERT INTO prediction (id, user_id, game_id, home_score, away_score, created_at, updated_at) VALUES (1839, 13, 223, 1, 2, '2024-01-01 00:00:00', NULL);
INSERT INTO prediction (id, user_id, game_id, home_score, away_score, created_at, updated_at) VALUES (1840, 8, 223, 2, 4, '2024-01-01 00:00:00', NULL);
INSERT INTO prediction (id, user_id, game_id, home_score, away_score, created_at, updated_at) VALUES (1841, 16, 223, 2, 3, '2024-01-01 00:00:00', NULL);
INSERT INTO prediction (id, user_id, game_id, home_score, away_score, created_at, updated_at) VALUES (1842, 9, 223, 2, 3, '2024-01-01 00:00:00', NULL);
INSERT INTO prediction (id, user_id, game_id, home_score, away_score, created_at, updated_at) VALUES (1843, 19, 223, 3, 4, '2024-01-01 00:00:00', NULL);
INSERT INTO prediction (id, user_id, game_id, home_score, away_score, created_at, updated_at) VALUES (1844, 14, 223, 3, 4, '2024-01-01 00:00:00', NULL);
INSERT INTO prediction (id, user_id, game_id, home_score, away_score, created_at, updated_at) VALUES (1845, 15, 223, 5, 2, '2024-01-01 00:00:00', NULL);
INSERT INTO prediction (id, user_id, game_id, home_score, away_score, created_at, updated_at) VALUES (1846, 17, 223, 2, 4, '2024-01-01 00:00:00', NULL);
INSERT INTO prediction (id, user_id, game_id, home_score, away_score, created_at, updated_at) VALUES (1847, 7, 223, 2, 3, '2024-01-01 00:00:00', NULL);
INSERT INTO prediction (id, user_id, game_id, home_score, away_score, created_at, updated_at) VALUES (1848, 11, 223, 5, 3, '2024-01-01 00:00:00', NULL);
INSERT INTO prediction (id, user_id, game_id, home_score, away_score, created_at, updated_at) VALUES (1849, 18, 223, 2, 3, '2024-01-01 00:00:00', NULL);
INSERT INTO prediction (id, user_id, game_id, home_score, away_score, created_at, updated_at) VALUES (1850, 13, 224, 5, 2, '2024-01-01 00:00:00', NULL);
INSERT INTO prediction (id, user_id, game_id, home_score, away_score, created_at, updated_at) VALUES (1851, 8, 224, 5, 0, '2024-01-01 00:00:00', NULL);
INSERT INTO prediction (id, user_id, game_id, home_score, away_score, created_at, updated_at) VALUES (1852, 16, 224, 5, 2, '2024-01-01 00:00:00', NULL);
INSERT INTO prediction (id, user_id, game_id, home_score, away_score, created_at, updated_at) VALUES (1853, 9, 224, 4, 1, '2024-01-01 00:00:00', NULL);
INSERT INTO prediction (id, user_id, game_id, home_score, away_score, created_at, updated_at) VALUES (1854, 19, 224, 5, 1, '2024-01-01 00:00:00', NULL);
INSERT INTO prediction (id, user_id, game_id, home_score, away_score, created_at, updated_at) VALUES (1855, 14, 224, 5, 1, '2024-01-01 00:00:00', NULL);
INSERT INTO prediction (id, user_id, game_id, home_score, away_score, created_at, updated_at) VALUES (1856, 15, 224, 7, 1, '2024-01-01 00:00:00', NULL);
INSERT INTO prediction (id, user_id, game_id, home_score, away_score, created_at, updated_at) VALUES (1857, 17, 224, 6, 0, '2024-01-01 00:00:00', NULL);
INSERT INTO prediction (id, user_id, game_id, home_score, away_score, created_at, updated_at) VALUES (1858, 7, 224, 7, 0, '2024-01-01 00:00:00', NULL);
INSERT INTO prediction (id, user_id, game_id, home_score, away_score, created_at, updated_at) VALUES (1859, 11, 224, 6, 2, '2024-01-01 00:00:00', NULL);
INSERT INTO prediction (id, user_id, game_id, home_score, away_score, created_at, updated_at) VALUES (1860, 18, 224, 3, 1, '2024-01-01 00:00:00', NULL);
INSERT INTO prediction (id, user_id, game_id, home_score, away_score, created_at, updated_at) VALUES (1861, 13, 225, 4, 1, '2024-01-01 00:00:00', NULL);
INSERT INTO prediction (id, user_id, game_id, home_score, away_score, created_at, updated_at) VALUES (1862, 8, 225, 4, 3, '2024-01-01 00:00:00', NULL);
INSERT INTO prediction (id, user_id, game_id, home_score, away_score, created_at, updated_at) VALUES (1863, 16, 225, 4, 2, '2024-01-01 00:00:00', NULL);
INSERT INTO prediction (id, user_id, game_id, home_score, away_score, created_at, updated_at) VALUES (1864, 9, 225, 5, 1, '2024-01-01 00:00:00', NULL);
INSERT INTO prediction (id, user_id, game_id, home_score, away_score, created_at, updated_at) VALUES (1865, 19, 225, 9, 1, '2024-01-01 00:00:00', NULL);
INSERT INTO prediction (id, user_id, game_id, home_score, away_score, created_at, updated_at) VALUES (1866, 14, 225, 4, 2, '2024-01-01 00:00:00', NULL);
INSERT INTO prediction (id, user_id, game_id, home_score, away_score, created_at, updated_at) VALUES (1867, 15, 225, 5, 2, '2024-01-01 00:00:00', NULL);
INSERT INTO prediction (id, user_id, game_id, home_score, away_score, created_at, updated_at) VALUES (1868, 17, 225, 6, 0, '2024-01-01 00:00:00', NULL);
INSERT INTO prediction (id, user_id, game_id, home_score, away_score, created_at, updated_at) VALUES (1869, 7, 225, 4, 1, '2024-01-01 00:00:00', NULL);
INSERT INTO prediction (id, user_id, game_id, home_score, away_score, created_at, updated_at) VALUES (1870, 11, 225, 2, 4, '2024-01-01 00:00:00', NULL);
INSERT INTO prediction (id, user_id, game_id, home_score, away_score, created_at, updated_at) VALUES (1871, 18, 225, 4, 1, '2024-01-01 00:00:00', NULL);
INSERT INTO prediction (id, user_id, game_id, home_score, away_score, created_at, updated_at) VALUES (1872, 13, 226, 3, 2, '2024-01-01 00:00:00', NULL);
INSERT INTO prediction (id, user_id, game_id, home_score, away_score, created_at, updated_at) VALUES (1873, 8, 226, 3, 2, '2024-01-01 00:00:00', NULL);
INSERT INTO prediction (id, user_id, game_id, home_score, away_score, created_at, updated_at) VALUES (1874, 16, 226, 3, 5, '2024-01-01 00:00:00', NULL);
INSERT INTO prediction (id, user_id, game_id, home_score, away_score, created_at, updated_at) VALUES (1875, 9, 226, 4, 2, '2024-01-01 00:00:00', NULL);
INSERT INTO prediction (id, user_id, game_id, home_score, away_score, created_at, updated_at) VALUES (1876, 19, 226, 2, 4, '2024-01-01 00:00:00', NULL);
INSERT INTO prediction (id, user_id, game_id, home_score, away_score, created_at, updated_at) VALUES (1877, 14, 226, 3, 4, '2024-01-01 00:00:00', NULL);
INSERT INTO prediction (id, user_id, game_id, home_score, away_score, created_at, updated_at) VALUES (1878, 15, 226, 3, 2, '2024-01-01 00:00:00', NULL);
INSERT INTO prediction (id, user_id, game_id, home_score, away_score, created_at, updated_at) VALUES (1879, 17, 226, 4, 2, '2024-01-01 00:00:00', NULL);
INSERT INTO prediction (id, user_id, game_id, home_score, away_score, created_at, updated_at) VALUES (1880, 7, 226, 2, 4, '2024-01-01 00:00:00', NULL);
INSERT INTO prediction (id, user_id, game_id, home_score, away_score, created_at, updated_at) VALUES (1881, 11, 226, 1, 3, '2024-01-01 00:00:00', NULL);
INSERT INTO prediction (id, user_id, game_id, home_score, away_score, created_at, updated_at) VALUES (1882, 18, 226, 3, 2, '2024-01-01 00:00:00', NULL);
INSERT INTO prediction (id, user_id, game_id, home_score, away_score, created_at, updated_at) VALUES (1883, 13, 227, 4, 3, '2024-01-01 00:00:00', NULL);
INSERT INTO prediction (id, user_id, game_id, home_score, away_score, created_at, updated_at) VALUES (1884, 8, 227, 4, 3, '2024-01-01 00:00:00', NULL);
INSERT INTO prediction (id, user_id, game_id, home_score, away_score, created_at, updated_at) VALUES (1885, 16, 227, 4, 3, '2024-01-01 00:00:00', NULL);
INSERT INTO prediction (id, user_id, game_id, home_score, away_score, created_at, updated_at) VALUES (1886, 9, 227, 2, 4, '2024-01-01 00:00:00', NULL);
INSERT INTO prediction (id, user_id, game_id, home_score, away_score, created_at, updated_at) VALUES (1887, 19, 227, 4, 2, '2024-01-01 00:00:00', NULL);
INSERT INTO prediction (id, user_id, game_id, home_score, away_score, created_at, updated_at) VALUES (1888, 14, 227, 3, 2, '2024-01-01 00:00:00', NULL);
INSERT INTO prediction (id, user_id, game_id, home_score, away_score, created_at, updated_at) VALUES (1889, 15, 227, 3, 5, '2024-01-01 00:00:00', NULL);
INSERT INTO prediction (id, user_id, game_id, home_score, away_score, created_at, updated_at) VALUES (1890, 17, 227, 3, 1, '2024-01-01 00:00:00', NULL);
INSERT INTO prediction (id, user_id, game_id, home_score, away_score, created_at, updated_at) VALUES (1891, 7, 227, 1, 2, '2024-01-01 00:00:00', NULL);
INSERT INTO prediction (id, user_id, game_id, home_score, away_score, created_at, updated_at) VALUES (1892, 11, 227, 4, 2, '2024-01-01 00:00:00', NULL);
INSERT INTO prediction (id, user_id, game_id, home_score, away_score, created_at, updated_at) VALUES (1893, 18, 227, 4, 3, '2024-01-01 00:00:00', NULL);
INSERT INTO prediction (id, user_id, game_id, home_score, away_score, created_at, updated_at) VALUES (1894, 13, 228, 3, 1, '2024-01-01 00:00:00', NULL);
INSERT INTO prediction (id, user_id, game_id, home_score, away_score, created_at, updated_at) VALUES (1895, 8, 228, 4, 3, '2024-01-01 00:00:00', NULL);
INSERT INTO prediction (id, user_id, game_id, home_score, away_score, created_at, updated_at) VALUES (1896, 16, 228, 3, 2, '2024-01-01 00:00:00', NULL);
INSERT INTO prediction (id, user_id, game_id, home_score, away_score, created_at, updated_at) VALUES (1897, 9, 228, 3, 1, '2024-01-01 00:00:00', NULL);
INSERT INTO prediction (id, user_id, game_id, home_score, away_score, created_at, updated_at) VALUES (1898, 19, 228, 4, 2, '2024-01-01 00:00:00', NULL);
INSERT INTO prediction (id, user_id, game_id, home_score, away_score, created_at, updated_at) VALUES (1899, 14, 228, 4, 2, '2024-01-01 00:00:00', NULL);
INSERT INTO prediction (id, user_id, game_id, home_score, away_score, created_at, updated_at) VALUES (1900, 15, 228, 4, 2, '2024-01-01 00:00:00', NULL);
INSERT INTO prediction (id, user_id, game_id, home_score, away_score, created_at, updated_at) VALUES (1901, 17, 228, 3, 2, '2024-01-01 00:00:00', NULL);
INSERT INTO prediction (id, user_id, game_id, home_score, away_score, created_at, updated_at) VALUES (1902, 7, 228, 3, 1, '2024-01-01 00:00:00', NULL);
INSERT INTO prediction (id, user_id, game_id, home_score, away_score, created_at, updated_at) VALUES (1903, 11, 228, 4, 3, '2024-01-01 00:00:00', NULL);
INSERT INTO prediction (id, user_id, game_id, home_score, away_score, created_at, updated_at) VALUES (1904, 18, 228, 2, 1, '2024-01-01 00:00:00', NULL);
INSERT INTO prediction (id, user_id, game_id, home_score, away_score, created_at, updated_at) VALUES (1905, 13, 229, 4, 1, '2024-01-01 00:00:00', NULL);
INSERT INTO prediction (id, user_id, game_id, home_score, away_score, created_at, updated_at) VALUES (1906, 8, 229, 5, 2, '2024-01-01 00:00:00', NULL);
INSERT INTO prediction (id, user_id, game_id, home_score, away_score, created_at, updated_at) VALUES (1907, 16, 229, 6, 0, '2024-01-01 00:00:00', NULL);
INSERT INTO prediction (id, user_id, game_id, home_score, away_score, created_at, updated_at) VALUES (1908, 9, 229, 6, 1, '2024-01-01 00:00:00', NULL);
INSERT INTO prediction (id, user_id, game_id, home_score, away_score, created_at, updated_at) VALUES (1909, 19, 229, 5, 2, '2024-01-01 00:00:00', NULL);
INSERT INTO prediction (id, user_id, game_id, home_score, away_score, created_at, updated_at) VALUES (1910, 14, 229, 4, 1, '2024-01-01 00:00:00', NULL);
INSERT INTO prediction (id, user_id, game_id, home_score, away_score, created_at, updated_at) VALUES (1911, 15, 229, 4, 1, '2024-01-01 00:00:00', NULL);
INSERT INTO prediction (id, user_id, game_id, home_score, away_score, created_at, updated_at) VALUES (1912, 17, 229, 6, 2, '2024-01-01 00:00:00', NULL);
INSERT INTO prediction (id, user_id, game_id, home_score, away_score, created_at, updated_at) VALUES (1913, 7, 229, 4, 1, '2024-01-01 00:00:00', NULL);
INSERT INTO prediction (id, user_id, game_id, home_score, away_score, created_at, updated_at) VALUES (1914, 11, 229, 4, 2, '2024-01-01 00:00:00', NULL);
INSERT INTO prediction (id, user_id, game_id, home_score, away_score, created_at, updated_at) VALUES (1915, 18, 229, 4, 1, '2024-01-01 00:00:00', NULL);
INSERT INTO prediction (id, user_id, game_id, home_score, away_score, created_at, updated_at) VALUES (1916, 13, 230, 2, 3, '2024-01-01 00:00:00', NULL);
INSERT INTO prediction (id, user_id, game_id, home_score, away_score, created_at, updated_at) VALUES (1917, 8, 230, 1, 6, '2024-01-01 00:00:00', NULL);
INSERT INTO prediction (id, user_id, game_id, home_score, away_score, created_at, updated_at) VALUES (1918, 16, 230, 3, 4, '2024-01-01 00:00:00', NULL);
INSERT INTO prediction (id, user_id, game_id, home_score, away_score, created_at, updated_at) VALUES (1919, 9, 230, 1, 4, '2024-01-01 00:00:00', NULL);
INSERT INTO prediction (id, user_id, game_id, home_score, away_score, created_at, updated_at) VALUES (1920, 19, 230, 2, 4, '2024-01-01 00:00:00', NULL);
INSERT INTO prediction (id, user_id, game_id, home_score, away_score, created_at, updated_at) VALUES (1921, 14, 230, 2, 4, '2024-01-01 00:00:00', NULL);
INSERT INTO prediction (id, user_id, game_id, home_score, away_score, created_at, updated_at) VALUES (1922, 15, 230, 1, 4, '2024-01-01 00:00:00', NULL);
INSERT INTO prediction (id, user_id, game_id, home_score, away_score, created_at, updated_at) VALUES (1923, 17, 230, 1, 4, '2024-01-01 00:00:00', NULL);
INSERT INTO prediction (id, user_id, game_id, home_score, away_score, created_at, updated_at) VALUES (1924, 7, 230, 1, 3, '2024-01-01 00:00:00', NULL);
INSERT INTO prediction (id, user_id, game_id, home_score, away_score, created_at, updated_at) VALUES (1925, 11, 230, 3, 5, '2024-01-01 00:00:00', NULL);
INSERT INTO prediction (id, user_id, game_id, home_score, away_score, created_at, updated_at) VALUES (1926, 18, 230, 2, 4, '2024-01-01 00:00:00', NULL);
INSERT INTO prediction (id, user_id, game_id, home_score, away_score, created_at, updated_at) VALUES (1927, 13, 231, 2, 4, '2024-01-01 00:00:00', NULL);
INSERT INTO prediction (id, user_id, game_id, home_score, away_score, created_at, updated_at) VALUES (1928, 8, 231, 1, 4, '2024-01-01 00:00:00', NULL);
INSERT INTO prediction (id, user_id, game_id, home_score, away_score, created_at, updated_at) VALUES (1929, 16, 231, 4, 2, '2024-01-01 00:00:00', NULL);
INSERT INTO prediction (id, user_id, game_id, home_score, away_score, created_at, updated_at) VALUES (1930, 9, 231, 3, 2, '2024-01-01 00:00:00', NULL);
INSERT INTO prediction (id, user_id, game_id, home_score, away_score, created_at, updated_at) VALUES (1931, 19, 231, 3, 6, '2024-01-01 00:00:00', NULL);
INSERT INTO prediction (id, user_id, game_id, home_score, away_score, created_at, updated_at) VALUES (1932, 14, 231, 3, 5, '2024-01-01 00:00:00', NULL);
INSERT INTO prediction (id, user_id, game_id, home_score, away_score, created_at, updated_at) VALUES (1933, 15, 231, 3, 2, '2024-01-01 00:00:00', NULL);
INSERT INTO prediction (id, user_id, game_id, home_score, away_score, created_at, updated_at) VALUES (1934, 17, 231, 2, 5, '2024-01-01 00:00:00', NULL);
INSERT INTO prediction (id, user_id, game_id, home_score, away_score, created_at, updated_at) VALUES (1935, 7, 231, 1, 3, '2024-01-01 00:00:00', NULL);
INSERT INTO prediction (id, user_id, game_id, home_score, away_score, created_at, updated_at) VALUES (1936, 11, 231, 2, 4, '2024-01-01 00:00:00', NULL);
INSERT INTO prediction (id, user_id, game_id, home_score, away_score, created_at, updated_at) VALUES (1937, 18, 231, 3, 2, '2024-01-01 00:00:00', NULL);
INSERT INTO prediction (id, user_id, game_id, home_score, away_score, created_at, updated_at) VALUES (1938, 13, 232, 1, 4, '2024-01-01 00:00:00', NULL);
INSERT INTO prediction (id, user_id, game_id, home_score, away_score, created_at, updated_at) VALUES (1939, 8, 232, 2, 4, '2024-01-01 00:00:00', NULL);
INSERT INTO prediction (id, user_id, game_id, home_score, away_score, created_at, updated_at) VALUES (1940, 16, 232, 3, 5, '2024-01-01 00:00:00', NULL);
INSERT INTO prediction (id, user_id, game_id, home_score, away_score, created_at, updated_at) VALUES (1941, 9, 232, 2, 5, '2024-01-01 00:00:00', NULL);
INSERT INTO prediction (id, user_id, game_id, home_score, away_score, created_at, updated_at) VALUES (1942, 19, 232, 2, 5, '2024-01-01 00:00:00', NULL);
INSERT INTO prediction (id, user_id, game_id, home_score, away_score, created_at, updated_at) VALUES (1943, 14, 232, 2, 3, '2024-01-01 00:00:00', NULL);
INSERT INTO prediction (id, user_id, game_id, home_score, away_score, created_at, updated_at) VALUES (1944, 15, 232, 1, 6, '2024-01-01 00:00:00', NULL);
INSERT INTO prediction (id, user_id, game_id, home_score, away_score, created_at, updated_at) VALUES (1945, 17, 232, 0, 3, '2024-01-01 00:00:00', NULL);
INSERT INTO prediction (id, user_id, game_id, home_score, away_score, created_at, updated_at) VALUES (1946, 7, 232, 2, 5, '2024-01-01 00:00:00', NULL);
INSERT INTO prediction (id, user_id, game_id, home_score, away_score, created_at, updated_at) VALUES (1947, 11, 232, 1, 3, '2024-01-01 00:00:00', NULL);
INSERT INTO prediction (id, user_id, game_id, home_score, away_score, created_at, updated_at) VALUES (1948, 18, 232, 1, 3, '2024-01-01 00:00:00', NULL);
INSERT INTO prediction (id, user_id, game_id, home_score, away_score, created_at, updated_at) VALUES (1949, 13, 233, 3, 2, '2024-01-01 00:00:00', NULL);
INSERT INTO prediction (id, user_id, game_id, home_score, away_score, created_at, updated_at) VALUES (1950, 8, 233, 3, 4, '2024-01-01 00:00:00', NULL);
INSERT INTO prediction (id, user_id, game_id, home_score, away_score, created_at, updated_at) VALUES (1951, 16, 233, 4, 3, '2024-01-01 00:00:00', NULL);
INSERT INTO prediction (id, user_id, game_id, home_score, away_score, created_at, updated_at) VALUES (1952, 9, 233, 2, 4, '2024-01-01 00:00:00', NULL);
INSERT INTO prediction (id, user_id, game_id, home_score, away_score, created_at, updated_at) VALUES (1953, 19, 233, 4, 2, '2024-01-01 00:00:00', NULL);
INSERT INTO prediction (id, user_id, game_id, home_score, away_score, created_at, updated_at) VALUES (1954, 14, 233, 4, 1, '2024-01-01 00:00:00', NULL);
INSERT INTO prediction (id, user_id, game_id, home_score, away_score, created_at, updated_at) VALUES (1955, 15, 233, 3, 1, '2024-01-01 00:00:00', NULL);
INSERT INTO prediction (id, user_id, game_id, home_score, away_score, created_at, updated_at) VALUES (1956, 17, 233, 4, 2, '2024-01-01 00:00:00', NULL);
INSERT INTO prediction (id, user_id, game_id, home_score, away_score, created_at, updated_at) VALUES (1957, 7, 233, 3, 1, '2024-01-01 00:00:00', NULL);
INSERT INTO prediction (id, user_id, game_id, home_score, away_score, created_at, updated_at) VALUES (1958, 11, 233, 3, 1, '2024-01-01 00:00:00', NULL);
INSERT INTO prediction (id, user_id, game_id, home_score, away_score, created_at, updated_at) VALUES (1959, 18, 233, 3, 1, '2024-01-01 00:00:00', NULL);
INSERT INTO prediction (id, user_id, game_id, home_score, away_score, created_at, updated_at) VALUES (1960, 13, 234, 1, 3, '2024-01-01 00:00:00', NULL);
INSERT INTO prediction (id, user_id, game_id, home_score, away_score, created_at, updated_at) VALUES (1961, 8, 234, 1, 3, '2024-01-01 00:00:00', NULL);
INSERT INTO prediction (id, user_id, game_id, home_score, away_score, created_at, updated_at) VALUES (1962, 16, 234, 3, 2, '2024-01-01 00:00:00', NULL);
INSERT INTO prediction (id, user_id, game_id, home_score, away_score, created_at, updated_at) VALUES (1963, 9, 234, 3, 1, '2024-01-01 00:00:00', NULL);
INSERT INTO prediction (id, user_id, game_id, home_score, away_score, created_at, updated_at) VALUES (1964, 19, 234, 2, 4, '2024-01-01 00:00:00', NULL);
INSERT INTO prediction (id, user_id, game_id, home_score, away_score, created_at, updated_at) VALUES (1965, 14, 234, 2, 3, '2024-01-01 00:00:00', NULL);
INSERT INTO prediction (id, user_id, game_id, home_score, away_score, created_at, updated_at) VALUES (1966, 15, 234, 2, 4, '2024-01-01 00:00:00', NULL);
INSERT INTO prediction (id, user_id, game_id, home_score, away_score, created_at, updated_at) VALUES (1967, 17, 234, 1, 3, '2024-01-01 00:00:00', NULL);
INSERT INTO prediction (id, user_id, game_id, home_score, away_score, created_at, updated_at) VALUES (1968, 7, 234, 1, 3, '2024-01-01 00:00:00', NULL);
INSERT INTO prediction (id, user_id, game_id, home_score, away_score, created_at, updated_at) VALUES (1969, 11, 234, 3, 4, '2024-01-01 00:00:00', NULL);
INSERT INTO prediction (id, user_id, game_id, home_score, away_score, created_at, updated_at) VALUES (1970, 18, 234, 2, 1, '2024-01-01 00:00:00', NULL);
INSERT INTO prediction (id, user_id, game_id, home_score, away_score, created_at, updated_at) VALUES (1971, 13, 235, 1, 4, '2024-01-01 00:00:00', NULL);
INSERT INTO prediction (id, user_id, game_id, home_score, away_score, created_at, updated_at) VALUES (1972, 8, 235, 2, 5, '2024-01-01 00:00:00', NULL);
INSERT INTO prediction (id, user_id, game_id, home_score, away_score, created_at, updated_at) VALUES (1973, 16, 235, 2, 4, '2024-01-01 00:00:00', NULL);
INSERT INTO prediction (id, user_id, game_id, home_score, away_score, created_at, updated_at) VALUES (1974, 9, 235, 1, 4, '2024-01-01 00:00:00', NULL);
INSERT INTO prediction (id, user_id, game_id, home_score, away_score, created_at, updated_at) VALUES (1975, 19, 235, 2, 5, '2024-01-01 00:00:00', NULL);
INSERT INTO prediction (id, user_id, game_id, home_score, away_score, created_at, updated_at) VALUES (1976, 14, 235, 2, 4, '2024-01-01 00:00:00', NULL);
INSERT INTO prediction (id, user_id, game_id, home_score, away_score, created_at, updated_at) VALUES (1977, 15, 235, 2, 3, '2024-01-01 00:00:00', NULL);
INSERT INTO prediction (id, user_id, game_id, home_score, away_score, created_at, updated_at) VALUES (1978, 17, 235, 1, 4, '2024-01-01 00:00:00', NULL);
INSERT INTO prediction (id, user_id, game_id, home_score, away_score, created_at, updated_at) VALUES (1979, 7, 235, 1, 4, '2024-01-01 00:00:00', NULL);
INSERT INTO prediction (id, user_id, game_id, home_score, away_score, created_at, updated_at) VALUES (1980, 11, 235, 1, 5, '2024-01-01 00:00:00', NULL);
INSERT INTO prediction (id, user_id, game_id, home_score, away_score, created_at, updated_at) VALUES (1981, 18, 235, 2, 4, '2024-01-01 00:00:00', NULL);
INSERT INTO prediction (id, user_id, game_id, home_score, away_score, created_at, updated_at) VALUES (1982, 13, 236, 0, 6, '2024-01-01 00:00:00', NULL);
INSERT INTO prediction (id, user_id, game_id, home_score, away_score, created_at, updated_at) VALUES (1983, 8, 236, 1, 7, '2024-01-01 00:00:00', NULL);
INSERT INTO prediction (id, user_id, game_id, home_score, away_score, created_at, updated_at) VALUES (1984, 16, 236, 1, 6, '2024-01-01 00:00:00', NULL);
INSERT INTO prediction (id, user_id, game_id, home_score, away_score, created_at, updated_at) VALUES (1985, 9, 236, 1, 5, '2024-01-01 00:00:00', NULL);
INSERT INTO prediction (id, user_id, game_id, home_score, away_score, created_at, updated_at) VALUES (1986, 19, 236, 2, 5, '2024-01-01 00:00:00', NULL);
INSERT INTO prediction (id, user_id, game_id, home_score, away_score, created_at, updated_at) VALUES (1987, 14, 236, 1, 6, '2024-01-01 00:00:00', NULL);
INSERT INTO prediction (id, user_id, game_id, home_score, away_score, created_at, updated_at) VALUES (1988, 15, 236, 1, 6, '2024-01-01 00:00:00', NULL);
INSERT INTO prediction (id, user_id, game_id, home_score, away_score, created_at, updated_at) VALUES (1989, 17, 236, 0, 5, '2024-01-01 00:00:00', NULL);
INSERT INTO prediction (id, user_id, game_id, home_score, away_score, created_at, updated_at) VALUES (1990, 7, 236, 0, 7, '2024-01-01 00:00:00', NULL);
INSERT INTO prediction (id, user_id, game_id, home_score, away_score, created_at, updated_at) VALUES (1991, 11, 236, 1, 4, '2024-01-01 00:00:00', NULL);
INSERT INTO prediction (id, user_id, game_id, home_score, away_score, created_at, updated_at) VALUES (1992, 18, 236, 1, 4, '2024-01-01 00:00:00', NULL);
INSERT INTO prediction (id, user_id, game_id, home_score, away_score, created_at, updated_at) VALUES (1993, 13, 237, 4, 3, '2024-01-01 00:00:00', NULL);
INSERT INTO prediction (id, user_id, game_id, home_score, away_score, created_at, updated_at) VALUES (1994, 8, 237, 3, 4, '2024-01-01 00:00:00', NULL);
INSERT INTO prediction (id, user_id, game_id, home_score, away_score, created_at, updated_at) VALUES (1995, 16, 237, 3, 2, '2024-01-01 00:00:00', NULL);
INSERT INTO prediction (id, user_id, game_id, home_score, away_score, created_at, updated_at) VALUES (1996, 9, 237, 4, 1, '2024-01-01 00:00:00', NULL);
INSERT INTO prediction (id, user_id, game_id, home_score, away_score, created_at, updated_at) VALUES (1997, 19, 237, 4, 2, '2024-01-01 00:00:00', NULL);
INSERT INTO prediction (id, user_id, game_id, home_score, away_score, created_at, updated_at) VALUES (1998, 14, 237, 4, 3, '2024-01-01 00:00:00', NULL);
INSERT INTO prediction (id, user_id, game_id, home_score, away_score, created_at, updated_at) VALUES (1999, 15, 237, 4, 2, '2024-01-01 00:00:00', NULL);
INSERT INTO prediction (id, user_id, game_id, home_score, away_score, created_at, updated_at) VALUES (2000, 17, 237, 4, 2, '2024-01-01 00:00:00', NULL);
INSERT INTO prediction (id, user_id, game_id, home_score, away_score, created_at, updated_at) VALUES (2001, 7, 237, 5, 2, '2024-01-01 00:00:00', NULL);
INSERT INTO prediction (id, user_id, game_id, home_score, away_score, created_at, updated_at) VALUES (2002, 11, 237, 2, 3, '2024-01-01 00:00:00', NULL);
INSERT INTO prediction (id, user_id, game_id, home_score, away_score, created_at, updated_at) VALUES (2003, 18, 237, 2, 4, '2024-01-01 00:00:00', NULL);
INSERT INTO prediction (id, user_id, game_id, home_score, away_score, created_at, updated_at) VALUES (2004, 13, 238, 4, 2, '2024-01-01 00:00:00', NULL);
INSERT INTO prediction (id, user_id, game_id, home_score, away_score, created_at, updated_at) VALUES (2005, 8, 238, 3, 1, '2024-01-01 00:00:00', NULL);
INSERT INTO prediction (id, user_id, game_id, home_score, away_score, created_at, updated_at) VALUES (2006, 16, 238, 4, 3, '2024-01-01 00:00:00', NULL);
INSERT INTO prediction (id, user_id, game_id, home_score, away_score, created_at, updated_at) VALUES (2007, 9, 238, 1, 2, '2024-01-01 00:00:00', NULL);
INSERT INTO prediction (id, user_id, game_id, home_score, away_score, created_at, updated_at) VALUES (2008, 19, 238, 4, 2, '2024-01-01 00:00:00', NULL);
INSERT INTO prediction (id, user_id, game_id, home_score, away_score, created_at, updated_at) VALUES (2009, 14, 238, 2, 1, '2024-01-01 00:00:00', NULL);
INSERT INTO prediction (id, user_id, game_id, home_score, away_score, created_at, updated_at) VALUES (2010, 15, 238, 5, 1, '2024-01-01 00:00:00', NULL);
INSERT INTO prediction (id, user_id, game_id, home_score, away_score, created_at, updated_at) VALUES (2011, 17, 238, 3, 1, '2024-01-01 00:00:00', NULL);
INSERT INTO prediction (id, user_id, game_id, home_score, away_score, created_at, updated_at) VALUES (2012, 7, 238, 3, 1, '2024-01-01 00:00:00', NULL);
INSERT INTO prediction (id, user_id, game_id, home_score, away_score, created_at, updated_at) VALUES (2013, 11, 238, 4, 3, '2024-01-01 00:00:00', NULL);
INSERT INTO prediction (id, user_id, game_id, home_score, away_score, created_at, updated_at) VALUES (2014, 18, 238, 3, 1, '2024-01-01 00:00:00', NULL);
INSERT INTO prediction (id, user_id, game_id, home_score, away_score, created_at, updated_at) VALUES (2015, 13, 239, 3, 1, '2024-01-01 00:00:00', NULL);
INSERT INTO prediction (id, user_id, game_id, home_score, away_score, created_at, updated_at) VALUES (2016, 8, 239, 4, 3, '2024-01-01 00:00:00', NULL);
INSERT INTO prediction (id, user_id, game_id, home_score, away_score, created_at, updated_at) VALUES (2017, 16, 239, 5, 2, '2024-01-01 00:00:00', NULL);
INSERT INTO prediction (id, user_id, game_id, home_score, away_score, created_at, updated_at) VALUES (2018, 9, 239, 3, 1, '2024-01-01 00:00:00', NULL);
INSERT INTO prediction (id, user_id, game_id, home_score, away_score, created_at, updated_at) VALUES (2019, 19, 239, 5, 2, '2024-01-01 00:00:00', NULL);
INSERT INTO prediction (id, user_id, game_id, home_score, away_score, created_at, updated_at) VALUES (2020, 14, 239, 5, 2, '2024-01-01 00:00:00', NULL);
INSERT INTO prediction (id, user_id, game_id, home_score, away_score, created_at, updated_at) VALUES (2021, 15, 239, 4, 2, '2024-01-01 00:00:00', NULL);
INSERT INTO prediction (id, user_id, game_id, home_score, away_score, created_at, updated_at) VALUES (2022, 17, 239, 4, 1, '2024-01-01 00:00:00', NULL);
INSERT INTO prediction (id, user_id, game_id, home_score, away_score, created_at, updated_at) VALUES (2023, 7, 239, 4, 1, '2024-01-01 00:00:00', NULL);
INSERT INTO prediction (id, user_id, game_id, home_score, away_score, created_at, updated_at) VALUES (2024, 11, 239, 4, 3, '2024-01-01 00:00:00', NULL);
INSERT INTO prediction (id, user_id, game_id, home_score, away_score, created_at, updated_at) VALUES (2025, 18, 239, 3, 2, '2024-01-01 00:00:00', NULL);
INSERT INTO prediction (id, user_id, game_id, home_score, away_score, created_at, updated_at) VALUES (2026, 13, 240, 4, 1, '2024-01-01 00:00:00', NULL);
INSERT INTO prediction (id, user_id, game_id, home_score, away_score, created_at, updated_at) VALUES (2027, 8, 240, 4, 3, '2024-01-01 00:00:00', NULL);
INSERT INTO prediction (id, user_id, game_id, home_score, away_score, created_at, updated_at) VALUES (2028, 16, 240, 4, 5, '2024-01-01 00:00:00', NULL);
INSERT INTO prediction (id, user_id, game_id, home_score, away_score, created_at, updated_at) VALUES (2029, 9, 240, 2, 4, '2024-01-01 00:00:00', NULL);
INSERT INTO prediction (id, user_id, game_id, home_score, away_score, created_at, updated_at) VALUES (2030, 19, 240, 5, 2, '2024-01-01 00:00:00', NULL);
INSERT INTO prediction (id, user_id, game_id, home_score, away_score, created_at, updated_at) VALUES (2031, 14, 240, 4, 3, '2024-01-01 00:00:00', NULL);
INSERT INTO prediction (id, user_id, game_id, home_score, away_score, created_at, updated_at) VALUES (2032, 15, 240, 3, 1, '2024-01-01 00:00:00', NULL);
INSERT INTO prediction (id, user_id, game_id, home_score, away_score, created_at, updated_at) VALUES (2033, 17, 240, 3, 2, '2024-01-01 00:00:00', NULL);
INSERT INTO prediction (id, user_id, game_id, home_score, away_score, created_at, updated_at) VALUES (2034, 7, 240, 4, 2, '2024-01-01 00:00:00', NULL);
INSERT INTO prediction (id, user_id, game_id, home_score, away_score, created_at, updated_at) VALUES (2035, 11, 240, 5, 3, '2024-01-01 00:00:00', NULL);
INSERT INTO prediction (id, user_id, game_id, home_score, away_score, created_at, updated_at) VALUES (2036, 18, 240, 1, 4, '2024-01-01 00:00:00', NULL);
INSERT INTO prediction (id, user_id, game_id, home_score, away_score, created_at, updated_at) VALUES (2037, 13, 241, 4, 3, '2024-01-01 00:00:00', NULL);
INSERT INTO prediction (id, user_id, game_id, home_score, away_score, created_at, updated_at) VALUES (2038, 8, 241, 4, 2, '2024-01-01 00:00:00', NULL);
INSERT INTO prediction (id, user_id, game_id, home_score, away_score, created_at, updated_at) VALUES (2039, 16, 241, 5, 3, '2024-01-01 00:00:00', NULL);
INSERT INTO prediction (id, user_id, game_id, home_score, away_score, created_at, updated_at) VALUES (2040, 9, 241, 3, 4, '2024-01-01 00:00:00', NULL);
INSERT INTO prediction (id, user_id, game_id, home_score, away_score, created_at, updated_at) VALUES (2041, 19, 241, 5, 2, '2024-01-01 00:00:00', NULL);
INSERT INTO prediction (id, user_id, game_id, home_score, away_score, created_at, updated_at) VALUES (2042, 14, 241, 3, 2, '2024-01-01 00:00:00', NULL);
INSERT INTO prediction (id, user_id, game_id, home_score, away_score, created_at, updated_at) VALUES (2043, 15, 241, 2, 4, '2024-01-01 00:00:00', NULL);
INSERT INTO prediction (id, user_id, game_id, home_score, away_score, created_at, updated_at) VALUES (2044, 17, 241, 4, 2, '2024-01-01 00:00:00', NULL);
INSERT INTO prediction (id, user_id, game_id, home_score, away_score, created_at, updated_at) VALUES (2045, 7, 241, 2, 3, '2024-01-01 00:00:00', NULL);
INSERT INTO prediction (id, user_id, game_id, home_score, away_score, created_at, updated_at) VALUES (2046, 11, 241, 3, 2, '2024-01-01 00:00:00', NULL);
INSERT INTO prediction (id, user_id, game_id, home_score, away_score, created_at, updated_at) VALUES (2047, 18, 241, 3, 2, '2024-01-01 00:00:00', NULL);
INSERT INTO prediction (id, user_id, game_id, home_score, away_score, created_at, updated_at) VALUES (2048, 13, 242, 1, 2, '2024-01-01 00:00:00', NULL);
INSERT INTO prediction (id, user_id, game_id, home_score, away_score, created_at, updated_at) VALUES (2049, 8, 242, 3, 4, '2024-01-01 00:00:00', NULL);
INSERT INTO prediction (id, user_id, game_id, home_score, away_score, created_at, updated_at) VALUES (2050, 16, 242, 2, 3, '2024-01-01 00:00:00', NULL);
INSERT INTO prediction (id, user_id, game_id, home_score, away_score, created_at, updated_at) VALUES (2051, 9, 242, 2, 3, '2024-01-01 00:00:00', NULL);
INSERT INTO prediction (id, user_id, game_id, home_score, away_score, created_at, updated_at) VALUES (2052, 19, 242, 2, 4, '2024-01-01 00:00:00', NULL);
INSERT INTO prediction (id, user_id, game_id, home_score, away_score, created_at, updated_at) VALUES (2053, 14, 242, 1, 3, '2024-01-01 00:00:00', NULL);
INSERT INTO prediction (id, user_id, game_id, home_score, away_score, created_at, updated_at) VALUES (2054, 15, 242, 2, 3, '2024-01-01 00:00:00', NULL);
INSERT INTO prediction (id, user_id, game_id, home_score, away_score, created_at, updated_at) VALUES (2055, 17, 242, 1, 4, '2024-01-01 00:00:00', NULL);
INSERT INTO prediction (id, user_id, game_id, home_score, away_score, created_at, updated_at) VALUES (2056, 7, 242, 2, 3, '2024-01-01 00:00:00', NULL);
INSERT INTO prediction (id, user_id, game_id, home_score, away_score, created_at, updated_at) VALUES (2057, 11, 242, 2, 4, '2024-01-01 00:00:00', NULL);
INSERT INTO prediction (id, user_id, game_id, home_score, away_score, created_at, updated_at) VALUES (2058, 18, 242, 2, 4, '2024-01-01 00:00:00', NULL);
INSERT INTO prediction (id, user_id, game_id, home_score, away_score, created_at, updated_at) VALUES (2059, 13, 243, 4, 1, '2024-01-01 00:00:00', NULL);
INSERT INTO prediction (id, user_id, game_id, home_score, away_score, created_at, updated_at) VALUES (2060, 8, 243, 5, 2, '2024-01-01 00:00:00', NULL);
INSERT INTO prediction (id, user_id, game_id, home_score, away_score, created_at, updated_at) VALUES (2061, 16, 243, 5, 1, '2024-01-01 00:00:00', NULL);
INSERT INTO prediction (id, user_id, game_id, home_score, away_score, created_at, updated_at) VALUES (2062, 9, 243, 7, 1, '2024-01-01 00:00:00', NULL);
INSERT INTO prediction (id, user_id, game_id, home_score, away_score, created_at, updated_at) VALUES (2063, 19, 243, 6, 1, '2024-01-01 00:00:00', NULL);
INSERT INTO prediction (id, user_id, game_id, home_score, away_score, created_at, updated_at) VALUES (2064, 14, 243, 9, 1, '2024-01-01 00:00:00', NULL);
INSERT INTO prediction (id, user_id, game_id, home_score, away_score, created_at, updated_at) VALUES (2065, 15, 243, 5, 1, '2024-01-01 00:00:00', NULL);
INSERT INTO prediction (id, user_id, game_id, home_score, away_score, created_at, updated_at) VALUES (2066, 17, 243, 5, 1, '2024-01-01 00:00:00', NULL);
INSERT INTO prediction (id, user_id, game_id, home_score, away_score, created_at, updated_at) VALUES (2067, 7, 243, 6, 0, '2024-01-01 00:00:00', NULL);
INSERT INTO prediction (id, user_id, game_id, home_score, away_score, created_at, updated_at) VALUES (2068, 11, 243, 5, 1, '2024-01-01 00:00:00', NULL);
INSERT INTO prediction (id, user_id, game_id, home_score, away_score, created_at, updated_at) VALUES (2069, 18, 243, 5, 1, '2024-01-01 00:00:00', NULL);
INSERT INTO prediction (id, user_id, game_id, home_score, away_score, created_at, updated_at) VALUES (2070, 13, 244, 1, 3, '2024-01-01 00:00:00', NULL);
INSERT INTO prediction (id, user_id, game_id, home_score, away_score, created_at, updated_at) VALUES (2071, 8, 244, 1, 2, '2024-01-01 00:00:00', NULL);
INSERT INTO prediction (id, user_id, game_id, home_score, away_score, created_at, updated_at) VALUES (2072, 16, 244, 3, 2, '2024-01-01 00:00:00', NULL);
INSERT INTO prediction (id, user_id, game_id, home_score, away_score, created_at, updated_at) VALUES (2073, 9, 244, 2, 3, '2024-01-01 00:00:00', NULL);
INSERT INTO prediction (id, user_id, game_id, home_score, away_score, created_at, updated_at) VALUES (2074, 19, 244, 3, 4, '2024-01-01 00:00:00', NULL);
INSERT INTO prediction (id, user_id, game_id, home_score, away_score, created_at, updated_at) VALUES (2075, 14, 244, 2, 1, '2024-01-01 00:00:00', NULL);
INSERT INTO prediction (id, user_id, game_id, home_score, away_score, created_at, updated_at) VALUES (2076, 15, 244, 2, 3, '2024-01-01 00:00:00', NULL);
INSERT INTO prediction (id, user_id, game_id, home_score, away_score, created_at, updated_at) VALUES (2077, 17, 244, 0, 3, '2024-01-01 00:00:00', NULL);
INSERT INTO prediction (id, user_id, game_id, home_score, away_score, created_at, updated_at) VALUES (2078, 7, 244, 1, 3, '2024-01-01 00:00:00', NULL);
INSERT INTO prediction (id, user_id, game_id, home_score, away_score, created_at, updated_at) VALUES (2079, 11, 244, 4, 3, '2024-01-01 00:00:00', NULL);
INSERT INTO prediction (id, user_id, game_id, home_score, away_score, created_at, updated_at) VALUES (2080, 18, 244, 2, 3, '2024-01-01 00:00:00', NULL);
INSERT INTO prediction (id, user_id, game_id, home_score, away_score, created_at, updated_at) VALUES (2081, 13, 245, 2, 3, '2024-01-01 00:00:00', NULL);
INSERT INTO prediction (id, user_id, game_id, home_score, away_score, created_at, updated_at) VALUES (2082, 8, 245, 3, 2, '2024-01-01 00:00:00', NULL);
INSERT INTO prediction (id, user_id, game_id, home_score, away_score, created_at, updated_at) VALUES (2083, 16, 245, 2, 4, '2024-01-01 00:00:00', NULL);
INSERT INTO prediction (id, user_id, game_id, home_score, away_score, created_at, updated_at) VALUES (2084, 9, 245, 2, 4, '2024-01-01 00:00:00', NULL);
INSERT INTO prediction (id, user_id, game_id, home_score, away_score, created_at, updated_at) VALUES (2085, 19, 245, 3, 4, '2024-01-01 00:00:00', NULL);
INSERT INTO prediction (id, user_id, game_id, home_score, away_score, created_at, updated_at) VALUES (2086, 14, 245, 2, 3, '2024-01-01 00:00:00', NULL);
INSERT INTO prediction (id, user_id, game_id, home_score, away_score, created_at, updated_at) VALUES (2087, 15, 245, 2, 4, '2024-01-01 00:00:00', NULL);
INSERT INTO prediction (id, user_id, game_id, home_score, away_score, created_at, updated_at) VALUES (2088, 17, 245, 2, 3, '2024-01-01 00:00:00', NULL);
INSERT INTO prediction (id, user_id, game_id, home_score, away_score, created_at, updated_at) VALUES (2089, 7, 245, 2, 3, '2024-01-01 00:00:00', NULL);
INSERT INTO prediction (id, user_id, game_id, home_score, away_score, created_at, updated_at) VALUES (2090, 11, 245, 4, 3, '2024-01-01 00:00:00', NULL);
INSERT INTO prediction (id, user_id, game_id, home_score, away_score, created_at, updated_at) VALUES (2091, 18, 245, 2, 3, '2024-01-01 00:00:00', NULL);
INSERT INTO prediction (id, user_id, game_id, home_score, away_score, created_at, updated_at) VALUES (2092, 13, 246, 1, 4, '2024-01-01 00:00:00', NULL);
INSERT INTO prediction (id, user_id, game_id, home_score, away_score, created_at, updated_at) VALUES (2093, 8, 246, 2, 5, '2024-01-01 00:00:00', NULL);
INSERT INTO prediction (id, user_id, game_id, home_score, away_score, created_at, updated_at) VALUES (2094, 16, 246, 1, 8, '2024-01-01 00:00:00', NULL);
INSERT INTO prediction (id, user_id, game_id, home_score, away_score, created_at, updated_at) VALUES (2095, 9, 246, 1, 7, '2024-01-01 00:00:00', NULL);
INSERT INTO prediction (id, user_id, game_id, home_score, away_score, created_at, updated_at) VALUES (2096, 19, 246, 1, 8, '2024-01-01 00:00:00', NULL);
INSERT INTO prediction (id, user_id, game_id, home_score, away_score, created_at, updated_at) VALUES (2097, 14, 246, 1, 9, '2024-01-01 00:00:00', NULL);
INSERT INTO prediction (id, user_id, game_id, home_score, away_score, created_at, updated_at) VALUES (2098, 15, 246, 1, 10, '2024-01-01 00:00:00', NULL);
INSERT INTO prediction (id, user_id, game_id, home_score, away_score, created_at, updated_at) VALUES (2099, 17, 246, 0, 6, '2024-01-01 00:00:00', NULL);
INSERT INTO prediction (id, user_id, game_id, home_score, away_score, created_at, updated_at) VALUES (2100, 7, 246, 1, 7, '2024-01-01 00:00:00', NULL);
INSERT INTO prediction (id, user_id, game_id, home_score, away_score, created_at, updated_at) VALUES (2101, 11, 246, 0, 6, '2024-01-01 00:00:00', NULL);
INSERT INTO prediction (id, user_id, game_id, home_score, away_score, created_at, updated_at) VALUES (2102, 18, 246, 1, 6, '2024-01-01 00:00:00', NULL);
INSERT INTO prediction (id, user_id, game_id, home_score, away_score, created_at, updated_at) VALUES (2103, 13, 247, 4, 1, '2024-01-01 00:00:00', NULL);
INSERT INTO prediction (id, user_id, game_id, home_score, away_score, created_at, updated_at) VALUES (2104, 8, 247, 4, 2, '2024-01-01 00:00:00', NULL);
INSERT INTO prediction (id, user_id, game_id, home_score, away_score, created_at, updated_at) VALUES (2105, 16, 247, 4, 2, '2024-01-01 00:00:00', NULL);
INSERT INTO prediction (id, user_id, game_id, home_score, away_score, created_at, updated_at) VALUES (2106, 9, 247, 4, 1, '2024-01-01 00:00:00', NULL);
INSERT INTO prediction (id, user_id, game_id, home_score, away_score, created_at, updated_at) VALUES (2107, 19, 247, 5, 2, '2024-01-01 00:00:00', NULL);
INSERT INTO prediction (id, user_id, game_id, home_score, away_score, created_at, updated_at) VALUES (2108, 14, 247, 4, 2, '2024-01-01 00:00:00', NULL);
INSERT INTO prediction (id, user_id, game_id, home_score, away_score, created_at, updated_at) VALUES (2109, 15, 247, 7, 2, '2024-01-01 00:00:00', NULL);
INSERT INTO prediction (id, user_id, game_id, home_score, away_score, created_at, updated_at) VALUES (2110, 17, 247, 4, 0, '2024-01-01 00:00:00', NULL);
INSERT INTO prediction (id, user_id, game_id, home_score, away_score, created_at, updated_at) VALUES (2111, 7, 247, 5, 0, '2024-01-01 00:00:00', NULL);
INSERT INTO prediction (id, user_id, game_id, home_score, away_score, created_at, updated_at) VALUES (2112, 11, 247, 1, 8, '2024-01-01 00:00:00', NULL);
INSERT INTO prediction (id, user_id, game_id, home_score, away_score, created_at, updated_at) VALUES (2113, 18, 247, 4, 2, '2024-01-01 00:00:00', NULL);
INSERT INTO prediction (id, user_id, game_id, home_score, away_score, created_at, updated_at) VALUES (2114, 13, 248, 3, 2, '2024-01-01 00:00:00', NULL);
INSERT INTO prediction (id, user_id, game_id, home_score, away_score, created_at, updated_at) VALUES (2115, 8, 248, 4, 3, '2024-01-01 00:00:00', NULL);
INSERT INTO prediction (id, user_id, game_id, home_score, away_score, created_at, updated_at) VALUES (2116, 16, 248, 2, 3, '2024-01-01 00:00:00', NULL);
INSERT INTO prediction (id, user_id, game_id, home_score, away_score, created_at, updated_at) VALUES (2117, 9, 248, 2, 3, '2024-01-01 00:00:00', NULL);
INSERT INTO prediction (id, user_id, game_id, home_score, away_score, created_at, updated_at) VALUES (2118, 19, 248, 2, 3, '2024-01-01 00:00:00', NULL);
INSERT INTO prediction (id, user_id, game_id, home_score, away_score, created_at, updated_at) VALUES (2119, 14, 248, 2, 4, '2024-01-01 00:00:00', NULL);
INSERT INTO prediction (id, user_id, game_id, home_score, away_score, created_at, updated_at) VALUES (2120, 15, 248, 3, 4, '2024-01-01 00:00:00', NULL);
INSERT INTO prediction (id, user_id, game_id, home_score, away_score, created_at, updated_at) VALUES (2121, 17, 248, 2, 3, '2024-01-01 00:00:00', NULL);
INSERT INTO prediction (id, user_id, game_id, home_score, away_score, created_at, updated_at) VALUES (2122, 7, 248, 1, 2, '2024-01-01 00:00:00', NULL);
INSERT INTO prediction (id, user_id, game_id, home_score, away_score, created_at, updated_at) VALUES (2123, 11, 248, 4, 3, '2024-01-01 00:00:00', NULL);
INSERT INTO prediction (id, user_id, game_id, home_score, away_score, created_at, updated_at) VALUES (2124, 18, 248, 3, 2, '2024-01-01 00:00:00', NULL);
INSERT INTO prediction (id, user_id, game_id, home_score, away_score, created_at, updated_at) VALUES (2125, 13, 249, 3, 1, '2024-01-01 00:00:00', NULL);
INSERT INTO prediction (id, user_id, game_id, home_score, away_score, created_at, updated_at) VALUES (2126, 8, 249, 4, 3, '2024-01-01 00:00:00', NULL);
INSERT INTO prediction (id, user_id, game_id, home_score, away_score, created_at, updated_at) VALUES (2127, 16, 249, 4, 2, '2024-01-01 00:00:00', NULL);
INSERT INTO prediction (id, user_id, game_id, home_score, away_score, created_at, updated_at) VALUES (2128, 9, 249, 2, 4, '2024-01-01 00:00:00', NULL);
INSERT INTO prediction (id, user_id, game_id, home_score, away_score, created_at, updated_at) VALUES (2129, 19, 249, 4, 2, '2024-01-01 00:00:00', NULL);
INSERT INTO prediction (id, user_id, game_id, home_score, away_score, created_at, updated_at) VALUES (2130, 14, 249, 4, 2, '2024-01-01 00:00:00', NULL);
INSERT INTO prediction (id, user_id, game_id, home_score, away_score, created_at, updated_at) VALUES (2131, 15, 249, 3, 2, '2024-01-01 00:00:00', NULL);
INSERT INTO prediction (id, user_id, game_id, home_score, away_score, created_at, updated_at) VALUES (2132, 17, 249, 4, 3, '2024-01-01 00:00:00', NULL);
INSERT INTO prediction (id, user_id, game_id, home_score, away_score, created_at, updated_at) VALUES (2133, 7, 249, 4, 2, '2024-01-01 00:00:00', NULL);
INSERT INTO prediction (id, user_id, game_id, home_score, away_score, created_at, updated_at) VALUES (2134, 11, 249, 2, 4, '2024-01-01 00:00:00', NULL);
INSERT INTO prediction (id, user_id, game_id, home_score, away_score, created_at, updated_at) VALUES (2135, 18, 249, 3, 4, '2024-01-01 00:00:00', NULL);
INSERT INTO prediction (id, user_id, game_id, home_score, away_score, created_at, updated_at) VALUES (2136, 13, 250, 4, 1, '2024-01-01 00:00:00', NULL);
INSERT INTO prediction (id, user_id, game_id, home_score, away_score, created_at, updated_at) VALUES (2137, 8, 250, 4, 2, '2024-01-01 00:00:00', NULL);
INSERT INTO prediction (id, user_id, game_id, home_score, away_score, created_at, updated_at) VALUES (2138, 16, 250, 5, 3, '2024-01-01 00:00:00', NULL);
INSERT INTO prediction (id, user_id, game_id, home_score, away_score, created_at, updated_at) VALUES (2139, 9, 250, 2, 3, '2024-01-01 00:00:00', NULL);
INSERT INTO prediction (id, user_id, game_id, home_score, away_score, created_at, updated_at) VALUES (2140, 19, 250, 5, 2, '2024-01-01 00:00:00', NULL);
INSERT INTO prediction (id, user_id, game_id, home_score, away_score, created_at, updated_at) VALUES (2141, 14, 250, 3, 2, '2024-01-01 00:00:00', NULL);
INSERT INTO prediction (id, user_id, game_id, home_score, away_score, created_at, updated_at) VALUES (2142, 15, 250, 4, 1, '2024-01-01 00:00:00', NULL);
INSERT INTO prediction (id, user_id, game_id, home_score, away_score, created_at, updated_at) VALUES (2143, 17, 250, 4, 2, '2024-01-01 00:00:00', NULL);
INSERT INTO prediction (id, user_id, game_id, home_score, away_score, created_at, updated_at) VALUES (2144, 7, 250, 4, 2, '2024-01-01 00:00:00', NULL);
INSERT INTO prediction (id, user_id, game_id, home_score, away_score, created_at, updated_at) VALUES (2145, 11, 250, 4, 3, '2024-01-01 00:00:00', NULL);
INSERT INTO prediction (id, user_id, game_id, home_score, away_score, created_at, updated_at) VALUES (2146, 18, 250, 4, 2, '2024-01-01 00:00:00', NULL);
INSERT INTO prediction (id, user_id, game_id, home_score, away_score, created_at, updated_at) VALUES (2147, 13, 251, 4, 3, '2024-01-01 00:00:00', NULL);
INSERT INTO prediction (id, user_id, game_id, home_score, away_score, created_at, updated_at) VALUES (2148, 8, 251, 4, 2, '2024-01-01 00:00:00', NULL);
INSERT INTO prediction (id, user_id, game_id, home_score, away_score, created_at, updated_at) VALUES (2149, 16, 251, 1, 2, '2024-01-01 00:00:00', NULL);
INSERT INTO prediction (id, user_id, game_id, home_score, away_score, created_at, updated_at) VALUES (2150, 9, 251, 3, 4, '2024-01-01 00:00:00', NULL);
INSERT INTO prediction (id, user_id, game_id, home_score, away_score, created_at, updated_at) VALUES (2151, 19, 251, 5, 3, '2024-01-01 00:00:00', NULL);
INSERT INTO prediction (id, user_id, game_id, home_score, away_score, created_at, updated_at) VALUES (2152, 14, 251, 3, 1, '2024-01-01 00:00:00', NULL);
INSERT INTO prediction (id, user_id, game_id, home_score, away_score, created_at, updated_at) VALUES (2153, 15, 251, 3, 1, '2024-01-01 00:00:00', NULL);
INSERT INTO prediction (id, user_id, game_id, home_score, away_score, created_at, updated_at) VALUES (2154, 17, 251, 5, 1, '2024-01-01 00:00:00', NULL);
INSERT INTO prediction (id, user_id, game_id, home_score, away_score, created_at, updated_at) VALUES (2155, 7, 251, 4, 2, '2024-01-01 00:00:00', NULL);
INSERT INTO prediction (id, user_id, game_id, home_score, away_score, created_at, updated_at) VALUES (2156, 11, 251, 5, 4, '2024-01-01 00:00:00', NULL);
INSERT INTO prediction (id, user_id, game_id, home_score, away_score, created_at, updated_at) VALUES (2157, 18, 251, 4, 2, '2024-01-01 00:00:00', NULL);
INSERT INTO prediction (id, user_id, game_id, home_score, away_score, created_at, updated_at) VALUES (2158, 13, 252, 1, 3, '2024-01-01 00:00:00', NULL);
INSERT INTO prediction (id, user_id, game_id, home_score, away_score, created_at, updated_at) VALUES (2159, 8, 252, 3, 2, '2024-01-01 00:00:00', NULL);
INSERT INTO prediction (id, user_id, game_id, home_score, away_score, created_at, updated_at) VALUES (2160, 16, 252, 2, 3, '2024-01-01 00:00:00', NULL);
INSERT INTO prediction (id, user_id, game_id, home_score, away_score, created_at, updated_at) VALUES (2161, 9, 252, 2, 4, '2024-01-01 00:00:00', NULL);
INSERT INTO prediction (id, user_id, game_id, home_score, away_score, created_at, updated_at) VALUES (2162, 19, 252, 3, 4, '2024-01-01 00:00:00', NULL);
INSERT INTO prediction (id, user_id, game_id, home_score, away_score, created_at, updated_at) VALUES (2163, 14, 252, 1, 3, '2024-01-01 00:00:00', NULL);
INSERT INTO prediction (id, user_id, game_id, home_score, away_score, created_at, updated_at) VALUES (2164, 15, 252, 3, 4, '2024-01-01 00:00:00', NULL);
INSERT INTO prediction (id, user_id, game_id, home_score, away_score, created_at, updated_at) VALUES (2165, 17, 252, 2, 3, '2024-01-01 00:00:00', NULL);
INSERT INTO prediction (id, user_id, game_id, home_score, away_score, created_at, updated_at) VALUES (2166, 7, 252, 2, 3, '2024-01-01 00:00:00', NULL);
INSERT INTO prediction (id, user_id, game_id, home_score, away_score, created_at, updated_at) VALUES (2167, 11, 252, 4, 3, '2024-01-01 00:00:00', NULL);
INSERT INTO prediction (id, user_id, game_id, home_score, away_score, created_at, updated_at) VALUES (2168, 18, 252, 2, 3, '2024-01-01 00:00:00', NULL);
INSERT INTO prediction (id, user_id, game_id, home_score, away_score, created_at, updated_at) VALUES (2169, 13, 253, 2, 3, '2024-01-01 00:00:00', NULL);
INSERT INTO prediction (id, user_id, game_id, home_score, away_score, created_at, updated_at) VALUES (2170, 8, 253, 4, 2, '2024-01-01 00:00:00', NULL);
INSERT INTO prediction (id, user_id, game_id, home_score, away_score, created_at, updated_at) VALUES (2171, 16, 253, 2, 3, '2024-01-01 00:00:00', NULL);
INSERT INTO prediction (id, user_id, game_id, home_score, away_score, created_at, updated_at) VALUES (2172, 9, 253, 2, 3, '2024-01-01 00:00:00', NULL);
INSERT INTO prediction (id, user_id, game_id, home_score, away_score, created_at, updated_at) VALUES (2173, 19, 253, 3, 4, '2024-01-01 00:00:00', NULL);
INSERT INTO prediction (id, user_id, game_id, home_score, away_score, created_at, updated_at) VALUES (2174, 14, 253, 4, 2, '2024-01-01 00:00:00', NULL);
INSERT INTO prediction (id, user_id, game_id, home_score, away_score, created_at, updated_at) VALUES (2175, 17, 253, 2, 4, '2024-01-01 00:00:00', NULL);
INSERT INTO prediction (id, user_id, game_id, home_score, away_score, created_at, updated_at) VALUES (2176, 7, 253, 4, 3, '2024-01-01 00:00:00', NULL);
INSERT INTO prediction (id, user_id, game_id, home_score, away_score, created_at, updated_at) VALUES (2177, 11, 253, 4, 3, '2024-01-01 00:00:00', NULL);
INSERT INTO prediction (id, user_id, game_id, home_score, away_score, created_at, updated_at) VALUES (2178, 18, 253, 4, 2, '2024-01-01 00:00:00', NULL);
INSERT INTO prediction (id, user_id, game_id, home_score, away_score, created_at, updated_at) VALUES (2179, 13, 254, 2, 1, '2024-01-01 00:00:00', NULL);
INSERT INTO prediction (id, user_id, game_id, home_score, away_score, created_at, updated_at) VALUES (2180, 8, 254, 3, 1, '2024-01-01 00:00:00', NULL);
INSERT INTO prediction (id, user_id, game_id, home_score, away_score, created_at, updated_at) VALUES (2181, 16, 254, 5, 3, '2024-01-01 00:00:00', NULL);
INSERT INTO prediction (id, user_id, game_id, home_score, away_score, created_at, updated_at) VALUES (2182, 9, 254, 1, 2, '2024-01-01 00:00:00', NULL);
INSERT INTO prediction (id, user_id, game_id, home_score, away_score, created_at, updated_at) VALUES (2183, 19, 254, 4, 3, '2024-01-01 00:00:00', NULL);
INSERT INTO prediction (id, user_id, game_id, home_score, away_score, created_at, updated_at) VALUES (2184, 14, 254, 2, 1, '2024-01-01 00:00:00', NULL);
INSERT INTO prediction (id, user_id, game_id, home_score, away_score, created_at, updated_at) VALUES (2185, 15, 254, 2, 1, '2024-01-01 00:00:00', NULL);
INSERT INTO prediction (id, user_id, game_id, home_score, away_score, created_at, updated_at) VALUES (2186, 17, 254, 2, 3, '2024-01-01 00:00:00', NULL);
INSERT INTO prediction (id, user_id, game_id, home_score, away_score, created_at, updated_at) VALUES (2187, 7, 254, 3, 2, '2024-01-01 00:00:00', NULL);
INSERT INTO prediction (id, user_id, game_id, home_score, away_score, created_at, updated_at) VALUES (2188, 11, 254, 1, 2, '2024-01-01 00:00:00', NULL);
INSERT INTO prediction (id, user_id, game_id, home_score, away_score, created_at, updated_at) VALUES (2189, 18, 254, 3, 1, '2024-01-01 00:00:00', NULL);
INSERT INTO prediction (id, user_id, game_id, home_score, away_score, created_at, updated_at) VALUES (2190, 13, 255, 3, 2, '2024-01-01 00:00:00', NULL);
INSERT INTO prediction (id, user_id, game_id, home_score, away_score, created_at, updated_at) VALUES (2191, 8, 255, 4, 2, '2024-01-01 00:00:00', NULL);
INSERT INTO prediction (id, user_id, game_id, home_score, away_score, created_at, updated_at) VALUES (2192, 16, 255, 3, 4, '2024-01-01 00:00:00', NULL);
INSERT INTO prediction (id, user_id, game_id, home_score, away_score, created_at, updated_at) VALUES (2193, 9, 255, 2, 4, '2024-01-01 00:00:00', NULL);
INSERT INTO prediction (id, user_id, game_id, home_score, away_score, created_at, updated_at) VALUES (2194, 19, 255, 4, 3, '2024-01-01 00:00:00', NULL);
INSERT INTO prediction (id, user_id, game_id, home_score, away_score, created_at, updated_at) VALUES (2195, 14, 255, 3, 2, '2024-01-01 00:00:00', NULL);
INSERT INTO prediction (id, user_id, game_id, home_score, away_score, created_at, updated_at) VALUES (2196, 15, 255, 4, 2, '2024-01-01 00:00:00', NULL);
INSERT INTO prediction (id, user_id, game_id, home_score, away_score, created_at, updated_at) VALUES (2197, 17, 255, 4, 2, '2024-01-01 00:00:00', NULL);
INSERT INTO prediction (id, user_id, game_id, home_score, away_score, created_at, updated_at) VALUES (2198, 7, 255, 4, 2, '2024-01-01 00:00:00', NULL);
INSERT INTO prediction (id, user_id, game_id, home_score, away_score, created_at, updated_at) VALUES (2199, 11, 255, 5, 3, '2024-01-01 00:00:00', NULL);
INSERT INTO prediction (id, user_id, game_id, home_score, away_score, created_at, updated_at) VALUES (2200, 18, 255, 3, 2, '2024-01-01 00:00:00', NULL);
INSERT INTO prediction (id, user_id, game_id, home_score, away_score, created_at, updated_at) VALUES (2201, 13, 256, 2, 3, '2024-01-01 00:00:00', NULL);
INSERT INTO prediction (id, user_id, game_id, home_score, away_score, created_at, updated_at) VALUES (2202, 8, 256, 2, 3, '2024-01-01 00:00:00', NULL);
INSERT INTO prediction (id, user_id, game_id, home_score, away_score, created_at, updated_at) VALUES (2203, 16, 256, 3, 2, '2024-01-01 00:00:00', NULL);
INSERT INTO prediction (id, user_id, game_id, home_score, away_score, created_at, updated_at) VALUES (2204, 9, 256, 1, 3, '2024-01-01 00:00:00', NULL);
INSERT INTO prediction (id, user_id, game_id, home_score, away_score, created_at, updated_at) VALUES (2205, 19, 256, 3, 2, '2024-01-01 00:00:00', NULL);
INSERT INTO prediction (id, user_id, game_id, home_score, away_score, created_at, updated_at) VALUES (2206, 14, 256, 2, 1, '2024-01-01 00:00:00', NULL);
INSERT INTO prediction (id, user_id, game_id, home_score, away_score, created_at, updated_at) VALUES (2207, 15, 256, 2, 1, '2024-01-01 00:00:00', NULL);
INSERT INTO prediction (id, user_id, game_id, home_score, away_score, created_at, updated_at) VALUES (2208, 17, 256, 2, 3, '2024-01-01 00:00:00', NULL);
INSERT INTO prediction (id, user_id, game_id, home_score, away_score, created_at, updated_at) VALUES (2209, 7, 256, 2, 3, '2024-01-01 00:00:00', NULL);
INSERT INTO prediction (id, user_id, game_id, home_score, away_score, created_at, updated_at) VALUES (2210, 11, 256, 3, 2, '2024-01-01 00:00:00', NULL);
INSERT INTO prediction (id, user_id, game_id, home_score, away_score, created_at, updated_at) VALUES (2211, 18, 256, 2, 4, '2024-01-01 00:00:00', NULL);
INSERT INTO special_bet_rule (id, tournament_id, name, value_type, scoring_type, points, sort_order, actual_team_value_id, actual_string_value, actual_int_value) VALUES (19, 4, 'Medaile - 1. místo', 'team', 'exact_match', 3.0, 0, NULL, NULL, NULL);
INSERT INTO special_bet (id, user_id, rule_id, team_value_id, string_value, int_value) VALUES (160, 13, 19, 6, NULL, NULL);
INSERT INTO special_bet (id, user_id, rule_id, team_value_id, string_value, int_value) VALUES (161, 8, 19, 4, NULL, NULL);
INSERT INTO special_bet (id, user_id, rule_id, team_value_id, string_value, int_value) VALUES (162, 16, 19, 6, NULL, NULL);
INSERT INTO special_bet (id, user_id, rule_id, team_value_id, string_value, int_value) VALUES (163, 9, 19, 6, NULL, NULL);
INSERT INTO special_bet (id, user_id, rule_id, team_value_id, string_value, int_value) VALUES (164, 19, 19, 6, NULL, NULL);
INSERT INTO special_bet (id, user_id, rule_id, team_value_id, string_value, int_value) VALUES (165, 14, 19, 6, NULL, NULL);
INSERT INTO special_bet (id, user_id, rule_id, team_value_id, string_value, int_value) VALUES (166, 15, 19, 6, NULL, NULL);
INSERT INTO special_bet (id, user_id, rule_id, team_value_id, string_value, int_value) VALUES (167, 17, 19, 23, NULL, NULL);
INSERT INTO special_bet (id, user_id, rule_id, team_value_id, string_value, int_value) VALUES (168, 7, 19, 8, NULL, NULL);
INSERT INTO special_bet (id, user_id, rule_id, team_value_id, string_value, int_value) VALUES (169, 11, 19, 23, NULL, NULL);
INSERT INTO special_bet (id, user_id, rule_id, team_value_id, string_value, int_value) VALUES (170, 18, 19, 6, NULL, NULL);
INSERT INTO special_bet_rule (id, tournament_id, name, value_type, scoring_type, points, sort_order, actual_team_value_id, actual_string_value, actual_int_value) VALUES (20, 4, 'Medaile - 2. místo', 'team', 'exact_match', 2.0, 1, NULL, NULL, NULL);
INSERT INTO special_bet (id, user_id, rule_id, team_value_id, string_value, int_value) VALUES (171, 13, 20, 23, NULL, NULL);
INSERT INTO special_bet (id, user_id, rule_id, team_value_id, string_value, int_value) VALUES (172, 8, 20, 8, NULL, NULL);
INSERT INTO special_bet (id, user_id, rule_id, team_value_id, string_value, int_value) VALUES (173, 16, 20, 4, NULL, NULL);
INSERT INTO special_bet (id, user_id, rule_id, team_value_id, string_value, int_value) VALUES (174, 9, 20, 19, NULL, NULL);
INSERT INTO special_bet (id, user_id, rule_id, team_value_id, string_value, int_value) VALUES (175, 19, 20, 19, NULL, NULL);
INSERT INTO special_bet (id, user_id, rule_id, team_value_id, string_value, int_value) VALUES (176, 14, 20, 24, NULL, NULL);
INSERT INTO special_bet (id, user_id, rule_id, team_value_id, string_value, int_value) VALUES (177, 15, 20, 23, NULL, NULL);
INSERT INTO special_bet (id, user_id, rule_id, team_value_id, string_value, int_value) VALUES (178, 17, 20, 6, NULL, NULL);
INSERT INTO special_bet (id, user_id, rule_id, team_value_id, string_value, int_value) VALUES (179, 7, 20, 6, NULL, NULL);
INSERT INTO special_bet (id, user_id, rule_id, team_value_id, string_value, int_value) VALUES (180, 11, 20, 4, NULL, NULL);
INSERT INTO special_bet (id, user_id, rule_id, team_value_id, string_value, int_value) VALUES (181, 18, 20, 23, NULL, NULL);
INSERT INTO special_bet_rule (id, tournament_id, name, value_type, scoring_type, points, sort_order, actual_team_value_id, actual_string_value, actual_int_value) VALUES (21, 4, 'Medaile - 3. místo', 'team', 'exact_match', 1.0, 2, NULL, NULL, NULL);
INSERT INTO special_bet (id, user_id, rule_id, team_value_id, string_value, int_value) VALUES (182, 13, 21, 19, NULL, NULL);
INSERT INTO special_bet (id, user_id, rule_id, team_value_id, string_value, int_value) VALUES (183, 8, 21, 6, NULL, NULL);
INSERT INTO special_bet (id, user_id, rule_id, team_value_id, string_value, int_value) VALUES (184, 16, 21, 23, NULL, NULL);
INSERT INTO special_bet (id, user_id, rule_id, team_value_id, string_value, int_value) VALUES (185, 9, 21, 4, NULL, NULL);
INSERT INTO special_bet (id, user_id, rule_id, team_value_id, string_value, int_value) VALUES (186, 19, 21, 23, NULL, NULL);
INSERT INTO special_bet (id, user_id, rule_id, team_value_id, string_value, int_value) VALUES (187, 14, 21, 4, NULL, NULL);
INSERT INTO special_bet (id, user_id, rule_id, team_value_id, string_value, int_value) VALUES (188, 15, 21, 4, NULL, NULL);
INSERT INTO special_bet (id, user_id, rule_id, team_value_id, string_value, int_value) VALUES (189, 17, 21, 8, NULL, NULL);
INSERT INTO special_bet (id, user_id, rule_id, team_value_id, string_value, int_value) VALUES (190, 7, 21, 23, NULL, NULL);
INSERT INTO special_bet (id, user_id, rule_id, team_value_id, string_value, int_value) VALUES (191, 11, 21, 19, NULL, NULL);
INSERT INTO special_bet (id, user_id, rule_id, team_value_id, string_value, int_value) VALUES (192, 18, 21, 19, NULL, NULL);
INSERT INTO special_bet_rule (id, tournament_id, name, value_type, scoring_type, points, sort_order, actual_team_value_id, actual_string_value, actual_int_value) VALUES (22, 4, 'Nejlepší Čech #1', 'string', 'exact_match', 2.0, 3, NULL, NULL, NULL);
INSERT INTO special_bet (id, user_id, rule_id, team_value_id, string_value, int_value) VALUES (193, 13, 22, NULL, 'Kovář', NULL);
INSERT INTO special_bet (id, user_id, rule_id, team_value_id, string_value, int_value) VALUES (194, 8, 22, NULL, 'Vrána', NULL);
INSERT INTO special_bet (id, user_id, rule_id, team_value_id, string_value, int_value) VALUES (195, 16, 22, NULL, 'Kovář', NULL);
INSERT INTO special_bet (id, user_id, rule_id, team_value_id, string_value, int_value) VALUES (196, 9, 22, NULL, 'Zadina', NULL);
INSERT INTO special_bet (id, user_id, rule_id, team_value_id, string_value, int_value) VALUES (197, 19, 22, NULL, 'Kovář', NULL);
INSERT INTO special_bet (id, user_id, rule_id, team_value_id, string_value, int_value) VALUES (198, 14, 22, NULL, 'Vrána', NULL);
INSERT INTO special_bet (id, user_id, rule_id, team_value_id, string_value, int_value) VALUES (199, 15, 22, NULL, 'Zadina', NULL);
INSERT INTO special_bet (id, user_id, rule_id, team_value_id, string_value, int_value) VALUES (200, 17, 22, NULL, 'Zadina', NULL);
INSERT INTO special_bet (id, user_id, rule_id, team_value_id, string_value, int_value) VALUES (201, 7, 22, NULL, 'Zadina', NULL);
INSERT INTO special_bet (id, user_id, rule_id, team_value_id, string_value, int_value) VALUES (202, 11, 22, NULL, 'Kovář', NULL);
INSERT INTO special_bet (id, user_id, rule_id, team_value_id, string_value, int_value) VALUES (203, 18, 22, NULL, 'Chytil', NULL);
INSERT INTO special_bet_rule (id, tournament_id, name, value_type, scoring_type, points, sort_order, actual_team_value_id, actual_string_value, actual_int_value) VALUES (23, 4, 'Nejlepší Čech #2', 'string', 'exact_match', 2.0, 4, NULL, NULL, NULL);
INSERT INTO special_bet (id, user_id, rule_id, team_value_id, string_value, int_value) VALUES (204, 13, 23, NULL, 'Zadina', NULL);
INSERT INTO special_bet (id, user_id, rule_id, team_value_id, string_value, int_value) VALUES (205, 8, 23, NULL, 'Hronek', NULL);
INSERT INTO special_bet (id, user_id, rule_id, team_value_id, string_value, int_value) VALUES (206, 16, 23, NULL, 'Hronek', NULL);
INSERT INTO special_bet (id, user_id, rule_id, team_value_id, string_value, int_value) VALUES (207, 9, 23, NULL, 'Vrána', NULL);
INSERT INTO special_bet (id, user_id, rule_id, team_value_id, string_value, int_value) VALUES (208, 19, 23, NULL, 'Hronek', NULL);
INSERT INTO special_bet (id, user_id, rule_id, team_value_id, string_value, int_value) VALUES (209, 14, 23, NULL, 'Zohorna', NULL);
INSERT INTO special_bet (id, user_id, rule_id, team_value_id, string_value, int_value) VALUES (210, 15, 23, NULL, 'Vrána', NULL);
INSERT INTO special_bet (id, user_id, rule_id, team_value_id, string_value, int_value) VALUES (211, 17, 23, NULL, 'Vrána', NULL);
INSERT INTO special_bet (id, user_id, rule_id, team_value_id, string_value, int_value) VALUES (212, 7, 23, NULL, 'Hronek', NULL);
INSERT INTO special_bet (id, user_id, rule_id, team_value_id, string_value, int_value) VALUES (213, 11, 23, NULL, 'Vrána', NULL);
INSERT INTO special_bet (id, user_id, rule_id, team_value_id, string_value, int_value) VALUES (214, 18, 23, NULL, 'Vrána', NULL);
INSERT INTO special_bet_rule (id, tournament_id, name, value_type, scoring_type, points, sort_order, actual_team_value_id, actual_string_value, actual_int_value) VALUES (24, 4, 'Nejlepší Čech #3', 'string', 'exact_match', 2.0, 5, NULL, NULL, NULL);
INSERT INTO special_bet (id, user_id, rule_id, team_value_id, string_value, int_value) VALUES (215, 13, 24, NULL, 'Kubalík', NULL);
INSERT INTO special_bet (id, user_id, rule_id, team_value_id, string_value, int_value) VALUES (216, 8, 24, NULL, 'Kubalík', NULL);
INSERT INTO special_bet (id, user_id, rule_id, team_value_id, string_value, int_value) VALUES (217, 16, 24, NULL, 'Kubalík', NULL);
INSERT INTO special_bet (id, user_id, rule_id, team_value_id, string_value, int_value) VALUES (218, 9, 24, NULL, 'Kubalík', NULL);
INSERT INTO special_bet (id, user_id, rule_id, team_value_id, string_value, int_value) VALUES (219, 19, 24, NULL, 'Kubalík', NULL);
INSERT INTO special_bet (id, user_id, rule_id, team_value_id, string_value, int_value) VALUES (220, 14, 24, NULL, 'Kubalík', NULL);
INSERT INTO special_bet (id, user_id, rule_id, team_value_id, string_value, int_value) VALUES (221, 15, 24, NULL, 'Kubalík', NULL);
INSERT INTO special_bet (id, user_id, rule_id, team_value_id, string_value, int_value) VALUES (222, 17, 24, NULL, 'Kubalík', NULL);
INSERT INTO special_bet (id, user_id, rule_id, team_value_id, string_value, int_value) VALUES (223, 7, 24, NULL, 'Kubalík', NULL);
INSERT INTO special_bet (id, user_id, rule_id, team_value_id, string_value, int_value) VALUES (224, 11, 24, NULL, 'Kubalík', NULL);
INSERT INTO special_bet (id, user_id, rule_id, team_value_id, string_value, int_value) VALUES (225, 18, 24, NULL, 'Kubalík', NULL);

-- Tournament: OH 2022
INSERT INTO tournament (id, name, year, slug, status, created_at) VALUES (5, 'OH 2022', 2022, 'oh-2022', 'finished', '2024-01-01 00:00:00');
INSERT INTO rule_set (id, tournament_id, winner_base_points, wrong_opponent_bonus, exact_score_bonus, prizes) VALUES (5, 5, 1.0, 0.25, 2.0, '{"1": 300, "2": 150, "3": 50}');
INSERT INTO "match" (id, tournament_id, home_team_id, away_team_id, phase, played_at, home_score, away_score, is_finished) VALUES (257, 5, 19, 21, 'group_stage', '2022-02-09 09:40:00', 1, 0, true);
INSERT INTO "match" (id, tournament_id, home_team_id, away_team_id, phase, played_at, home_score, away_score, is_finished) VALUES (258, 5, 6, 7, 'group_stage', '2022-02-09 14:10:00', 1, 2, true);
INSERT INTO "match" (id, tournament_id, home_team_id, away_team_id, phase, played_at, home_score, away_score, is_finished) VALUES (259, 5, 23, 15, 'group_stage', '2022-02-10 05:10:00', 3, 2, true);
INSERT INTO "match" (id, tournament_id, home_team_id, away_team_id, phase, played_at, home_score, away_score, is_finished) VALUES (260, 5, 8, 22, 'group_stage', '2022-02-10 09:40:00', 6, 2, true);
INSERT INTO "match" (id, tournament_id, home_team_id, away_team_id, phase, played_at, home_score, away_score, is_finished) VALUES (261, 5, 24, 5, 'group_stage', '2022-02-10 14:10:00', 8, 0, true);
INSERT INTO "match" (id, tournament_id, home_team_id, away_team_id, phase, played_at, home_score, away_score, is_finished) VALUES (262, 5, 4, 11, 'group_stage', '2022-02-10 14:10:00', 5, 1, true);
INSERT INTO "match" (id, tournament_id, home_team_id, away_team_id, phase, played_at, home_score, away_score, is_finished) VALUES (263, 5, 7, 19, 'group_stage', '2022-02-11 05:10:00', 0, 2, true);
INSERT INTO "match" (id, tournament_id, home_team_id, away_team_id, phase, played_at, home_score, away_score, is_finished) VALUES (264, 5, 6, 21, 'group_stage', '2022-02-11 09:40:00', 2, 1, true);
INSERT INTO "match" (id, tournament_id, home_team_id, away_team_id, phase, played_at, home_score, away_score, is_finished) VALUES (265, 5, 15, 8, 'group_stage', '2022-02-11 14:10:00', 1, 3, true);
INSERT INTO "match" (id, tournament_id, home_team_id, away_team_id, phase, played_at, home_score, away_score, is_finished) VALUES (266, 5, 23, 22, 'group_stage', '2022-02-11 09:40:00', 4, 1, true);
INSERT INTO "match" (id, tournament_id, home_team_id, away_team_id, phase, played_at, home_score, away_score, is_finished) VALUES (267, 5, 4, 24, 'group_stage', '2022-02-12 05:10:00', 2, 4, true);
INSERT INTO "match" (id, tournament_id, home_team_id, away_team_id, phase, played_at, home_score, away_score, is_finished) VALUES (268, 5, 11, 5, 'group_stage', '2022-02-12 09:40:00', 3, 2, true);
INSERT INTO "match" (id, tournament_id, home_team_id, away_team_id, phase, played_at, home_score, away_score, is_finished) VALUES (269, 5, 19, 6, 'group_stage', '2022-02-12 14:10:00', 5, 6, true);
INSERT INTO "match" (id, tournament_id, home_team_id, away_team_id, phase, played_at, home_score, away_score, is_finished) VALUES (270, 5, 21, 7, 'group_stage', '2022-02-12 14:10:00', 3, 5, true);
INSERT INTO "match" (id, tournament_id, home_team_id, away_team_id, phase, played_at, home_score, away_score, is_finished) VALUES (271, 5, 22, 15, 'group_stage', '2022-02-13 05:10:00', 5, 2, true);
INSERT INTO "match" (id, tournament_id, home_team_id, away_team_id, phase, played_at, home_score, away_score, is_finished) VALUES (272, 5, 8, 23, 'group_stage', '2022-02-13 09:40:00', 4, 3, true);
INSERT INTO "match" (id, tournament_id, home_team_id, away_team_id, phase, played_at, home_score, away_score, is_finished) VALUES (273, 5, 5, 4, 'group_stage', '2022-02-13 14:10:00', 0, 5, true);
INSERT INTO "match" (id, tournament_id, home_team_id, away_team_id, phase, played_at, home_score, away_score, is_finished) VALUES (274, 5, 24, 11, 'group_stage', '2022-02-13 14:10:00', 3, 2, true);
INSERT INTO "match" (id, tournament_id, home_team_id, away_team_id, phase, played_at, home_score, away_score, is_finished) VALUES (275, 5, 22, 11, 'group_stage', '2022-02-15 05:10:00', 4, 0, true);
INSERT INTO "match" (id, tournament_id, home_team_id, away_team_id, phase, played_at, home_score, away_score, is_finished) VALUES (276, 5, 7, 15, 'group_stage', '2022-02-15 05:10:00', 3, 2, true);
INSERT INTO "match" (id, tournament_id, home_team_id, away_team_id, phase, played_at, home_score, away_score, is_finished) VALUES (277, 5, 6, 21, 'group_stage', '2022-02-15 09:40:00', 2, 4, true);
INSERT INTO "match" (id, tournament_id, home_team_id, away_team_id, phase, played_at, home_score, away_score, is_finished) VALUES (278, 5, 4, 5, 'group_stage', '2022-02-15 14:10:00', 7, 2, true);
INSERT INTO "match" (id, tournament_id, home_team_id, away_team_id, phase, played_at, home_score, away_score, is_finished) VALUES (279, 5, 24, 22, 'group_stage', '2022-02-16 05:10:00', 2, 3, true);
INSERT INTO "match" (id, tournament_id, home_team_id, away_team_id, phase, played_at, home_score, away_score, is_finished) VALUES (280, 5, 19, 7, 'group_stage', '2022-02-16 07:00:00', 3, 1, true);
INSERT INTO "match" (id, tournament_id, home_team_id, away_team_id, phase, played_at, home_score, away_score, is_finished) VALUES (281, 5, 8, 21, 'group_stage', '2022-02-16 09:40:00', 5, 1, true);
INSERT INTO "match" (id, tournament_id, home_team_id, away_team_id, phase, played_at, home_score, away_score, is_finished) VALUES (282, 5, 23, 4, 'group_stage', '2022-02-16 14:30:00', 2, 0, true);
INSERT INTO "match" (id, tournament_id, home_team_id, away_team_id, phase, played_at, home_score, away_score, is_finished) VALUES (283, 5, 22, 23, 'bronze_medal', '2022-02-19 14:10:00', 4, 0, true);
INSERT INTO "match" (id, tournament_id, home_team_id, away_team_id, phase, played_at, home_score, away_score, is_finished) VALUES (284, 5, 8, 19, 'gold_medal', '2022-02-20 05:10:00', 2, 1, true);
INSERT INTO prediction (id, user_id, game_id, home_score, away_score, created_at, updated_at) VALUES (2212, 13, 257, 2, 1, '2024-01-01 00:00:00', NULL);
INSERT INTO prediction (id, user_id, game_id, home_score, away_score, created_at, updated_at) VALUES (2213, 16, 257, 5, 2, '2024-01-01 00:00:00', NULL);
INSERT INTO prediction (id, user_id, game_id, home_score, away_score, created_at, updated_at) VALUES (2214, 9, 257, 5, 2, '2024-01-01 00:00:00', NULL);
INSERT INTO prediction (id, user_id, game_id, home_score, away_score, created_at, updated_at) VALUES (2215, 14, 257, 3, 2, '2024-01-01 00:00:00', NULL);
INSERT INTO prediction (id, user_id, game_id, home_score, away_score, created_at, updated_at) VALUES (2216, 18, 257, 4, 2, '2024-01-01 00:00:00', NULL);
INSERT INTO prediction (id, user_id, game_id, home_score, away_score, created_at, updated_at) VALUES (2217, 13, 258, 4, 1, '2024-01-01 00:00:00', NULL);
INSERT INTO prediction (id, user_id, game_id, home_score, away_score, created_at, updated_at) VALUES (2218, 16, 258, 4, 3, '2024-01-01 00:00:00', NULL);
INSERT INTO prediction (id, user_id, game_id, home_score, away_score, created_at, updated_at) VALUES (2219, 9, 258, 4, 2, '2024-01-01 00:00:00', NULL);
INSERT INTO prediction (id, user_id, game_id, home_score, away_score, created_at, updated_at) VALUES (2220, 14, 258, 4, 3, '2024-01-01 00:00:00', NULL);
INSERT INTO prediction (id, user_id, game_id, home_score, away_score, created_at, updated_at) VALUES (2221, 18, 258, 2, 1, '2024-01-01 00:00:00', NULL);
INSERT INTO prediction (id, user_id, game_id, home_score, away_score, created_at, updated_at) VALUES (2222, 13, 259, 3, 2, '2024-01-01 00:00:00', NULL);
INSERT INTO prediction (id, user_id, game_id, home_score, away_score, created_at, updated_at) VALUES (2223, 16, 259, 4, 2, '2024-01-01 00:00:00', NULL);
INSERT INTO prediction (id, user_id, game_id, home_score, away_score, created_at, updated_at) VALUES (2224, 9, 259, 4, 1, '2024-01-01 00:00:00', NULL);
INSERT INTO prediction (id, user_id, game_id, home_score, away_score, created_at, updated_at) VALUES (2225, 14, 259, 3, 1, '2024-01-01 00:00:00', NULL);
INSERT INTO prediction (id, user_id, game_id, home_score, away_score, created_at, updated_at) VALUES (2226, 18, 259, 4, 1, '2024-01-01 00:00:00', NULL);
INSERT INTO prediction (id, user_id, game_id, home_score, away_score, created_at, updated_at) VALUES (2227, 13, 260, 2, 1, '2024-01-01 00:00:00', NULL);
INSERT INTO prediction (id, user_id, game_id, home_score, away_score, created_at, updated_at) VALUES (2228, 16, 260, 3, 2, '2024-01-01 00:00:00', NULL);
INSERT INTO prediction (id, user_id, game_id, home_score, away_score, created_at, updated_at) VALUES (2229, 9, 260, 3, 1, '2024-01-01 00:00:00', NULL);
INSERT INTO prediction (id, user_id, game_id, home_score, away_score, created_at, updated_at) VALUES (2230, 14, 260, 4, 2, '2024-01-01 00:00:00', NULL);
INSERT INTO prediction (id, user_id, game_id, home_score, away_score, created_at, updated_at) VALUES (2231, 18, 260, 5, 1, '2024-01-01 00:00:00', NULL);
INSERT INTO prediction (id, user_id, game_id, home_score, away_score, created_at, updated_at) VALUES (2232, 13, 261, 3, 0, '2024-01-01 00:00:00', NULL);
INSERT INTO prediction (id, user_id, game_id, home_score, away_score, created_at, updated_at) VALUES (2233, 16, 261, 6, 2, '2024-01-01 00:00:00', NULL);
INSERT INTO prediction (id, user_id, game_id, home_score, away_score, created_at, updated_at) VALUES (2234, 9, 261, 11, 1, '2024-01-01 00:00:00', NULL);
INSERT INTO prediction (id, user_id, game_id, home_score, away_score, created_at, updated_at) VALUES (2235, 14, 261, 5, 1, '2024-01-01 00:00:00', NULL);
INSERT INTO prediction (id, user_id, game_id, home_score, away_score, created_at, updated_at) VALUES (2236, 18, 261, 4, 0, '2024-01-01 00:00:00', NULL);
INSERT INTO prediction (id, user_id, game_id, home_score, away_score, created_at, updated_at) VALUES (2237, 13, 262, 2, 1, '2024-01-01 00:00:00', NULL);
INSERT INTO prediction (id, user_id, game_id, home_score, away_score, created_at, updated_at) VALUES (2238, 16, 262, 5, 3, '2024-01-01 00:00:00', NULL);
INSERT INTO prediction (id, user_id, game_id, home_score, away_score, created_at, updated_at) VALUES (2239, 9, 262, 6, 3, '2024-01-01 00:00:00', NULL);
INSERT INTO prediction (id, user_id, game_id, home_score, away_score, created_at, updated_at) VALUES (2240, 14, 262, 4, 2, '2024-01-01 00:00:00', NULL);
INSERT INTO prediction (id, user_id, game_id, home_score, away_score, created_at, updated_at) VALUES (2241, 18, 262, 2, 4, '2024-01-01 00:00:00', NULL);
INSERT INTO prediction (id, user_id, game_id, home_score, away_score, created_at, updated_at) VALUES (2242, 13, 263, 1, 2, '2024-01-01 00:00:00', NULL);
INSERT INTO prediction (id, user_id, game_id, home_score, away_score, created_at, updated_at) VALUES (2243, 16, 263, 1, 4, '2024-01-01 00:00:00', NULL);
INSERT INTO prediction (id, user_id, game_id, home_score, away_score, created_at, updated_at) VALUES (2244, 9, 263, 1, 3, '2024-01-01 00:00:00', NULL);
INSERT INTO prediction (id, user_id, game_id, home_score, away_score, created_at, updated_at) VALUES (2245, 14, 263, 1, 4, '2024-01-01 00:00:00', NULL);
INSERT INTO prediction (id, user_id, game_id, home_score, away_score, created_at, updated_at) VALUES (2246, 18, 263, 2, 4, '2024-01-01 00:00:00', NULL);
INSERT INTO prediction (id, user_id, game_id, home_score, away_score, created_at, updated_at) VALUES (2247, 13, 264, 3, 1, '2024-01-01 00:00:00', NULL);
INSERT INTO prediction (id, user_id, game_id, home_score, away_score, created_at, updated_at) VALUES (2248, 16, 264, 3, 2, '2024-01-01 00:00:00', NULL);
INSERT INTO prediction (id, user_id, game_id, home_score, away_score, created_at, updated_at) VALUES (2249, 9, 264, 2, 4, '2024-01-01 00:00:00', NULL);
INSERT INTO prediction (id, user_id, game_id, home_score, away_score, created_at, updated_at) VALUES (2250, 14, 264, 3, 2, '2024-01-01 00:00:00', NULL);
INSERT INTO prediction (id, user_id, game_id, home_score, away_score, created_at, updated_at) VALUES (2251, 18, 264, 2, 1, '2024-01-01 00:00:00', NULL);
INSERT INTO prediction (id, user_id, game_id, home_score, away_score, created_at, updated_at) VALUES (2252, 13, 265, 1, 4, '2024-01-01 00:00:00', NULL);
INSERT INTO prediction (id, user_id, game_id, home_score, away_score, created_at, updated_at) VALUES (2253, 16, 265, 2, 4, '2024-01-01 00:00:00', NULL);
INSERT INTO prediction (id, user_id, game_id, home_score, away_score, created_at, updated_at) VALUES (2254, 9, 265, 1, 3, '2024-01-01 00:00:00', NULL);
INSERT INTO prediction (id, user_id, game_id, home_score, away_score, created_at, updated_at) VALUES (2255, 14, 265, 1, 3, '2024-01-01 00:00:00', NULL);
INSERT INTO prediction (id, user_id, game_id, home_score, away_score, created_at, updated_at) VALUES (2256, 18, 265, 2, 4, '2024-01-01 00:00:00', NULL);
INSERT INTO prediction (id, user_id, game_id, home_score, away_score, created_at, updated_at) VALUES (2257, 13, 266, 4, 2, '2024-01-01 00:00:00', NULL);
INSERT INTO prediction (id, user_id, game_id, home_score, away_score, created_at, updated_at) VALUES (2258, 16, 266, 3, 4, '2024-01-01 00:00:00', NULL);
INSERT INTO prediction (id, user_id, game_id, home_score, away_score, created_at, updated_at) VALUES (2259, 9, 266, 4, 1, '2024-01-01 00:00:00', NULL);
INSERT INTO prediction (id, user_id, game_id, home_score, away_score, created_at, updated_at) VALUES (2260, 14, 266, 4, 1, '2024-01-01 00:00:00', NULL);
INSERT INTO prediction (id, user_id, game_id, home_score, away_score, created_at, updated_at) VALUES (2261, 18, 266, 5, 2, '2024-01-01 00:00:00', NULL);
INSERT INTO prediction (id, user_id, game_id, home_score, away_score, created_at, updated_at) VALUES (2262, 13, 267, 3, 1, '2024-01-01 00:00:00', NULL);
INSERT INTO prediction (id, user_id, game_id, home_score, away_score, created_at, updated_at) VALUES (2263, 16, 267, 4, 3, '2024-01-01 00:00:00', NULL);
INSERT INTO prediction (id, user_id, game_id, home_score, away_score, created_at, updated_at) VALUES (2264, 9, 267, 4, 2, '2024-01-01 00:00:00', NULL);
INSERT INTO prediction (id, user_id, game_id, home_score, away_score, created_at, updated_at) VALUES (2265, 14, 267, 2, 3, '2024-01-01 00:00:00', NULL);
INSERT INTO prediction (id, user_id, game_id, home_score, away_score, created_at, updated_at) VALUES (2266, 18, 267, 3, 2, '2024-01-01 00:00:00', NULL);
INSERT INTO prediction (id, user_id, game_id, home_score, away_score, created_at, updated_at) VALUES (2267, 13, 268, 3, 0, '2024-01-01 00:00:00', NULL);
INSERT INTO prediction (id, user_id, game_id, home_score, away_score, created_at, updated_at) VALUES (2268, 16, 268, 4, 2, '2024-01-01 00:00:00', NULL);
INSERT INTO prediction (id, user_id, game_id, home_score, away_score, created_at, updated_at) VALUES (2269, 9, 268, 3, 1, '2024-01-01 00:00:00', NULL);
INSERT INTO prediction (id, user_id, game_id, home_score, away_score, created_at, updated_at) VALUES (2270, 14, 268, 5, 1, '2024-01-01 00:00:00', NULL);
INSERT INTO prediction (id, user_id, game_id, home_score, away_score, created_at, updated_at) VALUES (2271, 18, 268, 5, 1, '2024-01-01 00:00:00', NULL);
INSERT INTO prediction (id, user_id, game_id, home_score, away_score, created_at, updated_at) VALUES (2272, 13, 269, 2, 3, '2024-01-01 00:00:00', NULL);
INSERT INTO prediction (id, user_id, game_id, home_score, away_score, created_at, updated_at) VALUES (2273, 16, 269, 1, 2, '2024-01-01 00:00:00', NULL);
INSERT INTO prediction (id, user_id, game_id, home_score, away_score, created_at, updated_at) VALUES (2274, 9, 269, 3, 1, '2024-01-01 00:00:00', NULL);
INSERT INTO prediction (id, user_id, game_id, home_score, away_score, created_at, updated_at) VALUES (2275, 14, 269, 3, 1, '2024-01-01 00:00:00', NULL);
INSERT INTO prediction (id, user_id, game_id, home_score, away_score, created_at, updated_at) VALUES (2276, 18, 269, 1, 3, '2024-01-01 00:00:00', NULL);
INSERT INTO prediction (id, user_id, game_id, home_score, away_score, created_at, updated_at) VALUES (2277, 13, 270, 3, 0, '2024-01-01 00:00:00', NULL);
INSERT INTO prediction (id, user_id, game_id, home_score, away_score, created_at, updated_at) VALUES (2278, 16, 270, 3, 1, '2024-01-01 00:00:00', NULL);
INSERT INTO prediction (id, user_id, game_id, home_score, away_score, created_at, updated_at) VALUES (2279, 9, 270, 2, 1, '2024-01-01 00:00:00', NULL);
INSERT INTO prediction (id, user_id, game_id, home_score, away_score, created_at, updated_at) VALUES (2280, 14, 270, 3, 2, '2024-01-01 00:00:00', NULL);
INSERT INTO prediction (id, user_id, game_id, home_score, away_score, created_at, updated_at) VALUES (2281, 18, 270, 3, 1, '2024-01-01 00:00:00', NULL);
INSERT INTO prediction (id, user_id, game_id, home_score, away_score, created_at, updated_at) VALUES (2282, 13, 271, 3, 2, '2024-01-01 00:00:00', NULL);
INSERT INTO prediction (id, user_id, game_id, home_score, away_score, created_at, updated_at) VALUES (2283, 16, 271, 3, 2, '2024-01-01 00:00:00', NULL);
INSERT INTO prediction (id, user_id, game_id, home_score, away_score, created_at, updated_at) VALUES (2284, 9, 271, 1, 3, '2024-01-01 00:00:00', NULL);
INSERT INTO prediction (id, user_id, game_id, home_score, away_score, created_at, updated_at) VALUES (2285, 14, 271, 2, 3, '2024-01-01 00:00:00', NULL);
INSERT INTO prediction (id, user_id, game_id, home_score, away_score, created_at, updated_at) VALUES (2286, 18, 271, 2, 1, '2024-01-01 00:00:00', NULL);
INSERT INTO prediction (id, user_id, game_id, home_score, away_score, created_at, updated_at) VALUES (2287, 13, 272, 2, 1, '2024-01-01 00:00:00', NULL);
INSERT INTO prediction (id, user_id, game_id, home_score, away_score, created_at, updated_at) VALUES (2288, 16, 272, 4, 3, '2024-01-01 00:00:00', NULL);
INSERT INTO prediction (id, user_id, game_id, home_score, away_score, created_at, updated_at) VALUES (2289, 9, 272, 3, 1, '2024-01-01 00:00:00', NULL);
INSERT INTO prediction (id, user_id, game_id, home_score, away_score, created_at, updated_at) VALUES (2290, 14, 272, 4, 2, '2024-01-01 00:00:00', NULL);
INSERT INTO prediction (id, user_id, game_id, home_score, away_score, created_at, updated_at) VALUES (2291, 18, 272, 1, 3, '2024-01-01 00:00:00', NULL);
INSERT INTO prediction (id, user_id, game_id, home_score, away_score, created_at, updated_at) VALUES (2292, 13, 273, 0, 7, '2024-01-01 00:00:00', NULL);
INSERT INTO prediction (id, user_id, game_id, home_score, away_score, created_at, updated_at) VALUES (2293, 16, 273, 0, 9, '2024-01-01 00:00:00', NULL);
INSERT INTO prediction (id, user_id, game_id, home_score, away_score, created_at, updated_at) VALUES (2294, 9, 273, 0, 9, '2024-01-01 00:00:00', NULL);
INSERT INTO prediction (id, user_id, game_id, home_score, away_score, created_at, updated_at) VALUES (2295, 14, 273, 1, 7, '2024-01-01 00:00:00', NULL);
INSERT INTO prediction (id, user_id, game_id, home_score, away_score, created_at, updated_at) VALUES (2296, 18, 273, 1, 7, '2024-01-01 00:00:00', NULL);
INSERT INTO prediction (id, user_id, game_id, home_score, away_score, created_at, updated_at) VALUES (2297, 13, 274, 3, 2, '2024-01-01 00:00:00', NULL);
INSERT INTO prediction (id, user_id, game_id, home_score, away_score, created_at, updated_at) VALUES (2298, 16, 274, 5, 2, '2024-01-01 00:00:00', NULL);
INSERT INTO prediction (id, user_id, game_id, home_score, away_score, created_at, updated_at) VALUES (2299, 9, 274, 4, 1, '2024-01-01 00:00:00', NULL);
INSERT INTO prediction (id, user_id, game_id, home_score, away_score, created_at, updated_at) VALUES (2300, 14, 274, 5, 2, '2024-01-01 00:00:00', NULL);
INSERT INTO prediction (id, user_id, game_id, home_score, away_score, created_at, updated_at) VALUES (2301, 18, 274, 2, 3, '2024-01-01 00:00:00', NULL);
INSERT INTO prediction (id, user_id, game_id, home_score, away_score, created_at, updated_at) VALUES (2302, 13, 275, 2, 1, '2024-01-01 00:00:00', NULL);
INSERT INTO prediction (id, user_id, game_id, home_score, away_score, created_at, updated_at) VALUES (2303, 16, 275, 3, 2, '2024-01-01 00:00:00', NULL);
INSERT INTO prediction (id, user_id, game_id, home_score, away_score, created_at, updated_at) VALUES (2304, 9, 275, 2, 3, '2024-01-01 00:00:00', NULL);
INSERT INTO prediction (id, user_id, game_id, home_score, away_score, created_at, updated_at) VALUES (2305, 14, 275, 3, 2, '2024-01-01 00:00:00', NULL);
INSERT INTO prediction (id, user_id, game_id, home_score, away_score, created_at, updated_at) VALUES (2306, 18, 275, 3, 1, '2024-01-01 00:00:00', NULL);
INSERT INTO prediction (id, user_id, game_id, home_score, away_score, created_at, updated_at) VALUES (2307, 13, 276, 4, 1, '2024-01-01 00:00:00', NULL);
INSERT INTO prediction (id, user_id, game_id, home_score, away_score, created_at, updated_at) VALUES (2308, 16, 276, 4, 2, '2024-01-01 00:00:00', NULL);
INSERT INTO prediction (id, user_id, game_id, home_score, away_score, created_at, updated_at) VALUES (2309, 9, 276, 3, 1, '2024-01-01 00:00:00', NULL);
INSERT INTO prediction (id, user_id, game_id, home_score, away_score, created_at, updated_at) VALUES (2310, 14, 276, 2, 1, '2024-01-01 00:00:00', NULL);
INSERT INTO prediction (id, user_id, game_id, home_score, away_score, created_at, updated_at) VALUES (2311, 18, 276, 2, 1, '2024-01-01 00:00:00', NULL);
INSERT INTO prediction (id, user_id, game_id, home_score, away_score, created_at, updated_at) VALUES (2312, 13, 277, 4, 3, '2024-01-01 00:00:00', NULL);
INSERT INTO prediction (id, user_id, game_id, home_score, away_score, created_at, updated_at) VALUES (2313, 16, 277, 4, 3, '2024-01-01 00:00:00', NULL);
INSERT INTO prediction (id, user_id, game_id, home_score, away_score, created_at, updated_at) VALUES (2314, 9, 277, 4, 2, '2024-01-01 00:00:00', NULL);
INSERT INTO prediction (id, user_id, game_id, home_score, away_score, created_at, updated_at) VALUES (2315, 14, 277, 4, 2, '2024-01-01 00:00:00', NULL);
INSERT INTO prediction (id, user_id, game_id, home_score, away_score, created_at, updated_at) VALUES (2316, 18, 277, 3, 0, '2024-01-01 00:00:00', NULL);
INSERT INTO prediction (id, user_id, game_id, home_score, away_score, created_at, updated_at) VALUES (2317, 13, 278, 5, 0, '2024-01-01 00:00:00', NULL);
INSERT INTO prediction (id, user_id, game_id, home_score, away_score, created_at, updated_at) VALUES (2318, 16, 278, 8, 0, '2024-01-01 00:00:00', NULL);
INSERT INTO prediction (id, user_id, game_id, home_score, away_score, created_at, updated_at) VALUES (2319, 9, 278, 8, 0, '2024-01-01 00:00:00', NULL);
INSERT INTO prediction (id, user_id, game_id, home_score, away_score, created_at, updated_at) VALUES (2320, 14, 278, 6, 1, '2024-01-01 00:00:00', NULL);
INSERT INTO prediction (id, user_id, game_id, home_score, away_score, created_at, updated_at) VALUES (2321, 18, 278, 6, 1, '2024-01-01 00:00:00', NULL);
INSERT INTO prediction (id, user_id, game_id, home_score, away_score, created_at, updated_at) VALUES (2322, 13, 279, 4, 1, '2024-01-01 00:00:00', NULL);
INSERT INTO prediction (id, user_id, game_id, home_score, away_score, created_at, updated_at) VALUES (2323, 16, 279, 3, 4, '2024-01-01 00:00:00', NULL);
INSERT INTO prediction (id, user_id, game_id, home_score, away_score, created_at, updated_at) VALUES (2324, 9, 279, 4, 2, '2024-01-01 00:00:00', NULL);
INSERT INTO prediction (id, user_id, game_id, home_score, away_score, created_at, updated_at) VALUES (2325, 14, 279, 4, 2, '2024-01-01 00:00:00', NULL);
INSERT INTO prediction (id, user_id, game_id, home_score, away_score, created_at, updated_at) VALUES (2326, 18, 279, 2, 4, '2024-01-01 00:00:00', NULL);
INSERT INTO prediction (id, user_id, game_id, home_score, away_score, created_at, updated_at) VALUES (2327, 13, 280, 4, 2, '2024-01-01 00:00:00', NULL);
INSERT INTO prediction (id, user_id, game_id, home_score, away_score, created_at, updated_at) VALUES (2328, 16, 280, 5, 2, '2024-01-01 00:00:00', NULL);
INSERT INTO prediction (id, user_id, game_id, home_score, away_score, created_at, updated_at) VALUES (2329, 9, 280, 3, 1, '2024-01-01 00:00:00', NULL);
INSERT INTO prediction (id, user_id, game_id, home_score, away_score, created_at, updated_at) VALUES (2330, 14, 280, 4, 2, '2024-01-01 00:00:00', NULL);
INSERT INTO prediction (id, user_id, game_id, home_score, away_score, created_at, updated_at) VALUES (2331, 18, 280, 4, 2, '2024-01-01 00:00:00', NULL);
INSERT INTO prediction (id, user_id, game_id, home_score, away_score, created_at, updated_at) VALUES (2332, 13, 281, 3, 1, '2024-01-01 00:00:00', NULL);
INSERT INTO prediction (id, user_id, game_id, home_score, away_score, created_at, updated_at) VALUES (2333, 16, 281, 4, 2, '2024-01-01 00:00:00', NULL);
INSERT INTO prediction (id, user_id, game_id, home_score, away_score, created_at, updated_at) VALUES (2334, 9, 281, 3, 1, '2024-01-01 00:00:00', NULL);
INSERT INTO prediction (id, user_id, game_id, home_score, away_score, created_at, updated_at) VALUES (2335, 14, 281, 3, 2, '2024-01-01 00:00:00', NULL);
INSERT INTO prediction (id, user_id, game_id, home_score, away_score, created_at, updated_at) VALUES (2336, 18, 281, 4, 1, '2024-01-01 00:00:00', NULL);
INSERT INTO prediction (id, user_id, game_id, home_score, away_score, created_at, updated_at) VALUES (2337, 13, 282, 3, 1, '2024-01-01 00:00:00', NULL);
INSERT INTO prediction (id, user_id, game_id, home_score, away_score, created_at, updated_at) VALUES (2338, 16, 282, 2, 3, '2024-01-01 00:00:00', NULL);
INSERT INTO prediction (id, user_id, game_id, home_score, away_score, created_at, updated_at) VALUES (2339, 9, 282, 2, 3, '2024-01-01 00:00:00', NULL);
INSERT INTO prediction (id, user_id, game_id, home_score, away_score, created_at, updated_at) VALUES (2340, 14, 282, 2, 3, '2024-01-01 00:00:00', NULL);
INSERT INTO prediction (id, user_id, game_id, home_score, away_score, created_at, updated_at) VALUES (2341, 18, 282, 3, 2, '2024-01-01 00:00:00', NULL);
INSERT INTO prediction (id, user_id, game_id, home_score, away_score, created_at, updated_at) VALUES (2342, 13, 283, 0, 2, '2024-01-01 00:00:00', NULL);
INSERT INTO prediction (id, user_id, game_id, home_score, away_score, created_at, updated_at) VALUES (2343, 16, 283, 2, 1, '2024-01-01 00:00:00', NULL);
INSERT INTO prediction (id, user_id, game_id, home_score, away_score, created_at, updated_at) VALUES (2344, 9, 283, 1, 3, '2024-01-01 00:00:00', NULL);
INSERT INTO prediction (id, user_id, game_id, home_score, away_score, created_at, updated_at) VALUES (2345, 14, 283, 2, 3, '2024-01-01 00:00:00', NULL);
INSERT INTO prediction (id, user_id, game_id, home_score, away_score, created_at, updated_at) VALUES (2346, 18, 283, 2, 1, '2024-01-01 00:00:00', NULL);
INSERT INTO prediction (id, user_id, game_id, home_score, away_score, created_at, updated_at) VALUES (2347, 13, 284, 0, 2, '2024-01-01 00:00:00', NULL);
INSERT INTO prediction (id, user_id, game_id, home_score, away_score, created_at, updated_at) VALUES (2348, 16, 284, 3, 2, '2024-01-01 00:00:00', NULL);
INSERT INTO prediction (id, user_id, game_id, home_score, away_score, created_at, updated_at) VALUES (2349, 9, 284, 3, 1, '2024-01-01 00:00:00', NULL);
INSERT INTO prediction (id, user_id, game_id, home_score, away_score, created_at, updated_at) VALUES (2350, 14, 284, 2, 3, '2024-01-01 00:00:00', NULL);
INSERT INTO prediction (id, user_id, game_id, home_score, away_score, created_at, updated_at) VALUES (2351, 18, 284, 2, 4, '2024-01-01 00:00:00', NULL);
INSERT INTO special_bet_rule (id, tournament_id, name, value_type, scoring_type, points, sort_order, actual_team_value_id, actual_string_value, actual_int_value) VALUES (25, 5, 'Medaile - 1. místo', 'team', 'exact_match', 3.0, 0, NULL, NULL, NULL);
INSERT INTO special_bet (id, user_id, rule_id, team_value_id, string_value, int_value) VALUES (226, 13, 25, 19, NULL, NULL);
INSERT INTO special_bet (id, user_id, rule_id, team_value_id, string_value, int_value) VALUES (227, 16, 25, 8, NULL, NULL);
INSERT INTO special_bet (id, user_id, rule_id, team_value_id, string_value, int_value) VALUES (228, 9, 25, 8, NULL, NULL);
INSERT INTO special_bet (id, user_id, rule_id, team_value_id, string_value, int_value) VALUES (229, 14, 25, 19, NULL, NULL);
INSERT INTO special_bet (id, user_id, rule_id, team_value_id, string_value, int_value) VALUES (230, 18, 25, 19, NULL, NULL);
INSERT INTO special_bet_rule (id, tournament_id, name, value_type, scoring_type, points, sort_order, actual_team_value_id, actual_string_value, actual_int_value) VALUES (26, 5, 'Medaile - 2. místo', 'team', 'exact_match', 2.0, 1, NULL, NULL, NULL);
INSERT INTO special_bet (id, user_id, rule_id, team_value_id, string_value, int_value) VALUES (231, 13, 26, 6, NULL, NULL);
INSERT INTO special_bet (id, user_id, rule_id, team_value_id, string_value, int_value) VALUES (232, 16, 26, 4, NULL, NULL);
INSERT INTO special_bet (id, user_id, rule_id, team_value_id, string_value, int_value) VALUES (233, 9, 26, 19, NULL, NULL);
INSERT INTO special_bet (id, user_id, rule_id, team_value_id, string_value, int_value) VALUES (234, 14, 26, 24, NULL, NULL);
INSERT INTO special_bet (id, user_id, rule_id, team_value_id, string_value, int_value) VALUES (235, 18, 26, 23, NULL, NULL);
INSERT INTO special_bet_rule (id, tournament_id, name, value_type, scoring_type, points, sort_order, actual_team_value_id, actual_string_value, actual_int_value) VALUES (27, 5, 'Medaile - 3. místo', 'team', 'exact_match', 1.0, 2, NULL, NULL, NULL);
INSERT INTO special_bet (id, user_id, rule_id, team_value_id, string_value, int_value) VALUES (236, 13, 27, 8, NULL, NULL);
INSERT INTO special_bet (id, user_id, rule_id, team_value_id, string_value, int_value) VALUES (237, 16, 27, 6, NULL, NULL);
INSERT INTO special_bet (id, user_id, rule_id, team_value_id, string_value, int_value) VALUES (238, 9, 27, 6, NULL, NULL);
INSERT INTO special_bet (id, user_id, rule_id, team_value_id, string_value, int_value) VALUES (239, 14, 27, 6, NULL, NULL);
INSERT INTO special_bet (id, user_id, rule_id, team_value_id, string_value, int_value) VALUES (240, 18, 27, 6, NULL, NULL);
INSERT INTO special_bet_rule (id, tournament_id, name, value_type, scoring_type, points, sort_order, actual_team_value_id, actual_string_value, actual_int_value) VALUES (28, 5, 'Nejlepší Čech #1', 'string', 'exact_match', 2.0, 3, NULL, NULL, NULL);
INSERT INTO special_bet (id, user_id, rule_id, team_value_id, string_value, int_value) VALUES (241, 13, 28, NULL, 'Kovář', NULL);
INSERT INTO special_bet (id, user_id, rule_id, team_value_id, string_value, int_value) VALUES (242, 16, 28, NULL, 'Kovář', NULL);
INSERT INTO special_bet (id, user_id, rule_id, team_value_id, string_value, int_value) VALUES (243, 9, 28, NULL, 'Kovář', NULL);
INSERT INTO special_bet (id, user_id, rule_id, team_value_id, string_value, int_value) VALUES (244, 14, 28, NULL, 'Kovář', NULL);
INSERT INTO special_bet (id, user_id, rule_id, team_value_id, string_value, int_value) VALUES (245, 18, 28, NULL, 'Kovář', NULL);
INSERT INTO special_bet_rule (id, tournament_id, name, value_type, scoring_type, points, sort_order, actual_team_value_id, actual_string_value, actual_int_value) VALUES (29, 5, 'Nejlepší Čech #2', 'string', 'exact_match', 2.0, 4, NULL, NULL, NULL);
INSERT INTO special_bet (id, user_id, rule_id, team_value_id, string_value, int_value) VALUES (246, 13, 29, NULL, 'Řepík', NULL);
INSERT INTO special_bet (id, user_id, rule_id, team_value_id, string_value, int_value) VALUES (247, 16, 29, NULL, 'Krejčí', NULL);
INSERT INTO special_bet (id, user_id, rule_id, team_value_id, string_value, int_value) VALUES (248, 9, 29, NULL, 'Krejčí', NULL);
INSERT INTO special_bet (id, user_id, rule_id, team_value_id, string_value, int_value) VALUES (249, 14, 29, NULL, 'Krejčí', NULL);
INSERT INTO special_bet (id, user_id, rule_id, team_value_id, string_value, int_value) VALUES (250, 18, 29, NULL, 'Krejčí', NULL);
INSERT INTO special_bet_rule (id, tournament_id, name, value_type, scoring_type, points, sort_order, actual_team_value_id, actual_string_value, actual_int_value) VALUES (30, 5, 'Nejlepší Čech #3', 'string', 'exact_match', 2.0, 5, NULL, NULL, NULL);
INSERT INTO special_bet (id, user_id, rule_id, team_value_id, string_value, int_value) VALUES (251, 13, 30, NULL, 'Červenka', NULL);
INSERT INTO special_bet (id, user_id, rule_id, team_value_id, string_value, int_value) VALUES (252, 16, 30, NULL, 'Červenka', NULL);
INSERT INTO special_bet (id, user_id, rule_id, team_value_id, string_value, int_value) VALUES (253, 9, 30, NULL, 'Červenka', NULL);
INSERT INTO special_bet (id, user_id, rule_id, team_value_id, string_value, int_value) VALUES (254, 14, 30, NULL, 'Červenka', NULL);
INSERT INTO special_bet (id, user_id, rule_id, team_value_id, string_value, int_value) VALUES (255, 18, 30, NULL, 'Sklenička', NULL);

-- Tournament: MS 2022
INSERT INTO tournament (id, name, year, slug, status, created_at) VALUES (6, 'MS 2022', 2022, 'ms-2022', 'finished', '2024-01-01 00:00:00');
INSERT INTO rule_set (id, tournament_id, winner_base_points, wrong_opponent_bonus, exact_score_bonus, prizes) VALUES (6, 6, 1.0, 0.25, 2.0, '{"1": 300, "2": 150, "3": 50}');
INSERT INTO "match" (id, tournament_id, home_team_id, away_team_id, phase, played_at, home_score, away_score, is_finished) VALUES (285, 6, 9, 22, 'group_stage', '2022-05-13 15:20:00', 2, 4, true);
INSERT INTO "match" (id, tournament_id, home_team_id, away_team_id, phase, played_at, home_score, away_score, is_finished) VALUES (286, 6, 24, 15, 'group_stage', '2022-05-13 15:20:00', 4, 1, true);
INSERT INTO "match" (id, tournament_id, home_team_id, away_team_id, phase, played_at, home_score, away_score, is_finished) VALUES (287, 6, 11, 4, 'group_stage', '2022-05-13 19:20:00', 3, 5, true);
INSERT INTO "match" (id, tournament_id, home_team_id, away_team_id, phase, played_at, home_score, away_score, is_finished) VALUES (288, 6, 8, 16, 'group_stage', '2022-05-13 19:20:00', 5, 0, true);
INSERT INTO "match" (id, tournament_id, home_team_id, away_team_id, phase, played_at, home_score, away_score, is_finished) VALUES (289, 6, 7, 14, 'group_stage', '2022-05-14 11:20:00', 9, 1, true);
INSERT INTO "match" (id, tournament_id, home_team_id, away_team_id, phase, played_at, home_score, away_score, is_finished) VALUES (290, 6, 23, 1, 'group_stage', '2022-05-14 11:20:00', 3, 1, true);
INSERT INTO "match" (id, tournament_id, home_team_id, away_team_id, phase, played_at, home_score, away_score, is_finished) VALUES (291, 6, 21, 13, 'group_stage', '2022-05-14 15:20:00', 5, 2, true);
INSERT INTO "match" (id, tournament_id, home_team_id, away_team_id, phase, played_at, home_score, away_score, is_finished) VALUES (292, 6, 6, 10, 'group_stage', '2022-05-14 15:20:00', 5, 1, true);
INSERT INTO "match" (id, tournament_id, home_team_id, away_team_id, phase, played_at, home_score, away_score, is_finished) VALUES (293, 6, 22, 11, 'group_stage', '2022-05-14 19:20:00', 1, 2, true);
INSERT INTO "match" (id, tournament_id, home_team_id, away_team_id, phase, played_at, home_score, away_score, is_finished) VALUES (294, 6, 15, 8, 'group_stage', '2022-05-14 19:20:00', 1, 2, true);
INSERT INTO "match" (id, tournament_id, home_team_id, away_team_id, phase, played_at, home_score, away_score, is_finished) VALUES (295, 6, 13, 4, 'group_stage', '2022-05-15 11:20:00', 1, 6, true);
INSERT INTO "match" (id, tournament_id, home_team_id, away_team_id, phase, played_at, home_score, away_score, is_finished) VALUES (296, 6, 16, 10, 'group_stage', '2022-05-15 11:20:00', 4, 3, true);
INSERT INTO "match" (id, tournament_id, home_team_id, away_team_id, phase, played_at, home_score, away_score, is_finished) VALUES (297, 6, 9, 14, 'group_stage', '2022-05-15 15:20:00', 2, 1, true);
INSERT INTO "match" (id, tournament_id, home_team_id, away_team_id, phase, played_at, home_score, away_score, is_finished) VALUES (298, 6, 1, 24, 'group_stage', '2022-05-15 15:20:00', 2, 3, true);
INSERT INTO "match" (id, tournament_id, home_team_id, away_team_id, phase, played_at, home_score, away_score, is_finished) VALUES (299, 6, 7, 21, 'group_stage', '2022-05-15 19:20:00', 0, 6, true);
INSERT INTO "match" (id, tournament_id, home_team_id, away_team_id, phase, played_at, home_score, away_score, is_finished) VALUES (300, 6, 6, 23, 'group_stage', '2022-05-15 19:20:00', 3, 5, true);
INSERT INTO "match" (id, tournament_id, home_team_id, away_team_id, phase, played_at, home_score, away_score, is_finished) VALUES (301, 6, 22, 4, 'group_stage', '2022-05-16 15:20:00', 1, 5, true);
INSERT INTO "match" (id, tournament_id, home_team_id, away_team_id, phase, played_at, home_score, away_score, is_finished) VALUES (302, 6, 15, 16, 'group_stage', '2022-05-16 15:20:00', 3, 2, true);
INSERT INTO "match" (id, tournament_id, home_team_id, away_team_id, phase, played_at, home_score, away_score, is_finished) VALUES (303, 6, 9, 11, 'group_stage', '2022-05-16 19:20:00', 2, 3, true);
INSERT INTO "match" (id, tournament_id, home_team_id, away_team_id, phase, played_at, home_score, away_score, is_finished) VALUES (304, 6, 8, 24, 'group_stage', '2022-05-16 19:20:00', 4, 1, true);
INSERT INTO "match" (id, tournament_id, home_team_id, away_team_id, phase, played_at, home_score, away_score, is_finished) VALUES (305, 6, 13, 7, 'group_stage', '2022-05-17 15:20:00', 1, 2, true);
INSERT INTO "match" (id, tournament_id, home_team_id, away_team_id, phase, played_at, home_score, away_score, is_finished) VALUES (306, 6, 6, 1, 'group_stage', '2022-05-17 15:20:00', 1, 2, true);
INSERT INTO "match" (id, tournament_id, home_team_id, away_team_id, phase, played_at, home_score, away_score, is_finished) VALUES (307, 6, 21, 14, 'group_stage', '2022-05-17 19:20:00', 3, 2, true);
INSERT INTO "match" (id, tournament_id, home_team_id, away_team_id, phase, played_at, home_score, away_score, is_finished) VALUES (308, 6, 23, 10, 'group_stage', '2022-05-17 19:20:00', 6, 0, true);
INSERT INTO "match" (id, tournament_id, home_team_id, away_team_id, phase, played_at, home_score, away_score, is_finished) VALUES (309, 6, 9, 13, 'group_stage', '2022-05-18 15:20:00', 2, 1, true);
INSERT INTO "match" (id, tournament_id, home_team_id, away_team_id, phase, played_at, home_score, away_score, is_finished) VALUES (310, 6, 16, 1, 'group_stage', '2022-05-18 15:20:00', 5, 3, true);
INSERT INTO "match" (id, tournament_id, home_team_id, away_team_id, phase, played_at, home_score, away_score, is_finished) VALUES (311, 6, 21, 22, 'group_stage', '2022-05-18 19:20:00', 5, 3, true);
INSERT INTO "match" (id, tournament_id, home_team_id, away_team_id, phase, played_at, home_score, away_score, is_finished) VALUES (312, 6, 8, 23, 'group_stage', '2022-05-18 19:20:00', 2, 3, true);
INSERT INTO "match" (id, tournament_id, home_team_id, away_team_id, phase, played_at, home_score, away_score, is_finished) VALUES (313, 6, 11, 7, 'group_stage', '2022-05-19 15:20:00', 1, 0, true);
INSERT INTO "match" (id, tournament_id, home_team_id, away_team_id, phase, played_at, home_score, away_score, is_finished) VALUES (314, 6, 10, 24, 'group_stage', '2022-05-19 15:20:00', 0, 3, true);
INSERT INTO "match" (id, tournament_id, home_team_id, away_team_id, phase, played_at, home_score, away_score, is_finished) VALUES (315, 6, 4, 14, 'group_stage', '2022-05-19 19:20:00', 6, 3, true);
INSERT INTO "match" (id, tournament_id, home_team_id, away_team_id, phase, played_at, home_score, away_score, is_finished) VALUES (316, 6, 6, 15, 'group_stage', '2022-05-19 19:20:00', 5, 1, true);
INSERT INTO "match" (id, tournament_id, home_team_id, away_team_id, phase, played_at, home_score, away_score, is_finished) VALUES (317, 6, 11, 13, 'group_stage', '2022-05-20 15:20:00', 9, 4, true);
INSERT INTO "match" (id, tournament_id, home_team_id, away_team_id, phase, played_at, home_score, away_score, is_finished) VALUES (318, 6, 10, 8, 'group_stage', '2022-05-20 15:20:00', 0, 6, true);
INSERT INTO "match" (id, tournament_id, home_team_id, away_team_id, phase, played_at, home_score, away_score, is_finished) VALUES (319, 6, 14, 22, 'group_stage', '2022-05-20 19:20:00', 3, 4, true);
INSERT INTO "match" (id, tournament_id, home_team_id, away_team_id, phase, played_at, home_score, away_score, is_finished) VALUES (320, 6, 15, 1, 'group_stage', '2022-05-20 19:20:00', 4, 3, true);
INSERT INTO "match" (id, tournament_id, home_team_id, away_team_id, phase, played_at, home_score, away_score, is_finished) VALUES (321, 6, 7, 9, 'group_stage', '2022-05-21 11:20:00', 3, 0, true);
INSERT INTO "match" (id, tournament_id, home_team_id, away_team_id, phase, played_at, home_score, away_score, is_finished) VALUES (322, 6, 24, 23, 'group_stage', '2022-05-21 11:20:00', 3, 2, true);
INSERT INTO "match" (id, tournament_id, home_team_id, away_team_id, phase, played_at, home_score, away_score, is_finished) VALUES (323, 6, 4, 21, 'group_stage', '2022-05-21 15:20:00', 3, 6, true);
INSERT INTO "match" (id, tournament_id, home_team_id, away_team_id, phase, played_at, home_score, away_score, is_finished) VALUES (324, 6, 1, 8, 'group_stage', '2022-05-21 15:20:00', 0, 3, true);
INSERT INTO "match" (id, tournament_id, home_team_id, away_team_id, phase, played_at, home_score, away_score, is_finished) VALUES (325, 6, 13, 22, 'group_stage', '2022-05-21 19:20:00', 1, 3, true);
INSERT INTO "match" (id, tournament_id, home_team_id, away_team_id, phase, played_at, home_score, away_score, is_finished) VALUES (326, 6, 16, 6, 'group_stage', '2022-05-21 19:20:00', 1, 4, true);
INSERT INTO "match" (id, tournament_id, home_team_id, away_team_id, phase, played_at, home_score, away_score, is_finished) VALUES (327, 6, 14, 11, 'group_stage', '2022-05-22 15:20:00', 4, 5, true);
INSERT INTO "match" (id, tournament_id, home_team_id, away_team_id, phase, played_at, home_score, away_score, is_finished) VALUES (328, 6, 10, 15, 'group_stage', '2022-05-22 15:20:00', 3, 4, true);
INSERT INTO "match" (id, tournament_id, home_team_id, away_team_id, phase, played_at, home_score, away_score, is_finished) VALUES (329, 6, 21, 9, 'group_stage', '2022-05-22 19:20:00', 5, 2, true);
INSERT INTO "match" (id, tournament_id, home_team_id, away_team_id, phase, played_at, home_score, away_score, is_finished) VALUES (330, 6, 23, 16, 'group_stage', '2022-05-22 19:20:00', 7, 1, true);
INSERT INTO "match" (id, tournament_id, home_team_id, away_team_id, phase, played_at, home_score, away_score, is_finished) VALUES (331, 6, 14, 13, 'group_stage', '2022-05-23 15:20:00', 5, 2, true);
INSERT INTO "match" (id, tournament_id, home_team_id, away_team_id, phase, played_at, home_score, away_score, is_finished) VALUES (332, 6, 24, 6, 'group_stage', '2022-05-23 15:20:00', 0, 1, true);
INSERT INTO "match" (id, tournament_id, home_team_id, away_team_id, phase, played_at, home_score, away_score, is_finished) VALUES (333, 6, 4, 7, 'group_stage', '2022-05-23 19:20:00', 2, 3, true);
INSERT INTO "match" (id, tournament_id, home_team_id, away_team_id, phase, played_at, home_score, away_score, is_finished) VALUES (334, 6, 1, 10, 'group_stage', '2022-05-23 19:20:00', 5, 3, true);
INSERT INTO "match" (id, tournament_id, home_team_id, away_team_id, phase, played_at, home_score, away_score, is_finished) VALUES (335, 6, 11, 21, 'group_stage', '2022-05-24 11:20:00', 3, 4, true);
INSERT INTO "match" (id, tournament_id, home_team_id, away_team_id, phase, played_at, home_score, away_score, is_finished) VALUES (336, 6, 23, 15, 'group_stage', '2022-05-24 11:20:00', 1, 0, true);
INSERT INTO "match" (id, tournament_id, home_team_id, away_team_id, phase, played_at, home_score, away_score, is_finished) VALUES (337, 6, 22, 7, 'group_stage', '2022-05-24 15:20:00', 7, 1, true);
INSERT INTO "match" (id, tournament_id, home_team_id, away_team_id, phase, played_at, home_score, away_score, is_finished) VALUES (338, 6, 24, 16, 'group_stage', '2022-05-24 15:20:00', 4, 2, true);
INSERT INTO "match" (id, tournament_id, home_team_id, away_team_id, phase, played_at, home_score, away_score, is_finished) VALUES (339, 6, 4, 9, 'group_stage', '2022-05-24 19:20:00', 7, 1, true);
INSERT INTO "match" (id, tournament_id, home_team_id, away_team_id, phase, played_at, home_score, away_score, is_finished) VALUES (340, 6, 8, 6, 'group_stage', '2022-05-24 19:20:00', 3, 0, true);
INSERT INTO "match" (id, tournament_id, home_team_id, away_team_id, phase, played_at, home_score, away_score, is_finished) VALUES (341, 6, 11, 6, 'group_stage', '2022-05-26 15:20:00', 1, 4, true);
INSERT INTO "match" (id, tournament_id, home_team_id, away_team_id, phase, played_at, home_score, away_score, is_finished) VALUES (342, 6, 23, 4, 'group_stage', '2022-05-26 15:20:00', 3, 4, true);
INSERT INTO "match" (id, tournament_id, home_team_id, away_team_id, phase, played_at, home_score, away_score, is_finished) VALUES (343, 6, 21, 24, 'group_stage', '2022-05-26 19:20:00', 0, 3, true);
INSERT INTO "match" (id, tournament_id, home_team_id, away_team_id, phase, played_at, home_score, away_score, is_finished) VALUES (344, 6, 8, 22, 'group_stage', '2022-05-26 19:20:00', 4, 2, true);
INSERT INTO "match" (id, tournament_id, home_team_id, away_team_id, phase, played_at, home_score, away_score, is_finished) VALUES (345, 6, 8, 24, 'semifinal', '2022-05-28 13:20:00', 4, 3, true);
INSERT INTO "match" (id, tournament_id, home_team_id, away_team_id, phase, played_at, home_score, away_score, is_finished) VALUES (346, 6, 4, 6, 'semifinal', '2022-05-28 17:20:00', 6, 1, true);
INSERT INTO "match" (id, tournament_id, home_team_id, away_team_id, phase, played_at, home_score, away_score, is_finished) VALUES (347, 6, 6, 24, 'bronze_medal', '2022-05-29 14:20:00', 8, 4, true);
INSERT INTO "match" (id, tournament_id, home_team_id, away_team_id, phase, played_at, home_score, away_score, is_finished) VALUES (348, 6, 8, 4, 'gold_medal', '2022-05-29 19:20:00', 4, 3, true);
INSERT INTO prediction (id, user_id, game_id, home_score, away_score, created_at, updated_at) VALUES (2352, 13, 285, 2, 4, '2024-01-01 00:00:00', NULL);
INSERT INTO prediction (id, user_id, game_id, home_score, away_score, created_at, updated_at) VALUES (2353, 16, 285, 2, 3, '2024-01-01 00:00:00', NULL);
INSERT INTO prediction (id, user_id, game_id, home_score, away_score, created_at, updated_at) VALUES (2354, 9, 285, 2, 4, '2024-01-01 00:00:00', NULL);
INSERT INTO prediction (id, user_id, game_id, home_score, away_score, created_at, updated_at) VALUES (2355, 14, 285, 2, 5, '2024-01-01 00:00:00', NULL);
INSERT INTO prediction (id, user_id, game_id, home_score, away_score, created_at, updated_at) VALUES (2356, 18, 285, 1, 3, '2024-01-01 00:00:00', NULL);
INSERT INTO prediction (id, user_id, game_id, home_score, away_score, created_at, updated_at) VALUES (2357, 17, 285, 2, 5, '2024-01-01 00:00:00', NULL);
INSERT INTO prediction (id, user_id, game_id, home_score, away_score, created_at, updated_at) VALUES (2358, 7, 285, 2, 3, '2024-01-01 00:00:00', NULL);
INSERT INTO prediction (id, user_id, game_id, home_score, away_score, created_at, updated_at) VALUES (2359, 12, 285, 1, 4, '2024-01-01 00:00:00', NULL);
INSERT INTO prediction (id, user_id, game_id, home_score, away_score, created_at, updated_at) VALUES (2360, 13, 286, 3, 0, '2024-01-01 00:00:00', NULL);
INSERT INTO prediction (id, user_id, game_id, home_score, away_score, created_at, updated_at) VALUES (2361, 16, 286, 5, 1, '2024-01-01 00:00:00', NULL);
INSERT INTO prediction (id, user_id, game_id, home_score, away_score, created_at, updated_at) VALUES (2362, 9, 286, 3, 1, '2024-01-01 00:00:00', NULL);
INSERT INTO prediction (id, user_id, game_id, home_score, away_score, created_at, updated_at) VALUES (2363, 14, 286, 4, 2, '2024-01-01 00:00:00', NULL);
INSERT INTO prediction (id, user_id, game_id, home_score, away_score, created_at, updated_at) VALUES (2364, 18, 286, 4, 2, '2024-01-01 00:00:00', NULL);
INSERT INTO prediction (id, user_id, game_id, home_score, away_score, created_at, updated_at) VALUES (2365, 17, 286, 3, 1, '2024-01-01 00:00:00', NULL);
INSERT INTO prediction (id, user_id, game_id, home_score, away_score, created_at, updated_at) VALUES (2366, 7, 286, 3, 2, '2024-01-01 00:00:00', NULL);
INSERT INTO prediction (id, user_id, game_id, home_score, away_score, created_at, updated_at) VALUES (2367, 12, 286, 4, 2, '2024-01-01 00:00:00', NULL);
INSERT INTO prediction (id, user_id, game_id, home_score, away_score, created_at, updated_at) VALUES (2368, 13, 287, 3, 4, '2024-01-01 00:00:00', NULL);
INSERT INTO prediction (id, user_id, game_id, home_score, away_score, created_at, updated_at) VALUES (2369, 16, 287, 3, 4, '2024-01-01 00:00:00', NULL);
INSERT INTO prediction (id, user_id, game_id, home_score, away_score, created_at, updated_at) VALUES (2370, 9, 287, 2, 6, '2024-01-01 00:00:00', NULL);
INSERT INTO prediction (id, user_id, game_id, home_score, away_score, created_at, updated_at) VALUES (2371, 14, 287, 2, 4, '2024-01-01 00:00:00', NULL);
INSERT INTO prediction (id, user_id, game_id, home_score, away_score, created_at, updated_at) VALUES (2372, 18, 287, 1, 4, '2024-01-01 00:00:00', NULL);
INSERT INTO prediction (id, user_id, game_id, home_score, away_score, created_at, updated_at) VALUES (2373, 17, 287, 1, 4, '2024-01-01 00:00:00', NULL);
INSERT INTO prediction (id, user_id, game_id, home_score, away_score, created_at, updated_at) VALUES (2374, 7, 287, 2, 3, '2024-01-01 00:00:00', NULL);
INSERT INTO prediction (id, user_id, game_id, home_score, away_score, created_at, updated_at) VALUES (2375, 12, 287, 1, 3, '2024-01-01 00:00:00', NULL);
INSERT INTO prediction (id, user_id, game_id, home_score, away_score, created_at, updated_at) VALUES (2376, 13, 288, 3, 0, '2024-01-01 00:00:00', NULL);
INSERT INTO prediction (id, user_id, game_id, home_score, away_score, created_at, updated_at) VALUES (2377, 16, 288, 5, 2, '2024-01-01 00:00:00', NULL);
INSERT INTO prediction (id, user_id, game_id, home_score, away_score, created_at, updated_at) VALUES (2378, 9, 288, 4, 1, '2024-01-01 00:00:00', NULL);
INSERT INTO prediction (id, user_id, game_id, home_score, away_score, created_at, updated_at) VALUES (2379, 14, 288, 3, 1, '2024-01-01 00:00:00', NULL);
INSERT INTO prediction (id, user_id, game_id, home_score, away_score, created_at, updated_at) VALUES (2380, 18, 288, 3, 2, '2024-01-01 00:00:00', NULL);
INSERT INTO prediction (id, user_id, game_id, home_score, away_score, created_at, updated_at) VALUES (2381, 17, 288, 3, 0, '2024-01-01 00:00:00', NULL);
INSERT INTO prediction (id, user_id, game_id, home_score, away_score, created_at, updated_at) VALUES (2382, 7, 288, 5, 1, '2024-01-01 00:00:00', NULL);
INSERT INTO prediction (id, user_id, game_id, home_score, away_score, created_at, updated_at) VALUES (2383, 12, 288, 3, 0, '2024-01-01 00:00:00', NULL);
INSERT INTO prediction (id, user_id, game_id, home_score, away_score, created_at, updated_at) VALUES (2384, 13, 289, 4, 3, '2024-01-01 00:00:00', NULL);
INSERT INTO prediction (id, user_id, game_id, home_score, away_score, created_at, updated_at) VALUES (2385, 16, 289, 4, 2, '2024-01-01 00:00:00', NULL);
INSERT INTO prediction (id, user_id, game_id, home_score, away_score, created_at, updated_at) VALUES (2386, 9, 289, 3, 1, '2024-01-01 00:00:00', NULL);
INSERT INTO prediction (id, user_id, game_id, home_score, away_score, created_at, updated_at) VALUES (2387, 14, 289, 3, 1, '2024-01-01 00:00:00', NULL);
INSERT INTO prediction (id, user_id, game_id, home_score, away_score, created_at, updated_at) VALUES (2388, 18, 289, 2, 1, '2024-01-01 00:00:00', NULL);
INSERT INTO prediction (id, user_id, game_id, home_score, away_score, created_at, updated_at) VALUES (2389, 17, 289, 4, 2, '2024-01-01 00:00:00', NULL);
INSERT INTO prediction (id, user_id, game_id, home_score, away_score, created_at, updated_at) VALUES (2390, 7, 289, 4, 2, '2024-01-01 00:00:00', NULL);
INSERT INTO prediction (id, user_id, game_id, home_score, away_score, created_at, updated_at) VALUES (2391, 12, 289, 0, 0, '2024-01-01 00:00:00', NULL);
INSERT INTO prediction (id, user_id, game_id, home_score, away_score, created_at, updated_at) VALUES (2392, 13, 290, 3, 2, '2024-01-01 00:00:00', NULL);
INSERT INTO prediction (id, user_id, game_id, home_score, away_score, created_at, updated_at) VALUES (2393, 16, 290, 7, 1, '2024-01-01 00:00:00', NULL);
INSERT INTO prediction (id, user_id, game_id, home_score, away_score, created_at, updated_at) VALUES (2394, 9, 290, 5, 1, '2024-01-01 00:00:00', NULL);
INSERT INTO prediction (id, user_id, game_id, home_score, away_score, created_at, updated_at) VALUES (2395, 14, 290, 5, 1, '2024-01-01 00:00:00', NULL);
INSERT INTO prediction (id, user_id, game_id, home_score, away_score, created_at, updated_at) VALUES (2396, 18, 290, 4, 1, '2024-01-01 00:00:00', NULL);
INSERT INTO prediction (id, user_id, game_id, home_score, away_score, created_at, updated_at) VALUES (2397, 17, 290, 5, 1, '2024-01-01 00:00:00', NULL);
INSERT INTO prediction (id, user_id, game_id, home_score, away_score, created_at, updated_at) VALUES (2398, 7, 290, 5, 0, '2024-01-01 00:00:00', NULL);
INSERT INTO prediction (id, user_id, game_id, home_score, away_score, created_at, updated_at) VALUES (2399, 12, 290, 0, 0, '2024-01-01 00:00:00', NULL);
INSERT INTO prediction (id, user_id, game_id, home_score, away_score, created_at, updated_at) VALUES (2400, 13, 291, 4, 0, '2024-01-01 00:00:00', NULL);
INSERT INTO prediction (id, user_id, game_id, home_score, away_score, created_at, updated_at) VALUES (2401, 16, 291, 5, 1, '2024-01-01 00:00:00', NULL);
INSERT INTO prediction (id, user_id, game_id, home_score, away_score, created_at, updated_at) VALUES (2402, 9, 291, 5, 1, '2024-01-01 00:00:00', NULL);
INSERT INTO prediction (id, user_id, game_id, home_score, away_score, created_at, updated_at) VALUES (2403, 14, 291, 5, 0, '2024-01-01 00:00:00', NULL);
INSERT INTO prediction (id, user_id, game_id, home_score, away_score, created_at, updated_at) VALUES (2404, 18, 291, 6, 1, '2024-01-01 00:00:00', NULL);
INSERT INTO prediction (id, user_id, game_id, home_score, away_score, created_at, updated_at) VALUES (2405, 17, 291, 5, 0, '2024-01-01 00:00:00', NULL);
INSERT INTO prediction (id, user_id, game_id, home_score, away_score, created_at, updated_at) VALUES (2406, 7, 291, 6, 0, '2024-01-01 00:00:00', NULL);
INSERT INTO prediction (id, user_id, game_id, home_score, away_score, created_at, updated_at) VALUES (2407, 12, 291, 7, 2, '2024-01-01 00:00:00', NULL);
INSERT INTO prediction (id, user_id, game_id, home_score, away_score, created_at, updated_at) VALUES (2408, 13, 292, 5, 1, '2024-01-01 00:00:00', NULL);
INSERT INTO prediction (id, user_id, game_id, home_score, away_score, created_at, updated_at) VALUES (2409, 16, 292, 6, 0, '2024-01-01 00:00:00', NULL);
INSERT INTO prediction (id, user_id, game_id, home_score, away_score, created_at, updated_at) VALUES (2410, 9, 292, 8, 0, '2024-01-01 00:00:00', NULL);
INSERT INTO prediction (id, user_id, game_id, home_score, away_score, created_at, updated_at) VALUES (2411, 14, 292, 6, 0, '2024-01-01 00:00:00', NULL);
INSERT INTO prediction (id, user_id, game_id, home_score, away_score, created_at, updated_at) VALUES (2412, 18, 292, 5, 1, '2024-01-01 00:00:00', NULL);
INSERT INTO prediction (id, user_id, game_id, home_score, away_score, created_at, updated_at) VALUES (2413, 17, 292, 6, 0, '2024-01-01 00:00:00', NULL);
INSERT INTO prediction (id, user_id, game_id, home_score, away_score, created_at, updated_at) VALUES (2414, 7, 292, 7, 0, '2024-01-01 00:00:00', NULL);
INSERT INTO prediction (id, user_id, game_id, home_score, away_score, created_at, updated_at) VALUES (2415, 12, 292, 5, 1, '2024-01-01 00:00:00', NULL);
INSERT INTO prediction (id, user_id, game_id, home_score, away_score, created_at, updated_at) VALUES (2416, 13, 293, 3, 2, '2024-01-01 00:00:00', NULL);
INSERT INTO prediction (id, user_id, game_id, home_score, away_score, created_at, updated_at) VALUES (2417, 16, 293, 3, 4, '2024-01-01 00:00:00', NULL);
INSERT INTO prediction (id, user_id, game_id, home_score, away_score, created_at, updated_at) VALUES (2418, 9, 293, 2, 4, '2024-01-01 00:00:00', NULL);
INSERT INTO prediction (id, user_id, game_id, home_score, away_score, created_at, updated_at) VALUES (2419, 14, 293, 3, 1, '2024-01-01 00:00:00', NULL);
INSERT INTO prediction (id, user_id, game_id, home_score, away_score, created_at, updated_at) VALUES (2420, 18, 293, 3, 2, '2024-01-01 00:00:00', NULL);
INSERT INTO prediction (id, user_id, game_id, home_score, away_score, created_at, updated_at) VALUES (2421, 17, 293, 3, 2, '2024-01-01 00:00:00', NULL);
INSERT INTO prediction (id, user_id, game_id, home_score, away_score, created_at, updated_at) VALUES (2422, 7, 293, 2, 4, '2024-01-01 00:00:00', NULL);
INSERT INTO prediction (id, user_id, game_id, home_score, away_score, created_at, updated_at) VALUES (2423, 12, 293, 4, 3, '2024-01-01 00:00:00', NULL);
INSERT INTO prediction (id, user_id, game_id, home_score, away_score, created_at, updated_at) VALUES (2424, 13, 294, 2, 3, '2024-01-01 00:00:00', NULL);
INSERT INTO prediction (id, user_id, game_id, home_score, away_score, created_at, updated_at) VALUES (2425, 16, 294, 1, 4, '2024-01-01 00:00:00', NULL);
INSERT INTO prediction (id, user_id, game_id, home_score, away_score, created_at, updated_at) VALUES (2426, 9, 294, 1, 3, '2024-01-01 00:00:00', NULL);
INSERT INTO prediction (id, user_id, game_id, home_score, away_score, created_at, updated_at) VALUES (2427, 14, 294, 1, 4, '2024-01-01 00:00:00', NULL);
INSERT INTO prediction (id, user_id, game_id, home_score, away_score, created_at, updated_at) VALUES (2428, 18, 294, 2, 4, '2024-01-01 00:00:00', NULL);
INSERT INTO prediction (id, user_id, game_id, home_score, away_score, created_at, updated_at) VALUES (2429, 17, 294, 1, 5, '2024-01-01 00:00:00', NULL);
INSERT INTO prediction (id, user_id, game_id, home_score, away_score, created_at, updated_at) VALUES (2430, 7, 294, 2, 5, '2024-01-01 00:00:00', NULL);
INSERT INTO prediction (id, user_id, game_id, home_score, away_score, created_at, updated_at) VALUES (2431, 12, 294, 1, 3, '2024-01-01 00:00:00', NULL);
INSERT INTO prediction (id, user_id, game_id, home_score, away_score, created_at, updated_at) VALUES (2432, 13, 295, 1, 7, '2024-01-01 00:00:00', NULL);
INSERT INTO prediction (id, user_id, game_id, home_score, away_score, created_at, updated_at) VALUES (2433, 16, 295, 0, 6, '2024-01-01 00:00:00', NULL);
INSERT INTO prediction (id, user_id, game_id, home_score, away_score, created_at, updated_at) VALUES (2434, 9, 295, 1, 10, '2024-01-01 00:00:00', NULL);
INSERT INTO prediction (id, user_id, game_id, home_score, away_score, created_at, updated_at) VALUES (2435, 14, 295, 1, 7, '2024-01-01 00:00:00', NULL);
INSERT INTO prediction (id, user_id, game_id, home_score, away_score, created_at, updated_at) VALUES (2436, 18, 295, 0, 8, '2024-01-01 00:00:00', NULL);
INSERT INTO prediction (id, user_id, game_id, home_score, away_score, created_at, updated_at) VALUES (2437, 17, 295, 1, 5, '2024-01-01 00:00:00', NULL);
INSERT INTO prediction (id, user_id, game_id, home_score, away_score, created_at, updated_at) VALUES (2438, 7, 295, 0, 7, '2024-01-01 00:00:00', NULL);
INSERT INTO prediction (id, user_id, game_id, home_score, away_score, created_at, updated_at) VALUES (2439, 12, 295, 1, 8, '2024-01-01 00:00:00', NULL);
INSERT INTO prediction (id, user_id, game_id, home_score, away_score, created_at, updated_at) VALUES (2440, 13, 296, 3, 2, '2024-01-01 00:00:00', NULL);
INSERT INTO prediction (id, user_id, game_id, home_score, away_score, created_at, updated_at) VALUES (2441, 16, 296, 4, 2, '2024-01-01 00:00:00', NULL);
INSERT INTO prediction (id, user_id, game_id, home_score, away_score, created_at, updated_at) VALUES (2442, 9, 296, 3, 1, '2024-01-01 00:00:00', NULL);
INSERT INTO prediction (id, user_id, game_id, home_score, away_score, created_at, updated_at) VALUES (2443, 14, 296, 4, 1, '2024-01-01 00:00:00', NULL);
INSERT INTO prediction (id, user_id, game_id, home_score, away_score, created_at, updated_at) VALUES (2444, 18, 296, 6, 2, '2024-01-01 00:00:00', NULL);
INSERT INTO prediction (id, user_id, game_id, home_score, away_score, created_at, updated_at) VALUES (2445, 17, 296, 3, 1, '2024-01-01 00:00:00', NULL);
INSERT INTO prediction (id, user_id, game_id, home_score, away_score, created_at, updated_at) VALUES (2446, 7, 296, 3, 1, '2024-01-01 00:00:00', NULL);
INSERT INTO prediction (id, user_id, game_id, home_score, away_score, created_at, updated_at) VALUES (2447, 12, 296, 7, 2, '2024-01-01 00:00:00', NULL);
INSERT INTO prediction (id, user_id, game_id, home_score, away_score, created_at, updated_at) VALUES (2448, 13, 297, 4, 0, '2024-01-01 00:00:00', NULL);
INSERT INTO prediction (id, user_id, game_id, home_score, away_score, created_at, updated_at) VALUES (2449, 16, 297, 5, 3, '2024-01-01 00:00:00', NULL);
INSERT INTO prediction (id, user_id, game_id, home_score, away_score, created_at, updated_at) VALUES (2450, 9, 297, 4, 2, '2024-01-01 00:00:00', NULL);
INSERT INTO prediction (id, user_id, game_id, home_score, away_score, created_at, updated_at) VALUES (2451, 14, 297, 4, 2, '2024-01-01 00:00:00', NULL);
INSERT INTO prediction (id, user_id, game_id, home_score, away_score, created_at, updated_at) VALUES (2452, 18, 297, 4, 2, '2024-01-01 00:00:00', NULL);
INSERT INTO prediction (id, user_id, game_id, home_score, away_score, created_at, updated_at) VALUES (2453, 17, 297, 4, 0, '2024-01-01 00:00:00', NULL);
INSERT INTO prediction (id, user_id, game_id, home_score, away_score, created_at, updated_at) VALUES (2454, 7, 297, 4, 2, '2024-01-01 00:00:00', NULL);
INSERT INTO prediction (id, user_id, game_id, home_score, away_score, created_at, updated_at) VALUES (2455, 12, 297, 5, 3, '2024-01-01 00:00:00', NULL);
INSERT INTO prediction (id, user_id, game_id, home_score, away_score, created_at, updated_at) VALUES (2456, 13, 298, 2, 5, '2024-01-01 00:00:00', NULL);
INSERT INTO prediction (id, user_id, game_id, home_score, away_score, created_at, updated_at) VALUES (2457, 16, 298, 1, 7, '2024-01-01 00:00:00', NULL);
INSERT INTO prediction (id, user_id, game_id, home_score, away_score, created_at, updated_at) VALUES (2458, 9, 298, 1, 5, '2024-01-01 00:00:00', NULL);
INSERT INTO prediction (id, user_id, game_id, home_score, away_score, created_at, updated_at) VALUES (2459, 14, 298, 1, 6, '2024-01-01 00:00:00', NULL);
INSERT INTO prediction (id, user_id, game_id, home_score, away_score, created_at, updated_at) VALUES (2460, 18, 298, 1, 5, '2024-01-01 00:00:00', NULL);
INSERT INTO prediction (id, user_id, game_id, home_score, away_score, created_at, updated_at) VALUES (2461, 17, 298, 1, 6, '2024-01-01 00:00:00', NULL);
INSERT INTO prediction (id, user_id, game_id, home_score, away_score, created_at, updated_at) VALUES (2462, 7, 298, 2, 4, '2024-01-01 00:00:00', NULL);
INSERT INTO prediction (id, user_id, game_id, home_score, away_score, created_at, updated_at) VALUES (2463, 12, 298, 2, 6, '2024-01-01 00:00:00', NULL);
INSERT INTO prediction (id, user_id, game_id, home_score, away_score, created_at, updated_at) VALUES (2464, 13, 299, 1, 3, '2024-01-01 00:00:00', NULL);
INSERT INTO prediction (id, user_id, game_id, home_score, away_score, created_at, updated_at) VALUES (2465, 16, 299, 2, 5, '2024-01-01 00:00:00', NULL);
INSERT INTO prediction (id, user_id, game_id, home_score, away_score, created_at, updated_at) VALUES (2466, 9, 299, 1, 4, '2024-01-01 00:00:00', NULL);
INSERT INTO prediction (id, user_id, game_id, home_score, away_score, created_at, updated_at) VALUES (2467, 14, 299, 2, 3, '2024-01-01 00:00:00', NULL);
INSERT INTO prediction (id, user_id, game_id, home_score, away_score, created_at, updated_at) VALUES (2468, 18, 299, 2, 4, '2024-01-01 00:00:00', NULL);
INSERT INTO prediction (id, user_id, game_id, home_score, away_score, created_at, updated_at) VALUES (2469, 17, 299, 3, 2, '2024-01-01 00:00:00', NULL);
INSERT INTO prediction (id, user_id, game_id, home_score, away_score, created_at, updated_at) VALUES (2470, 7, 299, 1, 2, '2024-01-01 00:00:00', NULL);
INSERT INTO prediction (id, user_id, game_id, home_score, away_score, created_at, updated_at) VALUES (2471, 12, 299, 1, 4, '2024-01-01 00:00:00', NULL);
INSERT INTO prediction (id, user_id, game_id, home_score, away_score, created_at, updated_at) VALUES (2472, 13, 300, 2, 1, '2024-01-01 00:00:00', NULL);
INSERT INTO prediction (id, user_id, game_id, home_score, away_score, created_at, updated_at) VALUES (2473, 16, 300, 3, 2, '2024-01-01 00:00:00', NULL);
INSERT INTO prediction (id, user_id, game_id, home_score, away_score, created_at, updated_at) VALUES (2474, 9, 300, 4, 1, '2024-01-01 00:00:00', NULL);
INSERT INTO prediction (id, user_id, game_id, home_score, away_score, created_at, updated_at) VALUES (2475, 14, 300, 3, 2, '2024-01-01 00:00:00', NULL);
INSERT INTO prediction (id, user_id, game_id, home_score, away_score, created_at, updated_at) VALUES (2476, 18, 300, 3, 2, '2024-01-01 00:00:00', NULL);
INSERT INTO prediction (id, user_id, game_id, home_score, away_score, created_at, updated_at) VALUES (2477, 17, 300, 2, 3, '2024-01-01 00:00:00', NULL);
INSERT INTO prediction (id, user_id, game_id, home_score, away_score, created_at, updated_at) VALUES (2478, 7, 300, 2, 1, '2024-01-01 00:00:00', NULL);
INSERT INTO prediction (id, user_id, game_id, home_score, away_score, created_at, updated_at) VALUES (2479, 12, 300, 3, 2, '2024-01-01 00:00:00', NULL);
INSERT INTO prediction (id, user_id, game_id, home_score, away_score, created_at, updated_at) VALUES (2480, 13, 301, 2, 3, '2024-01-01 00:00:00', NULL);
INSERT INTO prediction (id, user_id, game_id, home_score, away_score, created_at, updated_at) VALUES (2481, 16, 301, 2, 4, '2024-01-01 00:00:00', NULL);
INSERT INTO prediction (id, user_id, game_id, home_score, away_score, created_at, updated_at) VALUES (2482, 9, 301, 2, 5, '2024-01-01 00:00:00', NULL);
INSERT INTO prediction (id, user_id, game_id, home_score, away_score, created_at, updated_at) VALUES (2483, 14, 301, 2, 4, '2024-01-01 00:00:00', NULL);
INSERT INTO prediction (id, user_id, game_id, home_score, away_score, created_at, updated_at) VALUES (2484, 18, 301, 2, 4, '2024-01-01 00:00:00', NULL);
INSERT INTO prediction (id, user_id, game_id, home_score, away_score, created_at, updated_at) VALUES (2485, 17, 301, 3, 4, '2024-01-01 00:00:00', NULL);
INSERT INTO prediction (id, user_id, game_id, home_score, away_score, created_at, updated_at) VALUES (2486, 7, 301, 1, 5, '2024-01-01 00:00:00', NULL);
INSERT INTO prediction (id, user_id, game_id, home_score, away_score, created_at, updated_at) VALUES (2487, 12, 301, 2, 6, '2024-01-01 00:00:00', NULL);
INSERT INTO prediction (id, user_id, game_id, home_score, away_score, created_at, updated_at) VALUES (2488, 13, 302, 3, 2, '2024-01-01 00:00:00', NULL);
INSERT INTO prediction (id, user_id, game_id, home_score, away_score, created_at, updated_at) VALUES (2489, 16, 302, 3, 1, '2024-01-01 00:00:00', NULL);
INSERT INTO prediction (id, user_id, game_id, home_score, away_score, created_at, updated_at) VALUES (2490, 9, 302, 3, 1, '2024-01-01 00:00:00', NULL);
INSERT INTO prediction (id, user_id, game_id, home_score, away_score, created_at, updated_at) VALUES (2491, 14, 302, 3, 2, '2024-01-01 00:00:00', NULL);
INSERT INTO prediction (id, user_id, game_id, home_score, away_score, created_at, updated_at) VALUES (2492, 18, 302, 2, 3, '2024-01-01 00:00:00', NULL);
INSERT INTO prediction (id, user_id, game_id, home_score, away_score, created_at, updated_at) VALUES (2493, 17, 302, 4, 1, '2024-01-01 00:00:00', NULL);
INSERT INTO prediction (id, user_id, game_id, home_score, away_score, created_at, updated_at) VALUES (2494, 7, 302, 3, 1, '2024-01-01 00:00:00', NULL);
INSERT INTO prediction (id, user_id, game_id, home_score, away_score, created_at, updated_at) VALUES (2495, 12, 302, 4, 1, '2024-01-01 00:00:00', NULL);
INSERT INTO prediction (id, user_id, game_id, home_score, away_score, created_at, updated_at) VALUES (2496, 13, 303, 0, 3, '2024-01-01 00:00:00', NULL);
INSERT INTO prediction (id, user_id, game_id, home_score, away_score, created_at, updated_at) VALUES (2497, 16, 303, 2, 3, '2024-01-01 00:00:00', NULL);
INSERT INTO prediction (id, user_id, game_id, home_score, away_score, created_at, updated_at) VALUES (2498, 9, 303, 1, 4, '2024-01-01 00:00:00', NULL);
INSERT INTO prediction (id, user_id, game_id, home_score, away_score, created_at, updated_at) VALUES (2499, 14, 303, 1, 3, '2024-01-01 00:00:00', NULL);
INSERT INTO prediction (id, user_id, game_id, home_score, away_score, created_at, updated_at) VALUES (2500, 18, 303, 1, 4, '2024-01-01 00:00:00', NULL);
INSERT INTO prediction (id, user_id, game_id, home_score, away_score, created_at, updated_at) VALUES (2501, 17, 303, 1, 5, '2024-01-01 00:00:00', NULL);
INSERT INTO prediction (id, user_id, game_id, home_score, away_score, created_at, updated_at) VALUES (2502, 7, 303, 2, 4, '2024-01-01 00:00:00', NULL);
INSERT INTO prediction (id, user_id, game_id, home_score, away_score, created_at, updated_at) VALUES (2503, 12, 303, 0, 4, '2024-01-01 00:00:00', NULL);
INSERT INTO prediction (id, user_id, game_id, home_score, away_score, created_at, updated_at) VALUES (2504, 13, 304, 3, 2, '2024-01-01 00:00:00', NULL);
INSERT INTO prediction (id, user_id, game_id, home_score, away_score, created_at, updated_at) VALUES (2505, 16, 304, 4, 2, '2024-01-01 00:00:00', NULL);
INSERT INTO prediction (id, user_id, game_id, home_score, away_score, created_at, updated_at) VALUES (2506, 9, 304, 3, 2, '2024-01-01 00:00:00', NULL);
INSERT INTO prediction (id, user_id, game_id, home_score, away_score, created_at, updated_at) VALUES (2507, 14, 304, 3, 2, '2024-01-01 00:00:00', NULL);
INSERT INTO prediction (id, user_id, game_id, home_score, away_score, created_at, updated_at) VALUES (2508, 18, 304, 4, 2, '2024-01-01 00:00:00', NULL);
INSERT INTO prediction (id, user_id, game_id, home_score, away_score, created_at, updated_at) VALUES (2509, 17, 304, 3, 2, '2024-01-01 00:00:00', NULL);
INSERT INTO prediction (id, user_id, game_id, home_score, away_score, created_at, updated_at) VALUES (2510, 7, 304, 3, 1, '2024-01-01 00:00:00', NULL);
INSERT INTO prediction (id, user_id, game_id, home_score, away_score, created_at, updated_at) VALUES (2511, 12, 304, 2, 1, '2024-01-01 00:00:00', NULL);
INSERT INTO prediction (id, user_id, game_id, home_score, away_score, created_at, updated_at) VALUES (2512, 13, 305, 0, 2, '2024-01-01 00:00:00', NULL);
INSERT INTO prediction (id, user_id, game_id, home_score, away_score, created_at, updated_at) VALUES (2513, 16, 305, 2, 5, '2024-01-01 00:00:00', NULL);
INSERT INTO prediction (id, user_id, game_id, home_score, away_score, created_at, updated_at) VALUES (2514, 9, 305, 2, 4, '2024-01-01 00:00:00', NULL);
INSERT INTO prediction (id, user_id, game_id, home_score, away_score, created_at, updated_at) VALUES (2515, 14, 305, 2, 6, '2024-01-01 00:00:00', NULL);
INSERT INTO prediction (id, user_id, game_id, home_score, away_score, created_at, updated_at) VALUES (2516, 18, 305, 1, 5, '2024-01-01 00:00:00', NULL);
INSERT INTO prediction (id, user_id, game_id, home_score, away_score, created_at, updated_at) VALUES (2517, 17, 305, 1, 5, '2024-01-01 00:00:00', NULL);
INSERT INTO prediction (id, user_id, game_id, home_score, away_score, created_at, updated_at) VALUES (2518, 7, 305, 2, 4, '2024-01-01 00:00:00', NULL);
INSERT INTO prediction (id, user_id, game_id, home_score, away_score, created_at, updated_at) VALUES (2519, 12, 305, 1, 5, '2024-01-01 00:00:00', NULL);
INSERT INTO prediction (id, user_id, game_id, home_score, away_score, created_at, updated_at) VALUES (2520, 13, 306, 4, 1, '2024-01-01 00:00:00', NULL);
INSERT INTO prediction (id, user_id, game_id, home_score, away_score, created_at, updated_at) VALUES (2521, 16, 306, 6, 1, '2024-01-01 00:00:00', NULL);
INSERT INTO prediction (id, user_id, game_id, home_score, away_score, created_at, updated_at) VALUES (2522, 9, 306, 6, 1, '2024-01-01 00:00:00', NULL);
INSERT INTO prediction (id, user_id, game_id, home_score, away_score, created_at, updated_at) VALUES (2523, 14, 306, 5, 2, '2024-01-01 00:00:00', NULL);
INSERT INTO prediction (id, user_id, game_id, home_score, away_score, created_at, updated_at) VALUES (2524, 18, 306, 4, 2, '2024-01-01 00:00:00', NULL);
INSERT INTO prediction (id, user_id, game_id, home_score, away_score, created_at, updated_at) VALUES (2525, 17, 306, 5, 2, '2024-01-01 00:00:00', NULL);
INSERT INTO prediction (id, user_id, game_id, home_score, away_score, created_at, updated_at) VALUES (2526, 7, 306, 4, 2, '2024-01-01 00:00:00', NULL);
INSERT INTO prediction (id, user_id, game_id, home_score, away_score, created_at, updated_at) VALUES (2527, 12, 306, 4, 3, '2024-01-01 00:00:00', NULL);
INSERT INTO prediction (id, user_id, game_id, home_score, away_score, created_at, updated_at) VALUES (2528, 13, 307, 3, 0, '2024-01-01 00:00:00', NULL);
INSERT INTO prediction (id, user_id, game_id, home_score, away_score, created_at, updated_at) VALUES (2529, 16, 307, 5, 0, '2024-01-01 00:00:00', NULL);
INSERT INTO prediction (id, user_id, game_id, home_score, away_score, created_at, updated_at) VALUES (2530, 9, 307, 5, 1, '2024-01-01 00:00:00', NULL);
INSERT INTO prediction (id, user_id, game_id, home_score, away_score, created_at, updated_at) VALUES (2531, 14, 307, 7, 1, '2024-01-01 00:00:00', NULL);
INSERT INTO prediction (id, user_id, game_id, home_score, away_score, created_at, updated_at) VALUES (2532, 18, 307, 6, 1, '2024-01-01 00:00:00', NULL);
INSERT INTO prediction (id, user_id, game_id, home_score, away_score, created_at, updated_at) VALUES (2533, 17, 307, 6, 0, '2024-01-01 00:00:00', NULL);
INSERT INTO prediction (id, user_id, game_id, home_score, away_score, created_at, updated_at) VALUES (2534, 7, 307, 6, 1, '2024-01-01 00:00:00', NULL);
INSERT INTO prediction (id, user_id, game_id, home_score, away_score, created_at, updated_at) VALUES (2535, 12, 307, 6, 1, '2024-01-01 00:00:00', NULL);
INSERT INTO prediction (id, user_id, game_id, home_score, away_score, created_at, updated_at) VALUES (2536, 13, 308, 6, 1, '2024-01-01 00:00:00', NULL);
INSERT INTO prediction (id, user_id, game_id, home_score, away_score, created_at, updated_at) VALUES (2537, 16, 308, 8, 1, '2024-01-01 00:00:00', NULL);
INSERT INTO prediction (id, user_id, game_id, home_score, away_score, created_at, updated_at) VALUES (2538, 9, 308, 7, 1, '2024-01-01 00:00:00', NULL);
INSERT INTO prediction (id, user_id, game_id, home_score, away_score, created_at, updated_at) VALUES (2539, 14, 308, 6, 0, '2024-01-01 00:00:00', NULL);
INSERT INTO prediction (id, user_id, game_id, home_score, away_score, created_at, updated_at) VALUES (2540, 18, 308, 8, 1, '2024-01-01 00:00:00', NULL);
INSERT INTO prediction (id, user_id, game_id, home_score, away_score, created_at, updated_at) VALUES (2541, 17, 308, 6, 0, '2024-01-01 00:00:00', NULL);
INSERT INTO prediction (id, user_id, game_id, home_score, away_score, created_at, updated_at) VALUES (2542, 7, 308, 5, 1, '2024-01-01 00:00:00', NULL);
INSERT INTO prediction (id, user_id, game_id, home_score, away_score, created_at, updated_at) VALUES (2543, 12, 308, 5, 1, '2024-01-01 00:00:00', NULL);
INSERT INTO prediction (id, user_id, game_id, home_score, away_score, created_at, updated_at) VALUES (2544, 13, 309, 3, 1, '2024-01-01 00:00:00', NULL);
INSERT INTO prediction (id, user_id, game_id, home_score, away_score, created_at, updated_at) VALUES (2545, 16, 309, 4, 2, '2024-01-01 00:00:00', NULL);
INSERT INTO prediction (id, user_id, game_id, home_score, away_score, created_at, updated_at) VALUES (2546, 9, 309, 4, 2, '2024-01-01 00:00:00', NULL);
INSERT INTO prediction (id, user_id, game_id, home_score, away_score, created_at, updated_at) VALUES (2547, 14, 309, 3, 2, '2024-01-01 00:00:00', NULL);
INSERT INTO prediction (id, user_id, game_id, home_score, away_score, created_at, updated_at) VALUES (2548, 18, 309, 4, 1, '2024-01-01 00:00:00', NULL);
INSERT INTO prediction (id, user_id, game_id, home_score, away_score, created_at, updated_at) VALUES (2549, 17, 309, 4, 2, '2024-01-01 00:00:00', NULL);
INSERT INTO prediction (id, user_id, game_id, home_score, away_score, created_at, updated_at) VALUES (2550, 7, 309, 3, 1, '2024-01-01 00:00:00', NULL);
INSERT INTO prediction (id, user_id, game_id, home_score, away_score, created_at, updated_at) VALUES (2551, 12, 309, 4, 3, '2024-01-01 00:00:00', NULL);
INSERT INTO prediction (id, user_id, game_id, home_score, away_score, created_at, updated_at) VALUES (2552, 13, 310, 4, 3, '2024-01-01 00:00:00', NULL);
INSERT INTO prediction (id, user_id, game_id, home_score, away_score, created_at, updated_at) VALUES (2553, 16, 310, 3, 2, '2024-01-01 00:00:00', NULL);
INSERT INTO prediction (id, user_id, game_id, home_score, away_score, created_at, updated_at) VALUES (2554, 9, 310, 1, 3, '2024-01-01 00:00:00', NULL);
INSERT INTO prediction (id, user_id, game_id, home_score, away_score, created_at, updated_at) VALUES (2555, 14, 310, 1, 3, '2024-01-01 00:00:00', NULL);
INSERT INTO prediction (id, user_id, game_id, home_score, away_score, created_at, updated_at) VALUES (2556, 18, 310, 2, 3, '2024-01-01 00:00:00', NULL);
INSERT INTO prediction (id, user_id, game_id, home_score, away_score, created_at, updated_at) VALUES (2557, 17, 310, 3, 1, '2024-01-01 00:00:00', NULL);
INSERT INTO prediction (id, user_id, game_id, home_score, away_score, created_at, updated_at) VALUES (2558, 7, 310, 3, 1, '2024-01-01 00:00:00', NULL);
INSERT INTO prediction (id, user_id, game_id, home_score, away_score, created_at, updated_at) VALUES (2559, 12, 310, 1, 2, '2024-01-01 00:00:00', NULL);
INSERT INTO prediction (id, user_id, game_id, home_score, away_score, created_at, updated_at) VALUES (2560, 13, 311, 4, 2, '2024-01-01 00:00:00', NULL);
INSERT INTO prediction (id, user_id, game_id, home_score, away_score, created_at, updated_at) VALUES (2561, 16, 311, 3, 4, '2024-01-01 00:00:00', NULL);
INSERT INTO prediction (id, user_id, game_id, home_score, away_score, created_at, updated_at) VALUES (2562, 9, 311, 4, 2, '2024-01-01 00:00:00', NULL);
INSERT INTO prediction (id, user_id, game_id, home_score, away_score, created_at, updated_at) VALUES (2563, 14, 311, 2, 3, '2024-01-01 00:00:00', NULL);
INSERT INTO prediction (id, user_id, game_id, home_score, away_score, created_at, updated_at) VALUES (2564, 18, 311, 2, 3, '2024-01-01 00:00:00', NULL);
INSERT INTO prediction (id, user_id, game_id, home_score, away_score, created_at, updated_at) VALUES (2565, 17, 311, 4, 2, '2024-01-01 00:00:00', NULL);
INSERT INTO prediction (id, user_id, game_id, home_score, away_score, created_at, updated_at) VALUES (2566, 7, 311, 3, 1, '2024-01-01 00:00:00', NULL);
INSERT INTO prediction (id, user_id, game_id, home_score, away_score, created_at, updated_at) VALUES (2567, 12, 311, 4, 2, '2024-01-01 00:00:00', NULL);
INSERT INTO prediction (id, user_id, game_id, home_score, away_score, created_at, updated_at) VALUES (2568, 13, 312, 3, 2, '2024-01-01 00:00:00', NULL);
INSERT INTO prediction (id, user_id, game_id, home_score, away_score, created_at, updated_at) VALUES (2569, 16, 312, 2, 1, '2024-01-01 00:00:00', NULL);
INSERT INTO prediction (id, user_id, game_id, home_score, away_score, created_at, updated_at) VALUES (2570, 9, 312, 4, 2, '2024-01-01 00:00:00', NULL);
INSERT INTO prediction (id, user_id, game_id, home_score, away_score, created_at, updated_at) VALUES (2571, 14, 312, 4, 3, '2024-01-01 00:00:00', NULL);
INSERT INTO prediction (id, user_id, game_id, home_score, away_score, created_at, updated_at) VALUES (2572, 18, 312, 3, 1, '2024-01-01 00:00:00', NULL);
INSERT INTO prediction (id, user_id, game_id, home_score, away_score, created_at, updated_at) VALUES (2573, 17, 312, 2, 4, '2024-01-01 00:00:00', NULL);
INSERT INTO prediction (id, user_id, game_id, home_score, away_score, created_at, updated_at) VALUES (2574, 7, 312, 2, 3, '2024-01-01 00:00:00', NULL);
INSERT INTO prediction (id, user_id, game_id, home_score, away_score, created_at, updated_at) VALUES (2575, 12, 312, 2, 0, '2024-01-01 00:00:00', NULL);
INSERT INTO prediction (id, user_id, game_id, home_score, away_score, created_at, updated_at) VALUES (2576, 13, 313, 4, 3, '2024-01-01 00:00:00', NULL);
INSERT INTO prediction (id, user_id, game_id, home_score, away_score, created_at, updated_at) VALUES (2577, 16, 313, 4, 2, '2024-01-01 00:00:00', NULL);
INSERT INTO prediction (id, user_id, game_id, home_score, away_score, created_at, updated_at) VALUES (2578, 9, 313, 4, 1, '2024-01-01 00:00:00', NULL);
INSERT INTO prediction (id, user_id, game_id, home_score, away_score, created_at, updated_at) VALUES (2579, 14, 313, 4, 2, '2024-01-01 00:00:00', NULL);
INSERT INTO prediction (id, user_id, game_id, home_score, away_score, created_at, updated_at) VALUES (2580, 18, 313, 3, 2, '2024-01-01 00:00:00', NULL);
INSERT INTO prediction (id, user_id, game_id, home_score, away_score, created_at, updated_at) VALUES (2581, 17, 313, 3, 2, '2024-01-01 00:00:00', NULL);
INSERT INTO prediction (id, user_id, game_id, home_score, away_score, created_at, updated_at) VALUES (2582, 7, 313, 3, 2, '2024-01-01 00:00:00', NULL);
INSERT INTO prediction (id, user_id, game_id, home_score, away_score, created_at, updated_at) VALUES (2583, 12, 313, 3, 2, '2024-01-01 00:00:00', NULL);
INSERT INTO prediction (id, user_id, game_id, home_score, away_score, created_at, updated_at) VALUES (2584, 13, 314, 1, 3, '2024-01-01 00:00:00', NULL);
INSERT INTO prediction (id, user_id, game_id, home_score, away_score, created_at, updated_at) VALUES (2585, 16, 314, 1, 5, '2024-01-01 00:00:00', NULL);
INSERT INTO prediction (id, user_id, game_id, home_score, away_score, created_at, updated_at) VALUES (2586, 9, 314, 1, 7, '2024-01-01 00:00:00', NULL);
INSERT INTO prediction (id, user_id, game_id, home_score, away_score, created_at, updated_at) VALUES (2587, 14, 314, 0, 6, '2024-01-01 00:00:00', NULL);
INSERT INTO prediction (id, user_id, game_id, home_score, away_score, created_at, updated_at) VALUES (2588, 18, 314, 1, 4, '2024-01-01 00:00:00', NULL);
INSERT INTO prediction (id, user_id, game_id, home_score, away_score, created_at, updated_at) VALUES (2589, 17, 314, 1, 6, '2024-01-01 00:00:00', NULL);
INSERT INTO prediction (id, user_id, game_id, home_score, away_score, created_at, updated_at) VALUES (2590, 7, 314, 1, 5, '2024-01-01 00:00:00', NULL);
INSERT INTO prediction (id, user_id, game_id, home_score, away_score, created_at, updated_at) VALUES (2591, 12, 314, 1, 5, '2024-01-01 00:00:00', NULL);
INSERT INTO prediction (id, user_id, game_id, home_score, away_score, created_at, updated_at) VALUES (2592, 13, 315, 4, 0, '2024-01-01 00:00:00', NULL);
INSERT INTO prediction (id, user_id, game_id, home_score, away_score, created_at, updated_at) VALUES (2593, 16, 315, 6, 0, '2024-01-01 00:00:00', NULL);
INSERT INTO prediction (id, user_id, game_id, home_score, away_score, created_at, updated_at) VALUES (2594, 9, 315, 7, 1, '2024-01-01 00:00:00', NULL);
INSERT INTO prediction (id, user_id, game_id, home_score, away_score, created_at, updated_at) VALUES (2595, 14, 315, 7, 0, '2024-01-01 00:00:00', NULL);
INSERT INTO prediction (id, user_id, game_id, home_score, away_score, created_at, updated_at) VALUES (2596, 18, 315, 8, 1, '2024-01-01 00:00:00', NULL);
INSERT INTO prediction (id, user_id, game_id, home_score, away_score, created_at, updated_at) VALUES (2597, 17, 315, 7, 0, '2024-01-01 00:00:00', NULL);
INSERT INTO prediction (id, user_id, game_id, home_score, away_score, created_at, updated_at) VALUES (2598, 7, 315, 6, 0, '2024-01-01 00:00:00', NULL);
INSERT INTO prediction (id, user_id, game_id, home_score, away_score, created_at, updated_at) VALUES (2599, 12, 315, 6, 0, '2024-01-01 00:00:00', NULL);
INSERT INTO prediction (id, user_id, game_id, home_score, away_score, created_at, updated_at) VALUES (2600, 13, 316, 3, 2, '2024-01-01 00:00:00', NULL);
INSERT INTO prediction (id, user_id, game_id, home_score, away_score, created_at, updated_at) VALUES (2601, 16, 316, 5, 2, '2024-01-01 00:00:00', NULL);
INSERT INTO prediction (id, user_id, game_id, home_score, away_score, created_at, updated_at) VALUES (2602, 9, 316, 4, 1, '2024-01-01 00:00:00', NULL);
INSERT INTO prediction (id, user_id, game_id, home_score, away_score, created_at, updated_at) VALUES (2603, 14, 316, 4, 1, '2024-01-01 00:00:00', NULL);
INSERT INTO prediction (id, user_id, game_id, home_score, away_score, created_at, updated_at) VALUES (2604, 18, 316, 3, 2, '2024-01-01 00:00:00', NULL);
INSERT INTO prediction (id, user_id, game_id, home_score, away_score, created_at, updated_at) VALUES (2605, 17, 316, 4, 1, '2024-01-01 00:00:00', NULL);
INSERT INTO prediction (id, user_id, game_id, home_score, away_score, created_at, updated_at) VALUES (2606, 7, 316, 3, 1, '2024-01-01 00:00:00', NULL);
INSERT INTO prediction (id, user_id, game_id, home_score, away_score, created_at, updated_at) VALUES (2607, 12, 316, 1, 3, '2024-01-01 00:00:00', NULL);
INSERT INTO prediction (id, user_id, game_id, home_score, away_score, created_at, updated_at) VALUES (2608, 13, 317, 4, 0, '2024-01-01 00:00:00', NULL);
INSERT INTO prediction (id, user_id, game_id, home_score, away_score, created_at, updated_at) VALUES (2609, 16, 317, 4, 1, '2024-01-01 00:00:00', NULL);
INSERT INTO prediction (id, user_id, game_id, home_score, away_score, created_at, updated_at) VALUES (2610, 9, 317, 4, 1, '2024-01-01 00:00:00', NULL);
INSERT INTO prediction (id, user_id, game_id, home_score, away_score, created_at, updated_at) VALUES (2611, 14, 317, 3, 1, '2024-01-01 00:00:00', NULL);
INSERT INTO prediction (id, user_id, game_id, home_score, away_score, created_at, updated_at) VALUES (2612, 18, 317, 4, 1, '2024-01-01 00:00:00', NULL);
INSERT INTO prediction (id, user_id, game_id, home_score, away_score, created_at, updated_at) VALUES (2613, 17, 317, 4, 2, '2024-01-01 00:00:00', NULL);
INSERT INTO prediction (id, user_id, game_id, home_score, away_score, created_at, updated_at) VALUES (2614, 7, 317, 4, 1, '2024-01-01 00:00:00', NULL);
INSERT INTO prediction (id, user_id, game_id, home_score, away_score, created_at, updated_at) VALUES (2615, 12, 317, 5, 1, '2024-01-01 00:00:00', NULL);
INSERT INTO prediction (id, user_id, game_id, home_score, away_score, created_at, updated_at) VALUES (2616, 13, 318, 1, 4, '2024-01-01 00:00:00', NULL);
INSERT INTO prediction (id, user_id, game_id, home_score, away_score, created_at, updated_at) VALUES (2617, 16, 318, 0, 5, '2024-01-01 00:00:00', NULL);
INSERT INTO prediction (id, user_id, game_id, home_score, away_score, created_at, updated_at) VALUES (2618, 9, 318, 0, 5, '2024-01-01 00:00:00', NULL);
INSERT INTO prediction (id, user_id, game_id, home_score, away_score, created_at, updated_at) VALUES (2619, 14, 318, 1, 6, '2024-01-01 00:00:00', NULL);
INSERT INTO prediction (id, user_id, game_id, home_score, away_score, created_at, updated_at) VALUES (2620, 18, 318, 0, 6, '2024-01-01 00:00:00', NULL);
INSERT INTO prediction (id, user_id, game_id, home_score, away_score, created_at, updated_at) VALUES (2621, 17, 318, 0, 5, '2024-01-01 00:00:00', NULL);
INSERT INTO prediction (id, user_id, game_id, home_score, away_score, created_at, updated_at) VALUES (2622, 7, 318, 0, 4, '2024-01-01 00:00:00', NULL);
INSERT INTO prediction (id, user_id, game_id, home_score, away_score, created_at, updated_at) VALUES (2623, 12, 318, 2, 6, '2024-01-01 00:00:00', NULL);
INSERT INTO prediction (id, user_id, game_id, home_score, away_score, created_at, updated_at) VALUES (2624, 13, 319, 2, 4, '2024-01-01 00:00:00', NULL);
INSERT INTO prediction (id, user_id, game_id, home_score, away_score, created_at, updated_at) VALUES (2625, 16, 319, 2, 4, '2024-01-01 00:00:00', NULL);
INSERT INTO prediction (id, user_id, game_id, home_score, away_score, created_at, updated_at) VALUES (2626, 9, 319, 1, 4, '2024-01-01 00:00:00', NULL);
INSERT INTO prediction (id, user_id, game_id, home_score, away_score, created_at, updated_at) VALUES (2627, 14, 319, 2, 5, '2024-01-01 00:00:00', NULL);
INSERT INTO prediction (id, user_id, game_id, home_score, away_score, created_at, updated_at) VALUES (2628, 18, 319, 2, 4, '2024-01-01 00:00:00', NULL);
INSERT INTO prediction (id, user_id, game_id, home_score, away_score, created_at, updated_at) VALUES (2629, 17, 319, 2, 4, '2024-01-01 00:00:00', NULL);
INSERT INTO prediction (id, user_id, game_id, home_score, away_score, created_at, updated_at) VALUES (2630, 7, 319, 1, 4, '2024-01-01 00:00:00', NULL);
INSERT INTO prediction (id, user_id, game_id, home_score, away_score, created_at, updated_at) VALUES (2631, 12, 319, 2, 3, '2024-01-01 00:00:00', NULL);
INSERT INTO prediction (id, user_id, game_id, home_score, away_score, created_at, updated_at) VALUES (2632, 13, 320, 4, 2, '2024-01-01 00:00:00', NULL);
INSERT INTO prediction (id, user_id, game_id, home_score, away_score, created_at, updated_at) VALUES (2633, 16, 320, 3, 2, '2024-01-01 00:00:00', NULL);
INSERT INTO prediction (id, user_id, game_id, home_score, away_score, created_at, updated_at) VALUES (2634, 9, 320, 2, 3, '2024-01-01 00:00:00', NULL);
INSERT INTO prediction (id, user_id, game_id, home_score, away_score, created_at, updated_at) VALUES (2635, 14, 320, 3, 2, '2024-01-01 00:00:00', NULL);
INSERT INTO prediction (id, user_id, game_id, home_score, away_score, created_at, updated_at) VALUES (2636, 18, 320, 3, 2, '2024-01-01 00:00:00', NULL);
INSERT INTO prediction (id, user_id, game_id, home_score, away_score, created_at, updated_at) VALUES (2637, 17, 320, 4, 2, '2024-01-01 00:00:00', NULL);
INSERT INTO prediction (id, user_id, game_id, home_score, away_score, created_at, updated_at) VALUES (2638, 7, 320, 3, 1, '2024-01-01 00:00:00', NULL);
INSERT INTO prediction (id, user_id, game_id, home_score, away_score, created_at, updated_at) VALUES (2639, 12, 320, 3, 2, '2024-01-01 00:00:00', NULL);
INSERT INTO prediction (id, user_id, game_id, home_score, away_score, created_at, updated_at) VALUES (2640, 13, 321, 3, 1, '2024-01-01 00:00:00', NULL);
INSERT INTO prediction (id, user_id, game_id, home_score, away_score, created_at, updated_at) VALUES (2641, 16, 321, 4, 2, '2024-01-01 00:00:00', NULL);
INSERT INTO prediction (id, user_id, game_id, home_score, away_score, created_at, updated_at) VALUES (2642, 9, 321, 4, 1, '2024-01-01 00:00:00', NULL);
INSERT INTO prediction (id, user_id, game_id, home_score, away_score, created_at, updated_at) VALUES (2643, 14, 321, 2, 3, '2024-01-01 00:00:00', NULL);
INSERT INTO prediction (id, user_id, game_id, home_score, away_score, created_at, updated_at) VALUES (2644, 18, 321, 5, 2, '2024-01-01 00:00:00', NULL);
INSERT INTO prediction (id, user_id, game_id, home_score, away_score, created_at, updated_at) VALUES (2645, 17, 321, 3, 1, '2024-01-01 00:00:00', NULL);
INSERT INTO prediction (id, user_id, game_id, home_score, away_score, created_at, updated_at) VALUES (2646, 7, 321, 3, 2, '2024-01-01 00:00:00', NULL);
INSERT INTO prediction (id, user_id, game_id, home_score, away_score, created_at, updated_at) VALUES (2647, 12, 321, 5, 2, '2024-01-01 00:00:00', NULL);
INSERT INTO prediction (id, user_id, game_id, home_score, away_score, created_at, updated_at) VALUES (2648, 13, 322, 1, 2, '2024-01-01 00:00:00', NULL);
INSERT INTO prediction (id, user_id, game_id, home_score, away_score, created_at, updated_at) VALUES (2649, 16, 322, 2, 3, '2024-01-01 00:00:00', NULL);
INSERT INTO prediction (id, user_id, game_id, home_score, away_score, created_at, updated_at) VALUES (2650, 9, 322, 1, 3, '2024-01-01 00:00:00', NULL);
INSERT INTO prediction (id, user_id, game_id, home_score, away_score, created_at, updated_at) VALUES (2651, 14, 322, 2, 4, '2024-01-01 00:00:00', NULL);
INSERT INTO prediction (id, user_id, game_id, home_score, away_score, created_at, updated_at) VALUES (2652, 18, 322, 2, 4, '2024-01-01 00:00:00', NULL);
INSERT INTO prediction (id, user_id, game_id, home_score, away_score, created_at, updated_at) VALUES (2653, 17, 322, 2, 5, '2024-01-01 00:00:00', NULL);
INSERT INTO prediction (id, user_id, game_id, home_score, away_score, created_at, updated_at) VALUES (2654, 7, 322, 1, 4, '2024-01-01 00:00:00', NULL);
INSERT INTO prediction (id, user_id, game_id, home_score, away_score, created_at, updated_at) VALUES (2655, 12, 322, 4, 3, '2024-01-01 00:00:00', NULL);
INSERT INTO prediction (id, user_id, game_id, home_score, away_score, created_at, updated_at) VALUES (2656, 13, 323, 2, 3, '2024-01-01 00:00:00', NULL);
INSERT INTO prediction (id, user_id, game_id, home_score, away_score, created_at, updated_at) VALUES (2657, 16, 323, 3, 4, '2024-01-01 00:00:00', NULL);
INSERT INTO prediction (id, user_id, game_id, home_score, away_score, created_at, updated_at) VALUES (2658, 9, 323, 2, 4, '2024-01-01 00:00:00', NULL);
INSERT INTO prediction (id, user_id, game_id, home_score, away_score, created_at, updated_at) VALUES (2659, 14, 323, 2, 1, '2024-01-01 00:00:00', NULL);
INSERT INTO prediction (id, user_id, game_id, home_score, away_score, created_at, updated_at) VALUES (2660, 18, 323, 2, 4, '2024-01-01 00:00:00', NULL);
INSERT INTO prediction (id, user_id, game_id, home_score, away_score, created_at, updated_at) VALUES (2661, 17, 323, 3, 4, '2024-01-01 00:00:00', NULL);
INSERT INTO prediction (id, user_id, game_id, home_score, away_score, created_at, updated_at) VALUES (2662, 7, 323, 3, 2, '2024-01-01 00:00:00', NULL);
INSERT INTO prediction (id, user_id, game_id, home_score, away_score, created_at, updated_at) VALUES (2663, 12, 323, 5, 3, '2024-01-01 00:00:00', NULL);
INSERT INTO prediction (id, user_id, game_id, home_score, away_score, created_at, updated_at) VALUES (2664, 13, 324, 0, 3, '2024-01-01 00:00:00', NULL);
INSERT INTO prediction (id, user_id, game_id, home_score, away_score, created_at, updated_at) VALUES (2665, 16, 324, 0, 5, '2024-01-01 00:00:00', NULL);
INSERT INTO prediction (id, user_id, game_id, home_score, away_score, created_at, updated_at) VALUES (2666, 9, 324, 1, 3, '2024-01-01 00:00:00', NULL);
INSERT INTO prediction (id, user_id, game_id, home_score, away_score, created_at, updated_at) VALUES (2667, 14, 324, 1, 5, '2024-01-01 00:00:00', NULL);
INSERT INTO prediction (id, user_id, game_id, home_score, away_score, created_at, updated_at) VALUES (2668, 18, 324, 1, 4, '2024-01-01 00:00:00', NULL);
INSERT INTO prediction (id, user_id, game_id, home_score, away_score, created_at, updated_at) VALUES (2669, 17, 324, 0, 5, '2024-01-01 00:00:00', NULL);
INSERT INTO prediction (id, user_id, game_id, home_score, away_score, created_at, updated_at) VALUES (2670, 7, 324, 0, 4, '2024-01-01 00:00:00', NULL);
INSERT INTO prediction (id, user_id, game_id, home_score, away_score, created_at, updated_at) VALUES (2671, 12, 324, 1, 4, '2024-01-01 00:00:00', NULL);
INSERT INTO prediction (id, user_id, game_id, home_score, away_score, created_at, updated_at) VALUES (2672, 13, 325, 1, 3, '2024-01-01 00:00:00', NULL);
INSERT INTO prediction (id, user_id, game_id, home_score, away_score, created_at, updated_at) VALUES (2673, 16, 325, 1, 5, '2024-01-01 00:00:00', NULL);
INSERT INTO prediction (id, user_id, game_id, home_score, away_score, created_at, updated_at) VALUES (2674, 9, 325, 1, 4, '2024-01-01 00:00:00', NULL);
INSERT INTO prediction (id, user_id, game_id, home_score, away_score, created_at, updated_at) VALUES (2675, 14, 325, 2, 5, '2024-01-01 00:00:00', NULL);
INSERT INTO prediction (id, user_id, game_id, home_score, away_score, created_at, updated_at) VALUES (2676, 18, 325, 2, 4, '2024-01-01 00:00:00', NULL);
INSERT INTO prediction (id, user_id, game_id, home_score, away_score, created_at, updated_at) VALUES (2677, 17, 325, 1, 4, '2024-01-01 00:00:00', NULL);
INSERT INTO prediction (id, user_id, game_id, home_score, away_score, created_at, updated_at) VALUES (2678, 7, 325, 1, 5, '2024-01-01 00:00:00', NULL);
INSERT INTO prediction (id, user_id, game_id, home_score, away_score, created_at, updated_at) VALUES (2679, 12, 325, 1, 5, '2024-01-01 00:00:00', NULL);
INSERT INTO prediction (id, user_id, game_id, home_score, away_score, created_at, updated_at) VALUES (2680, 13, 326, 1, 4, '2024-01-01 00:00:00', NULL);
INSERT INTO prediction (id, user_id, game_id, home_score, away_score, created_at, updated_at) VALUES (2681, 16, 326, 2, 6, '2024-01-01 00:00:00', NULL);
INSERT INTO prediction (id, user_id, game_id, home_score, away_score, created_at, updated_at) VALUES (2682, 9, 326, 1, 4, '2024-01-01 00:00:00', NULL);
INSERT INTO prediction (id, user_id, game_id, home_score, away_score, created_at, updated_at) VALUES (2683, 14, 326, 2, 4, '2024-01-01 00:00:00', NULL);
INSERT INTO prediction (id, user_id, game_id, home_score, away_score, created_at, updated_at) VALUES (2684, 18, 326, 1, 4, '2024-01-01 00:00:00', NULL);
INSERT INTO prediction (id, user_id, game_id, home_score, away_score, created_at, updated_at) VALUES (2685, 17, 326, 1, 6, '2024-01-01 00:00:00', NULL);
INSERT INTO prediction (id, user_id, game_id, home_score, away_score, created_at, updated_at) VALUES (2686, 7, 326, 1, 5, '2024-01-01 00:00:00', NULL);
INSERT INTO prediction (id, user_id, game_id, home_score, away_score, created_at, updated_at) VALUES (2687, 12, 326, 2, 4, '2024-01-01 00:00:00', NULL);
INSERT INTO prediction (id, user_id, game_id, home_score, away_score, created_at, updated_at) VALUES (2688, 13, 327, 2, 4, '2024-01-01 00:00:00', NULL);
INSERT INTO prediction (id, user_id, game_id, home_score, away_score, created_at, updated_at) VALUES (2689, 16, 327, 1, 4, '2024-01-01 00:00:00', NULL);
INSERT INTO prediction (id, user_id, game_id, home_score, away_score, created_at, updated_at) VALUES (2690, 9, 327, 1, 4, '2024-01-01 00:00:00', NULL);
INSERT INTO prediction (id, user_id, game_id, home_score, away_score, created_at, updated_at) VALUES (2691, 14, 327, 2, 4, '2024-01-01 00:00:00', NULL);
INSERT INTO prediction (id, user_id, game_id, home_score, away_score, created_at, updated_at) VALUES (2692, 18, 327, 1, 3, '2024-01-01 00:00:00', NULL);
INSERT INTO prediction (id, user_id, game_id, home_score, away_score, created_at, updated_at) VALUES (2693, 17, 327, 1, 4, '2024-01-01 00:00:00', NULL);
INSERT INTO prediction (id, user_id, game_id, home_score, away_score, created_at, updated_at) VALUES (2694, 7, 327, 1, 4, '2024-01-01 00:00:00', NULL);
INSERT INTO prediction (id, user_id, game_id, home_score, away_score, created_at, updated_at) VALUES (2695, 12, 327, 2, 5, '2024-01-01 00:00:00', NULL);
INSERT INTO prediction (id, user_id, game_id, home_score, away_score, created_at, updated_at) VALUES (2696, 13, 328, 1, 3, '2024-01-01 00:00:00', NULL);
INSERT INTO prediction (id, user_id, game_id, home_score, away_score, created_at, updated_at) VALUES (2697, 16, 328, 3, 4, '2024-01-01 00:00:00', NULL);
INSERT INTO prediction (id, user_id, game_id, home_score, away_score, created_at, updated_at) VALUES (2698, 9, 328, 1, 4, '2024-01-01 00:00:00', NULL);
INSERT INTO prediction (id, user_id, game_id, home_score, away_score, created_at, updated_at) VALUES (2699, 14, 328, 1, 3, '2024-01-01 00:00:00', NULL);
INSERT INTO prediction (id, user_id, game_id, home_score, away_score, created_at, updated_at) VALUES (2700, 18, 328, 2, 4, '2024-01-01 00:00:00', NULL);
INSERT INTO prediction (id, user_id, game_id, home_score, away_score, created_at, updated_at) VALUES (2701, 17, 328, 2, 4, '2024-01-01 00:00:00', NULL);
INSERT INTO prediction (id, user_id, game_id, home_score, away_score, created_at, updated_at) VALUES (2702, 7, 328, 1, 3, '2024-01-01 00:00:00', NULL);
INSERT INTO prediction (id, user_id, game_id, home_score, away_score, created_at, updated_at) VALUES (2703, 12, 328, 1, 6, '2024-01-01 00:00:00', NULL);
INSERT INTO prediction (id, user_id, game_id, home_score, away_score, created_at, updated_at) VALUES (2704, 13, 329, 4, 0, '2024-01-01 00:00:00', NULL);
INSERT INTO prediction (id, user_id, game_id, home_score, away_score, created_at, updated_at) VALUES (2705, 16, 329, 4, 2, '2024-01-01 00:00:00', NULL);
INSERT INTO prediction (id, user_id, game_id, home_score, away_score, created_at, updated_at) VALUES (2706, 9, 329, 4, 1, '2024-01-01 00:00:00', NULL);
INSERT INTO prediction (id, user_id, game_id, home_score, away_score, created_at, updated_at) VALUES (2707, 14, 329, 6, 0, '2024-01-01 00:00:00', NULL);
INSERT INTO prediction (id, user_id, game_id, home_score, away_score, created_at, updated_at) VALUES (2708, 18, 329, 8, 1, '2024-01-01 00:00:00', NULL);
INSERT INTO prediction (id, user_id, game_id, home_score, away_score, created_at, updated_at) VALUES (2709, 17, 329, 5, 1, '2024-01-01 00:00:00', NULL);
INSERT INTO prediction (id, user_id, game_id, home_score, away_score, created_at, updated_at) VALUES (2710, 7, 329, 5, 0, '2024-01-01 00:00:00', NULL);
INSERT INTO prediction (id, user_id, game_id, home_score, away_score, created_at, updated_at) VALUES (2711, 12, 329, 3, 0, '2024-01-01 00:00:00', NULL);
INSERT INTO prediction (id, user_id, game_id, home_score, away_score, created_at, updated_at) VALUES (2712, 13, 330, 3, 1, '2024-01-01 00:00:00', NULL);
INSERT INTO prediction (id, user_id, game_id, home_score, away_score, created_at, updated_at) VALUES (2713, 16, 330, 5, 1, '2024-01-01 00:00:00', NULL);
INSERT INTO prediction (id, user_id, game_id, home_score, away_score, created_at, updated_at) VALUES (2714, 9, 330, 4, 1, '2024-01-01 00:00:00', NULL);
INSERT INTO prediction (id, user_id, game_id, home_score, away_score, created_at, updated_at) VALUES (2715, 14, 330, 4, 1, '2024-01-01 00:00:00', NULL);
INSERT INTO prediction (id, user_id, game_id, home_score, away_score, created_at, updated_at) VALUES (2716, 18, 330, 4, 1, '2024-01-01 00:00:00', NULL);
INSERT INTO prediction (id, user_id, game_id, home_score, away_score, created_at, updated_at) VALUES (2717, 17, 330, 4, 0, '2024-01-01 00:00:00', NULL);
INSERT INTO prediction (id, user_id, game_id, home_score, away_score, created_at, updated_at) VALUES (2718, 7, 330, 4, 1, '2024-01-01 00:00:00', NULL);
INSERT INTO prediction (id, user_id, game_id, home_score, away_score, created_at, updated_at) VALUES (2719, 12, 330, 5, 1, '2024-01-01 00:00:00', NULL);
INSERT INTO prediction (id, user_id, game_id, home_score, away_score, created_at, updated_at) VALUES (2720, 13, 331, 4, 3, '2024-01-01 00:00:00', NULL);
INSERT INTO prediction (id, user_id, game_id, home_score, away_score, created_at, updated_at) VALUES (2721, 16, 331, 3, 4, '2024-01-01 00:00:00', NULL);
INSERT INTO prediction (id, user_id, game_id, home_score, away_score, created_at, updated_at) VALUES (2722, 9, 331, 3, 2, '2024-01-01 00:00:00', NULL);
INSERT INTO prediction (id, user_id, game_id, home_score, away_score, created_at, updated_at) VALUES (2723, 14, 331, 5, 4, '2024-01-01 00:00:00', NULL);
INSERT INTO prediction (id, user_id, game_id, home_score, away_score, created_at, updated_at) VALUES (2724, 18, 331, 3, 2, '2024-01-01 00:00:00', NULL);
INSERT INTO prediction (id, user_id, game_id, home_score, away_score, created_at, updated_at) VALUES (2725, 17, 331, 4, 2, '2024-01-01 00:00:00', NULL);
INSERT INTO prediction (id, user_id, game_id, home_score, away_score, created_at, updated_at) VALUES (2726, 7, 331, 5, 3, '2024-01-01 00:00:00', NULL);
INSERT INTO prediction (id, user_id, game_id, home_score, away_score, created_at, updated_at) VALUES (2727, 12, 331, 5, 4, '2024-01-01 00:00:00', NULL);
INSERT INTO prediction (id, user_id, game_id, home_score, away_score, created_at, updated_at) VALUES (2728, 13, 332, 1, 3, '2024-01-01 00:00:00', NULL);
INSERT INTO prediction (id, user_id, game_id, home_score, away_score, created_at, updated_at) VALUES (2729, 16, 332, 2, 3, '2024-01-01 00:00:00', NULL);
INSERT INTO prediction (id, user_id, game_id, home_score, away_score, created_at, updated_at) VALUES (2730, 9, 332, 2, 4, '2024-01-01 00:00:00', NULL);
INSERT INTO prediction (id, user_id, game_id, home_score, away_score, created_at, updated_at) VALUES (2731, 14, 332, 3, 4, '2024-01-01 00:00:00', NULL);
INSERT INTO prediction (id, user_id, game_id, home_score, away_score, created_at, updated_at) VALUES (2732, 18, 332, 2, 4, '2024-01-01 00:00:00', NULL);
INSERT INTO prediction (id, user_id, game_id, home_score, away_score, created_at, updated_at) VALUES (2733, 17, 332, 3, 4, '2024-01-01 00:00:00', NULL);
INSERT INTO prediction (id, user_id, game_id, home_score, away_score, created_at, updated_at) VALUES (2734, 7, 332, 3, 2, '2024-01-01 00:00:00', NULL);
INSERT INTO prediction (id, user_id, game_id, home_score, away_score, created_at, updated_at) VALUES (2735, 12, 332, 3, 4, '2024-01-01 00:00:00', NULL);
INSERT INTO prediction (id, user_id, game_id, home_score, away_score, created_at, updated_at) VALUES (2736, 13, 333, 4, 1, '2024-01-01 00:00:00', NULL);
INSERT INTO prediction (id, user_id, game_id, home_score, away_score, created_at, updated_at) VALUES (2737, 16, 333, 6, 2, '2024-01-01 00:00:00', NULL);
INSERT INTO prediction (id, user_id, game_id, home_score, away_score, created_at, updated_at) VALUES (2738, 9, 333, 4, 1, '2024-01-01 00:00:00', NULL);
INSERT INTO prediction (id, user_id, game_id, home_score, away_score, created_at, updated_at) VALUES (2739, 14, 333, 4, 2, '2024-01-01 00:00:00', NULL);
INSERT INTO prediction (id, user_id, game_id, home_score, away_score, created_at, updated_at) VALUES (2740, 18, 333, 4, 1, '2024-01-01 00:00:00', NULL);
INSERT INTO prediction (id, user_id, game_id, home_score, away_score, created_at, updated_at) VALUES (2741, 17, 333, 4, 1, '2024-01-01 00:00:00', NULL);
INSERT INTO prediction (id, user_id, game_id, home_score, away_score, created_at, updated_at) VALUES (2742, 7, 333, 5, 1, '2024-01-01 00:00:00', NULL);
INSERT INTO prediction (id, user_id, game_id, home_score, away_score, created_at, updated_at) VALUES (2743, 12, 333, 4, 2, '2024-01-01 00:00:00', NULL);
INSERT INTO prediction (id, user_id, game_id, home_score, away_score, created_at, updated_at) VALUES (2744, 13, 334, 4, 2, '2024-01-01 00:00:00', NULL);
INSERT INTO prediction (id, user_id, game_id, home_score, away_score, created_at, updated_at) VALUES (2745, 16, 334, 4, 2, '2024-01-01 00:00:00', NULL);
INSERT INTO prediction (id, user_id, game_id, home_score, away_score, created_at, updated_at) VALUES (2746, 9, 334, 4, 1, '2024-01-01 00:00:00', NULL);
INSERT INTO prediction (id, user_id, game_id, home_score, away_score, created_at, updated_at) VALUES (2747, 14, 334, 5, 3, '2024-01-01 00:00:00', NULL);
INSERT INTO prediction (id, user_id, game_id, home_score, away_score, created_at, updated_at) VALUES (2748, 18, 334, 5, 3, '2024-01-01 00:00:00', NULL);
INSERT INTO prediction (id, user_id, game_id, home_score, away_score, created_at, updated_at) VALUES (2749, 17, 334, 3, 2, '2024-01-01 00:00:00', NULL);
INSERT INTO prediction (id, user_id, game_id, home_score, away_score, created_at, updated_at) VALUES (2750, 7, 334, 3, 2, '2024-01-01 00:00:00', NULL);
INSERT INTO prediction (id, user_id, game_id, home_score, away_score, created_at, updated_at) VALUES (2751, 12, 334, 5, 2, '2024-01-01 00:00:00', NULL);
INSERT INTO prediction (id, user_id, game_id, home_score, away_score, created_at, updated_at) VALUES (2752, 13, 335, 3, 2, '2024-01-01 00:00:00', NULL);
INSERT INTO prediction (id, user_id, game_id, home_score, away_score, created_at, updated_at) VALUES (2753, 16, 335, 2, 4, '2024-01-01 00:00:00', NULL);
INSERT INTO prediction (id, user_id, game_id, home_score, away_score, created_at, updated_at) VALUES (2754, 9, 335, 2, 4, '2024-01-01 00:00:00', NULL);
INSERT INTO prediction (id, user_id, game_id, home_score, away_score, created_at, updated_at) VALUES (2755, 14, 335, 2, 4, '2024-01-01 00:00:00', NULL);
INSERT INTO prediction (id, user_id, game_id, home_score, away_score, created_at, updated_at) VALUES (2756, 18, 335, 2, 4, '2024-01-01 00:00:00', NULL);
INSERT INTO prediction (id, user_id, game_id, home_score, away_score, created_at, updated_at) VALUES (2757, 17, 335, 1, 4, '2024-01-01 00:00:00', NULL);
INSERT INTO prediction (id, user_id, game_id, home_score, away_score, created_at, updated_at) VALUES (2758, 7, 335, 2, 4, '2024-01-01 00:00:00', NULL);
INSERT INTO prediction (id, user_id, game_id, home_score, away_score, created_at, updated_at) VALUES (2759, 12, 335, 2, 4, '2024-01-01 00:00:00', NULL);
INSERT INTO prediction (id, user_id, game_id, home_score, away_score, created_at, updated_at) VALUES (2760, 13, 336, 3, 1, '2024-01-01 00:00:00', NULL);
INSERT INTO prediction (id, user_id, game_id, home_score, away_score, created_at, updated_at) VALUES (2761, 16, 336, 4, 1, '2024-01-01 00:00:00', NULL);
INSERT INTO prediction (id, user_id, game_id, home_score, away_score, created_at, updated_at) VALUES (2762, 9, 336, 4, 1, '2024-01-01 00:00:00', NULL);
INSERT INTO prediction (id, user_id, game_id, home_score, away_score, created_at, updated_at) VALUES (2763, 14, 336, 4, 1, '2024-01-01 00:00:00', NULL);
INSERT INTO prediction (id, user_id, game_id, home_score, away_score, created_at, updated_at) VALUES (2764, 18, 336, 3, 1, '2024-01-01 00:00:00', NULL);
INSERT INTO prediction (id, user_id, game_id, home_score, away_score, created_at, updated_at) VALUES (2765, 17, 336, 5, 1, '2024-01-01 00:00:00', NULL);
INSERT INTO prediction (id, user_id, game_id, home_score, away_score, created_at, updated_at) VALUES (2766, 7, 336, 5, 1, '2024-01-01 00:00:00', NULL);
INSERT INTO prediction (id, user_id, game_id, home_score, away_score, created_at, updated_at) VALUES (2767, 12, 336, 5, 4, '2024-01-01 00:00:00', NULL);
INSERT INTO prediction (id, user_id, game_id, home_score, away_score, created_at, updated_at) VALUES (2768, 13, 337, 4, 1, '2024-01-01 00:00:00', NULL);
INSERT INTO prediction (id, user_id, game_id, home_score, away_score, created_at, updated_at) VALUES (2769, 16, 337, 3, 2, '2024-01-01 00:00:00', NULL);
INSERT INTO prediction (id, user_id, game_id, home_score, away_score, created_at, updated_at) VALUES (2770, 9, 337, 2, 4, '2024-01-01 00:00:00', NULL);
INSERT INTO prediction (id, user_id, game_id, home_score, away_score, created_at, updated_at) VALUES (2771, 14, 337, 3, 2, '2024-01-01 00:00:00', NULL);
INSERT INTO prediction (id, user_id, game_id, home_score, away_score, created_at, updated_at) VALUES (2772, 18, 337, 3, 1, '2024-01-01 00:00:00', NULL);
INSERT INTO prediction (id, user_id, game_id, home_score, away_score, created_at, updated_at) VALUES (2773, 17, 337, 2, 1, '2024-01-01 00:00:00', NULL);
INSERT INTO prediction (id, user_id, game_id, home_score, away_score, created_at, updated_at) VALUES (2774, 7, 337, 2, 4, '2024-01-01 00:00:00', NULL);
INSERT INTO prediction (id, user_id, game_id, home_score, away_score, created_at, updated_at) VALUES (2775, 12, 337, 4, 3, '2024-01-01 00:00:00', NULL);
INSERT INTO prediction (id, user_id, game_id, home_score, away_score, created_at, updated_at) VALUES (2776, 13, 338, 3, 2, '2024-01-01 00:00:00', NULL);
INSERT INTO prediction (id, user_id, game_id, home_score, away_score, created_at, updated_at) VALUES (2777, 16, 338, 3, 0, '2024-01-01 00:00:00', NULL);
INSERT INTO prediction (id, user_id, game_id, home_score, away_score, created_at, updated_at) VALUES (2778, 9, 338, 3, 1, '2024-01-01 00:00:00', NULL);
INSERT INTO prediction (id, user_id, game_id, home_score, away_score, created_at, updated_at) VALUES (2779, 14, 338, 4, 1, '2024-01-01 00:00:00', NULL);
INSERT INTO prediction (id, user_id, game_id, home_score, away_score, created_at, updated_at) VALUES (2780, 18, 338, 3, 2, '2024-01-01 00:00:00', NULL);
INSERT INTO prediction (id, user_id, game_id, home_score, away_score, created_at, updated_at) VALUES (2781, 17, 338, 4, 2, '2024-01-01 00:00:00', NULL);
INSERT INTO prediction (id, user_id, game_id, home_score, away_score, created_at, updated_at) VALUES (2782, 7, 338, 3, 1, '2024-01-01 00:00:00', NULL);
INSERT INTO prediction (id, user_id, game_id, home_score, away_score, created_at, updated_at) VALUES (2783, 12, 338, 5, 2, '2024-01-01 00:00:00', NULL);
INSERT INTO prediction (id, user_id, game_id, home_score, away_score, created_at, updated_at) VALUES (2784, 13, 339, 4, 2, '2024-01-01 00:00:00', NULL);
INSERT INTO prediction (id, user_id, game_id, home_score, away_score, created_at, updated_at) VALUES (2785, 16, 339, 4, 2, '2024-01-01 00:00:00', NULL);
INSERT INTO prediction (id, user_id, game_id, home_score, away_score, created_at, updated_at) VALUES (2786, 9, 339, 5, 1, '2024-01-01 00:00:00', NULL);
INSERT INTO prediction (id, user_id, game_id, home_score, away_score, created_at, updated_at) VALUES (2787, 14, 339, 5, 2, '2024-01-01 00:00:00', NULL);
INSERT INTO prediction (id, user_id, game_id, home_score, away_score, created_at, updated_at) VALUES (2788, 18, 339, 6, 1, '2024-01-01 00:00:00', NULL);
INSERT INTO prediction (id, user_id, game_id, home_score, away_score, created_at, updated_at) VALUES (2789, 17, 339, 3, 0, '2024-01-01 00:00:00', NULL);
INSERT INTO prediction (id, user_id, game_id, home_score, away_score, created_at, updated_at) VALUES (2790, 7, 339, 5, 0, '2024-01-01 00:00:00', NULL);
INSERT INTO prediction (id, user_id, game_id, home_score, away_score, created_at, updated_at) VALUES (2791, 12, 339, 6, 1, '2024-01-01 00:00:00', NULL);
INSERT INTO prediction (id, user_id, game_id, home_score, away_score, created_at, updated_at) VALUES (2792, 13, 340, 2, 3, '2024-01-01 00:00:00', NULL);
INSERT INTO prediction (id, user_id, game_id, home_score, away_score, created_at, updated_at) VALUES (2793, 16, 340, 1, 2, '2024-01-01 00:00:00', NULL);
INSERT INTO prediction (id, user_id, game_id, home_score, away_score, created_at, updated_at) VALUES (2794, 9, 340, 3, 1, '2024-01-01 00:00:00', NULL);
INSERT INTO prediction (id, user_id, game_id, home_score, away_score, created_at, updated_at) VALUES (2795, 14, 340, 2, 3, '2024-01-01 00:00:00', NULL);
INSERT INTO prediction (id, user_id, game_id, home_score, away_score, created_at, updated_at) VALUES (2796, 18, 340, 2, 3, '2024-01-01 00:00:00', NULL);
INSERT INTO prediction (id, user_id, game_id, home_score, away_score, created_at, updated_at) VALUES (2797, 17, 340, 1, 2, '2024-01-01 00:00:00', NULL);
INSERT INTO prediction (id, user_id, game_id, home_score, away_score, created_at, updated_at) VALUES (2798, 7, 340, 2, 1, '2024-01-01 00:00:00', NULL);
INSERT INTO prediction (id, user_id, game_id, home_score, away_score, created_at, updated_at) VALUES (2799, 12, 340, 4, 2, '2024-01-01 00:00:00', NULL);
INSERT INTO prediction (id, user_id, game_id, home_score, away_score, created_at, updated_at) VALUES (2800, 13, 341, 1, 3, '2024-01-01 00:00:00', NULL);
INSERT INTO prediction (id, user_id, game_id, home_score, away_score, created_at, updated_at) VALUES (2801, 16, 341, 1, 2, '2024-01-01 00:00:00', NULL);
INSERT INTO prediction (id, user_id, game_id, home_score, away_score, created_at, updated_at) VALUES (2802, 9, 341, 2, 4, '2024-01-01 00:00:00', NULL);
INSERT INTO prediction (id, user_id, game_id, home_score, away_score, created_at, updated_at) VALUES (2803, 14, 341, 1, 3, '2024-01-01 00:00:00', NULL);
INSERT INTO prediction (id, user_id, game_id, home_score, away_score, created_at, updated_at) VALUES (2804, 18, 341, 3, 4, '2024-01-01 00:00:00', NULL);
INSERT INTO prediction (id, user_id, game_id, home_score, away_score, created_at, updated_at) VALUES (2805, 17, 341, 2, 3, '2024-01-01 00:00:00', NULL);
INSERT INTO prediction (id, user_id, game_id, home_score, away_score, created_at, updated_at) VALUES (2806, 7, 341, 1, 3, '2024-01-01 00:00:00', NULL);
INSERT INTO prediction (id, user_id, game_id, home_score, away_score, created_at, updated_at) VALUES (2807, 12, 341, 4, 5, '2024-01-01 00:00:00', NULL);
INSERT INTO prediction (id, user_id, game_id, home_score, away_score, created_at, updated_at) VALUES (2808, 13, 342, 3, 2, '2024-01-01 00:00:00', NULL);
INSERT INTO prediction (id, user_id, game_id, home_score, away_score, created_at, updated_at) VALUES (2809, 16, 342, 3, 2, '2024-01-01 00:00:00', NULL);
INSERT INTO prediction (id, user_id, game_id, home_score, away_score, created_at, updated_at) VALUES (2810, 9, 342, 2, 4, '2024-01-01 00:00:00', NULL);
INSERT INTO prediction (id, user_id, game_id, home_score, away_score, created_at, updated_at) VALUES (2811, 14, 342, 4, 3, '2024-01-01 00:00:00', NULL);
INSERT INTO prediction (id, user_id, game_id, home_score, away_score, created_at, updated_at) VALUES (2812, 18, 342, 5, 3, '2024-01-01 00:00:00', NULL);
INSERT INTO prediction (id, user_id, game_id, home_score, away_score, created_at, updated_at) VALUES (2813, 17, 342, 4, 2, '2024-01-01 00:00:00', NULL);
INSERT INTO prediction (id, user_id, game_id, home_score, away_score, created_at, updated_at) VALUES (2814, 7, 342, 3, 4, '2024-01-01 00:00:00', NULL);
INSERT INTO prediction (id, user_id, game_id, home_score, away_score, created_at, updated_at) VALUES (2815, 12, 342, 2, 4, '2024-01-01 00:00:00', NULL);
INSERT INTO prediction (id, user_id, game_id, home_score, away_score, created_at, updated_at) VALUES (2816, 13, 343, 3, 2, '2024-01-01 00:00:00', NULL);
INSERT INTO prediction (id, user_id, game_id, home_score, away_score, created_at, updated_at) VALUES (2817, 16, 343, 3, 1, '2024-01-01 00:00:00', NULL);
INSERT INTO prediction (id, user_id, game_id, home_score, away_score, created_at, updated_at) VALUES (2818, 9, 343, 4, 2, '2024-01-01 00:00:00', NULL);
INSERT INTO prediction (id, user_id, game_id, home_score, away_score, created_at, updated_at) VALUES (2819, 14, 343, 2, 4, '2024-01-01 00:00:00', NULL);
INSERT INTO prediction (id, user_id, game_id, home_score, away_score, created_at, updated_at) VALUES (2820, 18, 343, 4, 2, '2024-01-01 00:00:00', NULL);
INSERT INTO prediction (id, user_id, game_id, home_score, away_score, created_at, updated_at) VALUES (2821, 17, 343, 2, 1, '2024-01-01 00:00:00', NULL);
INSERT INTO prediction (id, user_id, game_id, home_score, away_score, created_at, updated_at) VALUES (2822, 7, 343, 4, 2, '2024-01-01 00:00:00', NULL);
INSERT INTO prediction (id, user_id, game_id, home_score, away_score, created_at, updated_at) VALUES (2823, 12, 343, 2, 1, '2024-01-01 00:00:00', NULL);
INSERT INTO prediction (id, user_id, game_id, home_score, away_score, created_at, updated_at) VALUES (2824, 13, 344, 2, 1, '2024-01-01 00:00:00', NULL);
INSERT INTO prediction (id, user_id, game_id, home_score, away_score, created_at, updated_at) VALUES (2825, 16, 344, 4, 1, '2024-01-01 00:00:00', NULL);
INSERT INTO prediction (id, user_id, game_id, home_score, away_score, created_at, updated_at) VALUES (2826, 9, 344, 3, 1, '2024-01-01 00:00:00', NULL);
INSERT INTO prediction (id, user_id, game_id, home_score, away_score, created_at, updated_at) VALUES (2827, 14, 344, 4, 1, '2024-01-01 00:00:00', NULL);
INSERT INTO prediction (id, user_id, game_id, home_score, away_score, created_at, updated_at) VALUES (2828, 18, 344, 3, 4, '2024-01-01 00:00:00', NULL);
INSERT INTO prediction (id, user_id, game_id, home_score, away_score, created_at, updated_at) VALUES (2829, 17, 344, 3, 1, '2024-01-01 00:00:00', NULL);
INSERT INTO prediction (id, user_id, game_id, home_score, away_score, created_at, updated_at) VALUES (2830, 7, 344, 3, 0, '2024-01-01 00:00:00', NULL);
INSERT INTO prediction (id, user_id, game_id, home_score, away_score, created_at, updated_at) VALUES (2831, 12, 344, 4, 2, '2024-01-01 00:00:00', NULL);
INSERT INTO prediction (id, user_id, game_id, home_score, away_score, created_at, updated_at) VALUES (2832, 13, 345, 3, 1, '2024-01-01 00:00:00', NULL);
INSERT INTO prediction (id, user_id, game_id, home_score, away_score, created_at, updated_at) VALUES (2833, 16, 345, 3, 1, '2024-01-01 00:00:00', NULL);
INSERT INTO prediction (id, user_id, game_id, home_score, away_score, created_at, updated_at) VALUES (2834, 9, 345, 0, 0, '2024-01-01 00:00:00', NULL);
INSERT INTO prediction (id, user_id, game_id, home_score, away_score, created_at, updated_at) VALUES (2835, 14, 345, 3, 1, '2024-01-01 00:00:00', NULL);
INSERT INTO prediction (id, user_id, game_id, home_score, away_score, created_at, updated_at) VALUES (2836, 18, 345, 4, 2, '2024-01-01 00:00:00', NULL);
INSERT INTO prediction (id, user_id, game_id, home_score, away_score, created_at, updated_at) VALUES (2837, 17, 345, 3, 2, '2024-01-01 00:00:00', NULL);
INSERT INTO prediction (id, user_id, game_id, home_score, away_score, created_at, updated_at) VALUES (2838, 7, 345, 3, 2, '2024-01-01 00:00:00', NULL);
INSERT INTO prediction (id, user_id, game_id, home_score, away_score, created_at, updated_at) VALUES (2839, 12, 345, 3, 2, '2024-01-01 00:00:00', NULL);
INSERT INTO prediction (id, user_id, game_id, home_score, away_score, created_at, updated_at) VALUES (2840, 13, 346, 2, 3, '2024-01-01 00:00:00', NULL);
INSERT INTO prediction (id, user_id, game_id, home_score, away_score, created_at, updated_at) VALUES (2841, 16, 346, 2, 4, '2024-01-01 00:00:00', NULL);
INSERT INTO prediction (id, user_id, game_id, home_score, away_score, created_at, updated_at) VALUES (2842, 9, 346, 0, 0, '2024-01-01 00:00:00', NULL);
INSERT INTO prediction (id, user_id, game_id, home_score, away_score, created_at, updated_at) VALUES (2843, 14, 346, 2, 3, '2024-01-01 00:00:00', NULL);
INSERT INTO prediction (id, user_id, game_id, home_score, away_score, created_at, updated_at) VALUES (2844, 18, 346, 1, 3, '2024-01-01 00:00:00', NULL);
INSERT INTO prediction (id, user_id, game_id, home_score, away_score, created_at, updated_at) VALUES (2845, 17, 346, 3, 2, '2024-01-01 00:00:00', NULL);
INSERT INTO prediction (id, user_id, game_id, home_score, away_score, created_at, updated_at) VALUES (2846, 7, 346, 4, 2, '2024-01-01 00:00:00', NULL);
INSERT INTO prediction (id, user_id, game_id, home_score, away_score, created_at, updated_at) VALUES (2847, 12, 346, 3, 2, '2024-01-01 00:00:00', NULL);
INSERT INTO prediction (id, user_id, game_id, home_score, away_score, created_at, updated_at) VALUES (2848, 13, 347, 3, 2, '2024-01-01 00:00:00', NULL);
INSERT INTO prediction (id, user_id, game_id, home_score, away_score, created_at, updated_at) VALUES (2849, 16, 347, 3, 2, '2024-01-01 00:00:00', NULL);
INSERT INTO prediction (id, user_id, game_id, home_score, away_score, created_at, updated_at) VALUES (2850, 9, 347, 4, 2, '2024-01-01 00:00:00', NULL);
INSERT INTO prediction (id, user_id, game_id, home_score, away_score, created_at, updated_at) VALUES (2851, 14, 347, 4, 3, '2024-01-01 00:00:00', NULL);
INSERT INTO prediction (id, user_id, game_id, home_score, away_score, created_at, updated_at) VALUES (2852, 18, 347, 3, 1, '2024-01-01 00:00:00', NULL);
INSERT INTO prediction (id, user_id, game_id, home_score, away_score, created_at, updated_at) VALUES (2853, 17, 347, 1, 5, '2024-01-01 00:00:00', NULL);
INSERT INTO prediction (id, user_id, game_id, home_score, away_score, created_at, updated_at) VALUES (2854, 7, 347, 0, 0, '2024-01-01 00:00:00', NULL);
INSERT INTO prediction (id, user_id, game_id, home_score, away_score, created_at, updated_at) VALUES (2855, 12, 347, 2, 4, '2024-01-01 00:00:00', NULL);
INSERT INTO prediction (id, user_id, game_id, home_score, away_score, created_at, updated_at) VALUES (2856, 13, 348, 3, 1, '2024-01-01 00:00:00', NULL);
INSERT INTO prediction (id, user_id, game_id, home_score, away_score, created_at, updated_at) VALUES (2857, 16, 348, 2, 1, '2024-01-01 00:00:00', NULL);
INSERT INTO prediction (id, user_id, game_id, home_score, away_score, created_at, updated_at) VALUES (2858, 9, 348, 4, 2, '2024-01-01 00:00:00', NULL);
INSERT INTO prediction (id, user_id, game_id, home_score, away_score, created_at, updated_at) VALUES (2859, 14, 348, 3, 2, '2024-01-01 00:00:00', NULL);
INSERT INTO prediction (id, user_id, game_id, home_score, away_score, created_at, updated_at) VALUES (2860, 18, 348, 4, 2, '2024-01-01 00:00:00', NULL);
INSERT INTO prediction (id, user_id, game_id, home_score, away_score, created_at, updated_at) VALUES (2861, 17, 348, 4, 3, '2024-01-01 00:00:00', NULL);
INSERT INTO prediction (id, user_id, game_id, home_score, away_score, created_at, updated_at) VALUES (2862, 7, 348, 2, 3, '2024-01-01 00:00:00', NULL);
INSERT INTO prediction (id, user_id, game_id, home_score, away_score, created_at, updated_at) VALUES (2863, 12, 348, 4, 3, '2024-01-01 00:00:00', NULL);
INSERT INTO special_bet_rule (id, tournament_id, name, value_type, scoring_type, points, sort_order, actual_team_value_id, actual_string_value, actual_int_value) VALUES (31, 6, 'Medaile - 1. místo', 'team', 'exact_match', 3.0, 0, NULL, NULL, NULL);
INSERT INTO special_bet (id, user_id, rule_id, team_value_id, string_value, int_value) VALUES (256, 13, 31, 6, NULL, NULL);
INSERT INTO special_bet (id, user_id, rule_id, team_value_id, string_value, int_value) VALUES (257, 16, 31, 6, NULL, NULL);
INSERT INTO special_bet (id, user_id, rule_id, team_value_id, string_value, int_value) VALUES (258, 9, 31, 4, NULL, NULL);
INSERT INTO special_bet (id, user_id, rule_id, team_value_id, string_value, int_value) VALUES (259, 14, 31, 6, NULL, NULL);
INSERT INTO special_bet (id, user_id, rule_id, team_value_id, string_value, int_value) VALUES (260, 18, 31, 6, NULL, NULL);
INSERT INTO special_bet (id, user_id, rule_id, team_value_id, string_value, int_value) VALUES (261, 17, 31, 23, NULL, NULL);
INSERT INTO special_bet (id, user_id, rule_id, team_value_id, string_value, int_value) VALUES (262, 7, 31, 4, NULL, NULL);
INSERT INTO special_bet (id, user_id, rule_id, team_value_id, string_value, int_value) VALUES (263, 12, 31, 8, NULL, NULL);
INSERT INTO special_bet_rule (id, tournament_id, name, value_type, scoring_type, points, sort_order, actual_team_value_id, actual_string_value, actual_int_value) VALUES (32, 6, 'Medaile - 2. místo', 'team', 'exact_match', 2.0, 1, NULL, NULL, NULL);
INSERT INTO special_bet (id, user_id, rule_id, team_value_id, string_value, int_value) VALUES (264, 13, 32, 4, NULL, NULL);
INSERT INTO special_bet (id, user_id, rule_id, team_value_id, string_value, int_value) VALUES (265, 16, 32, 8, NULL, NULL);
INSERT INTO special_bet (id, user_id, rule_id, team_value_id, string_value, int_value) VALUES (266, 9, 32, 6, NULL, NULL);
INSERT INTO special_bet (id, user_id, rule_id, team_value_id, string_value, int_value) VALUES (267, 14, 32, 8, NULL, NULL);
INSERT INTO special_bet (id, user_id, rule_id, team_value_id, string_value, int_value) VALUES (268, 18, 32, 4, NULL, NULL);
INSERT INTO special_bet (id, user_id, rule_id, team_value_id, string_value, int_value) VALUES (269, 17, 32, 6, NULL, NULL);
INSERT INTO special_bet (id, user_id, rule_id, team_value_id, string_value, int_value) VALUES (270, 7, 32, 6, NULL, NULL);
INSERT INTO special_bet (id, user_id, rule_id, team_value_id, string_value, int_value) VALUES (271, 12, 32, 23, NULL, NULL);
INSERT INTO special_bet_rule (id, tournament_id, name, value_type, scoring_type, points, sort_order, actual_team_value_id, actual_string_value, actual_int_value) VALUES (33, 6, 'Medaile - 3. místo', 'team', 'exact_match', 1.0, 2, NULL, NULL, NULL);
INSERT INTO special_bet (id, user_id, rule_id, team_value_id, string_value, int_value) VALUES (272, 13, 33, 21, NULL, NULL);
INSERT INTO special_bet (id, user_id, rule_id, team_value_id, string_value, int_value) VALUES (273, 16, 33, 22, NULL, NULL);
INSERT INTO special_bet (id, user_id, rule_id, team_value_id, string_value, int_value) VALUES (274, 9, 33, 8, NULL, NULL);
INSERT INTO special_bet (id, user_id, rule_id, team_value_id, string_value, int_value) VALUES (275, 14, 33, 24, NULL, NULL);
INSERT INTO special_bet (id, user_id, rule_id, team_value_id, string_value, int_value) VALUES (276, 18, 33, 23, NULL, NULL);
INSERT INTO special_bet (id, user_id, rule_id, team_value_id, string_value, int_value) VALUES (277, 17, 33, 8, NULL, NULL);
INSERT INTO special_bet (id, user_id, rule_id, team_value_id, string_value, int_value) VALUES (278, 7, 33, 23, NULL, NULL);
INSERT INTO special_bet (id, user_id, rule_id, team_value_id, string_value, int_value) VALUES (279, 12, 33, 4, NULL, NULL);
INSERT INTO special_bet_rule (id, tournament_id, name, value_type, scoring_type, points, sort_order, actual_team_value_id, actual_string_value, actual_int_value) VALUES (34, 6, 'Nejlepší Čech #1', 'string', 'exact_match', 2.0, 3, NULL, NULL, NULL);
INSERT INTO special_bet (id, user_id, rule_id, team_value_id, string_value, int_value) VALUES (280, 13, 34, NULL, 'Krejčí', NULL);
INSERT INTO special_bet (id, user_id, rule_id, team_value_id, string_value, int_value) VALUES (281, 16, 34, NULL, 'Červenka', NULL);
INSERT INTO special_bet (id, user_id, rule_id, team_value_id, string_value, int_value) VALUES (282, 9, 34, NULL, 'Krejčí', NULL);
INSERT INTO special_bet (id, user_id, rule_id, team_value_id, string_value, int_value) VALUES (283, 14, 34, NULL, 'Simon', NULL);
INSERT INTO special_bet (id, user_id, rule_id, team_value_id, string_value, int_value) VALUES (284, 18, 34, NULL, 'Červenka', NULL);
INSERT INTO special_bet (id, user_id, rule_id, team_value_id, string_value, int_value) VALUES (285, 17, 34, NULL, 'Červenka', NULL);
INSERT INTO special_bet (id, user_id, rule_id, team_value_id, string_value, int_value) VALUES (286, 7, 34, NULL, 'Červenka', NULL);
INSERT INTO special_bet (id, user_id, rule_id, team_value_id, string_value, int_value) VALUES (287, 12, 34, NULL, 'Krejčí', NULL);
INSERT INTO special_bet_rule (id, tournament_id, name, value_type, scoring_type, points, sort_order, actual_team_value_id, actual_string_value, actual_int_value) VALUES (35, 6, 'Nejlepší Čech #2', 'string', 'exact_match', 2.0, 4, NULL, NULL, NULL);
INSERT INTO special_bet (id, user_id, rule_id, team_value_id, string_value, int_value) VALUES (288, 13, 35, NULL, 'Hertl', NULL);
INSERT INTO special_bet (id, user_id, rule_id, team_value_id, string_value, int_value) VALUES (289, 16, 35, NULL, 'Krejčí', NULL);
INSERT INTO special_bet (id, user_id, rule_id, team_value_id, string_value, int_value) VALUES (290, 9, 35, NULL, 'Hertl', NULL);
INSERT INTO special_bet (id, user_id, rule_id, team_value_id, string_value, int_value) VALUES (291, 14, 35, NULL, 'Hertl', NULL);
INSERT INTO special_bet (id, user_id, rule_id, team_value_id, string_value, int_value) VALUES (292, 18, 35, NULL, 'Hertl', NULL);
INSERT INTO special_bet (id, user_id, rule_id, team_value_id, string_value, int_value) VALUES (293, 17, 35, NULL, 'Hertl', NULL);
INSERT INTO special_bet (id, user_id, rule_id, team_value_id, string_value, int_value) VALUES (294, 7, 35, NULL, 'Hertl', NULL);
INSERT INTO special_bet (id, user_id, rule_id, team_value_id, string_value, int_value) VALUES (295, 12, 35, NULL, 'Hertl', NULL);
INSERT INTO special_bet_rule (id, tournament_id, name, value_type, scoring_type, points, sort_order, actual_team_value_id, actual_string_value, actual_int_value) VALUES (36, 6, 'Nejlepší Čech #3', 'string', 'exact_match', 2.0, 5, NULL, NULL, NULL);
INSERT INTO special_bet (id, user_id, rule_id, team_value_id, string_value, int_value) VALUES (296, 13, 36, NULL, 'Vrána', NULL);
INSERT INTO special_bet (id, user_id, rule_id, team_value_id, string_value, int_value) VALUES (297, 16, 36, NULL, 'Vrána', NULL);
INSERT INTO special_bet (id, user_id, rule_id, team_value_id, string_value, int_value) VALUES (298, 9, 36, NULL, 'Vrána', NULL);
INSERT INTO special_bet (id, user_id, rule_id, team_value_id, string_value, int_value) VALUES (299, 14, 36, NULL, 'Vrána', NULL);
INSERT INTO special_bet (id, user_id, rule_id, team_value_id, string_value, int_value) VALUES (300, 18, 36, NULL, 'Vrána', NULL);
INSERT INTO special_bet (id, user_id, rule_id, team_value_id, string_value, int_value) VALUES (301, 17, 36, NULL, 'Vrána', NULL);
INSERT INTO special_bet (id, user_id, rule_id, team_value_id, string_value, int_value) VALUES (302, 7, 36, NULL, 'Vrána', NULL);
INSERT INTO special_bet (id, user_id, rule_id, team_value_id, string_value, int_value) VALUES (303, 12, 36, NULL, 'Stránský', NULL);
INSERT INTO special_bet_rule (id, tournament_id, name, value_type, scoring_type, points, sort_order, actual_team_value_id, actual_string_value, actual_int_value) VALUES (37, 6, 'Počet gólů české reprezentace', 'integer', 'closest', 2.0, 6, NULL, NULL, NULL);
INSERT INTO special_bet (id, user_id, rule_id, team_value_id, string_value, int_value) VALUES (304, 13, 37, NULL, NULL, 32);
INSERT INTO special_bet (id, user_id, rule_id, team_value_id, string_value, int_value) VALUES (305, 16, 37, NULL, NULL, 38);
INSERT INTO special_bet (id, user_id, rule_id, team_value_id, string_value, int_value) VALUES (306, 9, 37, NULL, NULL, 31);
INSERT INTO special_bet (id, user_id, rule_id, team_value_id, string_value, int_value) VALUES (307, 14, 37, NULL, NULL, 41);
INSERT INTO special_bet (id, user_id, rule_id, team_value_id, string_value, int_value) VALUES (308, 18, 37, NULL, NULL, 38);
INSERT INTO special_bet (id, user_id, rule_id, team_value_id, string_value, int_value) VALUES (309, 17, 37, NULL, NULL, 33);
INSERT INTO special_bet (id, user_id, rule_id, team_value_id, string_value, int_value) VALUES (310, 7, 37, NULL, NULL, 34);
INSERT INTO special_bet (id, user_id, rule_id, team_value_id, string_value, int_value) VALUES (311, 12, 37, NULL, NULL, 25);
INSERT INTO special_bet_rule (id, tournament_id, name, value_type, scoring_type, points, sort_order, actual_team_value_id, actual_string_value, actual_int_value) VALUES (38, 6, 'Sestupující tým 1', 'team', 'exact_match', 2.0, 7, NULL, NULL, NULL);
INSERT INTO special_bet (id, user_id, rule_id, team_value_id, string_value, int_value) VALUES (312, 13, 38, 13, NULL, NULL);
INSERT INTO special_bet (id, user_id, rule_id, team_value_id, string_value, int_value) VALUES (313, 16, 38, 14, NULL, NULL);
INSERT INTO special_bet (id, user_id, rule_id, team_value_id, string_value, int_value) VALUES (314, 9, 38, 13, NULL, NULL);
INSERT INTO special_bet (id, user_id, rule_id, team_value_id, string_value, int_value) VALUES (315, 14, 38, 13, NULL, NULL);
INSERT INTO special_bet (id, user_id, rule_id, team_value_id, string_value, int_value) VALUES (316, 18, 38, 13, NULL, NULL);
INSERT INTO special_bet (id, user_id, rule_id, team_value_id, string_value, int_value) VALUES (317, 17, 38, 13, NULL, NULL);
INSERT INTO special_bet (id, user_id, rule_id, team_value_id, string_value, int_value) VALUES (318, 7, 38, 13, NULL, NULL);
INSERT INTO special_bet (id, user_id, rule_id, team_value_id, string_value, int_value) VALUES (319, 12, 38, 13, NULL, NULL);
INSERT INTO special_bet_rule (id, tournament_id, name, value_type, scoring_type, points, sort_order, actual_team_value_id, actual_string_value, actual_int_value) VALUES (39, 6, 'Sestupující tým 2', 'team', 'exact_match', 2.0, 8, NULL, NULL, NULL);
INSERT INTO special_bet (id, user_id, rule_id, team_value_id, string_value, int_value) VALUES (320, 13, 39, 10, NULL, NULL);
INSERT INTO special_bet (id, user_id, rule_id, team_value_id, string_value, int_value) VALUES (321, 16, 39, 10, NULL, NULL);
INSERT INTO special_bet (id, user_id, rule_id, team_value_id, string_value, int_value) VALUES (322, 9, 39, 10, NULL, NULL);
INSERT INTO special_bet (id, user_id, rule_id, team_value_id, string_value, int_value) VALUES (323, 14, 39, 10, NULL, NULL);
INSERT INTO special_bet (id, user_id, rule_id, team_value_id, string_value, int_value) VALUES (324, 18, 39, 10, NULL, NULL);
INSERT INTO special_bet (id, user_id, rule_id, team_value_id, string_value, int_value) VALUES (325, 17, 39, 10, NULL, NULL);
INSERT INTO special_bet (id, user_id, rule_id, team_value_id, string_value, int_value) VALUES (326, 7, 39, 10, NULL, NULL);
INSERT INTO special_bet (id, user_id, rule_id, team_value_id, string_value, int_value) VALUES (327, 12, 39, 10, NULL, NULL);

-- Tournament: MS 2023
INSERT INTO tournament (id, name, year, slug, status, created_at) VALUES (7, 'MS 2023', 2023, 'ms-2023', 'finished', '2024-01-01 00:00:00');
INSERT INTO rule_set (id, tournament_id, winner_base_points, wrong_opponent_bonus, exact_score_bonus, prizes) VALUES (7, 7, 1.0, 0.25, 2.0, '{"1": 300, "2": 150, "3": 50}');
INSERT INTO "match" (id, tournament_id, home_team_id, away_team_id, phase, played_at, home_score, away_score, is_finished) VALUES (349, 7, 8, 24, 'group_stage', '2022-05-12 15:20:00', 1, 4, true);
INSERT INTO "match" (id, tournament_id, home_team_id, away_team_id, phase, played_at, home_score, away_score, is_finished) VALUES (350, 7, 22, 6, 'group_stage', '2022-05-12 15:20:00', 2, 3, true);
INSERT INTO "match" (id, tournament_id, home_team_id, away_team_id, phase, played_at, home_score, away_score, is_finished) VALUES (351, 7, 23, 11, 'group_stage', '2022-05-12 19:20:00', 1, 0, true);
INSERT INTO "match" (id, tournament_id, home_team_id, away_team_id, phase, played_at, home_score, away_score, is_finished) VALUES (352, 7, 15, 4, 'group_stage', '2022-05-12 19:20:00', 0, 6, true);
INSERT INTO "match" (id, tournament_id, home_team_id, away_team_id, phase, played_at, home_score, away_score, is_finished) VALUES (353, 7, 9, 1, 'group_stage', '2022-05-13 11:20:00', 2, 1, true);
INSERT INTO "match" (id, tournament_id, home_team_id, away_team_id, phase, played_at, home_score, away_score, is_finished) VALUES (354, 7, 21, 20, 'group_stage', '2022-05-13 11:20:00', 7, 0, true);
INSERT INTO "match" (id, tournament_id, home_team_id, away_team_id, phase, played_at, home_score, away_score, is_finished) VALUES (355, 7, 12, 7, 'group_stage', '2022-05-13 15:20:00', 1, 3, true);
INSERT INTO "match" (id, tournament_id, home_team_id, away_team_id, phase, played_at, home_score, away_score, is_finished) VALUES (356, 7, 16, 14, 'group_stage', '2022-05-13 15:20:00', 3, 4, true);
INSERT INTO "match" (id, tournament_id, home_team_id, away_team_id, phase, played_at, home_score, away_score, is_finished) VALUES (357, 7, 11, 8, 'group_stage', '2022-05-13 19:20:00', 3, 4, true);
INSERT INTO "match" (id, tournament_id, home_team_id, away_team_id, phase, played_at, home_score, away_score, is_finished) VALUES (358, 7, 22, 15, 'group_stage', '2022-05-13 19:20:00', 2, 1, true);
INSERT INTO "match" (id, tournament_id, home_team_id, away_team_id, phase, played_at, home_score, away_score, is_finished) VALUES (359, 7, 24, 12, 'group_stage', '2022-05-14 11:20:00', 7, 1, true);
INSERT INTO "match" (id, tournament_id, home_team_id, away_team_id, phase, played_at, home_score, away_score, is_finished) VALUES (360, 7, 20, 4, 'group_stage', '2022-05-14 11:20:00', 2, 5, true);
INSERT INTO "match" (id, tournament_id, home_team_id, away_team_id, phase, played_at, home_score, away_score, is_finished) VALUES (361, 7, 9, 7, 'group_stage', '2022-05-14 15:20:00', 3, 4, true);
INSERT INTO "match" (id, tournament_id, home_team_id, away_team_id, phase, played_at, home_score, away_score, is_finished) VALUES (362, 7, 16, 21, 'group_stage', '2022-05-14 15:20:00', 0, 3, true);
INSERT INTO "match" (id, tournament_id, home_team_id, away_team_id, phase, played_at, home_score, away_score, is_finished) VALUES (363, 7, 23, 1, 'group_stage', '2022-05-14 19:20:00', 5, 0, true);
INSERT INTO "match" (id, tournament_id, home_team_id, away_team_id, phase, played_at, home_score, away_score, is_finished) VALUES (364, 7, 6, 14, 'group_stage', '2022-05-14 19:20:00', 5, 1, true);
INSERT INTO "match" (id, tournament_id, home_team_id, away_team_id, phase, played_at, home_score, away_score, is_finished) VALUES (365, 7, 11, 24, 'group_stage', '2022-05-15 15:20:00', 2, 3, true);
INSERT INTO "match" (id, tournament_id, home_team_id, away_team_id, phase, played_at, home_score, away_score, is_finished) VALUES (366, 7, 22, 4, 'group_stage', '2022-05-15 15:20:00', 1, 2, true);
INSERT INTO "match" (id, tournament_id, home_team_id, away_team_id, phase, played_at, home_score, away_score, is_finished) VALUES (367, 7, 8, 23, 'group_stage', '2022-05-15 19:20:00', 1, 2, true);
INSERT INTO "match" (id, tournament_id, home_team_id, away_team_id, phase, played_at, home_score, away_score, is_finished) VALUES (368, 7, 6, 15, 'group_stage', '2022-05-15 19:20:00', 3, 4, true);
INSERT INTO "match" (id, tournament_id, home_team_id, away_team_id, phase, played_at, home_score, away_score, is_finished) VALUES (369, 7, 7, 1, 'group_stage', '2022-05-16 15:20:00', 6, 2, true);
INSERT INTO "match" (id, tournament_id, home_team_id, away_team_id, phase, played_at, home_score, away_score, is_finished) VALUES (370, 7, 20, 16, 'group_stage', '2022-05-16 15:20:00', 0, 1, true);
INSERT INTO "match" (id, tournament_id, home_team_id, away_team_id, phase, played_at, home_score, away_score, is_finished) VALUES (371, 7, 9, 12, 'group_stage', '2022-05-16 19:20:00', 2, 3, true);
INSERT INTO "match" (id, tournament_id, home_team_id, away_team_id, phase, played_at, home_score, away_score, is_finished) VALUES (372, 7, 21, 14, 'group_stage', '2022-05-16 19:20:00', 5, 0, true);
INSERT INTO "match" (id, tournament_id, home_team_id, away_team_id, phase, played_at, home_score, away_score, is_finished) VALUES (373, 7, 24, 1, 'group_stage', '2022-05-17 15:20:00', 4, 1, true);
INSERT INTO "match" (id, tournament_id, home_team_id, away_team_id, phase, played_at, home_score, away_score, is_finished) VALUES (374, 7, 15, 16, 'group_stage', '2022-05-17 15:20:00', 2, 1, true);
INSERT INTO "match" (id, tournament_id, home_team_id, away_team_id, phase, played_at, home_score, away_score, is_finished) VALUES (375, 7, 8, 9, 'group_stage', '2022-05-17 19:20:00', 5, 3, true);
INSERT INTO "match" (id, tournament_id, home_team_id, away_team_id, phase, played_at, home_score, away_score, is_finished) VALUES (376, 7, 4, 14, 'group_stage', '2022-05-17 19:20:00', 5, 1, true);
INSERT INTO "match" (id, tournament_id, home_team_id, away_team_id, phase, played_at, home_score, away_score, is_finished) VALUES (377, 7, 12, 23, 'group_stage', '2022-05-18 15:20:00', 1, 7, true);
INSERT INTO "match" (id, tournament_id, home_team_id, away_team_id, phase, played_at, home_score, away_score, is_finished) VALUES (378, 7, 6, 20, 'group_stage', '2022-05-18 15:20:00', 6, 2, true);
INSERT INTO "match" (id, tournament_id, home_team_id, away_team_id, phase, played_at, home_score, away_score, is_finished) VALUES (379, 7, 7, 11, 'group_stage', '2022-05-18 19:20:00', 4, 6, true);
INSERT INTO "match" (id, tournament_id, home_team_id, away_team_id, phase, played_at, home_score, away_score, is_finished) VALUES (380, 7, 21, 22, 'group_stage', '2022-05-18 19:20:00', 4, 2, true);
INSERT INTO "match" (id, tournament_id, home_team_id, away_team_id, phase, played_at, home_score, away_score, is_finished) VALUES (381, 7, 12, 8, 'group_stage', '2022-05-19 15:20:00', 1, 7, true);
INSERT INTO "match" (id, tournament_id, home_team_id, away_team_id, phase, played_at, home_score, away_score, is_finished) VALUES (382, 7, 15, 20, 'group_stage', '2022-05-19 15:20:00', 3, 2, true);
INSERT INTO "match" (id, tournament_id, home_team_id, away_team_id, phase, played_at, home_score, away_score, is_finished) VALUES (383, 7, 1, 11, 'group_stage', '2022-05-19 19:20:00', 2, 4, true);
INSERT INTO "match" (id, tournament_id, home_team_id, away_team_id, phase, played_at, home_score, away_score, is_finished) VALUES (384, 7, 14, 22, 'group_stage', '2022-05-19 19:20:00', 4, 3, true);
INSERT INTO "match" (id, tournament_id, home_team_id, away_team_id, phase, played_at, home_score, away_score, is_finished) VALUES (385, 7, 24, 7, 'group_stage', '2022-05-20 11:20:00', 3, 0, true);
INSERT INTO "match" (id, tournament_id, home_team_id, away_team_id, phase, played_at, home_score, away_score, is_finished) VALUES (386, 7, 16, 6, 'group_stage', '2022-05-20 11:20:00', 0, 2, true);
INSERT INTO "match" (id, tournament_id, home_team_id, away_team_id, phase, played_at, home_score, away_score, is_finished) VALUES (387, 7, 1, 8, 'group_stage', '2022-05-20 15:20:00', 1, 3, true);
INSERT INTO "match" (id, tournament_id, home_team_id, away_team_id, phase, played_at, home_score, away_score, is_finished) VALUES (388, 7, 4, 21, 'group_stage', '2022-05-20 15:20:00', 2, 3, true);
INSERT INTO "match" (id, tournament_id, home_team_id, away_team_id, phase, played_at, home_score, away_score, is_finished) VALUES (389, 7, 23, 9, 'group_stage', '2022-05-20 19:20:00', 4, 0, true);
INSERT INTO "match" (id, tournament_id, home_team_id, away_team_id, phase, played_at, home_score, away_score, is_finished) VALUES (390, 7, 14, 15, 'group_stage', '2022-05-20 19:20:00', 0, 7, true);
INSERT INTO "match" (id, tournament_id, home_team_id, away_team_id, phase, played_at, home_score, away_score, is_finished) VALUES (391, 7, 11, 12, 'group_stage', '2022-05-21 15:20:00', 7, 2, true);
INSERT INTO "match" (id, tournament_id, home_team_id, away_team_id, phase, played_at, home_score, away_score, is_finished) VALUES (392, 7, 20, 22, 'group_stage', '2022-05-21 15:20:00', 0, 1, true);
INSERT INTO "match" (id, tournament_id, home_team_id, away_team_id, phase, played_at, home_score, away_score, is_finished) VALUES (393, 7, 24, 9, 'group_stage', '2022-05-21 19:20:00', 9, 0, true);
INSERT INTO "match" (id, tournament_id, home_team_id, away_team_id, phase, played_at, home_score, away_score, is_finished) VALUES (394, 7, 6, 21, 'group_stage', '2022-05-21 19:20:00', 2, 4, true);
INSERT INTO "match" (id, tournament_id, home_team_id, away_team_id, phase, played_at, home_score, away_score, is_finished) VALUES (395, 7, 7, 23, 'group_stage', '2022-05-22 15:20:00', 1, 4, true);
INSERT INTO "match" (id, tournament_id, home_team_id, away_team_id, phase, played_at, home_score, away_score, is_finished) VALUES (396, 7, 4, 16, 'group_stage', '2022-05-22 15:20:00', 2, 3, true);
INSERT INTO "match" (id, tournament_id, home_team_id, away_team_id, phase, played_at, home_score, away_score, is_finished) VALUES (397, 7, 1, 12, 'group_stage', '2022-05-22 19:20:00', 4, 3, true);
INSERT INTO "match" (id, tournament_id, home_team_id, away_team_id, phase, played_at, home_score, away_score, is_finished) VALUES (398, 7, 14, 20, 'group_stage', '2022-05-22 19:20:00', 4, 3, true);
INSERT INTO "match" (id, tournament_id, home_team_id, away_team_id, phase, played_at, home_score, away_score, is_finished) VALUES (399, 7, 11, 9, 'group_stage', '2022-05-23 11:20:00', 5, 0, true);
INSERT INTO "match" (id, tournament_id, home_team_id, away_team_id, phase, played_at, home_score, away_score, is_finished) VALUES (400, 7, 22, 16, 'group_stage', '2022-05-23 11:20:00', 4, 1, true);
INSERT INTO "match" (id, tournament_id, home_team_id, away_team_id, phase, played_at, home_score, away_score, is_finished) VALUES (401, 7, 23, 24, 'group_stage', '2022-05-23 15:20:00', 3, 4, true);
INSERT INTO "match" (id, tournament_id, home_team_id, away_team_id, phase, played_at, home_score, away_score, is_finished) VALUES (402, 7, 4, 6, 'group_stage', '2022-05-23 15:20:00', 3, 1, true);
INSERT INTO "match" (id, tournament_id, home_team_id, away_team_id, phase, played_at, home_score, away_score, is_finished) VALUES (403, 7, 8, 7, 'group_stage', '2022-05-23 19:20:00', 7, 1, true);
INSERT INTO "match" (id, tournament_id, home_team_id, away_team_id, phase, played_at, home_score, away_score, is_finished) VALUES (404, 7, 21, 15, 'group_stage', '2022-05-23 19:20:00', 3, 4, true);
INSERT INTO "match" (id, tournament_id, home_team_id, away_team_id, phase, played_at, home_score, away_score, is_finished) VALUES (405, 7, 21, 11, 'group_stage', '2022-05-25 15:20:00', 1, 3, true);
INSERT INTO "match" (id, tournament_id, home_team_id, away_team_id, phase, played_at, home_score, away_score, is_finished) VALUES (406, 7, 24, 6, 'group_stage', '2022-05-25 15:20:00', 3, 0, true);
INSERT INTO "match" (id, tournament_id, home_team_id, away_team_id, phase, played_at, home_score, away_score, is_finished) VALUES (407, 7, 4, 8, 'group_stage', '2022-05-25 19:20:00', 4, 1, true);
INSERT INTO "match" (id, tournament_id, home_team_id, away_team_id, phase, played_at, home_score, away_score, is_finished) VALUES (408, 7, 23, 15, 'group_stage', '2022-05-25 19:20:00', 1, 3, true);
INSERT INTO "match" (id, tournament_id, home_team_id, away_team_id, phase, played_at, home_score, away_score, is_finished) VALUES (409, 7, 4, 15, 'semifinal', '2022-05-27 13:20:00', 4, 2, true);
INSERT INTO "match" (id, tournament_id, home_team_id, away_team_id, phase, played_at, home_score, away_score, is_finished) VALUES (410, 7, 24, 11, 'semifinal', '2022-05-27 17:20:00', 3, 4, true);
INSERT INTO "match" (id, tournament_id, home_team_id, away_team_id, phase, played_at, home_score, away_score, is_finished) VALUES (411, 7, 24, 15, 'bronze_medal', '2022-05-28 14:20:00', 3, 4, true);
INSERT INTO "match" (id, tournament_id, home_team_id, away_team_id, phase, played_at, home_score, away_score, is_finished) VALUES (412, 7, 11, 4, 'gold_medal', '2022-05-28 19:20:00', 2, 5, true);
INSERT INTO prediction (id, user_id, game_id, home_score, away_score, created_at, updated_at) VALUES (2864, 13, 349, 3, 1, '2024-01-01 00:00:00', NULL);
INSERT INTO prediction (id, user_id, game_id, home_score, away_score, created_at, updated_at) VALUES (2865, 16, 349, 4, 2, '2024-01-01 00:00:00', NULL);
INSERT INTO prediction (id, user_id, game_id, home_score, away_score, created_at, updated_at) VALUES (2866, 9, 349, 3, 2, '2024-01-01 00:00:00', NULL);
INSERT INTO prediction (id, user_id, game_id, home_score, away_score, created_at, updated_at) VALUES (2867, 14, 349, 3, 1, '2024-01-01 00:00:00', NULL);
INSERT INTO prediction (id, user_id, game_id, home_score, away_score, created_at, updated_at) VALUES (2868, 18, 349, 5, 3, '2024-01-01 00:00:00', NULL);
INSERT INTO prediction (id, user_id, game_id, home_score, away_score, created_at, updated_at) VALUES (2869, 19, 349, 4, 3, '2024-01-01 00:00:00', NULL);
INSERT INTO prediction (id, user_id, game_id, home_score, away_score, created_at, updated_at) VALUES (2870, 7, 349, 4, 2, '2024-01-01 00:00:00', NULL);
INSERT INTO prediction (id, user_id, game_id, home_score, away_score, created_at, updated_at) VALUES (2871, 12, 349, 5, 4, '2024-01-01 00:00:00', NULL);
INSERT INTO prediction (id, user_id, game_id, home_score, away_score, created_at, updated_at) VALUES (2872, 3, 349, 3, 1, '2024-01-01 00:00:00', NULL);
INSERT INTO prediction (id, user_id, game_id, home_score, away_score, created_at, updated_at) VALUES (2873, 13, 350, 0, 3, '2024-01-01 00:00:00', NULL);
INSERT INTO prediction (id, user_id, game_id, home_score, away_score, created_at, updated_at) VALUES (2874, 16, 350, 2, 5, '2024-01-01 00:00:00', NULL);
INSERT INTO prediction (id, user_id, game_id, home_score, away_score, created_at, updated_at) VALUES (2875, 9, 350, 2, 5, '2024-01-01 00:00:00', NULL);
INSERT INTO prediction (id, user_id, game_id, home_score, away_score, created_at, updated_at) VALUES (2876, 14, 350, 2, 5, '2024-01-01 00:00:00', NULL);
INSERT INTO prediction (id, user_id, game_id, home_score, away_score, created_at, updated_at) VALUES (2877, 18, 350, 1, 3, '2024-01-01 00:00:00', NULL);
INSERT INTO prediction (id, user_id, game_id, home_score, away_score, created_at, updated_at) VALUES (2878, 19, 350, 2, 5, '2024-01-01 00:00:00', NULL);
INSERT INTO prediction (id, user_id, game_id, home_score, away_score, created_at, updated_at) VALUES (2879, 7, 350, 2, 4, '2024-01-01 00:00:00', NULL);
INSERT INTO prediction (id, user_id, game_id, home_score, away_score, created_at, updated_at) VALUES (2880, 12, 350, 2, 1, '2024-01-01 00:00:00', NULL);
INSERT INTO prediction (id, user_id, game_id, home_score, away_score, created_at, updated_at) VALUES (2881, 3, 350, 1, 3, '2024-01-01 00:00:00', NULL);
INSERT INTO prediction (id, user_id, game_id, home_score, away_score, created_at, updated_at) VALUES (2882, 13, 351, 4, 3, '2024-01-01 00:00:00', NULL);
INSERT INTO prediction (id, user_id, game_id, home_score, away_score, created_at, updated_at) VALUES (2883, 16, 351, 6, 2, '2024-01-01 00:00:00', NULL);
INSERT INTO prediction (id, user_id, game_id, home_score, away_score, created_at, updated_at) VALUES (2884, 9, 351, 4, 1, '2024-01-01 00:00:00', NULL);
INSERT INTO prediction (id, user_id, game_id, home_score, away_score, created_at, updated_at) VALUES (2885, 14, 351, 4, 2, '2024-01-01 00:00:00', NULL);
INSERT INTO prediction (id, user_id, game_id, home_score, away_score, created_at, updated_at) VALUES (2886, 18, 351, 3, 2, '2024-01-01 00:00:00', NULL);
INSERT INTO prediction (id, user_id, game_id, home_score, away_score, created_at, updated_at) VALUES (2887, 19, 351, 6, 2, '2024-01-01 00:00:00', NULL);
INSERT INTO prediction (id, user_id, game_id, home_score, away_score, created_at, updated_at) VALUES (2888, 7, 351, 5, 1, '2024-01-01 00:00:00', NULL);
INSERT INTO prediction (id, user_id, game_id, home_score, away_score, created_at, updated_at) VALUES (2889, 12, 351, 5, 1, '2024-01-01 00:00:00', NULL);
INSERT INTO prediction (id, user_id, game_id, home_score, away_score, created_at, updated_at) VALUES (2890, 3, 351, 3, 0, '2024-01-01 00:00:00', NULL);
INSERT INTO prediction (id, user_id, game_id, home_score, away_score, created_at, updated_at) VALUES (2891, 13, 352, 2, 3, '2024-01-01 00:00:00', NULL);
INSERT INTO prediction (id, user_id, game_id, home_score, away_score, created_at, updated_at) VALUES (2892, 16, 352, 1, 7, '2024-01-01 00:00:00', NULL);
INSERT INTO prediction (id, user_id, game_id, home_score, away_score, created_at, updated_at) VALUES (2893, 9, 352, 1, 4, '2024-01-01 00:00:00', NULL);
INSERT INTO prediction (id, user_id, game_id, home_score, away_score, created_at, updated_at) VALUES (2894, 14, 352, 1, 5, '2024-01-01 00:00:00', NULL);
INSERT INTO prediction (id, user_id, game_id, home_score, away_score, created_at, updated_at) VALUES (2895, 18, 352, 0, 4, '2024-01-01 00:00:00', NULL);
INSERT INTO prediction (id, user_id, game_id, home_score, away_score, created_at, updated_at) VALUES (2896, 19, 352, 2, 6, '2024-01-01 00:00:00', NULL);
INSERT INTO prediction (id, user_id, game_id, home_score, away_score, created_at, updated_at) VALUES (2897, 7, 352, 2, 3, '2024-01-01 00:00:00', NULL);
INSERT INTO prediction (id, user_id, game_id, home_score, away_score, created_at, updated_at) VALUES (2898, 12, 352, 1, 4, '2024-01-01 00:00:00', NULL);
INSERT INTO prediction (id, user_id, game_id, home_score, away_score, created_at, updated_at) VALUES (2899, 3, 352, 1, 3, '2024-01-01 00:00:00', NULL);
INSERT INTO prediction (id, user_id, game_id, home_score, away_score, created_at, updated_at) VALUES (2900, 13, 353, 3, 2, '2024-01-01 00:00:00', NULL);
INSERT INTO prediction (id, user_id, game_id, home_score, away_score, created_at, updated_at) VALUES (2901, 16, 353, 2, 3, '2024-01-01 00:00:00', NULL);
INSERT INTO prediction (id, user_id, game_id, home_score, away_score, created_at, updated_at) VALUES (2902, 9, 353, 4, 2, '2024-01-01 00:00:00', NULL);
INSERT INTO prediction (id, user_id, game_id, home_score, away_score, created_at, updated_at) VALUES (2903, 14, 353, 2, 3, '2024-01-01 00:00:00', NULL);
INSERT INTO prediction (id, user_id, game_id, home_score, away_score, created_at, updated_at) VALUES (2904, 18, 353, 1, 3, '2024-01-01 00:00:00', NULL);
INSERT INTO prediction (id, user_id, game_id, home_score, away_score, created_at, updated_at) VALUES (2905, 19, 353, 3, 2, '2024-01-01 00:00:00', NULL);
INSERT INTO prediction (id, user_id, game_id, home_score, away_score, created_at, updated_at) VALUES (2906, 7, 353, 1, 3, '2024-01-01 00:00:00', NULL);
INSERT INTO prediction (id, user_id, game_id, home_score, away_score, created_at, updated_at) VALUES (2907, 12, 353, 4, 3, '2024-01-01 00:00:00', NULL);
INSERT INTO prediction (id, user_id, game_id, home_score, away_score, created_at, updated_at) VALUES (2908, 3, 353, 3, 2, '2024-01-01 00:00:00', NULL);
INSERT INTO prediction (id, user_id, game_id, home_score, away_score, created_at, updated_at) VALUES (2909, 13, 354, 4, 0, '2024-01-01 00:00:00', NULL);
INSERT INTO prediction (id, user_id, game_id, home_score, away_score, created_at, updated_at) VALUES (2910, 16, 354, 5, 1, '2024-01-01 00:00:00', NULL);
INSERT INTO prediction (id, user_id, game_id, home_score, away_score, created_at, updated_at) VALUES (2911, 9, 354, 4, 1, '2024-01-01 00:00:00', NULL);
INSERT INTO prediction (id, user_id, game_id, home_score, away_score, created_at, updated_at) VALUES (2912, 14, 354, 5, 0, '2024-01-01 00:00:00', NULL);
INSERT INTO prediction (id, user_id, game_id, home_score, away_score, created_at, updated_at) VALUES (2913, 18, 354, 4, 1, '2024-01-01 00:00:00', NULL);
INSERT INTO prediction (id, user_id, game_id, home_score, away_score, created_at, updated_at) VALUES (2914, 19, 354, 5, 1, '2024-01-01 00:00:00', NULL);
INSERT INTO prediction (id, user_id, game_id, home_score, away_score, created_at, updated_at) VALUES (2915, 7, 354, 3, 1, '2024-01-01 00:00:00', NULL);
INSERT INTO prediction (id, user_id, game_id, home_score, away_score, created_at, updated_at) VALUES (2916, 12, 354, 4, 2, '2024-01-01 00:00:00', NULL);
INSERT INTO prediction (id, user_id, game_id, home_score, away_score, created_at, updated_at) VALUES (2917, 3, 354, 4, 0, '2024-01-01 00:00:00', NULL);
INSERT INTO prediction (id, user_id, game_id, home_score, away_score, created_at, updated_at) VALUES (2918, 13, 355, 1, 3, '2024-01-01 00:00:00', NULL);
INSERT INTO prediction (id, user_id, game_id, home_score, away_score, created_at, updated_at) VALUES (2919, 16, 355, 3, 6, '2024-01-01 00:00:00', NULL);
INSERT INTO prediction (id, user_id, game_id, home_score, away_score, created_at, updated_at) VALUES (2920, 9, 355, 1, 3, '2024-01-01 00:00:00', NULL);
INSERT INTO prediction (id, user_id, game_id, home_score, away_score, created_at, updated_at) VALUES (2921, 14, 355, 1, 4, '2024-01-01 00:00:00', NULL);
INSERT INTO prediction (id, user_id, game_id, home_score, away_score, created_at, updated_at) VALUES (2922, 18, 355, 0, 3, '2024-01-01 00:00:00', NULL);
INSERT INTO prediction (id, user_id, game_id, home_score, away_score, created_at, updated_at) VALUES (2923, 19, 355, 1, 3, '2024-01-01 00:00:00', NULL);
INSERT INTO prediction (id, user_id, game_id, home_score, away_score, created_at, updated_at) VALUES (2924, 7, 355, 0, 5, '2024-01-01 00:00:00', NULL);
INSERT INTO prediction (id, user_id, game_id, home_score, away_score, created_at, updated_at) VALUES (2925, 12, 355, 2, 6, '2024-01-01 00:00:00', NULL);
INSERT INTO prediction (id, user_id, game_id, home_score, away_score, created_at, updated_at) VALUES (2926, 3, 355, 0, 4, '2024-01-01 00:00:00', NULL);
INSERT INTO prediction (id, user_id, game_id, home_score, away_score, created_at, updated_at) VALUES (2927, 13, 356, 4, 2, '2024-01-01 00:00:00', NULL);
INSERT INTO prediction (id, user_id, game_id, home_score, away_score, created_at, updated_at) VALUES (2928, 16, 356, 4, 3, '2024-01-01 00:00:00', NULL);
INSERT INTO prediction (id, user_id, game_id, home_score, away_score, created_at, updated_at) VALUES (2929, 9, 356, 4, 1, '2024-01-01 00:00:00', NULL);
INSERT INTO prediction (id, user_id, game_id, home_score, away_score, created_at, updated_at) VALUES (2930, 14, 356, 2, 3, '2024-01-01 00:00:00', NULL);
INSERT INTO prediction (id, user_id, game_id, home_score, away_score, created_at, updated_at) VALUES (2931, 18, 356, 3, 2, '2024-01-01 00:00:00', NULL);
INSERT INTO prediction (id, user_id, game_id, home_score, away_score, created_at, updated_at) VALUES (2932, 19, 356, 2, 3, '2024-01-01 00:00:00', NULL);
INSERT INTO prediction (id, user_id, game_id, home_score, away_score, created_at, updated_at) VALUES (2933, 7, 356, 4, 0, '2024-01-01 00:00:00', NULL);
INSERT INTO prediction (id, user_id, game_id, home_score, away_score, created_at, updated_at) VALUES (2934, 12, 356, 5, 1, '2024-01-01 00:00:00', NULL);
INSERT INTO prediction (id, user_id, game_id, home_score, away_score, created_at, updated_at) VALUES (2935, 3, 356, 3, 1, '2024-01-01 00:00:00', NULL);
INSERT INTO prediction (id, user_id, game_id, home_score, away_score, created_at, updated_at) VALUES (2936, 13, 357, 2, 3, '2024-01-01 00:00:00', NULL);
INSERT INTO prediction (id, user_id, game_id, home_score, away_score, created_at, updated_at) VALUES (2937, 16, 357, 1, 3, '2024-01-01 00:00:00', NULL);
INSERT INTO prediction (id, user_id, game_id, home_score, away_score, created_at, updated_at) VALUES (2938, 9, 357, 1, 3, '2024-01-01 00:00:00', NULL);
INSERT INTO prediction (id, user_id, game_id, home_score, away_score, created_at, updated_at) VALUES (2939, 14, 357, 1, 6, '2024-01-01 00:00:00', NULL);
INSERT INTO prediction (id, user_id, game_id, home_score, away_score, created_at, updated_at) VALUES (2940, 18, 357, 2, 3, '2024-01-01 00:00:00', NULL);
INSERT INTO prediction (id, user_id, game_id, home_score, away_score, created_at, updated_at) VALUES (2941, 19, 357, 2, 3, '2024-01-01 00:00:00', NULL);
INSERT INTO prediction (id, user_id, game_id, home_score, away_score, created_at, updated_at) VALUES (2942, 7, 357, 1, 4, '2024-01-01 00:00:00', NULL);
INSERT INTO prediction (id, user_id, game_id, home_score, away_score, created_at, updated_at) VALUES (2943, 12, 357, 2, 3, '2024-01-01 00:00:00', NULL);
INSERT INTO prediction (id, user_id, game_id, home_score, away_score, created_at, updated_at) VALUES (2944, 3, 357, 0, 2, '2024-01-01 00:00:00', NULL);
INSERT INTO prediction (id, user_id, game_id, home_score, away_score, created_at, updated_at) VALUES (2945, 13, 358, 1, 2, '2024-01-01 00:00:00', NULL);
INSERT INTO prediction (id, user_id, game_id, home_score, away_score, created_at, updated_at) VALUES (2946, 16, 358, 2, 3, '2024-01-01 00:00:00', NULL);
INSERT INTO prediction (id, user_id, game_id, home_score, away_score, created_at, updated_at) VALUES (2947, 9, 358, 4, 2, '2024-01-01 00:00:00', NULL);
INSERT INTO prediction (id, user_id, game_id, home_score, away_score, created_at, updated_at) VALUES (2948, 14, 358, 3, 1, '2024-01-01 00:00:00', NULL);
INSERT INTO prediction (id, user_id, game_id, home_score, away_score, created_at, updated_at) VALUES (2949, 18, 358, 2, 1, '2024-01-01 00:00:00', NULL);
INSERT INTO prediction (id, user_id, game_id, home_score, away_score, created_at, updated_at) VALUES (2950, 19, 358, 3, 2, '2024-01-01 00:00:00', NULL);
INSERT INTO prediction (id, user_id, game_id, home_score, away_score, created_at, updated_at) VALUES (2951, 7, 358, 1, 2, '2024-01-01 00:00:00', NULL);
INSERT INTO prediction (id, user_id, game_id, home_score, away_score, created_at, updated_at) VALUES (2952, 12, 358, 4, 3, '2024-01-01 00:00:00', NULL);
INSERT INTO prediction (id, user_id, game_id, home_score, away_score, created_at, updated_at) VALUES (2953, 3, 358, 3, 1, '2024-01-01 00:00:00', NULL);
INSERT INTO prediction (id, user_id, game_id, home_score, away_score, created_at, updated_at) VALUES (2954, 13, 359, 5, 0, '2024-01-01 00:00:00', NULL);
INSERT INTO prediction (id, user_id, game_id, home_score, away_score, created_at, updated_at) VALUES (2955, 16, 359, 7, 0, '2024-01-01 00:00:00', NULL);
INSERT INTO prediction (id, user_id, game_id, home_score, away_score, created_at, updated_at) VALUES (2956, 9, 359, 7, 1, '2024-01-01 00:00:00', NULL);
INSERT INTO prediction (id, user_id, game_id, home_score, away_score, created_at, updated_at) VALUES (2957, 14, 359, 6, 0, '2024-01-01 00:00:00', NULL);
INSERT INTO prediction (id, user_id, game_id, home_score, away_score, created_at, updated_at) VALUES (2958, 18, 359, 6, 0, '2024-01-01 00:00:00', NULL);
INSERT INTO prediction (id, user_id, game_id, home_score, away_score, created_at, updated_at) VALUES (2959, 19, 359, 7, 0, '2024-01-01 00:00:00', NULL);
INSERT INTO prediction (id, user_id, game_id, home_score, away_score, created_at, updated_at) VALUES (2960, 7, 359, 7, 0, '2024-01-01 00:00:00', NULL);
INSERT INTO prediction (id, user_id, game_id, home_score, away_score, created_at, updated_at) VALUES (2961, 12, 359, 7, 0, '2024-01-01 00:00:00', NULL);
INSERT INTO prediction (id, user_id, game_id, home_score, away_score, created_at, updated_at) VALUES (2962, 3, 359, 6, 0, '2024-01-01 00:00:00', NULL);
INSERT INTO prediction (id, user_id, game_id, home_score, away_score, created_at, updated_at) VALUES (2963, 13, 360, 2, 5, '2024-01-01 00:00:00', NULL);
INSERT INTO prediction (id, user_id, game_id, home_score, away_score, created_at, updated_at) VALUES (2964, 16, 360, 0, 10, '2024-01-01 00:00:00', NULL);
INSERT INTO prediction (id, user_id, game_id, home_score, away_score, created_at, updated_at) VALUES (2965, 9, 360, 1, 7, '2024-01-01 00:00:00', NULL);
INSERT INTO prediction (id, user_id, game_id, home_score, away_score, created_at, updated_at) VALUES (2966, 14, 360, 1, 8, '2024-01-01 00:00:00', NULL);
INSERT INTO prediction (id, user_id, game_id, home_score, away_score, created_at, updated_at) VALUES (2967, 18, 360, 0, 6, '2024-01-01 00:00:00', NULL);
INSERT INTO prediction (id, user_id, game_id, home_score, away_score, created_at, updated_at) VALUES (2968, 19, 360, 0, 7, '2024-01-01 00:00:00', NULL);
INSERT INTO prediction (id, user_id, game_id, home_score, away_score, created_at, updated_at) VALUES (2969, 7, 360, 2, 5, '2024-01-01 00:00:00', NULL);
INSERT INTO prediction (id, user_id, game_id, home_score, away_score, created_at, updated_at) VALUES (2970, 12, 360, 3, 5, '2024-01-01 00:00:00', NULL);
INSERT INTO prediction (id, user_id, game_id, home_score, away_score, created_at, updated_at) VALUES (2971, 3, 360, 0, 7, '2024-01-01 00:00:00', NULL);
INSERT INTO prediction (id, user_id, game_id, home_score, away_score, created_at, updated_at) VALUES (2972, 13, 361, 1, 2, '2024-01-01 00:00:00', NULL);
INSERT INTO prediction (id, user_id, game_id, home_score, away_score, created_at, updated_at) VALUES (2973, 16, 361, 1, 4, '2024-01-01 00:00:00', NULL);
INSERT INTO prediction (id, user_id, game_id, home_score, away_score, created_at, updated_at) VALUES (2974, 9, 361, 4, 2, '2024-01-01 00:00:00', NULL);
INSERT INTO prediction (id, user_id, game_id, home_score, away_score, created_at, updated_at) VALUES (2975, 14, 361, 2, 3, '2024-01-01 00:00:00', NULL);
INSERT INTO prediction (id, user_id, game_id, home_score, away_score, created_at, updated_at) VALUES (2976, 18, 361, 2, 4, '2024-01-01 00:00:00', NULL);
INSERT INTO prediction (id, user_id, game_id, home_score, away_score, created_at, updated_at) VALUES (2977, 19, 361, 1, 3, '2024-01-01 00:00:00', NULL);
INSERT INTO prediction (id, user_id, game_id, home_score, away_score, created_at, updated_at) VALUES (2978, 7, 361, 1, 3, '2024-01-01 00:00:00', NULL);
INSERT INTO prediction (id, user_id, game_id, home_score, away_score, created_at, updated_at) VALUES (2979, 12, 361, 2, 4, '2024-01-01 00:00:00', NULL);
INSERT INTO prediction (id, user_id, game_id, home_score, away_score, created_at, updated_at) VALUES (2980, 3, 361, 2, 3, '2024-01-01 00:00:00', NULL);
INSERT INTO prediction (id, user_id, game_id, home_score, away_score, created_at, updated_at) VALUES (2981, 13, 362, 0, 4, '2024-01-01 00:00:00', NULL);
INSERT INTO prediction (id, user_id, game_id, home_score, away_score, created_at, updated_at) VALUES (2982, 16, 362, 2, 5, '2024-01-01 00:00:00', NULL);
INSERT INTO prediction (id, user_id, game_id, home_score, away_score, created_at, updated_at) VALUES (2983, 9, 362, 1, 4, '2024-01-01 00:00:00', NULL);
INSERT INTO prediction (id, user_id, game_id, home_score, away_score, created_at, updated_at) VALUES (2984, 14, 362, 2, 4, '2024-01-01 00:00:00', NULL);
INSERT INTO prediction (id, user_id, game_id, home_score, away_score, created_at, updated_at) VALUES (2985, 18, 362, 2, 3, '2024-01-01 00:00:00', NULL);
INSERT INTO prediction (id, user_id, game_id, home_score, away_score, created_at, updated_at) VALUES (2986, 19, 362, 1, 3, '2024-01-01 00:00:00', NULL);
INSERT INTO prediction (id, user_id, game_id, home_score, away_score, created_at, updated_at) VALUES (2987, 7, 362, 2, 3, '2024-01-01 00:00:00', NULL);
INSERT INTO prediction (id, user_id, game_id, home_score, away_score, created_at, updated_at) VALUES (2988, 12, 362, 2, 3, '2024-01-01 00:00:00', NULL);
INSERT INTO prediction (id, user_id, game_id, home_score, away_score, created_at, updated_at) VALUES (2989, 3, 362, 1, 4, '2024-01-01 00:00:00', NULL);
INSERT INTO prediction (id, user_id, game_id, home_score, away_score, created_at, updated_at) VALUES (2990, 13, 363, 4, 1, '2024-01-01 00:00:00', NULL);
INSERT INTO prediction (id, user_id, game_id, home_score, away_score, created_at, updated_at) VALUES (2991, 16, 363, 6, 0, '2024-01-01 00:00:00', NULL);
INSERT INTO prediction (id, user_id, game_id, home_score, away_score, created_at, updated_at) VALUES (2992, 9, 363, 4, 1, '2024-01-01 00:00:00', NULL);
INSERT INTO prediction (id, user_id, game_id, home_score, away_score, created_at, updated_at) VALUES (2993, 14, 363, 4, 2, '2024-01-01 00:00:00', NULL);
INSERT INTO prediction (id, user_id, game_id, home_score, away_score, created_at, updated_at) VALUES (2994, 18, 363, 5, 1, '2024-01-01 00:00:00', NULL);
INSERT INTO prediction (id, user_id, game_id, home_score, away_score, created_at, updated_at) VALUES (2995, 19, 363, 5, 2, '2024-01-01 00:00:00', NULL);
INSERT INTO prediction (id, user_id, game_id, home_score, away_score, created_at, updated_at) VALUES (2996, 7, 363, 6, 0, '2024-01-01 00:00:00', NULL);
INSERT INTO prediction (id, user_id, game_id, home_score, away_score, created_at, updated_at) VALUES (2997, 12, 363, 6, 1, '2024-01-01 00:00:00', NULL);
INSERT INTO prediction (id, user_id, game_id, home_score, away_score, created_at, updated_at) VALUES (2998, 3, 363, 2, 1, '2024-01-01 00:00:00', NULL);
INSERT INTO prediction (id, user_id, game_id, home_score, away_score, created_at, updated_at) VALUES (2999, 13, 364, 5, 1, '2024-01-01 00:00:00', NULL);
INSERT INTO prediction (id, user_id, game_id, home_score, away_score, created_at, updated_at) VALUES (3000, 16, 364, 6, 1, '2024-01-01 00:00:00', NULL);
INSERT INTO prediction (id, user_id, game_id, home_score, away_score, created_at, updated_at) VALUES (3001, 9, 364, 4, 1, '2024-01-01 00:00:00', NULL);
INSERT INTO prediction (id, user_id, game_id, home_score, away_score, created_at, updated_at) VALUES (3002, 14, 364, 5, 2, '2024-01-01 00:00:00', NULL);
INSERT INTO prediction (id, user_id, game_id, home_score, away_score, created_at, updated_at) VALUES (3003, 18, 364, 3, 1, '2024-01-01 00:00:00', NULL);
INSERT INTO prediction (id, user_id, game_id, home_score, away_score, created_at, updated_at) VALUES (3004, 19, 364, 4, 2, '2024-01-01 00:00:00', NULL);
INSERT INTO prediction (id, user_id, game_id, home_score, away_score, created_at, updated_at) VALUES (3005, 7, 364, 5, 1, '2024-01-01 00:00:00', NULL);
INSERT INTO prediction (id, user_id, game_id, home_score, away_score, created_at, updated_at) VALUES (3006, 12, 364, 3, 1, '2024-01-01 00:00:00', NULL);
INSERT INTO prediction (id, user_id, game_id, home_score, away_score, created_at, updated_at) VALUES (3007, 3, 364, 4, 2, '2024-01-01 00:00:00', NULL);
INSERT INTO prediction (id, user_id, game_id, home_score, away_score, created_at, updated_at) VALUES (3008, 13, 365, 0, 3, '2024-01-01 00:00:00', NULL);
INSERT INTO prediction (id, user_id, game_id, home_score, away_score, created_at, updated_at) VALUES (3009, 16, 365, 2, 4, '2024-01-01 00:00:00', NULL);
INSERT INTO prediction (id, user_id, game_id, home_score, away_score, created_at, updated_at) VALUES (3010, 9, 365, 2, 5, '2024-01-01 00:00:00', NULL);
INSERT INTO prediction (id, user_id, game_id, home_score, away_score, created_at, updated_at) VALUES (3011, 14, 365, 1, 5, '2024-01-01 00:00:00', NULL);
INSERT INTO prediction (id, user_id, game_id, home_score, away_score, created_at, updated_at) VALUES (3012, 18, 365, 2, 5, '2024-01-01 00:00:00', NULL);
INSERT INTO prediction (id, user_id, game_id, home_score, away_score, created_at, updated_at) VALUES (3013, 19, 365, 2, 5, '2024-01-01 00:00:00', NULL);
INSERT INTO prediction (id, user_id, game_id, home_score, away_score, created_at, updated_at) VALUES (3014, 7, 365, 2, 3, '2024-01-01 00:00:00', NULL);
INSERT INTO prediction (id, user_id, game_id, home_score, away_score, created_at, updated_at) VALUES (3015, 12, 365, 2, 6, '2024-01-01 00:00:00', NULL);
INSERT INTO prediction (id, user_id, game_id, home_score, away_score, created_at, updated_at) VALUES (3016, 3, 365, 1, 4, '2024-01-01 00:00:00', NULL);
INSERT INTO prediction (id, user_id, game_id, home_score, away_score, created_at, updated_at) VALUES (3017, 13, 366, 1, 5, '2024-01-01 00:00:00', NULL);
INSERT INTO prediction (id, user_id, game_id, home_score, away_score, created_at, updated_at) VALUES (3018, 16, 366, 2, 5, '2024-01-01 00:00:00', NULL);
INSERT INTO prediction (id, user_id, game_id, home_score, away_score, created_at, updated_at) VALUES (3019, 9, 366, 1, 6, '2024-01-01 00:00:00', NULL);
INSERT INTO prediction (id, user_id, game_id, home_score, away_score, created_at, updated_at) VALUES (3020, 14, 366, 2, 4, '2024-01-01 00:00:00', NULL);
INSERT INTO prediction (id, user_id, game_id, home_score, away_score, created_at, updated_at) VALUES (3021, 18, 366, 2, 6, '2024-01-01 00:00:00', NULL);
INSERT INTO prediction (id, user_id, game_id, home_score, away_score, created_at, updated_at) VALUES (3022, 19, 366, 2, 5, '2024-01-01 00:00:00', NULL);
INSERT INTO prediction (id, user_id, game_id, home_score, away_score, created_at, updated_at) VALUES (3023, 7, 366, 1, 4, '2024-01-01 00:00:00', NULL);
INSERT INTO prediction (id, user_id, game_id, home_score, away_score, created_at, updated_at) VALUES (3024, 12, 366, 3, 5, '2024-01-01 00:00:00', NULL);
INSERT INTO prediction (id, user_id, game_id, home_score, away_score, created_at, updated_at) VALUES (3025, 3, 366, 1, 5, '2024-01-01 00:00:00', NULL);
INSERT INTO prediction (id, user_id, game_id, home_score, away_score, created_at, updated_at) VALUES (3026, 13, 367, 2, 3, '2024-01-01 00:00:00', NULL);
INSERT INTO prediction (id, user_id, game_id, home_score, away_score, created_at, updated_at) VALUES (3027, 16, 367, 2, 1, '2024-01-01 00:00:00', NULL);
INSERT INTO prediction (id, user_id, game_id, home_score, away_score, created_at, updated_at) VALUES (3028, 9, 367, 3, 2, '2024-01-01 00:00:00', NULL);
INSERT INTO prediction (id, user_id, game_id, home_score, away_score, created_at, updated_at) VALUES (3029, 14, 367, 3, 1, '2024-01-01 00:00:00', NULL);
INSERT INTO prediction (id, user_id, game_id, home_score, away_score, created_at, updated_at) VALUES (3030, 18, 367, 2, 4, '2024-01-01 00:00:00', NULL);
INSERT INTO prediction (id, user_id, game_id, home_score, away_score, created_at, updated_at) VALUES (3031, 19, 367, 3, 4, '2024-01-01 00:00:00', NULL);
INSERT INTO prediction (id, user_id, game_id, home_score, away_score, created_at, updated_at) VALUES (3032, 7, 367, 3, 2, '2024-01-01 00:00:00', NULL);
INSERT INTO prediction (id, user_id, game_id, home_score, away_score, created_at, updated_at) VALUES (3033, 12, 367, 2, 3, '2024-01-01 00:00:00', NULL);
INSERT INTO prediction (id, user_id, game_id, home_score, away_score, created_at, updated_at) VALUES (3034, 3, 367, 4, 3, '2024-01-01 00:00:00', NULL);
INSERT INTO prediction (id, user_id, game_id, home_score, away_score, created_at, updated_at) VALUES (3035, 13, 368, 4, 2, '2024-01-01 00:00:00', NULL);
INSERT INTO prediction (id, user_id, game_id, home_score, away_score, created_at, updated_at) VALUES (3036, 16, 368, 4, 1, '2024-01-01 00:00:00', NULL);
INSERT INTO prediction (id, user_id, game_id, home_score, away_score, created_at, updated_at) VALUES (3037, 9, 368, 3, 1, '2024-01-01 00:00:00', NULL);
INSERT INTO prediction (id, user_id, game_id, home_score, away_score, created_at, updated_at) VALUES (3038, 14, 368, 5, 2, '2024-01-01 00:00:00', NULL);
INSERT INTO prediction (id, user_id, game_id, home_score, away_score, created_at, updated_at) VALUES (3039, 18, 368, 4, 3, '2024-01-01 00:00:00', NULL);
INSERT INTO prediction (id, user_id, game_id, home_score, away_score, created_at, updated_at) VALUES (3040, 19, 368, 5, 2, '2024-01-01 00:00:00', NULL);
INSERT INTO prediction (id, user_id, game_id, home_score, away_score, created_at, updated_at) VALUES (3041, 7, 368, 3, 1, '2024-01-01 00:00:00', NULL);
INSERT INTO prediction (id, user_id, game_id, home_score, away_score, created_at, updated_at) VALUES (3042, 12, 368, 1, 3, '2024-01-01 00:00:00', NULL);
INSERT INTO prediction (id, user_id, game_id, home_score, away_score, created_at, updated_at) VALUES (3043, 3, 368, 5, 1, '2024-01-01 00:00:00', NULL);
INSERT INTO prediction (id, user_id, game_id, home_score, away_score, created_at, updated_at) VALUES (3044, 13, 369, 3, 1, '2024-01-01 00:00:00', NULL);
INSERT INTO prediction (id, user_id, game_id, home_score, away_score, created_at, updated_at) VALUES (3045, 16, 369, 4, 1, '2024-01-01 00:00:00', NULL);
INSERT INTO prediction (id, user_id, game_id, home_score, away_score, created_at, updated_at) VALUES (3046, 9, 369, 3, 1, '2024-01-01 00:00:00', NULL);
INSERT INTO prediction (id, user_id, game_id, home_score, away_score, created_at, updated_at) VALUES (3047, 14, 369, 3, 1, '2024-01-01 00:00:00', NULL);
INSERT INTO prediction (id, user_id, game_id, home_score, away_score, created_at, updated_at) VALUES (3048, 18, 369, 3, 2, '2024-01-01 00:00:00', NULL);
INSERT INTO prediction (id, user_id, game_id, home_score, away_score, created_at, updated_at) VALUES (3049, 19, 369, 3, 2, '2024-01-01 00:00:00', NULL);
INSERT INTO prediction (id, user_id, game_id, home_score, away_score, created_at, updated_at) VALUES (3050, 7, 369, 3, 2, '2024-01-01 00:00:00', NULL);
INSERT INTO prediction (id, user_id, game_id, home_score, away_score, created_at, updated_at) VALUES (3051, 12, 369, 3, 1, '2024-01-01 00:00:00', NULL);
INSERT INTO prediction (id, user_id, game_id, home_score, away_score, created_at, updated_at) VALUES (3052, 3, 369, 4, 3, '2024-01-01 00:00:00', NULL);
INSERT INTO prediction (id, user_id, game_id, home_score, away_score, created_at, updated_at) VALUES (3053, 13, 370, 1, 2, '2024-01-01 00:00:00', NULL);
INSERT INTO prediction (id, user_id, game_id, home_score, away_score, created_at, updated_at) VALUES (3054, 16, 370, 2, 5, '2024-01-01 00:00:00', NULL);
INSERT INTO prediction (id, user_id, game_id, home_score, away_score, created_at, updated_at) VALUES (3055, 9, 370, 1, 3, '2024-01-01 00:00:00', NULL);
INSERT INTO prediction (id, user_id, game_id, home_score, away_score, created_at, updated_at) VALUES (3056, 14, 370, 1, 4, '2024-01-01 00:00:00', NULL);
INSERT INTO prediction (id, user_id, game_id, home_score, away_score, created_at, updated_at) VALUES (3057, 18, 370, 1, 4, '2024-01-01 00:00:00', NULL);
INSERT INTO prediction (id, user_id, game_id, home_score, away_score, created_at, updated_at) VALUES (3058, 19, 370, 2, 4, '2024-01-01 00:00:00', NULL);
INSERT INTO prediction (id, user_id, game_id, home_score, away_score, created_at, updated_at) VALUES (3059, 7, 370, 1, 2, '2024-01-01 00:00:00', NULL);
INSERT INTO prediction (id, user_id, game_id, home_score, away_score, created_at, updated_at) VALUES (3060, 12, 370, 4, 2, '2024-01-01 00:00:00', NULL);
INSERT INTO prediction (id, user_id, game_id, home_score, away_score, created_at, updated_at) VALUES (3061, 3, 370, 2, 3, '2024-01-01 00:00:00', NULL);
INSERT INTO prediction (id, user_id, game_id, home_score, away_score, created_at, updated_at) VALUES (3062, 13, 371, 2, 1, '2024-01-01 00:00:00', NULL);
INSERT INTO prediction (id, user_id, game_id, home_score, away_score, created_at, updated_at) VALUES (3063, 16, 371, 4, 1, '2024-01-01 00:00:00', NULL);
INSERT INTO prediction (id, user_id, game_id, home_score, away_score, created_at, updated_at) VALUES (3064, 9, 371, 4, 1, '2024-01-01 00:00:00', NULL);
INSERT INTO prediction (id, user_id, game_id, home_score, away_score, created_at, updated_at) VALUES (3065, 14, 371, 3, 2, '2024-01-01 00:00:00', NULL);
INSERT INTO prediction (id, user_id, game_id, home_score, away_score, created_at, updated_at) VALUES (3066, 18, 371, 3, 1, '2024-01-01 00:00:00', NULL);
INSERT INTO prediction (id, user_id, game_id, home_score, away_score, created_at, updated_at) VALUES (3067, 19, 371, 4, 2, '2024-01-01 00:00:00', NULL);
INSERT INTO prediction (id, user_id, game_id, home_score, away_score, created_at, updated_at) VALUES (3068, 7, 371, 3, 0, '2024-01-01 00:00:00', NULL);
INSERT INTO prediction (id, user_id, game_id, home_score, away_score, created_at, updated_at) VALUES (3069, 12, 371, 4, 2, '2024-01-01 00:00:00', NULL);
INSERT INTO prediction (id, user_id, game_id, home_score, away_score, created_at, updated_at) VALUES (3070, 3, 371, 4, 1, '2024-01-01 00:00:00', NULL);
INSERT INTO prediction (id, user_id, game_id, home_score, away_score, created_at, updated_at) VALUES (3071, 13, 372, 4, 1, '2024-01-01 00:00:00', NULL);
INSERT INTO prediction (id, user_id, game_id, home_score, away_score, created_at, updated_at) VALUES (3072, 16, 372, 5, 0, '2024-01-01 00:00:00', NULL);
INSERT INTO prediction (id, user_id, game_id, home_score, away_score, created_at, updated_at) VALUES (3073, 9, 372, 4, 0, '2024-01-01 00:00:00', NULL);
INSERT INTO prediction (id, user_id, game_id, home_score, away_score, created_at, updated_at) VALUES (3074, 14, 372, 5, 1, '2024-01-01 00:00:00', NULL);
INSERT INTO prediction (id, user_id, game_id, home_score, away_score, created_at, updated_at) VALUES (3075, 18, 372, 5, 2, '2024-01-01 00:00:00', NULL);
INSERT INTO prediction (id, user_id, game_id, home_score, away_score, created_at, updated_at) VALUES (3076, 19, 372, 5, 2, '2024-01-01 00:00:00', NULL);
INSERT INTO prediction (id, user_id, game_id, home_score, away_score, created_at, updated_at) VALUES (3077, 7, 372, 4, 0, '2024-01-01 00:00:00', NULL);
INSERT INTO prediction (id, user_id, game_id, home_score, away_score, created_at, updated_at) VALUES (3078, 12, 372, 7, 2, '2024-01-01 00:00:00', NULL);
INSERT INTO prediction (id, user_id, game_id, home_score, away_score, created_at, updated_at) VALUES (3079, 3, 372, 5, 1, '2024-01-01 00:00:00', NULL);
INSERT INTO prediction (id, user_id, game_id, home_score, away_score, created_at, updated_at) VALUES (3080, 13, 373, 4, 0, '2024-01-01 00:00:00', NULL);
INSERT INTO prediction (id, user_id, game_id, home_score, away_score, created_at, updated_at) VALUES (3081, 16, 373, 6, 1, '2024-01-01 00:00:00', NULL);
INSERT INTO prediction (id, user_id, game_id, home_score, away_score, created_at, updated_at) VALUES (3082, 9, 373, 6, 1, '2024-01-01 00:00:00', NULL);
INSERT INTO prediction (id, user_id, game_id, home_score, away_score, created_at, updated_at) VALUES (3083, 14, 373, 7, 0, '2024-01-01 00:00:00', NULL);
INSERT INTO prediction (id, user_id, game_id, home_score, away_score, created_at, updated_at) VALUES (3084, 18, 373, 5, 1, '2024-01-01 00:00:00', NULL);
INSERT INTO prediction (id, user_id, game_id, home_score, away_score, created_at, updated_at) VALUES (3085, 19, 373, 7, 1, '2024-01-01 00:00:00', NULL);
INSERT INTO prediction (id, user_id, game_id, home_score, away_score, created_at, updated_at) VALUES (3086, 7, 373, 7, 1, '2024-01-01 00:00:00', NULL);
INSERT INTO prediction (id, user_id, game_id, home_score, away_score, created_at, updated_at) VALUES (3087, 12, 373, 6, 1, '2024-01-01 00:00:00', NULL);
INSERT INTO prediction (id, user_id, game_id, home_score, away_score, created_at, updated_at) VALUES (3088, 3, 373, 5, 1, '2024-01-01 00:00:00', NULL);
INSERT INTO prediction (id, user_id, game_id, home_score, away_score, created_at, updated_at) VALUES (3089, 13, 374, 3, 1, '2024-01-01 00:00:00', NULL);
INSERT INTO prediction (id, user_id, game_id, home_score, away_score, created_at, updated_at) VALUES (3090, 16, 374, 2, 4, '2024-01-01 00:00:00', NULL);
INSERT INTO prediction (id, user_id, game_id, home_score, away_score, created_at, updated_at) VALUES (3091, 9, 374, 4, 1, '2024-01-01 00:00:00', NULL);
INSERT INTO prediction (id, user_id, game_id, home_score, away_score, created_at, updated_at) VALUES (3092, 14, 374, 3, 1, '2024-01-01 00:00:00', NULL);
INSERT INTO prediction (id, user_id, game_id, home_score, away_score, created_at, updated_at) VALUES (3093, 18, 374, 3, 2, '2024-01-01 00:00:00', NULL);
INSERT INTO prediction (id, user_id, game_id, home_score, away_score, created_at, updated_at) VALUES (3094, 19, 374, 3, 2, '2024-01-01 00:00:00', NULL);
INSERT INTO prediction (id, user_id, game_id, home_score, away_score, created_at, updated_at) VALUES (3095, 7, 374, 3, 2, '2024-01-01 00:00:00', NULL);
INSERT INTO prediction (id, user_id, game_id, home_score, away_score, created_at, updated_at) VALUES (3096, 12, 374, 3, 2, '2024-01-01 00:00:00', NULL);
INSERT INTO prediction (id, user_id, game_id, home_score, away_score, created_at, updated_at) VALUES (3097, 3, 374, 4, 2, '2024-01-01 00:00:00', NULL);
INSERT INTO prediction (id, user_id, game_id, home_score, away_score, created_at, updated_at) VALUES (3098, 13, 375, 3, 2, '2024-01-01 00:00:00', NULL);
INSERT INTO prediction (id, user_id, game_id, home_score, away_score, created_at, updated_at) VALUES (3099, 16, 375, 5, 1, '2024-01-01 00:00:00', NULL);
INSERT INTO prediction (id, user_id, game_id, home_score, away_score, created_at, updated_at) VALUES (3100, 9, 375, 4, 1, '2024-01-01 00:00:00', NULL);
INSERT INTO prediction (id, user_id, game_id, home_score, away_score, created_at, updated_at) VALUES (3101, 14, 375, 6, 0, '2024-01-01 00:00:00', NULL);
INSERT INTO prediction (id, user_id, game_id, home_score, away_score, created_at, updated_at) VALUES (3102, 18, 375, 3, 1, '2024-01-01 00:00:00', NULL);
INSERT INTO prediction (id, user_id, game_id, home_score, away_score, created_at, updated_at) VALUES (3103, 19, 375, 4, 1, '2024-01-01 00:00:00', NULL);
INSERT INTO prediction (id, user_id, game_id, home_score, away_score, created_at, updated_at) VALUES (3104, 7, 375, 4, 0, '2024-01-01 00:00:00', NULL);
INSERT INTO prediction (id, user_id, game_id, home_score, away_score, created_at, updated_at) VALUES (3105, 12, 375, 4, 0, '2024-01-01 00:00:00', NULL);
INSERT INTO prediction (id, user_id, game_id, home_score, away_score, created_at, updated_at) VALUES (3106, 3, 375, 3, 1, '2024-01-01 00:00:00', NULL);
INSERT INTO prediction (id, user_id, game_id, home_score, away_score, created_at, updated_at) VALUES (3107, 13, 376, 5, 0, '2024-01-01 00:00:00', NULL);
INSERT INTO prediction (id, user_id, game_id, home_score, away_score, created_at, updated_at) VALUES (3108, 16, 376, 6, 0, '2024-01-01 00:00:00', NULL);
INSERT INTO prediction (id, user_id, game_id, home_score, away_score, created_at, updated_at) VALUES (3109, 9, 376, 6, 1, '2024-01-01 00:00:00', NULL);
INSERT INTO prediction (id, user_id, game_id, home_score, away_score, created_at, updated_at) VALUES (3110, 14, 376, 7, 1, '2024-01-01 00:00:00', NULL);
INSERT INTO prediction (id, user_id, game_id, home_score, away_score, created_at, updated_at) VALUES (3111, 18, 376, 4, 1, '2024-01-01 00:00:00', NULL);
INSERT INTO prediction (id, user_id, game_id, home_score, away_score, created_at, updated_at) VALUES (3112, 19, 376, 7, 1, '2024-01-01 00:00:00', NULL);
INSERT INTO prediction (id, user_id, game_id, home_score, away_score, created_at, updated_at) VALUES (3113, 7, 376, 6, 1, '2024-01-01 00:00:00', NULL);
INSERT INTO prediction (id, user_id, game_id, home_score, away_score, created_at, updated_at) VALUES (3114, 12, 376, 8, 1, '2024-01-01 00:00:00', NULL);
INSERT INTO prediction (id, user_id, game_id, home_score, away_score, created_at, updated_at) VALUES (3115, 3, 376, 5, 1, '2024-01-01 00:00:00', NULL);
INSERT INTO prediction (id, user_id, game_id, home_score, away_score, created_at, updated_at) VALUES (3116, 13, 377, 1, 4, '2024-01-01 00:00:00', NULL);
INSERT INTO prediction (id, user_id, game_id, home_score, away_score, created_at, updated_at) VALUES (3117, 16, 377, 1, 6, '2024-01-01 00:00:00', NULL);
INSERT INTO prediction (id, user_id, game_id, home_score, away_score, created_at, updated_at) VALUES (3118, 9, 377, 1, 5, '2024-01-01 00:00:00', NULL);
INSERT INTO prediction (id, user_id, game_id, home_score, away_score, created_at, updated_at) VALUES (3119, 14, 377, 0, 5, '2024-01-01 00:00:00', NULL);
INSERT INTO prediction (id, user_id, game_id, home_score, away_score, created_at, updated_at) VALUES (3120, 18, 377, 0, 6, '2024-01-01 00:00:00', NULL);
INSERT INTO prediction (id, user_id, game_id, home_score, away_score, created_at, updated_at) VALUES (3121, 19, 377, 1, 6, '2024-01-01 00:00:00', NULL);
INSERT INTO prediction (id, user_id, game_id, home_score, away_score, created_at, updated_at) VALUES (3122, 7, 377, 0, 6, '2024-01-01 00:00:00', NULL);
INSERT INTO prediction (id, user_id, game_id, home_score, away_score, created_at, updated_at) VALUES (3123, 12, 377, 1, 4, '2024-01-01 00:00:00', NULL);
INSERT INTO prediction (id, user_id, game_id, home_score, away_score, created_at, updated_at) VALUES (3124, 3, 377, 1, 5, '2024-01-01 00:00:00', NULL);
INSERT INTO prediction (id, user_id, game_id, home_score, away_score, created_at, updated_at) VALUES (3125, 13, 378, 3, 1, '2024-01-01 00:00:00', NULL);
INSERT INTO prediction (id, user_id, game_id, home_score, away_score, created_at, updated_at) VALUES (3126, 16, 378, 5, 1, '2024-01-01 00:00:00', NULL);
INSERT INTO prediction (id, user_id, game_id, home_score, away_score, created_at, updated_at) VALUES (3127, 9, 378, 4, 2, '2024-01-01 00:00:00', NULL);
INSERT INTO prediction (id, user_id, game_id, home_score, away_score, created_at, updated_at) VALUES (3128, 14, 378, 5, 1, '2024-01-01 00:00:00', NULL);
INSERT INTO prediction (id, user_id, game_id, home_score, away_score, created_at, updated_at) VALUES (3129, 18, 378, 5, 2, '2024-01-01 00:00:00', NULL);
INSERT INTO prediction (id, user_id, game_id, home_score, away_score, created_at, updated_at) VALUES (3130, 19, 378, 6, 1, '2024-01-01 00:00:00', NULL);
INSERT INTO prediction (id, user_id, game_id, home_score, away_score, created_at, updated_at) VALUES (3131, 7, 378, 3, 1, '2024-01-01 00:00:00', NULL);
INSERT INTO prediction (id, user_id, game_id, home_score, away_score, created_at, updated_at) VALUES (3132, 12, 378, 2, 1, '2024-01-01 00:00:00', NULL);
INSERT INTO prediction (id, user_id, game_id, home_score, away_score, created_at, updated_at) VALUES (3133, 3, 378, 3, 2, '2024-01-01 00:00:00', NULL);
INSERT INTO prediction (id, user_id, game_id, home_score, away_score, created_at, updated_at) VALUES (3134, 13, 379, 1, 4, '2024-01-01 00:00:00', NULL);
INSERT INTO prediction (id, user_id, game_id, home_score, away_score, created_at, updated_at) VALUES (3135, 16, 379, 2, 4, '2024-01-01 00:00:00', NULL);
INSERT INTO prediction (id, user_id, game_id, home_score, away_score, created_at, updated_at) VALUES (3136, 9, 379, 1, 5, '2024-01-01 00:00:00', NULL);
INSERT INTO prediction (id, user_id, game_id, home_score, away_score, created_at, updated_at) VALUES (3137, 14, 379, 2, 4, '2024-01-01 00:00:00', NULL);
INSERT INTO prediction (id, user_id, game_id, home_score, away_score, created_at, updated_at) VALUES (3138, 18, 379, 2, 3, '2024-01-01 00:00:00', NULL);
INSERT INTO prediction (id, user_id, game_id, home_score, away_score, created_at, updated_at) VALUES (3139, 19, 379, 2, 3, '2024-01-01 00:00:00', NULL);
INSERT INTO prediction (id, user_id, game_id, home_score, away_score, created_at, updated_at) VALUES (3140, 7, 379, 2, 3, '2024-01-01 00:00:00', NULL);
INSERT INTO prediction (id, user_id, game_id, home_score, away_score, created_at, updated_at) VALUES (3141, 12, 379, 3, 4, '2024-01-01 00:00:00', NULL);
INSERT INTO prediction (id, user_id, game_id, home_score, away_score, created_at, updated_at) VALUES (3142, 3, 379, 3, 2, '2024-01-01 00:00:00', NULL);
INSERT INTO prediction (id, user_id, game_id, home_score, away_score, created_at, updated_at) VALUES (3143, 13, 380, 3, 2, '2024-01-01 00:00:00', NULL);
INSERT INTO prediction (id, user_id, game_id, home_score, away_score, created_at, updated_at) VALUES (3144, 16, 380, 5, 3, '2024-01-01 00:00:00', NULL);
INSERT INTO prediction (id, user_id, game_id, home_score, away_score, created_at, updated_at) VALUES (3145, 9, 380, 4, 1, '2024-01-01 00:00:00', NULL);
INSERT INTO prediction (id, user_id, game_id, home_score, away_score, created_at, updated_at) VALUES (3146, 14, 380, 2, 3, '2024-01-01 00:00:00', NULL);
INSERT INTO prediction (id, user_id, game_id, home_score, away_score, created_at, updated_at) VALUES (3147, 18, 380, 4, 2, '2024-01-01 00:00:00', NULL);
INSERT INTO prediction (id, user_id, game_id, home_score, away_score, created_at, updated_at) VALUES (3148, 19, 380, 4, 2, '2024-01-01 00:00:00', NULL);
INSERT INTO prediction (id, user_id, game_id, home_score, away_score, created_at, updated_at) VALUES (3149, 7, 380, 3, 1, '2024-01-01 00:00:00', NULL);
INSERT INTO prediction (id, user_id, game_id, home_score, away_score, created_at, updated_at) VALUES (3150, 12, 380, 5, 2, '2024-01-01 00:00:00', NULL);
INSERT INTO prediction (id, user_id, game_id, home_score, away_score, created_at, updated_at) VALUES (3151, 3, 380, 5, 2, '2024-01-01 00:00:00', NULL);
INSERT INTO prediction (id, user_id, game_id, home_score, away_score, created_at, updated_at) VALUES (3152, 13, 381, 0, 3, '2024-01-01 00:00:00', NULL);
INSERT INTO prediction (id, user_id, game_id, home_score, away_score, created_at, updated_at) VALUES (3153, 16, 381, 1, 6, '2024-01-01 00:00:00', NULL);
INSERT INTO prediction (id, user_id, game_id, home_score, away_score, created_at, updated_at) VALUES (3154, 9, 381, 1, 4, '2024-01-01 00:00:00', NULL);
INSERT INTO prediction (id, user_id, game_id, home_score, away_score, created_at, updated_at) VALUES (3155, 14, 381, 1, 6, '2024-01-01 00:00:00', NULL);
INSERT INTO prediction (id, user_id, game_id, home_score, away_score, created_at, updated_at) VALUES (3156, 18, 381, 1, 6, '2024-01-01 00:00:00', NULL);
INSERT INTO prediction (id, user_id, game_id, home_score, away_score, created_at, updated_at) VALUES (3157, 19, 381, 0, 0, '2024-01-01 00:00:00', NULL);
INSERT INTO prediction (id, user_id, game_id, home_score, away_score, created_at, updated_at) VALUES (3158, 7, 381, 1, 5, '2024-01-01 00:00:00', NULL);
INSERT INTO prediction (id, user_id, game_id, home_score, away_score, created_at, updated_at) VALUES (3159, 12, 381, 2, 4, '2024-01-01 00:00:00', NULL);
INSERT INTO prediction (id, user_id, game_id, home_score, away_score, created_at, updated_at) VALUES (3160, 3, 381, 1, 2, '2024-01-01 00:00:00', NULL);
INSERT INTO prediction (id, user_id, game_id, home_score, away_score, created_at, updated_at) VALUES (3161, 13, 382, 3, 1, '2024-01-01 00:00:00', NULL);
INSERT INTO prediction (id, user_id, game_id, home_score, away_score, created_at, updated_at) VALUES (3162, 16, 382, 4, 2, '2024-01-01 00:00:00', NULL);
INSERT INTO prediction (id, user_id, game_id, home_score, away_score, created_at, updated_at) VALUES (3163, 9, 382, 4, 1, '2024-01-01 00:00:00', NULL);
INSERT INTO prediction (id, user_id, game_id, home_score, away_score, created_at, updated_at) VALUES (3164, 14, 382, 4, 2, '2024-01-01 00:00:00', NULL);
INSERT INTO prediction (id, user_id, game_id, home_score, away_score, created_at, updated_at) VALUES (3165, 18, 382, 4, 2, '2024-01-01 00:00:00', NULL);
INSERT INTO prediction (id, user_id, game_id, home_score, away_score, created_at, updated_at) VALUES (3166, 19, 382, 0, 0, '2024-01-01 00:00:00', NULL);
INSERT INTO prediction (id, user_id, game_id, home_score, away_score, created_at, updated_at) VALUES (3167, 7, 382, 3, 2, '2024-01-01 00:00:00', NULL);
INSERT INTO prediction (id, user_id, game_id, home_score, away_score, created_at, updated_at) VALUES (3168, 12, 382, 3, 5, '2024-01-01 00:00:00', NULL);
INSERT INTO prediction (id, user_id, game_id, home_score, away_score, created_at, updated_at) VALUES (3169, 3, 382, 3, 1, '2024-01-01 00:00:00', NULL);
INSERT INTO prediction (id, user_id, game_id, home_score, away_score, created_at, updated_at) VALUES (3170, 13, 383, 2, 4, '2024-01-01 00:00:00', NULL);
INSERT INTO prediction (id, user_id, game_id, home_score, away_score, created_at, updated_at) VALUES (3171, 16, 383, 2, 5, '2024-01-01 00:00:00', NULL);
INSERT INTO prediction (id, user_id, game_id, home_score, away_score, created_at, updated_at) VALUES (3172, 9, 383, 1, 4, '2024-01-01 00:00:00', NULL);
INSERT INTO prediction (id, user_id, game_id, home_score, away_score, created_at, updated_at) VALUES (3173, 14, 383, 1, 5, '2024-01-01 00:00:00', NULL);
INSERT INTO prediction (id, user_id, game_id, home_score, away_score, created_at, updated_at) VALUES (3174, 18, 383, 2, 4, '2024-01-01 00:00:00', NULL);
INSERT INTO prediction (id, user_id, game_id, home_score, away_score, created_at, updated_at) VALUES (3175, 19, 383, 2, 4, '2024-01-01 00:00:00', NULL);
INSERT INTO prediction (id, user_id, game_id, home_score, away_score, created_at, updated_at) VALUES (3176, 7, 383, 2, 4, '2024-01-01 00:00:00', NULL);
INSERT INTO prediction (id, user_id, game_id, home_score, away_score, created_at, updated_at) VALUES (3177, 12, 383, 1, 5, '2024-01-01 00:00:00', NULL);
INSERT INTO prediction (id, user_id, game_id, home_score, away_score, created_at, updated_at) VALUES (3178, 3, 383, 2, 3, '2024-01-01 00:00:00', NULL);
INSERT INTO prediction (id, user_id, game_id, home_score, away_score, created_at, updated_at) VALUES (3179, 13, 384, 1, 3, '2024-01-01 00:00:00', NULL);
INSERT INTO prediction (id, user_id, game_id, home_score, away_score, created_at, updated_at) VALUES (3180, 16, 384, 2, 4, '2024-01-01 00:00:00', NULL);
INSERT INTO prediction (id, user_id, game_id, home_score, away_score, created_at, updated_at) VALUES (3181, 9, 384, 1, 4, '2024-01-01 00:00:00', NULL);
INSERT INTO prediction (id, user_id, game_id, home_score, away_score, created_at, updated_at) VALUES (3182, 14, 384, 2, 4, '2024-01-01 00:00:00', NULL);
INSERT INTO prediction (id, user_id, game_id, home_score, away_score, created_at, updated_at) VALUES (3183, 18, 384, 2, 3, '2024-01-01 00:00:00', NULL);
INSERT INTO prediction (id, user_id, game_id, home_score, away_score, created_at, updated_at) VALUES (3184, 19, 384, 2, 4, '2024-01-01 00:00:00', NULL);
INSERT INTO prediction (id, user_id, game_id, home_score, away_score, created_at, updated_at) VALUES (3185, 7, 384, 2, 3, '2024-01-01 00:00:00', NULL);
INSERT INTO prediction (id, user_id, game_id, home_score, away_score, created_at, updated_at) VALUES (3186, 12, 384, 2, 5, '2024-01-01 00:00:00', NULL);
INSERT INTO prediction (id, user_id, game_id, home_score, away_score, created_at, updated_at) VALUES (3187, 3, 384, 3, 1, '2024-01-01 00:00:00', NULL);
INSERT INTO prediction (id, user_id, game_id, home_score, away_score, created_at, updated_at) VALUES (3188, 13, 385, 3, 1, '2024-01-01 00:00:00', NULL);
INSERT INTO prediction (id, user_id, game_id, home_score, away_score, created_at, updated_at) VALUES (3189, 16, 385, 6, 1, '2024-01-01 00:00:00', NULL);
INSERT INTO prediction (id, user_id, game_id, home_score, away_score, created_at, updated_at) VALUES (3190, 9, 385, 4, 2, '2024-01-01 00:00:00', NULL);
INSERT INTO prediction (id, user_id, game_id, home_score, away_score, created_at, updated_at) VALUES (3191, 14, 385, 5, 2, '2024-01-01 00:00:00', NULL);
INSERT INTO prediction (id, user_id, game_id, home_score, away_score, created_at, updated_at) VALUES (3192, 18, 385, 4, 2, '2024-01-01 00:00:00', NULL);
INSERT INTO prediction (id, user_id, game_id, home_score, away_score, created_at, updated_at) VALUES (3193, 19, 385, 5, 2, '2024-01-01 00:00:00', NULL);
INSERT INTO prediction (id, user_id, game_id, home_score, away_score, created_at, updated_at) VALUES (3194, 7, 385, 4, 2, '2024-01-01 00:00:00', NULL);
INSERT INTO prediction (id, user_id, game_id, home_score, away_score, created_at, updated_at) VALUES (3195, 12, 385, 4, 2, '2024-01-01 00:00:00', NULL);
INSERT INTO prediction (id, user_id, game_id, home_score, away_score, created_at, updated_at) VALUES (3196, 3, 385, 5, 2, '2024-01-01 00:00:00', NULL);
INSERT INTO prediction (id, user_id, game_id, home_score, away_score, created_at, updated_at) VALUES (3197, 13, 386, 1, 4, '2024-01-01 00:00:00', NULL);
INSERT INTO prediction (id, user_id, game_id, home_score, away_score, created_at, updated_at) VALUES (3198, 16, 386, 2, 4, '2024-01-01 00:00:00', NULL);
INSERT INTO prediction (id, user_id, game_id, home_score, away_score, created_at, updated_at) VALUES (3199, 9, 386, 2, 4, '2024-01-01 00:00:00', NULL);
INSERT INTO prediction (id, user_id, game_id, home_score, away_score, created_at, updated_at) VALUES (3200, 14, 386, 2, 4, '2024-01-01 00:00:00', NULL);
INSERT INTO prediction (id, user_id, game_id, home_score, away_score, created_at, updated_at) VALUES (3201, 18, 386, 2, 3, '2024-01-01 00:00:00', NULL);
INSERT INTO prediction (id, user_id, game_id, home_score, away_score, created_at, updated_at) VALUES (3202, 19, 386, 2, 4, '2024-01-01 00:00:00', NULL);
INSERT INTO prediction (id, user_id, game_id, home_score, away_score, created_at, updated_at) VALUES (3203, 7, 386, 1, 4, '2024-01-01 00:00:00', NULL);
INSERT INTO prediction (id, user_id, game_id, home_score, away_score, created_at, updated_at) VALUES (3204, 12, 386, 3, 1, '2024-01-01 00:00:00', NULL);
INSERT INTO prediction (id, user_id, game_id, home_score, away_score, created_at, updated_at) VALUES (3205, 3, 386, 2, 3, '2024-01-01 00:00:00', NULL);
INSERT INTO prediction (id, user_id, game_id, home_score, away_score, created_at, updated_at) VALUES (3206, 13, 387, 0, 3, '2024-01-01 00:00:00', NULL);
INSERT INTO prediction (id, user_id, game_id, home_score, away_score, created_at, updated_at) VALUES (3207, 16, 387, 1, 6, '2024-01-01 00:00:00', NULL);
INSERT INTO prediction (id, user_id, game_id, home_score, away_score, created_at, updated_at) VALUES (3208, 9, 387, 1, 4, '2024-01-01 00:00:00', NULL);
INSERT INTO prediction (id, user_id, game_id, home_score, away_score, created_at, updated_at) VALUES (3209, 14, 387, 2, 5, '2024-01-01 00:00:00', NULL);
INSERT INTO prediction (id, user_id, game_id, home_score, away_score, created_at, updated_at) VALUES (3210, 18, 387, 2, 5, '2024-01-01 00:00:00', NULL);
INSERT INTO prediction (id, user_id, game_id, home_score, away_score, created_at, updated_at) VALUES (3211, 19, 387, 2, 5, '2024-01-01 00:00:00', NULL);
INSERT INTO prediction (id, user_id, game_id, home_score, away_score, created_at, updated_at) VALUES (3212, 7, 387, 0, 4, '2024-01-01 00:00:00', NULL);
INSERT INTO prediction (id, user_id, game_id, home_score, away_score, created_at, updated_at) VALUES (3213, 12, 387, 3, 4, '2024-01-01 00:00:00', NULL);
INSERT INTO prediction (id, user_id, game_id, home_score, away_score, created_at, updated_at) VALUES (3214, 3, 387, 2, 4, '2024-01-01 00:00:00', NULL);
INSERT INTO prediction (id, user_id, game_id, home_score, away_score, created_at, updated_at) VALUES (3215, 13, 388, 4, 3, '2024-01-01 00:00:00', NULL);
INSERT INTO prediction (id, user_id, game_id, home_score, away_score, created_at, updated_at) VALUES (3216, 16, 388, 3, 2, '2024-01-01 00:00:00', NULL);
INSERT INTO prediction (id, user_id, game_id, home_score, away_score, created_at, updated_at) VALUES (3217, 9, 388, 2, 4, '2024-01-01 00:00:00', NULL);
INSERT INTO prediction (id, user_id, game_id, home_score, away_score, created_at, updated_at) VALUES (3218, 14, 388, 3, 2, '2024-01-01 00:00:00', NULL);
INSERT INTO prediction (id, user_id, game_id, home_score, away_score, created_at, updated_at) VALUES (3219, 18, 388, 4, 2, '2024-01-01 00:00:00', NULL);
INSERT INTO prediction (id, user_id, game_id, home_score, away_score, created_at, updated_at) VALUES (3220, 19, 388, 4, 3, '2024-01-01 00:00:00', NULL);
INSERT INTO prediction (id, user_id, game_id, home_score, away_score, created_at, updated_at) VALUES (3221, 7, 388, 2, 3, '2024-01-01 00:00:00', NULL);
INSERT INTO prediction (id, user_id, game_id, home_score, away_score, created_at, updated_at) VALUES (3222, 12, 388, 5, 4, '2024-01-01 00:00:00', NULL);
INSERT INTO prediction (id, user_id, game_id, home_score, away_score, created_at, updated_at) VALUES (3223, 3, 388, 2, 3, '2024-01-01 00:00:00', NULL);
INSERT INTO prediction (id, user_id, game_id, home_score, away_score, created_at, updated_at) VALUES (3224, 13, 389, 4, 1, '2024-01-01 00:00:00', NULL);
INSERT INTO prediction (id, user_id, game_id, home_score, away_score, created_at, updated_at) VALUES (3225, 16, 389, 5, 1, '2024-01-01 00:00:00', NULL);
INSERT INTO prediction (id, user_id, game_id, home_score, away_score, created_at, updated_at) VALUES (3226, 9, 389, 5, 1, '2024-01-01 00:00:00', NULL);
INSERT INTO prediction (id, user_id, game_id, home_score, away_score, created_at, updated_at) VALUES (3227, 14, 389, 5, 1, '2024-01-01 00:00:00', NULL);
INSERT INTO prediction (id, user_id, game_id, home_score, away_score, created_at, updated_at) VALUES (3228, 18, 389, 5, 2, '2024-01-01 00:00:00', NULL);
INSERT INTO prediction (id, user_id, game_id, home_score, away_score, created_at, updated_at) VALUES (3229, 19, 389, 6, 1, '2024-01-01 00:00:00', NULL);
INSERT INTO prediction (id, user_id, game_id, home_score, away_score, created_at, updated_at) VALUES (3230, 7, 389, 6, 1, '2024-01-01 00:00:00', NULL);
INSERT INTO prediction (id, user_id, game_id, home_score, away_score, created_at, updated_at) VALUES (3231, 12, 389, 4, 1, '2024-01-01 00:00:00', NULL);
INSERT INTO prediction (id, user_id, game_id, home_score, away_score, created_at, updated_at) VALUES (3232, 3, 389, 5, 1, '2024-01-01 00:00:00', NULL);
INSERT INTO prediction (id, user_id, game_id, home_score, away_score, created_at, updated_at) VALUES (3233, 13, 390, 2, 3, '2024-01-01 00:00:00', NULL);
INSERT INTO prediction (id, user_id, game_id, home_score, away_score, created_at, updated_at) VALUES (3234, 16, 390, 2, 4, '2024-01-01 00:00:00', NULL);
INSERT INTO prediction (id, user_id, game_id, home_score, away_score, created_at, updated_at) VALUES (3235, 9, 390, 1, 3, '2024-01-01 00:00:00', NULL);
INSERT INTO prediction (id, user_id, game_id, home_score, away_score, created_at, updated_at) VALUES (3236, 14, 390, 2, 4, '2024-01-01 00:00:00', NULL);
INSERT INTO prediction (id, user_id, game_id, home_score, away_score, created_at, updated_at) VALUES (3237, 18, 390, 2, 4, '2024-01-01 00:00:00', NULL);
INSERT INTO prediction (id, user_id, game_id, home_score, away_score, created_at, updated_at) VALUES (3238, 19, 390, 2, 4, '2024-01-01 00:00:00', NULL);
INSERT INTO prediction (id, user_id, game_id, home_score, away_score, created_at, updated_at) VALUES (3239, 7, 390, 1, 2, '2024-01-01 00:00:00', NULL);
INSERT INTO prediction (id, user_id, game_id, home_score, away_score, created_at, updated_at) VALUES (3240, 12, 390, 2, 3, '2024-01-01 00:00:00', NULL);
INSERT INTO prediction (id, user_id, game_id, home_score, away_score, created_at, updated_at) VALUES (3241, 3, 390, 2, 3, '2024-01-01 00:00:00', NULL);
INSERT INTO prediction (id, user_id, game_id, home_score, away_score, created_at, updated_at) VALUES (3242, 13, 391, 5, 3, '2024-01-01 00:00:00', NULL);
INSERT INTO prediction (id, user_id, game_id, home_score, away_score, created_at, updated_at) VALUES (3243, 16, 391, 4, 2, '2024-01-01 00:00:00', NULL);
INSERT INTO prediction (id, user_id, game_id, home_score, away_score, created_at, updated_at) VALUES (3244, 9, 391, 5, 1, '2024-01-01 00:00:00', NULL);
INSERT INTO prediction (id, user_id, game_id, home_score, away_score, created_at, updated_at) VALUES (3245, 14, 391, 4, 1, '2024-01-01 00:00:00', NULL);
INSERT INTO prediction (id, user_id, game_id, home_score, away_score, created_at, updated_at) VALUES (3246, 18, 391, 4, 3, '2024-01-01 00:00:00', NULL);
INSERT INTO prediction (id, user_id, game_id, home_score, away_score, created_at, updated_at) VALUES (3247, 19, 391, 5, 2, '2024-01-01 00:00:00', NULL);
INSERT INTO prediction (id, user_id, game_id, home_score, away_score, created_at, updated_at) VALUES (3248, 7, 391, 4, 1, '2024-01-01 00:00:00', NULL);
INSERT INTO prediction (id, user_id, game_id, home_score, away_score, created_at, updated_at) VALUES (3249, 12, 391, 4, 1, '2024-01-01 00:00:00', NULL);
INSERT INTO prediction (id, user_id, game_id, home_score, away_score, created_at, updated_at) VALUES (3250, 3, 391, 4, 1, '2024-01-01 00:00:00', NULL);
INSERT INTO prediction (id, user_id, game_id, home_score, away_score, created_at, updated_at) VALUES (3251, 13, 392, 1, 2, '2024-01-01 00:00:00', NULL);
INSERT INTO prediction (id, user_id, game_id, home_score, away_score, created_at, updated_at) VALUES (3252, 16, 392, 1, 3, '2024-01-01 00:00:00', NULL);
INSERT INTO prediction (id, user_id, game_id, home_score, away_score, created_at, updated_at) VALUES (3253, 9, 392, 2, 5, '2024-01-01 00:00:00', NULL);
INSERT INTO prediction (id, user_id, game_id, home_score, away_score, created_at, updated_at) VALUES (3254, 14, 392, 4, 1, '2024-01-01 00:00:00', NULL);
INSERT INTO prediction (id, user_id, game_id, home_score, away_score, created_at, updated_at) VALUES (3255, 18, 392, 2, 3, '2024-01-01 00:00:00', NULL);
INSERT INTO prediction (id, user_id, game_id, home_score, away_score, created_at, updated_at) VALUES (3256, 19, 392, 2, 4, '2024-01-01 00:00:00', NULL);
INSERT INTO prediction (id, user_id, game_id, home_score, away_score, created_at, updated_at) VALUES (3257, 7, 392, 1, 3, '2024-01-01 00:00:00', NULL);
INSERT INTO prediction (id, user_id, game_id, home_score, away_score, created_at, updated_at) VALUES (3258, 12, 392, 1, 3, '2024-01-01 00:00:00', NULL);
INSERT INTO prediction (id, user_id, game_id, home_score, away_score, created_at, updated_at) VALUES (3259, 3, 392, 1, 3, '2024-01-01 00:00:00', NULL);
INSERT INTO prediction (id, user_id, game_id, home_score, away_score, created_at, updated_at) VALUES (3260, 13, 393, 5, 1, '2024-01-01 00:00:00', NULL);
INSERT INTO prediction (id, user_id, game_id, home_score, away_score, created_at, updated_at) VALUES (3261, 16, 393, 5, 1, '2024-01-01 00:00:00', NULL);
INSERT INTO prediction (id, user_id, game_id, home_score, away_score, created_at, updated_at) VALUES (3262, 9, 393, 7, 1, '2024-01-01 00:00:00', NULL);
INSERT INTO prediction (id, user_id, game_id, home_score, away_score, created_at, updated_at) VALUES (3263, 14, 393, 4, 0, '2024-01-01 00:00:00', NULL);
INSERT INTO prediction (id, user_id, game_id, home_score, away_score, created_at, updated_at) VALUES (3264, 18, 393, 4, 3, '2024-01-01 00:00:00', NULL);
INSERT INTO prediction (id, user_id, game_id, home_score, away_score, created_at, updated_at) VALUES (3265, 19, 393, 5, 2, '2024-01-01 00:00:00', NULL);
INSERT INTO prediction (id, user_id, game_id, home_score, away_score, created_at, updated_at) VALUES (3266, 7, 393, 5, 1, '2024-01-01 00:00:00', NULL);
INSERT INTO prediction (id, user_id, game_id, home_score, away_score, created_at, updated_at) VALUES (3267, 12, 393, 8, 0, '2024-01-01 00:00:00', NULL);
INSERT INTO prediction (id, user_id, game_id, home_score, away_score, created_at, updated_at) VALUES (3268, 3, 393, 5, 2, '2024-01-01 00:00:00', NULL);
INSERT INTO prediction (id, user_id, game_id, home_score, away_score, created_at, updated_at) VALUES (3269, 13, 394, 3, 1, '2024-01-01 00:00:00', NULL);
INSERT INTO prediction (id, user_id, game_id, home_score, away_score, created_at, updated_at) VALUES (3270, 16, 394, 3, 2, '2024-01-01 00:00:00', NULL);
INSERT INTO prediction (id, user_id, game_id, home_score, away_score, created_at, updated_at) VALUES (3271, 9, 394, 2, 4, '2024-01-01 00:00:00', NULL);
INSERT INTO prediction (id, user_id, game_id, home_score, away_score, created_at, updated_at) VALUES (3272, 14, 394, 3, 2, '2024-01-01 00:00:00', NULL);
INSERT INTO prediction (id, user_id, game_id, home_score, away_score, created_at, updated_at) VALUES (3273, 18, 394, 3, 2, '2024-01-01 00:00:00', NULL);
INSERT INTO prediction (id, user_id, game_id, home_score, away_score, created_at, updated_at) VALUES (3274, 19, 394, 3, 2, '2024-01-01 00:00:00', NULL);
INSERT INTO prediction (id, user_id, game_id, home_score, away_score, created_at, updated_at) VALUES (3275, 7, 394, 2, 4, '2024-01-01 00:00:00', NULL);
INSERT INTO prediction (id, user_id, game_id, home_score, away_score, created_at, updated_at) VALUES (3276, 12, 394, 2, 4, '2024-01-01 00:00:00', NULL);
INSERT INTO prediction (id, user_id, game_id, home_score, away_score, created_at, updated_at) VALUES (3277, 3, 394, 1, 4, '2024-01-01 00:00:00', NULL);
INSERT INTO prediction (id, user_id, game_id, home_score, away_score, created_at, updated_at) VALUES (3278, 13, 395, 2, 4, '2024-01-01 00:00:00', NULL);
INSERT INTO prediction (id, user_id, game_id, home_score, away_score, created_at, updated_at) VALUES (3279, 16, 395, 1, 4, '2024-01-01 00:00:00', NULL);
INSERT INTO prediction (id, user_id, game_id, home_score, away_score, created_at, updated_at) VALUES (3280, 9, 395, 1, 4, '2024-01-01 00:00:00', NULL);
INSERT INTO prediction (id, user_id, game_id, home_score, away_score, created_at, updated_at) VALUES (3281, 14, 395, 1, 4, '2024-01-01 00:00:00', NULL);
INSERT INTO prediction (id, user_id, game_id, home_score, away_score, created_at, updated_at) VALUES (3282, 18, 395, 2, 4, '2024-01-01 00:00:00', NULL);
INSERT INTO prediction (id, user_id, game_id, home_score, away_score, created_at, updated_at) VALUES (3283, 19, 395, 2, 5, '2024-01-01 00:00:00', NULL);
INSERT INTO prediction (id, user_id, game_id, home_score, away_score, created_at, updated_at) VALUES (3284, 7, 395, 0, 5, '2024-01-01 00:00:00', NULL);
INSERT INTO prediction (id, user_id, game_id, home_score, away_score, created_at, updated_at) VALUES (3285, 12, 395, 2, 4, '2024-01-01 00:00:00', NULL);
INSERT INTO prediction (id, user_id, game_id, home_score, away_score, created_at, updated_at) VALUES (3286, 3, 395, 1, 4, '2024-01-01 00:00:00', NULL);
INSERT INTO prediction (id, user_id, game_id, home_score, away_score, created_at, updated_at) VALUES (3287, 13, 396, 5, 0, '2024-01-01 00:00:00', NULL);
INSERT INTO prediction (id, user_id, game_id, home_score, away_score, created_at, updated_at) VALUES (3288, 16, 396, 5, 2, '2024-01-01 00:00:00', NULL);
INSERT INTO prediction (id, user_id, game_id, home_score, away_score, created_at, updated_at) VALUES (3289, 9, 396, 4, 1, '2024-01-01 00:00:00', NULL);
INSERT INTO prediction (id, user_id, game_id, home_score, away_score, created_at, updated_at) VALUES (3290, 14, 396, 4, 1, '2024-01-01 00:00:00', NULL);
INSERT INTO prediction (id, user_id, game_id, home_score, away_score, created_at, updated_at) VALUES (3291, 18, 396, 5, 1, '2024-01-01 00:00:00', NULL);
INSERT INTO prediction (id, user_id, game_id, home_score, away_score, created_at, updated_at) VALUES (3292, 19, 396, 5, 1, '2024-01-01 00:00:00', NULL);
INSERT INTO prediction (id, user_id, game_id, home_score, away_score, created_at, updated_at) VALUES (3293, 7, 396, 5, 1, '2024-01-01 00:00:00', NULL);
INSERT INTO prediction (id, user_id, game_id, home_score, away_score, created_at, updated_at) VALUES (3294, 12, 396, 4, 1, '2024-01-01 00:00:00', NULL);
INSERT INTO prediction (id, user_id, game_id, home_score, away_score, created_at, updated_at) VALUES (3295, 3, 396, 5, 1, '2024-01-01 00:00:00', NULL);
INSERT INTO prediction (id, user_id, game_id, home_score, away_score, created_at, updated_at) VALUES (3296, 13, 397, 3, 1, '2024-01-01 00:00:00', NULL);
INSERT INTO prediction (id, user_id, game_id, home_score, away_score, created_at, updated_at) VALUES (3297, 16, 397, 4, 3, '2024-01-01 00:00:00', NULL);
INSERT INTO prediction (id, user_id, game_id, home_score, away_score, created_at, updated_at) VALUES (3298, 9, 397, 3, 1, '2024-01-01 00:00:00', NULL);
INSERT INTO prediction (id, user_id, game_id, home_score, away_score, created_at, updated_at) VALUES (3299, 14, 397, 3, 1, '2024-01-01 00:00:00', NULL);
INSERT INTO prediction (id, user_id, game_id, home_score, away_score, created_at, updated_at) VALUES (3300, 18, 397, 2, 1, '2024-01-01 00:00:00', NULL);
INSERT INTO prediction (id, user_id, game_id, home_score, away_score, created_at, updated_at) VALUES (3301, 19, 397, 4, 2, '2024-01-01 00:00:00', NULL);
INSERT INTO prediction (id, user_id, game_id, home_score, away_score, created_at, updated_at) VALUES (3302, 7, 397, 3, 1, '2024-01-01 00:00:00', NULL);
INSERT INTO prediction (id, user_id, game_id, home_score, away_score, created_at, updated_at) VALUES (3303, 12, 397, 1, 3, '2024-01-01 00:00:00', NULL);
INSERT INTO prediction (id, user_id, game_id, home_score, away_score, created_at, updated_at) VALUES (3304, 3, 397, 3, 1, '2024-01-01 00:00:00', NULL);
INSERT INTO prediction (id, user_id, game_id, home_score, away_score, created_at, updated_at) VALUES (3305, 13, 398, 3, 1, '2024-01-01 00:00:00', NULL);
INSERT INTO prediction (id, user_id, game_id, home_score, away_score, created_at, updated_at) VALUES (3306, 16, 398, 3, 2, '2024-01-01 00:00:00', NULL);
INSERT INTO prediction (id, user_id, game_id, home_score, away_score, created_at, updated_at) VALUES (3307, 9, 398, 3, 1, '2024-01-01 00:00:00', NULL);
INSERT INTO prediction (id, user_id, game_id, home_score, away_score, created_at, updated_at) VALUES (3308, 14, 398, 4, 2, '2024-01-01 00:00:00', NULL);
INSERT INTO prediction (id, user_id, game_id, home_score, away_score, created_at, updated_at) VALUES (3309, 18, 398, 4, 1, '2024-01-01 00:00:00', NULL);
INSERT INTO prediction (id, user_id, game_id, home_score, away_score, created_at, updated_at) VALUES (3310, 19, 398, 4, 2, '2024-01-01 00:00:00', NULL);
INSERT INTO prediction (id, user_id, game_id, home_score, away_score, created_at, updated_at) VALUES (3311, 7, 398, 1, 2, '2024-01-01 00:00:00', NULL);
INSERT INTO prediction (id, user_id, game_id, home_score, away_score, created_at, updated_at) VALUES (3312, 12, 398, 2, 6, '2024-01-01 00:00:00', NULL);
INSERT INTO prediction (id, user_id, game_id, home_score, away_score, created_at, updated_at) VALUES (3313, 3, 398, 3, 2, '2024-01-01 00:00:00', NULL);
INSERT INTO prediction (id, user_id, game_id, home_score, away_score, created_at, updated_at) VALUES (3314, 13, 399, 3, 0, '2024-01-01 00:00:00', NULL);
INSERT INTO prediction (id, user_id, game_id, home_score, away_score, created_at, updated_at) VALUES (3315, 16, 399, 4, 2, '2024-01-01 00:00:00', NULL);
INSERT INTO prediction (id, user_id, game_id, home_score, away_score, created_at, updated_at) VALUES (3316, 9, 399, 4, 1, '2024-01-01 00:00:00', NULL);
INSERT INTO prediction (id, user_id, game_id, home_score, away_score, created_at, updated_at) VALUES (3317, 14, 399, 3, 1, '2024-01-01 00:00:00', NULL);
INSERT INTO prediction (id, user_id, game_id, home_score, away_score, created_at, updated_at) VALUES (3318, 18, 399, 4, 3, '2024-01-01 00:00:00', NULL);
INSERT INTO prediction (id, user_id, game_id, home_score, away_score, created_at, updated_at) VALUES (3319, 19, 399, 4, 2, '2024-01-01 00:00:00', NULL);
INSERT INTO prediction (id, user_id, game_id, home_score, away_score, created_at, updated_at) VALUES (3320, 7, 399, 4, 1, '2024-01-01 00:00:00', NULL);
INSERT INTO prediction (id, user_id, game_id, home_score, away_score, created_at, updated_at) VALUES (3321, 12, 399, 5, 2, '2024-01-01 00:00:00', NULL);
INSERT INTO prediction (id, user_id, game_id, home_score, away_score, created_at, updated_at) VALUES (3322, 3, 399, 4, 1, '2024-01-01 00:00:00', NULL);
INSERT INTO prediction (id, user_id, game_id, home_score, away_score, created_at, updated_at) VALUES (3323, 13, 400, 3, 1, '2024-01-01 00:00:00', NULL);
INSERT INTO prediction (id, user_id, game_id, home_score, away_score, created_at, updated_at) VALUES (3324, 16, 400, 4, 3, '2024-01-01 00:00:00', NULL);
INSERT INTO prediction (id, user_id, game_id, home_score, away_score, created_at, updated_at) VALUES (3325, 9, 400, 4, 1, '2024-01-01 00:00:00', NULL);
INSERT INTO prediction (id, user_id, game_id, home_score, away_score, created_at, updated_at) VALUES (3326, 14, 400, 3, 2, '2024-01-01 00:00:00', NULL);
INSERT INTO prediction (id, user_id, game_id, home_score, away_score, created_at, updated_at) VALUES (3327, 18, 400, 2, 1, '2024-01-01 00:00:00', NULL);
INSERT INTO prediction (id, user_id, game_id, home_score, away_score, created_at, updated_at) VALUES (3328, 19, 400, 3, 2, '2024-01-01 00:00:00', NULL);
INSERT INTO prediction (id, user_id, game_id, home_score, away_score, created_at, updated_at) VALUES (3329, 7, 400, 2, 1, '2024-01-01 00:00:00', NULL);
INSERT INTO prediction (id, user_id, game_id, home_score, away_score, created_at, updated_at) VALUES (3330, 12, 400, 3, 1, '2024-01-01 00:00:00', NULL);
INSERT INTO prediction (id, user_id, game_id, home_score, away_score, created_at, updated_at) VALUES (3331, 3, 400, 3, 2, '2024-01-01 00:00:00', NULL);
INSERT INTO prediction (id, user_id, game_id, home_score, away_score, created_at, updated_at) VALUES (3332, 13, 401, 4, 3, '2024-01-01 00:00:00', NULL);
INSERT INTO prediction (id, user_id, game_id, home_score, away_score, created_at, updated_at) VALUES (3333, 16, 401, 3, 2, '2024-01-01 00:00:00', NULL);
INSERT INTO prediction (id, user_id, game_id, home_score, away_score, created_at, updated_at) VALUES (3334, 9, 401, 3, 2, '2024-01-01 00:00:00', NULL);
INSERT INTO prediction (id, user_id, game_id, home_score, away_score, created_at, updated_at) VALUES (3335, 14, 401, 1, 3, '2024-01-01 00:00:00', NULL);
INSERT INTO prediction (id, user_id, game_id, home_score, away_score, created_at, updated_at) VALUES (3336, 18, 401, 5, 3, '2024-01-01 00:00:00', NULL);
INSERT INTO prediction (id, user_id, game_id, home_score, away_score, created_at, updated_at) VALUES (3337, 19, 401, 3, 2, '2024-01-01 00:00:00', NULL);
INSERT INTO prediction (id, user_id, game_id, home_score, away_score, created_at, updated_at) VALUES (3338, 7, 401, 3, 2, '2024-01-01 00:00:00', NULL);
INSERT INTO prediction (id, user_id, game_id, home_score, away_score, created_at, updated_at) VALUES (3339, 12, 401, 5, 4, '2024-01-01 00:00:00', NULL);
INSERT INTO prediction (id, user_id, game_id, home_score, away_score, created_at, updated_at) VALUES (3340, 3, 401, 2, 3, '2024-01-01 00:00:00', NULL);
INSERT INTO prediction (id, user_id, game_id, home_score, away_score, created_at, updated_at) VALUES (3341, 13, 402, 1, 3, '2024-01-01 00:00:00', NULL);
INSERT INTO prediction (id, user_id, game_id, home_score, away_score, created_at, updated_at) VALUES (3342, 16, 402, 3, 4, '2024-01-01 00:00:00', NULL);
INSERT INTO prediction (id, user_id, game_id, home_score, away_score, created_at, updated_at) VALUES (3343, 9, 402, 4, 2, '2024-01-01 00:00:00', NULL);
INSERT INTO prediction (id, user_id, game_id, home_score, away_score, created_at, updated_at) VALUES (3344, 14, 402, 2, 3, '2024-01-01 00:00:00', NULL);
INSERT INTO prediction (id, user_id, game_id, home_score, away_score, created_at, updated_at) VALUES (3345, 18, 402, 2, 3, '2024-01-01 00:00:00', NULL);
INSERT INTO prediction (id, user_id, game_id, home_score, away_score, created_at, updated_at) VALUES (3346, 19, 402, 2, 3, '2024-01-01 00:00:00', NULL);
INSERT INTO prediction (id, user_id, game_id, home_score, away_score, created_at, updated_at) VALUES (3347, 7, 402, 2, 3, '2024-01-01 00:00:00', NULL);
INSERT INTO prediction (id, user_id, game_id, home_score, away_score, created_at, updated_at) VALUES (3348, 12, 402, 4, 2, '2024-01-01 00:00:00', NULL);
INSERT INTO prediction (id, user_id, game_id, home_score, away_score, created_at, updated_at) VALUES (3349, 3, 402, 4, 2, '2024-01-01 00:00:00', NULL);
INSERT INTO prediction (id, user_id, game_id, home_score, away_score, created_at, updated_at) VALUES (3350, 13, 403, 4, 1, '2024-01-01 00:00:00', NULL);
INSERT INTO prediction (id, user_id, game_id, home_score, away_score, created_at, updated_at) VALUES (3351, 16, 403, 5, 1, '2024-01-01 00:00:00', NULL);
INSERT INTO prediction (id, user_id, game_id, home_score, away_score, created_at, updated_at) VALUES (3352, 9, 403, 3, 1, '2024-01-01 00:00:00', NULL);
INSERT INTO prediction (id, user_id, game_id, home_score, away_score, created_at, updated_at) VALUES (3353, 14, 403, 4, 1, '2024-01-01 00:00:00', NULL);
INSERT INTO prediction (id, user_id, game_id, home_score, away_score, created_at, updated_at) VALUES (3354, 18, 403, 5, 2, '2024-01-01 00:00:00', NULL);
INSERT INTO prediction (id, user_id, game_id, home_score, away_score, created_at, updated_at) VALUES (3355, 19, 403, 4, 2, '2024-01-01 00:00:00', NULL);
INSERT INTO prediction (id, user_id, game_id, home_score, away_score, created_at, updated_at) VALUES (3356, 7, 403, 4, 1, '2024-01-01 00:00:00', NULL);
INSERT INTO prediction (id, user_id, game_id, home_score, away_score, created_at, updated_at) VALUES (3357, 12, 403, 3, 1, '2024-01-01 00:00:00', NULL);
INSERT INTO prediction (id, user_id, game_id, home_score, away_score, created_at, updated_at) VALUES (3358, 3, 403, 4, 2, '2024-01-01 00:00:00', NULL);
INSERT INTO prediction (id, user_id, game_id, home_score, away_score, created_at, updated_at) VALUES (3359, 13, 404, 2, 1, '2024-01-01 00:00:00', NULL);
INSERT INTO prediction (id, user_id, game_id, home_score, away_score, created_at, updated_at) VALUES (3360, 16, 404, 4, 2, '2024-01-01 00:00:00', NULL);
INSERT INTO prediction (id, user_id, game_id, home_score, away_score, created_at, updated_at) VALUES (3361, 9, 404, 3, 1, '2024-01-01 00:00:00', NULL);
INSERT INTO prediction (id, user_id, game_id, home_score, away_score, created_at, updated_at) VALUES (3362, 14, 404, 5, 2, '2024-01-01 00:00:00', NULL);
INSERT INTO prediction (id, user_id, game_id, home_score, away_score, created_at, updated_at) VALUES (3363, 18, 404, 6, 2, '2024-01-01 00:00:00', NULL);
INSERT INTO prediction (id, user_id, game_id, home_score, away_score, created_at, updated_at) VALUES (3364, 19, 404, 4, 2, '2024-01-01 00:00:00', NULL);
INSERT INTO prediction (id, user_id, game_id, home_score, away_score, created_at, updated_at) VALUES (3365, 7, 404, 3, 1, '2024-01-01 00:00:00', NULL);
INSERT INTO prediction (id, user_id, game_id, home_score, away_score, created_at, updated_at) VALUES (3366, 12, 404, 7, 2, '2024-01-01 00:00:00', NULL);
INSERT INTO prediction (id, user_id, game_id, home_score, away_score, created_at, updated_at) VALUES (3367, 3, 404, 5, 1, '2024-01-01 00:00:00', NULL);
INSERT INTO prediction (id, user_id, game_id, home_score, away_score, created_at, updated_at) VALUES (3368, 13, 405, 4, 1, '2024-01-01 00:00:00', NULL);
INSERT INTO prediction (id, user_id, game_id, home_score, away_score, created_at, updated_at) VALUES (3369, 16, 405, 4, 2, '2024-01-01 00:00:00', NULL);
INSERT INTO prediction (id, user_id, game_id, home_score, away_score, created_at, updated_at) VALUES (3370, 9, 405, 4, 2, '2024-01-01 00:00:00', NULL);
INSERT INTO prediction (id, user_id, game_id, home_score, away_score, created_at, updated_at) VALUES (3371, 14, 405, 4, 1, '2024-01-01 00:00:00', NULL);
INSERT INTO prediction (id, user_id, game_id, home_score, away_score, created_at, updated_at) VALUES (3372, 18, 405, 5, 2, '2024-01-01 00:00:00', NULL);
INSERT INTO prediction (id, user_id, game_id, home_score, away_score, created_at, updated_at) VALUES (3373, 19, 405, 4, 2, '2024-01-01 00:00:00', NULL);
INSERT INTO prediction (id, user_id, game_id, home_score, away_score, created_at, updated_at) VALUES (3374, 7, 405, 3, 1, '2024-01-01 00:00:00', NULL);
INSERT INTO prediction (id, user_id, game_id, home_score, away_score, created_at, updated_at) VALUES (3375, 12, 405, 5, 3, '2024-01-01 00:00:00', NULL);
INSERT INTO prediction (id, user_id, game_id, home_score, away_score, created_at, updated_at) VALUES (3376, 3, 405, 4, 2, '2024-01-01 00:00:00', NULL);
INSERT INTO prediction (id, user_id, game_id, home_score, away_score, created_at, updated_at) VALUES (3377, 13, 406, 1, 3, '2024-01-01 00:00:00', NULL);
INSERT INTO prediction (id, user_id, game_id, home_score, away_score, created_at, updated_at) VALUES (3378, 16, 406, 2, 3, '2024-01-01 00:00:00', NULL);
INSERT INTO prediction (id, user_id, game_id, home_score, away_score, created_at, updated_at) VALUES (3379, 9, 406, 2, 3, '2024-01-01 00:00:00', NULL);
INSERT INTO prediction (id, user_id, game_id, home_score, away_score, created_at, updated_at) VALUES (3380, 14, 406, 2, 4, '2024-01-01 00:00:00', NULL);
INSERT INTO prediction (id, user_id, game_id, home_score, away_score, created_at, updated_at) VALUES (3381, 18, 406, 2, 4, '2024-01-01 00:00:00', NULL);
INSERT INTO prediction (id, user_id, game_id, home_score, away_score, created_at, updated_at) VALUES (3382, 19, 406, 2, 3, '2024-01-01 00:00:00', NULL);
INSERT INTO prediction (id, user_id, game_id, home_score, away_score, created_at, updated_at) VALUES (3383, 7, 406, 4, 2, '2024-01-01 00:00:00', NULL);
INSERT INTO prediction (id, user_id, game_id, home_score, away_score, created_at, updated_at) VALUES (3384, 12, 406, 5, 3, '2024-01-01 00:00:00', NULL);
INSERT INTO prediction (id, user_id, game_id, home_score, away_score, created_at, updated_at) VALUES (3385, 3, 406, 4, 1, '2024-01-01 00:00:00', NULL);
INSERT INTO prediction (id, user_id, game_id, home_score, away_score, created_at, updated_at) VALUES (3386, 13, 407, 1, 3, '2024-01-01 00:00:00', NULL);
INSERT INTO prediction (id, user_id, game_id, home_score, away_score, created_at, updated_at) VALUES (3387, 16, 407, 1, 2, '2024-01-01 00:00:00', NULL);
INSERT INTO prediction (id, user_id, game_id, home_score, away_score, created_at, updated_at) VALUES (3388, 9, 407, 1, 3, '2024-01-01 00:00:00', NULL);
INSERT INTO prediction (id, user_id, game_id, home_score, away_score, created_at, updated_at) VALUES (3389, 14, 407, 2, 1, '2024-01-01 00:00:00', NULL);
INSERT INTO prediction (id, user_id, game_id, home_score, away_score, created_at, updated_at) VALUES (3390, 18, 407, 3, 2, '2024-01-01 00:00:00', NULL);
INSERT INTO prediction (id, user_id, game_id, home_score, away_score, created_at, updated_at) VALUES (3391, 19, 407, 4, 3, '2024-01-01 00:00:00', NULL);
INSERT INTO prediction (id, user_id, game_id, home_score, away_score, created_at, updated_at) VALUES (3392, 7, 407, 2, 3, '2024-01-01 00:00:00', NULL);
INSERT INTO prediction (id, user_id, game_id, home_score, away_score, created_at, updated_at) VALUES (3393, 12, 407, 3, 4, '2024-01-01 00:00:00', NULL);
INSERT INTO prediction (id, user_id, game_id, home_score, away_score, created_at, updated_at) VALUES (3394, 3, 407, 3, 2, '2024-01-01 00:00:00', NULL);
INSERT INTO prediction (id, user_id, game_id, home_score, away_score, created_at, updated_at) VALUES (3395, 13, 408, 4, 1, '2024-01-01 00:00:00', NULL);
INSERT INTO prediction (id, user_id, game_id, home_score, away_score, created_at, updated_at) VALUES (3396, 16, 408, 4, 1, '2024-01-01 00:00:00', NULL);
INSERT INTO prediction (id, user_id, game_id, home_score, away_score, created_at, updated_at) VALUES (3397, 9, 408, 4, 1, '2024-01-01 00:00:00', NULL);
INSERT INTO prediction (id, user_id, game_id, home_score, away_score, created_at, updated_at) VALUES (3398, 14, 408, 2, 3, '2024-01-01 00:00:00', NULL);
INSERT INTO prediction (id, user_id, game_id, home_score, away_score, created_at, updated_at) VALUES (3399, 18, 408, 4, 1, '2024-01-01 00:00:00', NULL);
INSERT INTO prediction (id, user_id, game_id, home_score, away_score, created_at, updated_at) VALUES (3400, 19, 408, 5, 2, '2024-01-01 00:00:00', NULL);
INSERT INTO prediction (id, user_id, game_id, home_score, away_score, created_at, updated_at) VALUES (3401, 7, 408, 4, 1, '2024-01-01 00:00:00', NULL);
INSERT INTO prediction (id, user_id, game_id, home_score, away_score, created_at, updated_at) VALUES (3402, 12, 408, 4, 3, '2024-01-01 00:00:00', NULL);
INSERT INTO prediction (id, user_id, game_id, home_score, away_score, created_at, updated_at) VALUES (3403, 3, 408, 4, 1, '2024-01-01 00:00:00', NULL);
INSERT INTO prediction (id, user_id, game_id, home_score, away_score, created_at, updated_at) VALUES (3404, 13, 409, 1, 2, '2024-01-01 00:00:00', NULL);
INSERT INTO prediction (id, user_id, game_id, home_score, away_score, created_at, updated_at) VALUES (3405, 16, 409, 3, 1, '2024-01-01 00:00:00', NULL);
INSERT INTO prediction (id, user_id, game_id, home_score, away_score, created_at, updated_at) VALUES (3406, 9, 409, 4, 2, '2024-01-01 00:00:00', NULL);
INSERT INTO prediction (id, user_id, game_id, home_score, away_score, created_at, updated_at) VALUES (3407, 14, 409, 4, 1, '2024-01-01 00:00:00', NULL);
INSERT INTO prediction (id, user_id, game_id, home_score, away_score, created_at, updated_at) VALUES (3408, 18, 409, 2, 4, '2024-01-01 00:00:00', NULL);
INSERT INTO prediction (id, user_id, game_id, home_score, away_score, created_at, updated_at) VALUES (3409, 19, 409, 0, 0, '2024-01-01 00:00:00', NULL);
INSERT INTO prediction (id, user_id, game_id, home_score, away_score, created_at, updated_at) VALUES (3410, 7, 409, 0, 0, '2024-01-01 00:00:00', NULL);
INSERT INTO prediction (id, user_id, game_id, home_score, away_score, created_at, updated_at) VALUES (3411, 12, 409, 4, 3, '2024-01-01 00:00:00', NULL);
INSERT INTO prediction (id, user_id, game_id, home_score, away_score, created_at, updated_at) VALUES (3412, 3, 409, 3, 2, '2024-01-01 00:00:00', NULL);
INSERT INTO prediction (id, user_id, game_id, home_score, away_score, created_at, updated_at) VALUES (3413, 13, 410, 3, 4, '2024-01-01 00:00:00', NULL);
INSERT INTO prediction (id, user_id, game_id, home_score, away_score, created_at, updated_at) VALUES (3414, 16, 410, 2, 4, '2024-01-01 00:00:00', NULL);
INSERT INTO prediction (id, user_id, game_id, home_score, away_score, created_at, updated_at) VALUES (3415, 9, 410, 3, 2, '2024-01-01 00:00:00', NULL);
INSERT INTO prediction (id, user_id, game_id, home_score, away_score, created_at, updated_at) VALUES (3416, 14, 410, 2, 3, '2024-01-01 00:00:00', NULL);
INSERT INTO prediction (id, user_id, game_id, home_score, away_score, created_at, updated_at) VALUES (3417, 18, 410, 1, 3, '2024-01-01 00:00:00', NULL);
INSERT INTO prediction (id, user_id, game_id, home_score, away_score, created_at, updated_at) VALUES (3418, 19, 410, 0, 0, '2024-01-01 00:00:00', NULL);
INSERT INTO prediction (id, user_id, game_id, home_score, away_score, created_at, updated_at) VALUES (3419, 7, 410, 0, 0, '2024-01-01 00:00:00', NULL);
INSERT INTO prediction (id, user_id, game_id, home_score, away_score, created_at, updated_at) VALUES (3420, 12, 410, 4, 5, '2024-01-01 00:00:00', NULL);
INSERT INTO prediction (id, user_id, game_id, home_score, away_score, created_at, updated_at) VALUES (3421, 3, 410, 4, 2, '2024-01-01 00:00:00', NULL);
INSERT INTO prediction (id, user_id, game_id, home_score, away_score, created_at, updated_at) VALUES (3422, 13, 411, 3, 4, '2024-01-01 00:00:00', NULL);
INSERT INTO prediction (id, user_id, game_id, home_score, away_score, created_at, updated_at) VALUES (3423, 16, 411, 2, 3, '2024-01-01 00:00:00', NULL);
INSERT INTO prediction (id, user_id, game_id, home_score, away_score, created_at, updated_at) VALUES (3424, 9, 411, 2, 3, '2024-01-01 00:00:00', NULL);
INSERT INTO prediction (id, user_id, game_id, home_score, away_score, created_at, updated_at) VALUES (3425, 14, 411, 2, 3, '2024-01-01 00:00:00', NULL);
INSERT INTO prediction (id, user_id, game_id, home_score, away_score, created_at, updated_at) VALUES (3426, 18, 411, 2, 3, '2024-01-01 00:00:00', NULL);
INSERT INTO prediction (id, user_id, game_id, home_score, away_score, created_at, updated_at) VALUES (3427, 19, 411, 0, 0, '2024-01-01 00:00:00', NULL);
INSERT INTO prediction (id, user_id, game_id, home_score, away_score, created_at, updated_at) VALUES (3428, 7, 411, 5, 3, '2024-01-01 00:00:00', NULL);
INSERT INTO prediction (id, user_id, game_id, home_score, away_score, created_at, updated_at) VALUES (3429, 12, 411, 5, 3, '2024-01-01 00:00:00', NULL);
INSERT INTO prediction (id, user_id, game_id, home_score, away_score, created_at, updated_at) VALUES (3430, 3, 411, 3, 2, '2024-01-01 00:00:00', NULL);
INSERT INTO prediction (id, user_id, game_id, home_score, away_score, created_at, updated_at) VALUES (3431, 13, 412, 2, 1, '2024-01-01 00:00:00', NULL);
INSERT INTO prediction (id, user_id, game_id, home_score, away_score, created_at, updated_at) VALUES (3432, 16, 412, 3, 1, '2024-01-01 00:00:00', NULL);
INSERT INTO prediction (id, user_id, game_id, home_score, away_score, created_at, updated_at) VALUES (3433, 9, 412, 1, 4, '2024-01-01 00:00:00', NULL);
INSERT INTO prediction (id, user_id, game_id, home_score, away_score, created_at, updated_at) VALUES (3434, 14, 412, 2, 4, '2024-01-01 00:00:00', NULL);
INSERT INTO prediction (id, user_id, game_id, home_score, away_score, created_at, updated_at) VALUES (3435, 18, 412, 3, 2, '2024-01-01 00:00:00', NULL);
INSERT INTO prediction (id, user_id, game_id, home_score, away_score, created_at, updated_at) VALUES (3436, 19, 412, 0, 0, '2024-01-01 00:00:00', NULL);
INSERT INTO prediction (id, user_id, game_id, home_score, away_score, created_at, updated_at) VALUES (3437, 7, 412, 2, 3, '2024-01-01 00:00:00', NULL);
INSERT INTO prediction (id, user_id, game_id, home_score, away_score, created_at, updated_at) VALUES (3438, 12, 412, 3, 4, '2024-01-01 00:00:00', NULL);
INSERT INTO prediction (id, user_id, game_id, home_score, away_score, created_at, updated_at) VALUES (3439, 3, 412, 3, 4, '2024-01-01 00:00:00', NULL);
INSERT INTO special_bet_rule (id, tournament_id, name, value_type, scoring_type, points, sort_order, actual_team_value_id, actual_string_value, actual_int_value) VALUES (40, 7, 'Medaile - 1. místo', 'team', 'exact_match', 3.0, 0, NULL, NULL, NULL);
INSERT INTO special_bet (id, user_id, rule_id, team_value_id, string_value, int_value) VALUES (328, 13, 40, 8, NULL, NULL);
INSERT INTO special_bet (id, user_id, rule_id, team_value_id, string_value, int_value) VALUES (329, 16, 40, 6, NULL, NULL);
INSERT INTO special_bet (id, user_id, rule_id, team_value_id, string_value, int_value) VALUES (330, 9, 40, 4, NULL, NULL);
INSERT INTO special_bet (id, user_id, rule_id, team_value_id, string_value, int_value) VALUES (331, 14, 40, 4, NULL, NULL);
INSERT INTO special_bet (id, user_id, rule_id, team_value_id, string_value, int_value) VALUES (332, 18, 40, 23, NULL, NULL);
INSERT INTO special_bet (id, user_id, rule_id, team_value_id, string_value, int_value) VALUES (333, 19, 40, 4, NULL, NULL);
INSERT INTO special_bet (id, user_id, rule_id, team_value_id, string_value, int_value) VALUES (334, 7, 40, 4, NULL, NULL);
INSERT INTO special_bet (id, user_id, rule_id, team_value_id, string_value, int_value) VALUES (335, 12, 40, 8, NULL, NULL);
INSERT INTO special_bet (id, user_id, rule_id, team_value_id, string_value, int_value) VALUES (336, 3, 40, 4, NULL, NULL);
INSERT INTO special_bet_rule (id, tournament_id, name, value_type, scoring_type, points, sort_order, actual_team_value_id, actual_string_value, actual_int_value) VALUES (41, 7, 'Medaile - 2. místo', 'team', 'exact_match', 2.0, 1, NULL, NULL, NULL);
INSERT INTO special_bet (id, user_id, rule_id, team_value_id, string_value, int_value) VALUES (337, 13, 41, 23, NULL, NULL);
INSERT INTO special_bet (id, user_id, rule_id, team_value_id, string_value, int_value) VALUES (338, 16, 41, 8, NULL, NULL);
INSERT INTO special_bet (id, user_id, rule_id, team_value_id, string_value, int_value) VALUES (339, 9, 41, 6, NULL, NULL);
INSERT INTO special_bet (id, user_id, rule_id, team_value_id, string_value, int_value) VALUES (340, 14, 41, 8, NULL, NULL);
INSERT INTO special_bet (id, user_id, rule_id, team_value_id, string_value, int_value) VALUES (341, 18, 41, 4, NULL, NULL);
INSERT INTO special_bet (id, user_id, rule_id, team_value_id, string_value, int_value) VALUES (342, 19, 41, 8, NULL, NULL);
INSERT INTO special_bet (id, user_id, rule_id, team_value_id, string_value, int_value) VALUES (343, 7, 41, 8, NULL, NULL);
INSERT INTO special_bet (id, user_id, rule_id, team_value_id, string_value, int_value) VALUES (344, 12, 41, 23, NULL, NULL);
INSERT INTO special_bet (id, user_id, rule_id, team_value_id, string_value, int_value) VALUES (345, 3, 41, 8, NULL, NULL);
INSERT INTO special_bet_rule (id, tournament_id, name, value_type, scoring_type, points, sort_order, actual_team_value_id, actual_string_value, actual_int_value) VALUES (42, 7, 'Medaile - 3. místo', 'team', 'exact_match', 1.0, 2, NULL, NULL, NULL);
INSERT INTO special_bet (id, user_id, rule_id, team_value_id, string_value, int_value) VALUES (346, 13, 42, 6, NULL, NULL);
INSERT INTO special_bet (id, user_id, rule_id, team_value_id, string_value, int_value) VALUES (347, 16, 42, 4, NULL, NULL);
INSERT INTO special_bet (id, user_id, rule_id, team_value_id, string_value, int_value) VALUES (348, 9, 42, 8, NULL, NULL);
INSERT INTO special_bet (id, user_id, rule_id, team_value_id, string_value, int_value) VALUES (349, 14, 42, 6, NULL, NULL);
INSERT INTO special_bet (id, user_id, rule_id, team_value_id, string_value, int_value) VALUES (350, 18, 42, 6, NULL, NULL);
INSERT INTO special_bet (id, user_id, rule_id, team_value_id, string_value, int_value) VALUES (351, 19, 42, 6, NULL, NULL);
INSERT INTO special_bet (id, user_id, rule_id, team_value_id, string_value, int_value) VALUES (352, 7, 42, 23, NULL, NULL);
INSERT INTO special_bet (id, user_id, rule_id, team_value_id, string_value, int_value) VALUES (353, 12, 42, 4, NULL, NULL);
INSERT INTO special_bet (id, user_id, rule_id, team_value_id, string_value, int_value) VALUES (354, 3, 42, 6, NULL, NULL);
INSERT INTO special_bet_rule (id, tournament_id, name, value_type, scoring_type, points, sort_order, actual_team_value_id, actual_string_value, actual_int_value) VALUES (43, 7, 'Nejlepší Čech #1', 'string', 'exact_match', 2.0, 3, NULL, NULL, NULL);
INSERT INTO special_bet (id, user_id, rule_id, team_value_id, string_value, int_value) VALUES (355, 13, 43, NULL, 'Červenka', NULL);
INSERT INTO special_bet (id, user_id, rule_id, team_value_id, string_value, int_value) VALUES (356, 16, 43, NULL, 'Červenka', NULL);
INSERT INTO special_bet (id, user_id, rule_id, team_value_id, string_value, int_value) VALUES (357, 9, 43, NULL, 'Červenka', NULL);
INSERT INTO special_bet (id, user_id, rule_id, team_value_id, string_value, int_value) VALUES (358, 14, 43, NULL, 'Červenka', NULL);
INSERT INTO special_bet (id, user_id, rule_id, team_value_id, string_value, int_value) VALUES (359, 18, 43, NULL, 'Červenka', NULL);
INSERT INTO special_bet (id, user_id, rule_id, team_value_id, string_value, int_value) VALUES (360, 19, 43, NULL, 'Červenka', NULL);
INSERT INTO special_bet (id, user_id, rule_id, team_value_id, string_value, int_value) VALUES (361, 7, 43, NULL, 'Červenka', NULL);
INSERT INTO special_bet (id, user_id, rule_id, team_value_id, string_value, int_value) VALUES (362, 12, 43, NULL, 'Červenka', NULL);
INSERT INTO special_bet (id, user_id, rule_id, team_value_id, string_value, int_value) VALUES (363, 3, 43, NULL, 'Červenka', NULL);
INSERT INTO special_bet_rule (id, tournament_id, name, value_type, scoring_type, points, sort_order, actual_team_value_id, actual_string_value, actual_int_value) VALUES (44, 7, 'Nejlepší Čech #2', 'string', 'exact_match', 2.0, 4, NULL, NULL, NULL);
INSERT INTO special_bet (id, user_id, rule_id, team_value_id, string_value, int_value) VALUES (364, 13, 44, NULL, 'Smejkal', NULL);
INSERT INTO special_bet (id, user_id, rule_id, team_value_id, string_value, int_value) VALUES (365, 16, 44, NULL, 'Kubalík', NULL);
INSERT INTO special_bet (id, user_id, rule_id, team_value_id, string_value, int_value) VALUES (366, 9, 44, NULL, 'Kubalík', NULL);
INSERT INTO special_bet (id, user_id, rule_id, team_value_id, string_value, int_value) VALUES (367, 14, 44, NULL, 'Kubalík', NULL);
INSERT INTO special_bet (id, user_id, rule_id, team_value_id, string_value, int_value) VALUES (368, 18, 44, NULL, 'Kubalík', NULL);
INSERT INTO special_bet (id, user_id, rule_id, team_value_id, string_value, int_value) VALUES (369, 19, 44, NULL, 'Kubalík', NULL);
INSERT INTO special_bet (id, user_id, rule_id, team_value_id, string_value, int_value) VALUES (370, 7, 44, NULL, 'Kubalík', NULL);
INSERT INTO special_bet (id, user_id, rule_id, team_value_id, string_value, int_value) VALUES (371, 12, 44, NULL, 'Kundrátek', NULL);
INSERT INTO special_bet (id, user_id, rule_id, team_value_id, string_value, int_value) VALUES (372, 3, 44, NULL, 'Špaček', NULL);
INSERT INTO special_bet_rule (id, tournament_id, name, value_type, scoring_type, points, sort_order, actual_team_value_id, actual_string_value, actual_int_value) VALUES (45, 7, 'Nejlepší Čech #3', 'string', 'exact_match', 2.0, 5, NULL, NULL, NULL);
INSERT INTO special_bet (id, user_id, rule_id, team_value_id, string_value, int_value) VALUES (373, 13, 45, NULL, 'Chytil', NULL);
INSERT INTO special_bet (id, user_id, rule_id, team_value_id, string_value, int_value) VALUES (374, 16, 45, NULL, 'Chytil', NULL);
INSERT INTO special_bet (id, user_id, rule_id, team_value_id, string_value, int_value) VALUES (375, 9, 45, NULL, 'Špaček', NULL);
INSERT INTO special_bet (id, user_id, rule_id, team_value_id, string_value, int_value) VALUES (376, 14, 45, NULL, 'Špaček', NULL);
INSERT INTO special_bet (id, user_id, rule_id, team_value_id, string_value, int_value) VALUES (377, 18, 45, NULL, 'Chytil', NULL);
INSERT INTO special_bet (id, user_id, rule_id, team_value_id, string_value, int_value) VALUES (378, 19, 45, NULL, 'Chytil', NULL);
INSERT INTO special_bet (id, user_id, rule_id, team_value_id, string_value, int_value) VALUES (379, 7, 45, NULL, 'Chytil', NULL);
INSERT INTO special_bet (id, user_id, rule_id, team_value_id, string_value, int_value) VALUES (380, 12, 45, NULL, 'Smejkal', NULL);
INSERT INTO special_bet (id, user_id, rule_id, team_value_id, string_value, int_value) VALUES (381, 3, 45, NULL, 'Chytil', NULL);
INSERT INTO special_bet_rule (id, tournament_id, name, value_type, scoring_type, points, sort_order, actual_team_value_id, actual_string_value, actual_int_value) VALUES (46, 7, 'Počet gólů české reprezentace', 'integer', 'closest', 2.0, 6, NULL, NULL, NULL);
INSERT INTO special_bet (id, user_id, rule_id, team_value_id, string_value, int_value) VALUES (382, 13, 46, NULL, NULL, 28);
INSERT INTO special_bet (id, user_id, rule_id, team_value_id, string_value, int_value) VALUES (383, 16, 46, NULL, NULL, 33);
INSERT INTO special_bet (id, user_id, rule_id, team_value_id, string_value, int_value) VALUES (384, 9, 46, NULL, NULL, 25);
INSERT INTO special_bet (id, user_id, rule_id, team_value_id, string_value, int_value) VALUES (385, 14, 46, NULL, NULL, 36);
INSERT INTO special_bet (id, user_id, rule_id, team_value_id, string_value, int_value) VALUES (386, 18, 46, NULL, NULL, 28);
INSERT INTO special_bet (id, user_id, rule_id, team_value_id, string_value, int_value) VALUES (387, 19, 46, NULL, NULL, 32);
INSERT INTO special_bet (id, user_id, rule_id, team_value_id, string_value, int_value) VALUES (388, 7, 46, NULL, NULL, 29);
INSERT INTO special_bet (id, user_id, rule_id, team_value_id, string_value, int_value) VALUES (389, 12, 46, NULL, NULL, 26);
INSERT INTO special_bet (id, user_id, rule_id, team_value_id, string_value, int_value) VALUES (390, 3, 46, NULL, NULL, 33);
INSERT INTO special_bet_rule (id, tournament_id, name, value_type, scoring_type, points, sort_order, actual_team_value_id, actual_string_value, actual_int_value) VALUES (47, 7, 'Počet zápasů rozhodnutých na nájezdy', 'integer', 'closest', 2.0, 7, NULL, NULL, NULL);
INSERT INTO special_bet (id, user_id, rule_id, team_value_id, string_value, int_value) VALUES (391, 13, 47, NULL, NULL, 7);
INSERT INTO special_bet (id, user_id, rule_id, team_value_id, string_value, int_value) VALUES (392, 16, 47, NULL, NULL, 11);
INSERT INTO special_bet (id, user_id, rule_id, team_value_id, string_value, int_value) VALUES (393, 9, 47, NULL, NULL, 8);
INSERT INTO special_bet (id, user_id, rule_id, team_value_id, string_value, int_value) VALUES (394, 14, 47, NULL, NULL, 4);
INSERT INTO special_bet (id, user_id, rule_id, team_value_id, string_value, int_value) VALUES (395, 18, 47, NULL, NULL, 6);
INSERT INTO special_bet (id, user_id, rule_id, team_value_id, string_value, int_value) VALUES (396, 19, 47, NULL, NULL, 6);
INSERT INTO special_bet (id, user_id, rule_id, team_value_id, string_value, int_value) VALUES (397, 7, 47, NULL, NULL, 7);
INSERT INTO special_bet (id, user_id, rule_id, team_value_id, string_value, int_value) VALUES (398, 12, 47, NULL, NULL, 6);
INSERT INTO special_bet (id, user_id, rule_id, team_value_id, string_value, int_value) VALUES (399, 3, 47, NULL, NULL, 5);
INSERT INTO special_bet_rule (id, tournament_id, name, value_type, scoring_type, points, sort_order, actual_team_value_id, actual_string_value, actual_int_value) VALUES (48, 7, 'Sestupující tým 1', 'team', 'exact_match', 2.0, 8, NULL, NULL, NULL);
INSERT INTO special_bet (id, user_id, rule_id, team_value_id, string_value, int_value) VALUES (400, 13, 48, 20, NULL, NULL);
INSERT INTO special_bet (id, user_id, rule_id, team_value_id, string_value, int_value) VALUES (401, 16, 48, 20, NULL, NULL);
INSERT INTO special_bet (id, user_id, rule_id, team_value_id, string_value, int_value) VALUES (402, 9, 48, 20, NULL, NULL);
INSERT INTO special_bet (id, user_id, rule_id, team_value_id, string_value, int_value) VALUES (403, 14, 48, 20, NULL, NULL);
INSERT INTO special_bet (id, user_id, rule_id, team_value_id, string_value, int_value) VALUES (404, 18, 48, 20, NULL, NULL);
INSERT INTO special_bet (id, user_id, rule_id, team_value_id, string_value, int_value) VALUES (405, 19, 48, 20, NULL, NULL);
INSERT INTO special_bet (id, user_id, rule_id, team_value_id, string_value, int_value) VALUES (406, 7, 48, 14, NULL, NULL);
INSERT INTO special_bet (id, user_id, rule_id, team_value_id, string_value, int_value) VALUES (407, 12, 48, 14, NULL, NULL);
INSERT INTO special_bet (id, user_id, rule_id, team_value_id, string_value, int_value) VALUES (408, 3, 48, 20, NULL, NULL);
INSERT INTO special_bet_rule (id, tournament_id, name, value_type, scoring_type, points, sort_order, actual_team_value_id, actual_string_value, actual_int_value) VALUES (49, 7, 'Sestupující tým 2', 'team', 'exact_match', 2.0, 9, NULL, NULL, NULL);
INSERT INTO special_bet (id, user_id, rule_id, team_value_id, string_value, int_value) VALUES (409, 13, 49, 12, NULL, NULL);
INSERT INTO special_bet (id, user_id, rule_id, team_value_id, string_value, int_value) VALUES (410, 16, 49, 12, NULL, NULL);
INSERT INTO special_bet (id, user_id, rule_id, team_value_id, string_value, int_value) VALUES (411, 9, 49, 12, NULL, NULL);
INSERT INTO special_bet (id, user_id, rule_id, team_value_id, string_value, int_value) VALUES (412, 14, 49, 12, NULL, NULL);
INSERT INTO special_bet (id, user_id, rule_id, team_value_id, string_value, int_value) VALUES (413, 18, 49, 12, NULL, NULL);
INSERT INTO special_bet (id, user_id, rule_id, team_value_id, string_value, int_value) VALUES (414, 19, 49, 12, NULL, NULL);
INSERT INTO special_bet (id, user_id, rule_id, team_value_id, string_value, int_value) VALUES (415, 7, 49, 12, NULL, NULL);
INSERT INTO special_bet (id, user_id, rule_id, team_value_id, string_value, int_value) VALUES (416, 12, 49, 12, NULL, NULL);
INSERT INTO special_bet (id, user_id, rule_id, team_value_id, string_value, int_value) VALUES (417, 3, 49, 12, NULL, NULL);

-- Tournament: MS 2024
INSERT INTO tournament (id, name, year, slug, status, created_at) VALUES (8, 'MS 2024', 2024, 'ms-2024', 'finished', '2024-01-01 00:00:00');
INSERT INTO rule_set (id, tournament_id, winner_base_points, wrong_opponent_bonus, exact_score_bonus, prizes) VALUES (8, 8, 1.0, 0.25, 2.0, '{"1": 300, "2": 150, "3": 50}');
INSERT INTO "match" (id, tournament_id, home_team_id, away_team_id, phase, played_at, home_score, away_score, is_finished) VALUES (413, 8, 22, 11, 'group_stage', '2024-05-10 16:20:00', 4, 6, true);
INSERT INTO "match" (id, tournament_id, home_team_id, away_team_id, phase, played_at, home_score, away_score, is_finished) VALUES (414, 8, 21, 16, 'group_stage', '2024-05-10 16:20:00', 5, 2, true);
INSERT INTO "match" (id, tournament_id, home_team_id, away_team_id, phase, played_at, home_score, away_score, is_finished) VALUES (415, 8, 23, 24, 'group_stage', '2024-05-10 20:20:00', 5, 2, true);
INSERT INTO "match" (id, tournament_id, home_team_id, away_team_id, phase, played_at, home_score, away_score, is_finished) VALUES (416, 8, 6, 8, 'group_stage', '2024-05-10 20:20:00', 1, 0, true);
INSERT INTO "match" (id, tournament_id, home_team_id, away_team_id, phase, played_at, home_score, away_score, is_finished) VALUES (417, 8, 9, 14, 'group_stage', '2024-05-11 12:20:00', 1, 3, true);
INSERT INTO "match" (id, tournament_id, home_team_id, away_team_id, phase, played_at, home_score, away_score, is_finished) VALUES (418, 8, 10, 4, 'group_stage', '2024-05-11 12:20:00', 2, 4, true);
INSERT INTO "match" (id, tournament_id, home_team_id, away_team_id, phase, played_at, home_score, away_score, is_finished) VALUES (419, 8, 17, 15, 'group_stage', '2024-05-11 16:20:00', 4, 5, true);
INSERT INTO "match" (id, tournament_id, home_team_id, away_team_id, phase, played_at, home_score, away_score, is_finished) VALUES (420, 8, 1, 7, 'group_stage', '2024-05-11 16:20:00', 1, 5, true);
INSERT INTO "match" (id, tournament_id, home_team_id, away_team_id, phase, played_at, home_score, away_score, is_finished) VALUES (421, 8, 24, 11, 'group_stage', '2024-05-11 20:20:00', 6, 1, true);
INSERT INTO "match" (id, tournament_id, home_team_id, away_team_id, phase, played_at, home_score, away_score, is_finished) VALUES (422, 8, 16, 6, 'group_stage', '2024-05-11 20:20:00', 3, 6, true);
INSERT INTO "match" (id, tournament_id, home_team_id, away_team_id, phase, played_at, home_score, away_score, is_finished) VALUES (423, 8, 22, 14, 'group_stage', '2024-05-12 12:20:00', 6, 2, true);
INSERT INTO "match" (id, tournament_id, home_team_id, away_team_id, phase, played_at, home_score, away_score, is_finished) VALUES (424, 8, 8, 10, 'group_stage', '2024-05-12 12:20:00', 8, 0, true);
INSERT INTO "match" (id, tournament_id, home_team_id, away_team_id, phase, played_at, home_score, away_score, is_finished) VALUES (425, 8, 15, 9, 'group_stage', '2024-05-12 16:20:00', 3, 2, true);
INSERT INTO "match" (id, tournament_id, home_team_id, away_team_id, phase, played_at, home_score, away_score, is_finished) VALUES (426, 8, 7, 4, 'group_stage', '2024-05-12 16:20:00', 1, 5, true);
INSERT INTO "match" (id, tournament_id, home_team_id, away_team_id, phase, played_at, home_score, away_score, is_finished) VALUES (427, 8, 23, 17, 'group_stage', '2024-05-12 20:20:00', 5, 1, true);
INSERT INTO "match" (id, tournament_id, home_team_id, away_team_id, phase, played_at, home_score, away_score, is_finished) VALUES (428, 8, 1, 21, 'group_stage', '2024-05-12 20:20:00', 5, 6, true);
INSERT INTO "match" (id, tournament_id, home_team_id, away_team_id, phase, played_at, home_score, away_score, is_finished) VALUES (429, 8, 24, 22, 'group_stage', '2024-05-13 16:20:00', 4, 5, true);
INSERT INTO "match" (id, tournament_id, home_team_id, away_team_id, phase, played_at, home_score, away_score, is_finished) VALUES (430, 8, 16, 8, 'group_stage', '2024-05-13 16:20:00', 1, 4, true);
INSERT INTO "match" (id, tournament_id, home_team_id, away_team_id, phase, played_at, home_score, away_score, is_finished) VALUES (431, 8, 11, 23, 'group_stage', '2024-05-13 20:20:00', 1, 6, true);
INSERT INTO "match" (id, tournament_id, home_team_id, away_team_id, phase, played_at, home_score, away_score, is_finished) VALUES (432, 8, 21, 6, 'group_stage', '2024-05-13 20:20:00', 2, 1, true);
INSERT INTO "match" (id, tournament_id, home_team_id, away_team_id, phase, played_at, home_score, away_score, is_finished) VALUES (433, 8, 14, 15, 'group_stage', '2024-05-14 16:20:00', 0, 2, true);
INSERT INTO "match" (id, tournament_id, home_team_id, away_team_id, phase, played_at, home_score, away_score, is_finished) VALUES (434, 8, 7, 16, 'group_stage', '2024-05-14 16:20:00', 0, 2, true);
INSERT INTO "match" (id, tournament_id, home_team_id, away_team_id, phase, played_at, home_score, away_score, is_finished) VALUES (435, 8, 17, 9, 'group_stage', '2024-05-14 20:20:00', 2, 4, true);
INSERT INTO "match" (id, tournament_id, home_team_id, away_team_id, phase, played_at, home_score, away_score, is_finished) VALUES (436, 8, 4, 1, 'group_stage', '2024-05-14 20:20:00', 7, 6, true);
INSERT INTO "match" (id, tournament_id, home_team_id, away_team_id, phase, played_at, home_score, away_score, is_finished) VALUES (437, 8, 11, 15, 'group_stage', '2024-05-15 16:20:00', 8, 1, true);
INSERT INTO "match" (id, tournament_id, home_team_id, away_team_id, phase, played_at, home_score, away_score, is_finished) VALUES (438, 8, 6, 7, 'group_stage', '2024-05-15 16:20:00', 7, 4, true);
INSERT INTO "match" (id, tournament_id, home_team_id, away_team_id, phase, played_at, home_score, away_score, is_finished) VALUES (439, 8, 22, 17, 'group_stage', '2024-05-15 20:20:00', 4, 0, true);
INSERT INTO "match" (id, tournament_id, home_team_id, away_team_id, phase, played_at, home_score, away_score, is_finished) VALUES (440, 8, 21, 10, 'group_stage', '2024-05-15 20:20:00', 3, 0, true);
INSERT INTO "match" (id, tournament_id, home_team_id, away_team_id, phase, played_at, home_score, away_score, is_finished) VALUES (441, 8, 14, 23, 'group_stage', '2024-05-16 16:20:00', 1, 3, true);
INSERT INTO "match" (id, tournament_id, home_team_id, away_team_id, phase, played_at, home_score, away_score, is_finished) VALUES (442, 8, 8, 1, 'group_stage', '2024-05-16 16:20:00', 2, 3, true);
INSERT INTO "match" (id, tournament_id, home_team_id, away_team_id, phase, played_at, home_score, away_score, is_finished) VALUES (443, 8, 24, 9, 'group_stage', '2024-05-16 20:20:00', 5, 0, true);
INSERT INTO "match" (id, tournament_id, home_team_id, away_team_id, phase, played_at, home_score, away_score, is_finished) VALUES (444, 8, 4, 16, 'group_stage', '2024-05-16 20:20:00', 4, 1, true);
INSERT INTO "match" (id, tournament_id, home_team_id, away_team_id, phase, played_at, home_score, away_score, is_finished) VALUES (445, 8, 11, 14, 'group_stage', '2024-05-17 16:20:00', 8, 2, true);
INSERT INTO "match" (id, tournament_id, home_team_id, away_team_id, phase, played_at, home_score, away_score, is_finished) VALUES (446, 8, 10, 7, 'group_stage', '2024-05-17 16:20:00', 3, 4, true);
INSERT INTO "match" (id, tournament_id, home_team_id, away_team_id, phase, played_at, home_score, away_score, is_finished) VALUES (447, 8, 17, 24, 'group_stage', '2024-05-17 20:20:00', 1, 4, true);
INSERT INTO "match" (id, tournament_id, home_team_id, away_team_id, phase, played_at, home_score, away_score, is_finished) VALUES (448, 8, 6, 1, 'group_stage', '2024-05-17 20:20:00', 4, 0, true);
INSERT INTO "match" (id, tournament_id, home_team_id, away_team_id, phase, played_at, home_score, away_score, is_finished) VALUES (449, 8, 15, 23, 'group_stage', '2024-05-18 12:20:00', 2, 7, true);
INSERT INTO "match" (id, tournament_id, home_team_id, away_team_id, phase, played_at, home_score, away_score, is_finished) VALUES (450, 8, 7, 21, 'group_stage', '2024-05-18 12:20:00', 0, 8, true);
INSERT INTO "match" (id, tournament_id, home_team_id, away_team_id, phase, played_at, home_score, away_score, is_finished) VALUES (451, 8, 11, 17, 'group_stage', '2024-05-18 16:20:00', 4, 2, true);
INSERT INTO "match" (id, tournament_id, home_team_id, away_team_id, phase, played_at, home_score, away_score, is_finished) VALUES (452, 8, 4, 8, 'group_stage', '2024-05-18 16:20:00', 5, 3, true);
INSERT INTO "match" (id, tournament_id, home_team_id, away_team_id, phase, played_at, home_score, away_score, is_finished) VALUES (453, 8, 9, 22, 'group_stage', '2024-05-18 20:20:00', 2, 4, true);
INSERT INTO "match" (id, tournament_id, home_team_id, away_team_id, phase, played_at, home_score, away_score, is_finished) VALUES (454, 8, 6, 10, 'group_stage', '2024-05-18 20:20:00', 4, 1, true);
INSERT INTO "match" (id, tournament_id, home_team_id, away_team_id, phase, played_at, home_score, away_score, is_finished) VALUES (455, 8, 24, 14, 'group_stage', '2024-05-19 16:20:00', 10, 1, true);
INSERT INTO "match" (id, tournament_id, home_team_id, away_team_id, phase, played_at, home_score, away_score, is_finished) VALUES (456, 8, 16, 1, 'group_stage', '2024-05-19 16:20:00', 1, 4, true);
INSERT INTO "match" (id, tournament_id, home_team_id, away_team_id, phase, played_at, home_score, away_score, is_finished) VALUES (457, 8, 22, 15, 'group_stage', '2024-05-19 20:20:00', 2, 3, true);
INSERT INTO "match" (id, tournament_id, home_team_id, away_team_id, phase, played_at, home_score, away_score, is_finished) VALUES (458, 8, 21, 4, 'group_stage', '2024-05-19 20:20:00', 2, 3, true);
INSERT INTO "match" (id, tournament_id, home_team_id, away_team_id, phase, played_at, home_score, away_score, is_finished) VALUES (459, 8, 23, 9, 'group_stage', '2024-05-20 16:20:00', 3, 1, true);
INSERT INTO "match" (id, tournament_id, home_team_id, away_team_id, phase, played_at, home_score, away_score, is_finished) VALUES (460, 8, 10, 16, 'group_stage', '2024-05-20 16:20:00', 2, 5, true);
INSERT INTO "match" (id, tournament_id, home_team_id, away_team_id, phase, played_at, home_score, away_score, is_finished) VALUES (461, 8, 14, 17, 'group_stage', '2024-05-20 20:20:00', 3, 1, true);
INSERT INTO "match" (id, tournament_id, home_team_id, away_team_id, phase, played_at, home_score, away_score, is_finished) VALUES (462, 8, 8, 7, 'group_stage', '2024-05-20 20:20:00', 3, 1, true);
INSERT INTO "match" (id, tournament_id, home_team_id, away_team_id, phase, played_at, home_score, away_score, is_finished) VALUES (463, 8, 9, 11, 'group_stage', '2024-05-21 12:20:00', 3, 6, true);
INSERT INTO "match" (id, tournament_id, home_team_id, away_team_id, phase, played_at, home_score, away_score, is_finished) VALUES (464, 8, 1, 10, 'group_stage', '2024-05-21 12:20:00', 2, 4, true);
INSERT INTO "match" (id, tournament_id, home_team_id, away_team_id, phase, played_at, home_score, away_score, is_finished) VALUES (465, 8, 15, 24, 'group_stage', '2024-05-21 16:20:00', 3, 6, true);
INSERT INTO "match" (id, tournament_id, home_team_id, away_team_id, phase, played_at, home_score, away_score, is_finished) VALUES (466, 8, 4, 6, 'group_stage', '2024-05-21 16:20:00', 4, 3, true);
INSERT INTO "match" (id, tournament_id, home_team_id, away_team_id, phase, played_at, home_score, away_score, is_finished) VALUES (467, 8, 23, 22, 'group_stage', '2024-05-21 20:20:00', 6, 1, true);
INSERT INTO "match" (id, tournament_id, home_team_id, away_team_id, phase, played_at, home_score, away_score, is_finished) VALUES (468, 8, 8, 21, 'group_stage', '2024-05-21 20:20:00', 1, 3, true);
INSERT INTO "match" (id, tournament_id, home_team_id, away_team_id, phase, played_at, home_score, away_score, is_finished) VALUES (469, 8, 4, 22, 'group_stage', '2024-05-23 16:20:00', 6, 3, true);
INSERT INTO "match" (id, tournament_id, home_team_id, away_team_id, phase, played_at, home_score, away_score, is_finished) VALUES (470, 8, 21, 11, 'group_stage', '2024-05-23 16:20:00', 3, 1, true);
INSERT INTO "match" (id, tournament_id, home_team_id, away_team_id, phase, played_at, home_score, away_score, is_finished) VALUES (471, 8, 23, 8, 'group_stage', '2024-05-23 20:20:00', 2, 1, true);
INSERT INTO "match" (id, tournament_id, home_team_id, away_team_id, phase, played_at, home_score, away_score, is_finished) VALUES (472, 8, 24, 6, 'group_stage', '2024-05-23 20:20:00', 0, 1, true);
INSERT INTO "match" (id, tournament_id, home_team_id, away_team_id, phase, played_at, home_score, away_score, is_finished) VALUES (473, 8, 23, 6, 'semifinal', '2024-05-25 14:20:00', 3, 7, true);
INSERT INTO "match" (id, tournament_id, home_team_id, away_team_id, phase, played_at, home_score, away_score, is_finished) VALUES (474, 8, 4, 21, 'semifinal', '2024-05-25 18:20:00', 2, 3, true);
INSERT INTO "match" (id, tournament_id, home_team_id, away_team_id, phase, played_at, home_score, away_score, is_finished) VALUES (475, 8, 23, 4, 'bronze_medal', '2024-05-26 15:20:00', 4, 2, true);
INSERT INTO "match" (id, tournament_id, home_team_id, away_team_id, phase, played_at, home_score, away_score, is_finished) VALUES (476, 8, 21, 6, 'gold_medal', '2024-05-26 20:20:00', 0, 2, true);
INSERT INTO prediction (id, user_id, game_id, home_score, away_score, created_at, updated_at) VALUES (3440, 13, 413, 3, 1, '2024-01-01 00:00:00', NULL);
INSERT INTO prediction (id, user_id, game_id, home_score, away_score, created_at, updated_at) VALUES (3441, 16, 413, 4, 3, '2024-01-01 00:00:00', NULL);
INSERT INTO prediction (id, user_id, game_id, home_score, away_score, created_at, updated_at) VALUES (3442, 9, 413, 2, 4, '2024-01-01 00:00:00', NULL);
INSERT INTO prediction (id, user_id, game_id, home_score, away_score, created_at, updated_at) VALUES (3443, 14, 413, 3, 2, '2024-01-01 00:00:00', NULL);
INSERT INTO prediction (id, user_id, game_id, home_score, away_score, created_at, updated_at) VALUES (3444, 18, 413, 3, 1, '2024-01-01 00:00:00', NULL);
INSERT INTO prediction (id, user_id, game_id, home_score, away_score, created_at, updated_at) VALUES (3445, 2, 413, 4, 3, '2024-01-01 00:00:00', NULL);
INSERT INTO prediction (id, user_id, game_id, home_score, away_score, created_at, updated_at) VALUES (3446, 7, 413, 3, 1, '2024-01-01 00:00:00', NULL);
INSERT INTO prediction (id, user_id, game_id, home_score, away_score, created_at, updated_at) VALUES (3447, 12, 413, 3, 1, '2024-01-01 00:00:00', NULL);
INSERT INTO prediction (id, user_id, game_id, home_score, away_score, created_at, updated_at) VALUES (3448, 3, 413, 2, 1, '2024-01-01 00:00:00', NULL);
INSERT INTO prediction (id, user_id, game_id, home_score, away_score, created_at, updated_at) VALUES (3449, 10, 413, 3, 2, '2024-01-01 00:00:00', NULL);
INSERT INTO prediction (id, user_id, game_id, home_score, away_score, created_at, updated_at) VALUES (3450, 13, 414, 4, 0, '2024-01-01 00:00:00', NULL);
INSERT INTO prediction (id, user_id, game_id, home_score, away_score, created_at, updated_at) VALUES (3451, 16, 414, 5, 2, '2024-01-01 00:00:00', NULL);
INSERT INTO prediction (id, user_id, game_id, home_score, away_score, created_at, updated_at) VALUES (3452, 9, 414, 4, 1, '2024-01-01 00:00:00', NULL);
INSERT INTO prediction (id, user_id, game_id, home_score, away_score, created_at, updated_at) VALUES (3453, 14, 414, 4, 1, '2024-01-01 00:00:00', NULL);
INSERT INTO prediction (id, user_id, game_id, home_score, away_score, created_at, updated_at) VALUES (3454, 18, 414, 4, 2, '2024-01-01 00:00:00', NULL);
INSERT INTO prediction (id, user_id, game_id, home_score, away_score, created_at, updated_at) VALUES (3455, 2, 414, 6, 0, '2024-01-01 00:00:00', NULL);
INSERT INTO prediction (id, user_id, game_id, home_score, away_score, created_at, updated_at) VALUES (3456, 7, 414, 5, 0, '2024-01-01 00:00:00', NULL);
INSERT INTO prediction (id, user_id, game_id, home_score, away_score, created_at, updated_at) VALUES (3457, 12, 414, 5, 1, '2024-01-01 00:00:00', NULL);
INSERT INTO prediction (id, user_id, game_id, home_score, away_score, created_at, updated_at) VALUES (3458, 3, 414, 3, 1, '2024-01-01 00:00:00', NULL);
INSERT INTO prediction (id, user_id, game_id, home_score, away_score, created_at, updated_at) VALUES (3459, 10, 414, 1, 0, '2024-01-01 00:00:00', NULL);
INSERT INTO prediction (id, user_id, game_id, home_score, away_score, created_at, updated_at) VALUES (3460, 13, 415, 2, 3, '2024-01-01 00:00:00', NULL);
INSERT INTO prediction (id, user_id, game_id, home_score, away_score, created_at, updated_at) VALUES (3461, 16, 415, 2, 1, '2024-01-01 00:00:00', NULL);
INSERT INTO prediction (id, user_id, game_id, home_score, away_score, created_at, updated_at) VALUES (3462, 9, 415, 3, 2, '2024-01-01 00:00:00', NULL);
INSERT INTO prediction (id, user_id, game_id, home_score, away_score, created_at, updated_at) VALUES (3463, 14, 415, 1, 2, '2024-01-01 00:00:00', NULL);
INSERT INTO prediction (id, user_id, game_id, home_score, away_score, created_at, updated_at) VALUES (3464, 18, 415, 1, 2, '2024-01-01 00:00:00', NULL);
INSERT INTO prediction (id, user_id, game_id, home_score, away_score, created_at, updated_at) VALUES (3465, 2, 415, 4, 5, '2024-01-01 00:00:00', NULL);
INSERT INTO prediction (id, user_id, game_id, home_score, away_score, created_at, updated_at) VALUES (3466, 7, 415, 3, 2, '2024-01-01 00:00:00', NULL);
INSERT INTO prediction (id, user_id, game_id, home_score, away_score, created_at, updated_at) VALUES (3467, 12, 415, 3, 4, '2024-01-01 00:00:00', NULL);
INSERT INTO prediction (id, user_id, game_id, home_score, away_score, created_at, updated_at) VALUES (3468, 3, 415, 3, 2, '2024-01-01 00:00:00', NULL);
INSERT INTO prediction (id, user_id, game_id, home_score, away_score, created_at, updated_at) VALUES (3469, 10, 415, 1, 2, '2024-01-01 00:00:00', NULL);
INSERT INTO prediction (id, user_id, game_id, home_score, away_score, created_at, updated_at) VALUES (3470, 13, 416, 2, 3, '2024-01-01 00:00:00', NULL);
INSERT INTO prediction (id, user_id, game_id, home_score, away_score, created_at, updated_at) VALUES (3471, 16, 416, 2, 1, '2024-01-01 00:00:00', NULL);
INSERT INTO prediction (id, user_id, game_id, home_score, away_score, created_at, updated_at) VALUES (3472, 9, 416, 1, 3, '2024-01-01 00:00:00', NULL);
INSERT INTO prediction (id, user_id, game_id, home_score, away_score, created_at, updated_at) VALUES (3473, 14, 416, 2, 3, '2024-01-01 00:00:00', NULL);
INSERT INTO prediction (id, user_id, game_id, home_score, away_score, created_at, updated_at) VALUES (3474, 18, 416, 3, 1, '2024-01-01 00:00:00', NULL);
INSERT INTO prediction (id, user_id, game_id, home_score, away_score, created_at, updated_at) VALUES (3475, 2, 416, 3, 1, '2024-01-01 00:00:00', NULL);
INSERT INTO prediction (id, user_id, game_id, home_score, away_score, created_at, updated_at) VALUES (3476, 7, 416, 1, 2, '2024-01-01 00:00:00', NULL);
INSERT INTO prediction (id, user_id, game_id, home_score, away_score, created_at, updated_at) VALUES (3477, 12, 416, 0, 4, '2024-01-01 00:00:00', NULL);
INSERT INTO prediction (id, user_id, game_id, home_score, away_score, created_at, updated_at) VALUES (3478, 3, 416, 2, 1, '2024-01-01 00:00:00', NULL);
INSERT INTO prediction (id, user_id, game_id, home_score, away_score, created_at, updated_at) VALUES (3479, 10, 416, 2, 0, '2024-01-01 00:00:00', NULL);
INSERT INTO prediction (id, user_id, game_id, home_score, away_score, created_at, updated_at) VALUES (3480, 13, 417, 4, 2, '2024-01-01 00:00:00', NULL);
INSERT INTO prediction (id, user_id, game_id, home_score, away_score, created_at, updated_at) VALUES (3481, 16, 417, 4, 2, '2024-01-01 00:00:00', NULL);
INSERT INTO prediction (id, user_id, game_id, home_score, away_score, created_at, updated_at) VALUES (3482, 9, 417, 4, 2, '2024-01-01 00:00:00', NULL);
INSERT INTO prediction (id, user_id, game_id, home_score, away_score, created_at, updated_at) VALUES (3483, 14, 417, 4, 6, '2024-01-01 00:00:00', NULL);
INSERT INTO prediction (id, user_id, game_id, home_score, away_score, created_at, updated_at) VALUES (3484, 18, 417, 1, 2, '2024-01-01 00:00:00', NULL);
INSERT INTO prediction (id, user_id, game_id, home_score, away_score, created_at, updated_at) VALUES (3485, 2, 417, 2, 1, '2024-01-01 00:00:00', NULL);
INSERT INTO prediction (id, user_id, game_id, home_score, away_score, created_at, updated_at) VALUES (3486, 7, 417, 2, 3, '2024-01-01 00:00:00', NULL);
INSERT INTO prediction (id, user_id, game_id, home_score, away_score, created_at, updated_at) VALUES (3487, 12, 417, 4, 2, '2024-01-01 00:00:00', NULL);
INSERT INTO prediction (id, user_id, game_id, home_score, away_score, created_at, updated_at) VALUES (3488, 3, 417, 1, 2, '2024-01-01 00:00:00', NULL);
INSERT INTO prediction (id, user_id, game_id, home_score, away_score, created_at, updated_at) VALUES (3489, 10, 417, 3, 0, '2024-01-01 00:00:00', NULL);
INSERT INTO prediction (id, user_id, game_id, home_score, away_score, created_at, updated_at) VALUES (3490, 13, 418, 1, 5, '2024-01-01 00:00:00', NULL);
INSERT INTO prediction (id, user_id, game_id, home_score, away_score, created_at, updated_at) VALUES (3491, 16, 418, 2, 11, '2024-01-01 00:00:00', NULL);
INSERT INTO prediction (id, user_id, game_id, home_score, away_score, created_at, updated_at) VALUES (3492, 9, 418, 1, 7, '2024-01-01 00:00:00', NULL);
INSERT INTO prediction (id, user_id, game_id, home_score, away_score, created_at, updated_at) VALUES (3493, 14, 418, 0, 7, '2024-01-01 00:00:00', NULL);
INSERT INTO prediction (id, user_id, game_id, home_score, away_score, created_at, updated_at) VALUES (3494, 18, 418, 1, 6, '2024-01-01 00:00:00', NULL);
INSERT INTO prediction (id, user_id, game_id, home_score, away_score, created_at, updated_at) VALUES (3495, 2, 418, 0, 12, '2024-01-01 00:00:00', NULL);
INSERT INTO prediction (id, user_id, game_id, home_score, away_score, created_at, updated_at) VALUES (3496, 7, 418, 0, 7, '2024-01-01 00:00:00', NULL);
INSERT INTO prediction (id, user_id, game_id, home_score, away_score, created_at, updated_at) VALUES (3497, 12, 418, 1, 8, '2024-01-01 00:00:00', NULL);
INSERT INTO prediction (id, user_id, game_id, home_score, away_score, created_at, updated_at) VALUES (3498, 3, 418, 0, 6, '2024-01-01 00:00:00', NULL);
INSERT INTO prediction (id, user_id, game_id, home_score, away_score, created_at, updated_at) VALUES (3499, 10, 418, 0, 6, '2024-01-01 00:00:00', NULL);
INSERT INTO prediction (id, user_id, game_id, home_score, away_score, created_at, updated_at) VALUES (3500, 13, 419, 0, 3, '2024-01-01 00:00:00', NULL);
INSERT INTO prediction (id, user_id, game_id, home_score, away_score, created_at, updated_at) VALUES (3501, 16, 419, 1, 4, '2024-01-01 00:00:00', NULL);
INSERT INTO prediction (id, user_id, game_id, home_score, away_score, created_at, updated_at) VALUES (3502, 9, 419, 1, 4, '2024-01-01 00:00:00', NULL);
INSERT INTO prediction (id, user_id, game_id, home_score, away_score, created_at, updated_at) VALUES (3503, 14, 419, 2, 5, '2024-01-01 00:00:00', NULL);
INSERT INTO prediction (id, user_id, game_id, home_score, away_score, created_at, updated_at) VALUES (3504, 18, 419, 0, 4, '2024-01-01 00:00:00', NULL);
INSERT INTO prediction (id, user_id, game_id, home_score, away_score, created_at, updated_at) VALUES (3505, 2, 419, 2, 3, '2024-01-01 00:00:00', NULL);
INSERT INTO prediction (id, user_id, game_id, home_score, away_score, created_at, updated_at) VALUES (3506, 7, 419, 1, 5, '2024-01-01 00:00:00', NULL);
INSERT INTO prediction (id, user_id, game_id, home_score, away_score, created_at, updated_at) VALUES (3507, 12, 419, 0, 6, '2024-01-01 00:00:00', NULL);
INSERT INTO prediction (id, user_id, game_id, home_score, away_score, created_at, updated_at) VALUES (3508, 3, 419, 0, 3, '2024-01-01 00:00:00', NULL);
INSERT INTO prediction (id, user_id, game_id, home_score, away_score, created_at, updated_at) VALUES (3509, 10, 419, 1, 2, '2024-01-01 00:00:00', NULL);
INSERT INTO prediction (id, user_id, game_id, home_score, away_score, created_at, updated_at) VALUES (3510, 13, 420, 2, 3, '2024-01-01 00:00:00', NULL);
INSERT INTO prediction (id, user_id, game_id, home_score, away_score, created_at, updated_at) VALUES (3511, 16, 420, 2, 3, '2024-01-01 00:00:00', NULL);
INSERT INTO prediction (id, user_id, game_id, home_score, away_score, created_at, updated_at) VALUES (3512, 9, 420, 2, 3, '2024-01-01 00:00:00', NULL);
INSERT INTO prediction (id, user_id, game_id, home_score, away_score, created_at, updated_at) VALUES (3513, 14, 420, 2, 3, '2024-01-01 00:00:00', NULL);
INSERT INTO prediction (id, user_id, game_id, home_score, away_score, created_at, updated_at) VALUES (3514, 18, 420, 3, 2, '2024-01-01 00:00:00', NULL);
INSERT INTO prediction (id, user_id, game_id, home_score, away_score, created_at, updated_at) VALUES (3515, 2, 420, 1, 5, '2024-01-01 00:00:00', NULL);
INSERT INTO prediction (id, user_id, game_id, home_score, away_score, created_at, updated_at) VALUES (3516, 7, 420, 1, 3, '2024-01-01 00:00:00', NULL);
INSERT INTO prediction (id, user_id, game_id, home_score, away_score, created_at, updated_at) VALUES (3517, 12, 420, 0, 3, '2024-01-01 00:00:00', NULL);
INSERT INTO prediction (id, user_id, game_id, home_score, away_score, created_at, updated_at) VALUES (3518, 3, 420, 1, 3, '2024-01-01 00:00:00', NULL);
INSERT INTO prediction (id, user_id, game_id, home_score, away_score, created_at, updated_at) VALUES (3519, 10, 420, 4, 1, '2024-01-01 00:00:00', NULL);
INSERT INTO prediction (id, user_id, game_id, home_score, away_score, created_at, updated_at) VALUES (3520, 13, 421, 4, 1, '2024-01-01 00:00:00', NULL);
INSERT INTO prediction (id, user_id, game_id, home_score, away_score, created_at, updated_at) VALUES (3521, 16, 421, 5, 1, '2024-01-01 00:00:00', NULL);
INSERT INTO prediction (id, user_id, game_id, home_score, away_score, created_at, updated_at) VALUES (3522, 9, 421, 4, 2, '2024-01-01 00:00:00', NULL);
INSERT INTO prediction (id, user_id, game_id, home_score, away_score, created_at, updated_at) VALUES (3523, 14, 421, 4, 2, '2024-01-01 00:00:00', NULL);
INSERT INTO prediction (id, user_id, game_id, home_score, away_score, created_at, updated_at) VALUES (3524, 18, 421, 4, 2, '2024-01-01 00:00:00', NULL);
INSERT INTO prediction (id, user_id, game_id, home_score, away_score, created_at, updated_at) VALUES (3525, 2, 421, 2, 3, '2024-01-01 00:00:00', NULL);
INSERT INTO prediction (id, user_id, game_id, home_score, away_score, created_at, updated_at) VALUES (3526, 7, 421, 4, 2, '2024-01-01 00:00:00', NULL);
INSERT INTO prediction (id, user_id, game_id, home_score, away_score, created_at, updated_at) VALUES (3527, 12, 421, 4, 2, '2024-01-01 00:00:00', NULL);
INSERT INTO prediction (id, user_id, game_id, home_score, away_score, created_at, updated_at) VALUES (3528, 3, 421, 4, 2, '2024-01-01 00:00:00', NULL);
INSERT INTO prediction (id, user_id, game_id, home_score, away_score, created_at, updated_at) VALUES (3529, 10, 421, 3, 1, '2024-01-01 00:00:00', NULL);
INSERT INTO prediction (id, user_id, game_id, home_score, away_score, created_at, updated_at) VALUES (3530, 13, 422, 1, 3, '2024-01-01 00:00:00', NULL);
INSERT INTO prediction (id, user_id, game_id, home_score, away_score, created_at, updated_at) VALUES (3531, 16, 422, 0, 4, '2024-01-01 00:00:00', NULL);
INSERT INTO prediction (id, user_id, game_id, home_score, away_score, created_at, updated_at) VALUES (3532, 9, 422, 1, 4, '2024-01-01 00:00:00', NULL);
INSERT INTO prediction (id, user_id, game_id, home_score, away_score, created_at, updated_at) VALUES (3533, 14, 422, 0, 5, '2024-01-01 00:00:00', NULL);
INSERT INTO prediction (id, user_id, game_id, home_score, away_score, created_at, updated_at) VALUES (3534, 18, 422, 2, 3, '2024-01-01 00:00:00', NULL);
INSERT INTO prediction (id, user_id, game_id, home_score, away_score, created_at, updated_at) VALUES (3535, 2, 422, 1, 6, '2024-01-01 00:00:00', NULL);
INSERT INTO prediction (id, user_id, game_id, home_score, away_score, created_at, updated_at) VALUES (3536, 7, 422, 1, 3, '2024-01-01 00:00:00', NULL);
INSERT INTO prediction (id, user_id, game_id, home_score, away_score, created_at, updated_at) VALUES (3537, 12, 422, 1, 3, '2024-01-01 00:00:00', NULL);
INSERT INTO prediction (id, user_id, game_id, home_score, away_score, created_at, updated_at) VALUES (3538, 3, 422, 1, 3, '2024-01-01 00:00:00', NULL);
INSERT INTO prediction (id, user_id, game_id, home_score, away_score, created_at, updated_at) VALUES (3539, 10, 422, 0, 3, '2024-01-01 00:00:00', NULL);
INSERT INTO prediction (id, user_id, game_id, home_score, away_score, created_at, updated_at) VALUES (3540, 13, 423, 4, 3, '2024-01-01 00:00:00', NULL);
INSERT INTO prediction (id, user_id, game_id, home_score, away_score, created_at, updated_at) VALUES (3541, 16, 423, 4, 2, '2024-01-01 00:00:00', NULL);
INSERT INTO prediction (id, user_id, game_id, home_score, away_score, created_at, updated_at) VALUES (3542, 9, 423, 4, 1, '2024-01-01 00:00:00', NULL);
INSERT INTO prediction (id, user_id, game_id, home_score, away_score, created_at, updated_at) VALUES (3543, 14, 423, 3, 1, '2024-01-01 00:00:00', NULL);
INSERT INTO prediction (id, user_id, game_id, home_score, away_score, created_at, updated_at) VALUES (3544, 18, 423, 4, 1, '2024-01-01 00:00:00', NULL);
INSERT INTO prediction (id, user_id, game_id, home_score, away_score, created_at, updated_at) VALUES (3545, 2, 423, 4, 2, '2024-01-01 00:00:00', NULL);
INSERT INTO prediction (id, user_id, game_id, home_score, away_score, created_at, updated_at) VALUES (3546, 7, 423, 4, 3, '2024-01-01 00:00:00', NULL);
INSERT INTO prediction (id, user_id, game_id, home_score, away_score, created_at, updated_at) VALUES (3547, 12, 423, 5, 2, '2024-01-01 00:00:00', NULL);
INSERT INTO prediction (id, user_id, game_id, home_score, away_score, created_at, updated_at) VALUES (3548, 3, 423, 3, 1, '2024-01-01 00:00:00', NULL);
INSERT INTO prediction (id, user_id, game_id, home_score, away_score, created_at, updated_at) VALUES (3549, 10, 423, 2, 1, '2024-01-01 00:00:00', NULL);
INSERT INTO prediction (id, user_id, game_id, home_score, away_score, created_at, updated_at) VALUES (3550, 13, 424, 3, 0, '2024-01-01 00:00:00', NULL);
INSERT INTO prediction (id, user_id, game_id, home_score, away_score, created_at, updated_at) VALUES (3551, 16, 424, 6, 2, '2024-01-01 00:00:00', NULL);
INSERT INTO prediction (id, user_id, game_id, home_score, away_score, created_at, updated_at) VALUES (3552, 9, 424, 4, 1, '2024-01-01 00:00:00', NULL);
INSERT INTO prediction (id, user_id, game_id, home_score, away_score, created_at, updated_at) VALUES (3553, 14, 424, 5, 1, '2024-01-01 00:00:00', NULL);
INSERT INTO prediction (id, user_id, game_id, home_score, away_score, created_at, updated_at) VALUES (3554, 18, 424, 5, 1, '2024-01-01 00:00:00', NULL);
INSERT INTO prediction (id, user_id, game_id, home_score, away_score, created_at, updated_at) VALUES (3555, 2, 424, 8, 0, '2024-01-01 00:00:00', NULL);
INSERT INTO prediction (id, user_id, game_id, home_score, away_score, created_at, updated_at) VALUES (3556, 7, 424, 5, 0, '2024-01-01 00:00:00', NULL);
INSERT INTO prediction (id, user_id, game_id, home_score, away_score, created_at, updated_at) VALUES (3557, 12, 424, 4, 0, '2024-01-01 00:00:00', NULL);
INSERT INTO prediction (id, user_id, game_id, home_score, away_score, created_at, updated_at) VALUES (3558, 3, 424, 3, 1, '2024-01-01 00:00:00', NULL);
INSERT INTO prediction (id, user_id, game_id, home_score, away_score, created_at, updated_at) VALUES (3559, 10, 424, 2, 0, '2024-01-01 00:00:00', NULL);
INSERT INTO prediction (id, user_id, game_id, home_score, away_score, created_at, updated_at) VALUES (3560, 13, 425, 3, 2, '2024-01-01 00:00:00', NULL);
INSERT INTO prediction (id, user_id, game_id, home_score, away_score, created_at, updated_at) VALUES (3561, 16, 425, 4, 3, '2024-01-01 00:00:00', NULL);
INSERT INTO prediction (id, user_id, game_id, home_score, away_score, created_at, updated_at) VALUES (3562, 9, 425, 3, 1, '2024-01-01 00:00:00', NULL);
INSERT INTO prediction (id, user_id, game_id, home_score, away_score, created_at, updated_at) VALUES (3563, 14, 425, 4, 2, '2024-01-01 00:00:00', NULL);
INSERT INTO prediction (id, user_id, game_id, home_score, away_score, created_at, updated_at) VALUES (3564, 18, 425, 3, 2, '2024-01-01 00:00:00', NULL);
INSERT INTO prediction (id, user_id, game_id, home_score, away_score, created_at, updated_at) VALUES (3565, 2, 425, 3, 1, '2024-01-01 00:00:00', NULL);
INSERT INTO prediction (id, user_id, game_id, home_score, away_score, created_at, updated_at) VALUES (3566, 7, 425, 3, 2, '2024-01-01 00:00:00', NULL);
INSERT INTO prediction (id, user_id, game_id, home_score, away_score, created_at, updated_at) VALUES (3567, 12, 425, 5, 3, '2024-01-01 00:00:00', NULL);
INSERT INTO prediction (id, user_id, game_id, home_score, away_score, created_at, updated_at) VALUES (3568, 3, 425, 3, 2, '2024-01-01 00:00:00', NULL);
INSERT INTO prediction (id, user_id, game_id, home_score, away_score, created_at, updated_at) VALUES (3569, 10, 425, 3, 1, '2024-01-01 00:00:00', NULL);
INSERT INTO prediction (id, user_id, game_id, home_score, away_score, created_at, updated_at) VALUES (3570, 13, 426, 2, 5, '2024-01-01 00:00:00', NULL);
INSERT INTO prediction (id, user_id, game_id, home_score, away_score, created_at, updated_at) VALUES (3571, 16, 426, 1, 5, '2024-01-01 00:00:00', NULL);
INSERT INTO prediction (id, user_id, game_id, home_score, away_score, created_at, updated_at) VALUES (3572, 9, 426, 1, 5, '2024-01-01 00:00:00', NULL);
INSERT INTO prediction (id, user_id, game_id, home_score, away_score, created_at, updated_at) VALUES (3573, 14, 426, 2, 5, '2024-01-01 00:00:00', NULL);
INSERT INTO prediction (id, user_id, game_id, home_score, away_score, created_at, updated_at) VALUES (3574, 18, 426, 1, 5, '2024-01-01 00:00:00', NULL);
INSERT INTO prediction (id, user_id, game_id, home_score, away_score, created_at, updated_at) VALUES (3575, 2, 426, 0, 6, '2024-01-01 00:00:00', NULL);
INSERT INTO prediction (id, user_id, game_id, home_score, away_score, created_at, updated_at) VALUES (3576, 7, 426, 2, 5, '2024-01-01 00:00:00', NULL);
INSERT INTO prediction (id, user_id, game_id, home_score, away_score, created_at, updated_at) VALUES (3577, 12, 426, 1, 5, '2024-01-01 00:00:00', NULL);
INSERT INTO prediction (id, user_id, game_id, home_score, away_score, created_at, updated_at) VALUES (3578, 3, 426, 1, 4, '2024-01-01 00:00:00', NULL);
INSERT INTO prediction (id, user_id, game_id, home_score, away_score, created_at, updated_at) VALUES (3579, 10, 426, 1, 4, '2024-01-01 00:00:00', NULL);
INSERT INTO prediction (id, user_id, game_id, home_score, away_score, created_at, updated_at) VALUES (3580, 13, 427, 5, 2, '2024-01-01 00:00:00', NULL);
INSERT INTO prediction (id, user_id, game_id, home_score, away_score, created_at, updated_at) VALUES (3581, 16, 427, 6, 0, '2024-01-01 00:00:00', NULL);
INSERT INTO prediction (id, user_id, game_id, home_score, away_score, created_at, updated_at) VALUES (3582, 9, 427, 5, 1, '2024-01-01 00:00:00', NULL);
INSERT INTO prediction (id, user_id, game_id, home_score, away_score, created_at, updated_at) VALUES (3583, 14, 427, 4, 1, '2024-01-01 00:00:00', NULL);
INSERT INTO prediction (id, user_id, game_id, home_score, away_score, created_at, updated_at) VALUES (3584, 18, 427, 4, 0, '2024-01-01 00:00:00', NULL);
INSERT INTO prediction (id, user_id, game_id, home_score, away_score, created_at, updated_at) VALUES (3585, 2, 427, 5, 0, '2024-01-01 00:00:00', NULL);
INSERT INTO prediction (id, user_id, game_id, home_score, away_score, created_at, updated_at) VALUES (3586, 7, 427, 7, 0, '2024-01-01 00:00:00', NULL);
INSERT INTO prediction (id, user_id, game_id, home_score, away_score, created_at, updated_at) VALUES (3587, 12, 427, 6, 1, '2024-01-01 00:00:00', NULL);
INSERT INTO prediction (id, user_id, game_id, home_score, away_score, created_at, updated_at) VALUES (3588, 3, 427, 5, 1, '2024-01-01 00:00:00', NULL);
INSERT INTO prediction (id, user_id, game_id, home_score, away_score, created_at, updated_at) VALUES (3589, 10, 427, 2, 0, '2024-01-01 00:00:00', NULL);
INSERT INTO prediction (id, user_id, game_id, home_score, away_score, created_at, updated_at) VALUES (3590, 13, 428, 2, 4, '2024-01-01 00:00:00', NULL);
INSERT INTO prediction (id, user_id, game_id, home_score, away_score, created_at, updated_at) VALUES (3591, 16, 428, 2, 5, '2024-01-01 00:00:00', NULL);
INSERT INTO prediction (id, user_id, game_id, home_score, away_score, created_at, updated_at) VALUES (3592, 9, 428, 1, 4, '2024-01-01 00:00:00', NULL);
INSERT INTO prediction (id, user_id, game_id, home_score, away_score, created_at, updated_at) VALUES (3593, 14, 428, 2, 5, '2024-01-01 00:00:00', NULL);
INSERT INTO prediction (id, user_id, game_id, home_score, away_score, created_at, updated_at) VALUES (3594, 18, 428, 1, 4, '2024-01-01 00:00:00', NULL);
INSERT INTO prediction (id, user_id, game_id, home_score, away_score, created_at, updated_at) VALUES (3595, 2, 428, 1, 4, '2024-01-01 00:00:00', NULL);
INSERT INTO prediction (id, user_id, game_id, home_score, away_score, created_at, updated_at) VALUES (3596, 7, 428, 1, 6, '2024-01-01 00:00:00', NULL);
INSERT INTO prediction (id, user_id, game_id, home_score, away_score, created_at, updated_at) VALUES (3597, 12, 428, 1, 4, '2024-01-01 00:00:00', NULL);
INSERT INTO prediction (id, user_id, game_id, home_score, away_score, created_at, updated_at) VALUES (3598, 3, 428, 1, 5, '2024-01-01 00:00:00', NULL);
INSERT INTO prediction (id, user_id, game_id, home_score, away_score, created_at, updated_at) VALUES (3599, 10, 428, 2, 5, '2024-01-01 00:00:00', NULL);
INSERT INTO prediction (id, user_id, game_id, home_score, away_score, created_at, updated_at) VALUES (3600, 13, 429, 1, 2, '2024-01-01 00:00:00', NULL);
INSERT INTO prediction (id, user_id, game_id, home_score, away_score, created_at, updated_at) VALUES (3601, 16, 429, 5, 2, '2024-01-01 00:00:00', NULL);
INSERT INTO prediction (id, user_id, game_id, home_score, away_score, created_at, updated_at) VALUES (3602, 9, 429, 4, 2, '2024-01-01 00:00:00', NULL);
INSERT INTO prediction (id, user_id, game_id, home_score, away_score, created_at, updated_at) VALUES (3603, 14, 429, 4, 2, '2024-01-01 00:00:00', NULL);
INSERT INTO prediction (id, user_id, game_id, home_score, away_score, created_at, updated_at) VALUES (3604, 18, 429, 4, 2, '2024-01-01 00:00:00', NULL);
INSERT INTO prediction (id, user_id, game_id, home_score, away_score, created_at, updated_at) VALUES (3605, 2, 429, 2, 3, '2024-01-01 00:00:00', NULL);
INSERT INTO prediction (id, user_id, game_id, home_score, away_score, created_at, updated_at) VALUES (3606, 7, 429, 4, 3, '2024-01-01 00:00:00', NULL);
INSERT INTO prediction (id, user_id, game_id, home_score, away_score, created_at, updated_at) VALUES (3607, 12, 429, 5, 2, '2024-01-01 00:00:00', NULL);
INSERT INTO prediction (id, user_id, game_id, home_score, away_score, created_at, updated_at) VALUES (3608, 3, 429, 3, 2, '2024-01-01 00:00:00', NULL);
INSERT INTO prediction (id, user_id, game_id, home_score, away_score, created_at, updated_at) VALUES (3609, 10, 429, 4, 2, '2024-01-01 00:00:00', NULL);
INSERT INTO prediction (id, user_id, game_id, home_score, away_score, created_at, updated_at) VALUES (3610, 13, 430, 0, 3, '2024-01-01 00:00:00', NULL);
INSERT INTO prediction (id, user_id, game_id, home_score, away_score, created_at, updated_at) VALUES (3611, 16, 430, 1, 4, '2024-01-01 00:00:00', NULL);
INSERT INTO prediction (id, user_id, game_id, home_score, away_score, created_at, updated_at) VALUES (3612, 9, 430, 1, 3, '2024-01-01 00:00:00', NULL);
INSERT INTO prediction (id, user_id, game_id, home_score, away_score, created_at, updated_at) VALUES (3613, 14, 430, 2, 5, '2024-01-01 00:00:00', NULL);
INSERT INTO prediction (id, user_id, game_id, home_score, away_score, created_at, updated_at) VALUES (3614, 18, 430, 2, 5, '2024-01-01 00:00:00', NULL);
INSERT INTO prediction (id, user_id, game_id, home_score, away_score, created_at, updated_at) VALUES (3615, 2, 430, 2, 5, '2024-01-01 00:00:00', NULL);
INSERT INTO prediction (id, user_id, game_id, home_score, away_score, created_at, updated_at) VALUES (3616, 7, 430, 1, 3, '2024-01-01 00:00:00', NULL);
INSERT INTO prediction (id, user_id, game_id, home_score, away_score, created_at, updated_at) VALUES (3617, 12, 430, 1, 5, '2024-01-01 00:00:00', NULL);
INSERT INTO prediction (id, user_id, game_id, home_score, away_score, created_at, updated_at) VALUES (3618, 3, 430, 1, 3, '2024-01-01 00:00:00', NULL);
INSERT INTO prediction (id, user_id, game_id, home_score, away_score, created_at, updated_at) VALUES (3619, 10, 430, 2, 5, '2024-01-01 00:00:00', NULL);
INSERT INTO prediction (id, user_id, game_id, home_score, away_score, created_at, updated_at) VALUES (3620, 13, 431, 1, 4, '2024-01-01 00:00:00', NULL);
INSERT INTO prediction (id, user_id, game_id, home_score, away_score, created_at, updated_at) VALUES (3621, 16, 431, 2, 4, '2024-01-01 00:00:00', NULL);
INSERT INTO prediction (id, user_id, game_id, home_score, away_score, created_at, updated_at) VALUES (3622, 9, 431, 2, 4, '2024-01-01 00:00:00', NULL);
INSERT INTO prediction (id, user_id, game_id, home_score, away_score, created_at, updated_at) VALUES (3623, 14, 431, 2, 4, '2024-01-01 00:00:00', NULL);
INSERT INTO prediction (id, user_id, game_id, home_score, away_score, created_at, updated_at) VALUES (3624, 18, 431, 2, 4, '2024-01-01 00:00:00', NULL);
INSERT INTO prediction (id, user_id, game_id, home_score, away_score, created_at, updated_at) VALUES (3625, 2, 431, 2, 3, '2024-01-01 00:00:00', NULL);
INSERT INTO prediction (id, user_id, game_id, home_score, away_score, created_at, updated_at) VALUES (3626, 7, 431, 2, 5, '2024-01-01 00:00:00', NULL);
INSERT INTO prediction (id, user_id, game_id, home_score, away_score, created_at, updated_at) VALUES (3627, 12, 431, 1, 4, '2024-01-01 00:00:00', NULL);
INSERT INTO prediction (id, user_id, game_id, home_score, away_score, created_at, updated_at) VALUES (3628, 3, 431, 2, 4, '2024-01-01 00:00:00', NULL);
INSERT INTO prediction (id, user_id, game_id, home_score, away_score, created_at, updated_at) VALUES (3629, 10, 431, 3, 5, '2024-01-01 00:00:00', NULL);
INSERT INTO prediction (id, user_id, game_id, home_score, away_score, created_at, updated_at) VALUES (3630, 13, 432, 3, 4, '2024-01-01 00:00:00', NULL);
INSERT INTO prediction (id, user_id, game_id, home_score, away_score, created_at, updated_at) VALUES (3631, 16, 432, 1, 4, '2024-01-01 00:00:00', NULL);
INSERT INTO prediction (id, user_id, game_id, home_score, away_score, created_at, updated_at) VALUES (3632, 9, 432, 2, 3, '2024-01-01 00:00:00', NULL);
INSERT INTO prediction (id, user_id, game_id, home_score, away_score, created_at, updated_at) VALUES (3633, 14, 432, 3, 4, '2024-01-01 00:00:00', NULL);
INSERT INTO prediction (id, user_id, game_id, home_score, away_score, created_at, updated_at) VALUES (3634, 18, 432, 3, 5, '2024-01-01 00:00:00', NULL);
INSERT INTO prediction (id, user_id, game_id, home_score, away_score, created_at, updated_at) VALUES (3635, 2, 432, 2, 4, '2024-01-01 00:00:00', NULL);
INSERT INTO prediction (id, user_id, game_id, home_score, away_score, created_at, updated_at) VALUES (3636, 7, 432, 2, 3, '2024-01-01 00:00:00', NULL);
INSERT INTO prediction (id, user_id, game_id, home_score, away_score, created_at, updated_at) VALUES (3637, 12, 432, 2, 3, '2024-01-01 00:00:00', NULL);
INSERT INTO prediction (id, user_id, game_id, home_score, away_score, created_at, updated_at) VALUES (3638, 3, 432, 2, 3, '2024-01-01 00:00:00', NULL);
INSERT INTO prediction (id, user_id, game_id, home_score, away_score, created_at, updated_at) VALUES (3639, 10, 432, 2, 3, '2024-01-01 00:00:00', NULL);
INSERT INTO prediction (id, user_id, game_id, home_score, away_score, created_at, updated_at) VALUES (3640, 13, 433, 1, 3, '2024-01-01 00:00:00', NULL);
INSERT INTO prediction (id, user_id, game_id, home_score, away_score, created_at, updated_at) VALUES (3641, 16, 433, 2, 4, '2024-01-01 00:00:00', NULL);
INSERT INTO prediction (id, user_id, game_id, home_score, away_score, created_at, updated_at) VALUES (3642, 9, 433, 3, 2, '2024-01-01 00:00:00', NULL);
INSERT INTO prediction (id, user_id, game_id, home_score, away_score, created_at, updated_at) VALUES (3643, 14, 433, 2, 3, '2024-01-01 00:00:00', NULL);
INSERT INTO prediction (id, user_id, game_id, home_score, away_score, created_at, updated_at) VALUES (3644, 18, 433, 1, 4, '2024-01-01 00:00:00', NULL);
INSERT INTO prediction (id, user_id, game_id, home_score, away_score, created_at, updated_at) VALUES (3645, 2, 433, 1, 4, '2024-01-01 00:00:00', NULL);
INSERT INTO prediction (id, user_id, game_id, home_score, away_score, created_at, updated_at) VALUES (3646, 7, 433, 1, 2, '2024-01-01 00:00:00', NULL);
INSERT INTO prediction (id, user_id, game_id, home_score, away_score, created_at, updated_at) VALUES (3647, 12, 433, 4, 3, '2024-01-01 00:00:00', NULL);
INSERT INTO prediction (id, user_id, game_id, home_score, away_score, created_at, updated_at) VALUES (3648, 3, 433, 1, 3, '2024-01-01 00:00:00', NULL);
INSERT INTO prediction (id, user_id, game_id, home_score, away_score, created_at, updated_at) VALUES (3649, 10, 433, 1, 4, '2024-01-01 00:00:00', NULL);
INSERT INTO prediction (id, user_id, game_id, home_score, away_score, created_at, updated_at) VALUES (3650, 13, 434, 1, 2, '2024-01-01 00:00:00', NULL);
INSERT INTO prediction (id, user_id, game_id, home_score, away_score, created_at, updated_at) VALUES (3651, 16, 434, 3, 2, '2024-01-01 00:00:00', NULL);
INSERT INTO prediction (id, user_id, game_id, home_score, away_score, created_at, updated_at) VALUES (3652, 9, 434, 3, 2, '2024-01-01 00:00:00', NULL);
INSERT INTO prediction (id, user_id, game_id, home_score, away_score, created_at, updated_at) VALUES (3653, 14, 434, 2, 3, '2024-01-01 00:00:00', NULL);
INSERT INTO prediction (id, user_id, game_id, home_score, away_score, created_at, updated_at) VALUES (3654, 18, 434, 2, 3, '2024-01-01 00:00:00', NULL);
INSERT INTO prediction (id, user_id, game_id, home_score, away_score, created_at, updated_at) VALUES (3655, 2, 434, 2, 3, '2024-01-01 00:00:00', NULL);
INSERT INTO prediction (id, user_id, game_id, home_score, away_score, created_at, updated_at) VALUES (3656, 7, 434, 3, 4, '2024-01-01 00:00:00', NULL);
INSERT INTO prediction (id, user_id, game_id, home_score, away_score, created_at, updated_at) VALUES (3657, 12, 434, 4, 2, '2024-01-01 00:00:00', NULL);
INSERT INTO prediction (id, user_id, game_id, home_score, away_score, created_at, updated_at) VALUES (3658, 3, 434, 3, 2, '2024-01-01 00:00:00', NULL);
INSERT INTO prediction (id, user_id, game_id, home_score, away_score, created_at, updated_at) VALUES (3659, 10, 434, 2, 3, '2024-01-01 00:00:00', NULL);
INSERT INTO prediction (id, user_id, game_id, home_score, away_score, created_at, updated_at) VALUES (3660, 13, 435, 2, 3, '2024-01-01 00:00:00', NULL);
INSERT INTO prediction (id, user_id, game_id, home_score, away_score, created_at, updated_at) VALUES (3661, 16, 435, 2, 5, '2024-01-01 00:00:00', NULL);
INSERT INTO prediction (id, user_id, game_id, home_score, away_score, created_at, updated_at) VALUES (3662, 9, 435, 3, 2, '2024-01-01 00:00:00', NULL);
INSERT INTO prediction (id, user_id, game_id, home_score, away_score, created_at, updated_at) VALUES (3663, 14, 435, 1, 3, '2024-01-01 00:00:00', NULL);
INSERT INTO prediction (id, user_id, game_id, home_score, away_score, created_at, updated_at) VALUES (3664, 18, 435, 3, 1, '2024-01-01 00:00:00', NULL);
INSERT INTO prediction (id, user_id, game_id, home_score, away_score, created_at, updated_at) VALUES (3665, 2, 435, 5, 3, '2024-01-01 00:00:00', NULL);
INSERT INTO prediction (id, user_id, game_id, home_score, away_score, created_at, updated_at) VALUES (3666, 7, 435, 2, 4, '2024-01-01 00:00:00', NULL);
INSERT INTO prediction (id, user_id, game_id, home_score, away_score, created_at, updated_at) VALUES (3667, 12, 435, 4, 3, '2024-01-01 00:00:00', NULL);
INSERT INTO prediction (id, user_id, game_id, home_score, away_score, created_at, updated_at) VALUES (3668, 3, 435, 1, 3, '2024-01-01 00:00:00', NULL);
INSERT INTO prediction (id, user_id, game_id, home_score, away_score, created_at, updated_at) VALUES (3669, 10, 435, 2, 1, '2024-01-01 00:00:00', NULL);
INSERT INTO prediction (id, user_id, game_id, home_score, away_score, created_at, updated_at) VALUES (3670, 13, 436, 5, 0, '2024-01-01 00:00:00', NULL);
INSERT INTO prediction (id, user_id, game_id, home_score, away_score, created_at, updated_at) VALUES (3671, 16, 436, 7, 1, '2024-01-01 00:00:00', NULL);
INSERT INTO prediction (id, user_id, game_id, home_score, away_score, created_at, updated_at) VALUES (3672, 9, 436, 6, 1, '2024-01-01 00:00:00', NULL);
INSERT INTO prediction (id, user_id, game_id, home_score, away_score, created_at, updated_at) VALUES (3673, 14, 436, 6, 1, '2024-01-01 00:00:00', NULL);
INSERT INTO prediction (id, user_id, game_id, home_score, away_score, created_at, updated_at) VALUES (3674, 18, 436, 5, 2, '2024-01-01 00:00:00', NULL);
INSERT INTO prediction (id, user_id, game_id, home_score, away_score, created_at, updated_at) VALUES (3675, 2, 436, 10, 2, '2024-01-01 00:00:00', NULL);
INSERT INTO prediction (id, user_id, game_id, home_score, away_score, created_at, updated_at) VALUES (3676, 7, 436, 5, 1, '2024-01-01 00:00:00', NULL);
INSERT INTO prediction (id, user_id, game_id, home_score, away_score, created_at, updated_at) VALUES (3677, 12, 436, 7, 1, '2024-01-01 00:00:00', NULL);
INSERT INTO prediction (id, user_id, game_id, home_score, away_score, created_at, updated_at) VALUES (3678, 3, 436, 5, 1, '2024-01-01 00:00:00', NULL);
INSERT INTO prediction (id, user_id, game_id, home_score, away_score, created_at, updated_at) VALUES (3679, 10, 436, 4, 2, '2024-01-01 00:00:00', NULL);
INSERT INTO prediction (id, user_id, game_id, home_score, away_score, created_at, updated_at) VALUES (3680, 13, 437, 3, 2, '2024-01-01 00:00:00', NULL);
INSERT INTO prediction (id, user_id, game_id, home_score, away_score, created_at, updated_at) VALUES (3681, 16, 437, 4, 1, '2024-01-01 00:00:00', NULL);
INSERT INTO prediction (id, user_id, game_id, home_score, away_score, created_at, updated_at) VALUES (3682, 9, 437, 4, 2, '2024-01-01 00:00:00', NULL);
INSERT INTO prediction (id, user_id, game_id, home_score, away_score, created_at, updated_at) VALUES (3683, 14, 437, 3, 1, '2024-01-01 00:00:00', NULL);
INSERT INTO prediction (id, user_id, game_id, home_score, away_score, created_at, updated_at) VALUES (3684, 18, 437, 3, 1, '2024-01-01 00:00:00', NULL);
INSERT INTO prediction (id, user_id, game_id, home_score, away_score, created_at, updated_at) VALUES (3685, 2, 437, 2, 3, '2024-01-01 00:00:00', NULL);
INSERT INTO prediction (id, user_id, game_id, home_score, away_score, created_at, updated_at) VALUES (3686, 7, 437, 3, 1, '2024-01-01 00:00:00', NULL);
INSERT INTO prediction (id, user_id, game_id, home_score, away_score, created_at, updated_at) VALUES (3687, 12, 437, 4, 3, '2024-01-01 00:00:00', NULL);
INSERT INTO prediction (id, user_id, game_id, home_score, away_score, created_at, updated_at) VALUES (3688, 3, 437, 4, 2, '2024-01-01 00:00:00', NULL);
INSERT INTO prediction (id, user_id, game_id, home_score, away_score, created_at, updated_at) VALUES (3689, 10, 437, 3, 1, '2024-01-01 00:00:00', NULL);
INSERT INTO prediction (id, user_id, game_id, home_score, away_score, created_at, updated_at) VALUES (3690, 13, 438, 4, 2, '2024-01-01 00:00:00', NULL);
INSERT INTO prediction (id, user_id, game_id, home_score, away_score, created_at, updated_at) VALUES (3691, 16, 438, 5, 1, '2024-01-01 00:00:00', NULL);
INSERT INTO prediction (id, user_id, game_id, home_score, away_score, created_at, updated_at) VALUES (3692, 9, 438, 4, 1, '2024-01-01 00:00:00', NULL);
INSERT INTO prediction (id, user_id, game_id, home_score, away_score, created_at, updated_at) VALUES (3693, 14, 438, 4, 1, '2024-01-01 00:00:00', NULL);
INSERT INTO prediction (id, user_id, game_id, home_score, away_score, created_at, updated_at) VALUES (3694, 18, 438, 4, 1, '2024-01-01 00:00:00', NULL);
INSERT INTO prediction (id, user_id, game_id, home_score, away_score, created_at, updated_at) VALUES (3695, 2, 438, 4, 1, '2024-01-01 00:00:00', NULL);
INSERT INTO prediction (id, user_id, game_id, home_score, away_score, created_at, updated_at) VALUES (3696, 7, 438, 4, 1, '2024-01-01 00:00:00', NULL);
INSERT INTO prediction (id, user_id, game_id, home_score, away_score, created_at, updated_at) VALUES (3697, 12, 438, 4, 1, '2024-01-01 00:00:00', NULL);
INSERT INTO prediction (id, user_id, game_id, home_score, away_score, created_at, updated_at) VALUES (3698, 3, 438, 3, 1, '2024-01-01 00:00:00', NULL);
INSERT INTO prediction (id, user_id, game_id, home_score, away_score, created_at, updated_at) VALUES (3699, 10, 438, 4, 1, '2024-01-01 00:00:00', NULL);
INSERT INTO prediction (id, user_id, game_id, home_score, away_score, created_at, updated_at) VALUES (3700, 13, 439, 4, 1, '2024-01-01 00:00:00', NULL);
INSERT INTO prediction (id, user_id, game_id, home_score, away_score, created_at, updated_at) VALUES (3701, 16, 439, 5, 3, '2024-01-01 00:00:00', NULL);
INSERT INTO prediction (id, user_id, game_id, home_score, away_score, created_at, updated_at) VALUES (3702, 9, 439, 7, 0, '2024-01-01 00:00:00', NULL);
INSERT INTO prediction (id, user_id, game_id, home_score, away_score, created_at, updated_at) VALUES (3703, 14, 439, 5, 1, '2024-01-01 00:00:00', NULL);
INSERT INTO prediction (id, user_id, game_id, home_score, away_score, created_at, updated_at) VALUES (3704, 18, 439, 3, 1, '2024-01-01 00:00:00', NULL);
INSERT INTO prediction (id, user_id, game_id, home_score, away_score, created_at, updated_at) VALUES (3705, 2, 439, 7, 2, '2024-01-01 00:00:00', NULL);
INSERT INTO prediction (id, user_id, game_id, home_score, away_score, created_at, updated_at) VALUES (3706, 7, 439, 5, 1, '2024-01-01 00:00:00', NULL);
INSERT INTO prediction (id, user_id, game_id, home_score, away_score, created_at, updated_at) VALUES (3707, 12, 439, 5, 1, '2024-01-01 00:00:00', NULL);
INSERT INTO prediction (id, user_id, game_id, home_score, away_score, created_at, updated_at) VALUES (3708, 3, 439, 4, 1, '2024-01-01 00:00:00', NULL);
INSERT INTO prediction (id, user_id, game_id, home_score, away_score, created_at, updated_at) VALUES (3709, 10, 439, 3, 1, '2024-01-01 00:00:00', NULL);
INSERT INTO prediction (id, user_id, game_id, home_score, away_score, created_at, updated_at) VALUES (3710, 13, 440, 5, 2, '2024-01-01 00:00:00', NULL);
INSERT INTO prediction (id, user_id, game_id, home_score, away_score, created_at, updated_at) VALUES (3711, 16, 440, 6, 2, '2024-01-01 00:00:00', NULL);
INSERT INTO prediction (id, user_id, game_id, home_score, away_score, created_at, updated_at) VALUES (3712, 9, 440, 5, 1, '2024-01-01 00:00:00', NULL);
INSERT INTO prediction (id, user_id, game_id, home_score, away_score, created_at, updated_at) VALUES (3713, 14, 440, 6, 1, '2024-01-01 00:00:00', NULL);
INSERT INTO prediction (id, user_id, game_id, home_score, away_score, created_at, updated_at) VALUES (3714, 18, 440, 4, 2, '2024-01-01 00:00:00', NULL);
INSERT INTO prediction (id, user_id, game_id, home_score, away_score, created_at, updated_at) VALUES (3715, 2, 440, 8, 3, '2024-01-01 00:00:00', NULL);
INSERT INTO prediction (id, user_id, game_id, home_score, away_score, created_at, updated_at) VALUES (3716, 7, 440, 6, 0, '2024-01-01 00:00:00', NULL);
INSERT INTO prediction (id, user_id, game_id, home_score, away_score, created_at, updated_at) VALUES (3717, 12, 440, 6, 1, '2024-01-01 00:00:00', NULL);
INSERT INTO prediction (id, user_id, game_id, home_score, away_score, created_at, updated_at) VALUES (3718, 3, 440, 5, 1, '2024-01-01 00:00:00', NULL);
INSERT INTO prediction (id, user_id, game_id, home_score, away_score, created_at, updated_at) VALUES (3719, 10, 440, 5, 1, '2024-01-01 00:00:00', NULL);
INSERT INTO prediction (id, user_id, game_id, home_score, away_score, created_at, updated_at) VALUES (3720, 13, 441, 1, 4, '2024-01-01 00:00:00', NULL);
INSERT INTO prediction (id, user_id, game_id, home_score, away_score, created_at, updated_at) VALUES (3721, 16, 441, 2, 5, '2024-01-01 00:00:00', NULL);
INSERT INTO prediction (id, user_id, game_id, home_score, away_score, created_at, updated_at) VALUES (3722, 9, 441, 1, 5, '2024-01-01 00:00:00', NULL);
INSERT INTO prediction (id, user_id, game_id, home_score, away_score, created_at, updated_at) VALUES (3723, 14, 441, 1, 8, '2024-01-01 00:00:00', NULL);
INSERT INTO prediction (id, user_id, game_id, home_score, away_score, created_at, updated_at) VALUES (3724, 18, 441, 1, 6, '2024-01-01 00:00:00', NULL);
INSERT INTO prediction (id, user_id, game_id, home_score, away_score, created_at, updated_at) VALUES (3725, 2, 441, 2, 7, '2024-01-01 00:00:00', NULL);
INSERT INTO prediction (id, user_id, game_id, home_score, away_score, created_at, updated_at) VALUES (3726, 7, 441, 0, 7, '2024-01-01 00:00:00', NULL);
INSERT INTO prediction (id, user_id, game_id, home_score, away_score, created_at, updated_at) VALUES (3727, 12, 441, 0, 7, '2024-01-01 00:00:00', NULL);
INSERT INTO prediction (id, user_id, game_id, home_score, away_score, created_at, updated_at) VALUES (3728, 3, 441, 1, 4, '2024-01-01 00:00:00', NULL);
INSERT INTO prediction (id, user_id, game_id, home_score, away_score, created_at, updated_at) VALUES (3729, 10, 441, 0, 3, '2024-01-01 00:00:00', NULL);
INSERT INTO prediction (id, user_id, game_id, home_score, away_score, created_at, updated_at) VALUES (3730, 13, 442, 3, 2, '2024-01-01 00:00:00', NULL);
INSERT INTO prediction (id, user_id, game_id, home_score, away_score, created_at, updated_at) VALUES (3731, 16, 442, 7, 2, '2024-01-01 00:00:00', NULL);
INSERT INTO prediction (id, user_id, game_id, home_score, away_score, created_at, updated_at) VALUES (3732, 9, 442, 3, 1, '2024-01-01 00:00:00', NULL);
INSERT INTO prediction (id, user_id, game_id, home_score, away_score, created_at, updated_at) VALUES (3733, 14, 442, 4, 2, '2024-01-01 00:00:00', NULL);
INSERT INTO prediction (id, user_id, game_id, home_score, away_score, created_at, updated_at) VALUES (3734, 18, 442, 3, 2, '2024-01-01 00:00:00', NULL);
INSERT INTO prediction (id, user_id, game_id, home_score, away_score, created_at, updated_at) VALUES (3735, 2, 442, 5, 1, '2024-01-01 00:00:00', NULL);
INSERT INTO prediction (id, user_id, game_id, home_score, away_score, created_at, updated_at) VALUES (3736, 7, 442, 5, 2, '2024-01-01 00:00:00', NULL);
INSERT INTO prediction (id, user_id, game_id, home_score, away_score, created_at, updated_at) VALUES (3737, 12, 442, 6, 1, '2024-01-01 00:00:00', NULL);
INSERT INTO prediction (id, user_id, game_id, home_score, away_score, created_at, updated_at) VALUES (3738, 3, 442, 3, 2, '2024-01-01 00:00:00', NULL);
INSERT INTO prediction (id, user_id, game_id, home_score, away_score, created_at, updated_at) VALUES (3739, 10, 442, 4, 2, '2024-01-01 00:00:00', NULL);
INSERT INTO prediction (id, user_id, game_id, home_score, away_score, created_at, updated_at) VALUES (3740, 13, 443, 4, 1, '2024-01-01 00:00:00', NULL);
INSERT INTO prediction (id, user_id, game_id, home_score, away_score, created_at, updated_at) VALUES (3741, 16, 443, 4, 1, '2024-01-01 00:00:00', NULL);
INSERT INTO prediction (id, user_id, game_id, home_score, away_score, created_at, updated_at) VALUES (3742, 9, 443, 5, 1, '2024-01-01 00:00:00', NULL);
INSERT INTO prediction (id, user_id, game_id, home_score, away_score, created_at, updated_at) VALUES (3743, 14, 443, 6, 1, '2024-01-01 00:00:00', NULL);
INSERT INTO prediction (id, user_id, game_id, home_score, away_score, created_at, updated_at) VALUES (3744, 18, 443, 4, 2, '2024-01-01 00:00:00', NULL);
INSERT INTO prediction (id, user_id, game_id, home_score, away_score, created_at, updated_at) VALUES (3745, 2, 443, 8, 1, '2024-01-01 00:00:00', NULL);
INSERT INTO prediction (id, user_id, game_id, home_score, away_score, created_at, updated_at) VALUES (3746, 7, 443, 6, 1, '2024-01-01 00:00:00', NULL);
INSERT INTO prediction (id, user_id, game_id, home_score, away_score, created_at, updated_at) VALUES (3747, 12, 443, 8, 2, '2024-01-01 00:00:00', NULL);
INSERT INTO prediction (id, user_id, game_id, home_score, away_score, created_at, updated_at) VALUES (3748, 3, 443, 4, 1, '2024-01-01 00:00:00', NULL);
INSERT INTO prediction (id, user_id, game_id, home_score, away_score, created_at, updated_at) VALUES (3749, 10, 443, 5, 1, '2024-01-01 00:00:00', NULL);
INSERT INTO prediction (id, user_id, game_id, home_score, away_score, created_at, updated_at) VALUES (3750, 13, 444, 5, 1, '2024-01-01 00:00:00', NULL);
INSERT INTO prediction (id, user_id, game_id, home_score, away_score, created_at, updated_at) VALUES (3751, 16, 444, 6, 2, '2024-01-01 00:00:00', NULL);
INSERT INTO prediction (id, user_id, game_id, home_score, away_score, created_at, updated_at) VALUES (3752, 9, 444, 5, 1, '2024-01-01 00:00:00', NULL);
INSERT INTO prediction (id, user_id, game_id, home_score, away_score, created_at, updated_at) VALUES (3753, 14, 444, 6, 2, '2024-01-01 00:00:00', NULL);
INSERT INTO prediction (id, user_id, game_id, home_score, away_score, created_at, updated_at) VALUES (3754, 18, 444, 5, 2, '2024-01-01 00:00:00', NULL);
INSERT INTO prediction (id, user_id, game_id, home_score, away_score, created_at, updated_at) VALUES (3755, 2, 444, 5, 3, '2024-01-01 00:00:00', NULL);
INSERT INTO prediction (id, user_id, game_id, home_score, away_score, created_at, updated_at) VALUES (3756, 7, 444, 5, 2, '2024-01-01 00:00:00', NULL);
INSERT INTO prediction (id, user_id, game_id, home_score, away_score, created_at, updated_at) VALUES (3757, 12, 444, 8, 1, '2024-01-01 00:00:00', NULL);
INSERT INTO prediction (id, user_id, game_id, home_score, away_score, created_at, updated_at) VALUES (3758, 3, 444, 5, 0, '2024-01-01 00:00:00', NULL);
INSERT INTO prediction (id, user_id, game_id, home_score, away_score, created_at, updated_at) VALUES (3759, 10, 444, 4, 2, '2024-01-01 00:00:00', NULL);
INSERT INTO prediction (id, user_id, game_id, home_score, away_score, created_at, updated_at) VALUES (3760, 13, 445, 4, 1, '2024-01-01 00:00:00', NULL);
INSERT INTO prediction (id, user_id, game_id, home_score, away_score, created_at, updated_at) VALUES (3761, 16, 445, 4, 2, '2024-01-01 00:00:00', NULL);
INSERT INTO prediction (id, user_id, game_id, home_score, away_score, created_at, updated_at) VALUES (3762, 9, 445, 5, 1, '2024-01-01 00:00:00', NULL);
INSERT INTO prediction (id, user_id, game_id, home_score, away_score, created_at, updated_at) VALUES (3763, 14, 445, 4, 2, '2024-01-01 00:00:00', NULL);
INSERT INTO prediction (id, user_id, game_id, home_score, away_score, created_at, updated_at) VALUES (3764, 18, 445, 4, 1, '2024-01-01 00:00:00', NULL);
INSERT INTO prediction (id, user_id, game_id, home_score, away_score, created_at, updated_at) VALUES (3765, 2, 445, 4, 1, '2024-01-01 00:00:00', NULL);
INSERT INTO prediction (id, user_id, game_id, home_score, away_score, created_at, updated_at) VALUES (3766, 7, 445, 3, 1, '2024-01-01 00:00:00', NULL);
INSERT INTO prediction (id, user_id, game_id, home_score, away_score, created_at, updated_at) VALUES (3767, 12, 445, 5, 2, '2024-01-01 00:00:00', NULL);
INSERT INTO prediction (id, user_id, game_id, home_score, away_score, created_at, updated_at) VALUES (3768, 3, 445, 5, 0, '2024-01-01 00:00:00', NULL);
INSERT INTO prediction (id, user_id, game_id, home_score, away_score, created_at, updated_at) VALUES (3769, 10, 445, 4, 1, '2024-01-01 00:00:00', NULL);
INSERT INTO prediction (id, user_id, game_id, home_score, away_score, created_at, updated_at) VALUES (3770, 13, 446, 1, 3, '2024-01-01 00:00:00', NULL);
INSERT INTO prediction (id, user_id, game_id, home_score, away_score, created_at, updated_at) VALUES (3771, 16, 446, 2, 5, '2024-01-01 00:00:00', NULL);
INSERT INTO prediction (id, user_id, game_id, home_score, away_score, created_at, updated_at) VALUES (3772, 9, 446, 3, 2, '2024-01-01 00:00:00', NULL);
INSERT INTO prediction (id, user_id, game_id, home_score, away_score, created_at, updated_at) VALUES (3773, 14, 446, 2, 4, '2024-01-01 00:00:00', NULL);
INSERT INTO prediction (id, user_id, game_id, home_score, away_score, created_at, updated_at) VALUES (3774, 18, 446, 2, 3, '2024-01-01 00:00:00', NULL);
INSERT INTO prediction (id, user_id, game_id, home_score, away_score, created_at, updated_at) VALUES (3775, 2, 446, 3, 5, '2024-01-01 00:00:00', NULL);
INSERT INTO prediction (id, user_id, game_id, home_score, away_score, created_at, updated_at) VALUES (3776, 7, 446, 1, 2, '2024-01-01 00:00:00', NULL);
INSERT INTO prediction (id, user_id, game_id, home_score, away_score, created_at, updated_at) VALUES (3777, 12, 446, 1, 5, '2024-01-01 00:00:00', NULL);
INSERT INTO prediction (id, user_id, game_id, home_score, away_score, created_at, updated_at) VALUES (3778, 3, 446, 1, 3, '2024-01-01 00:00:00', NULL);
INSERT INTO prediction (id, user_id, game_id, home_score, away_score, created_at, updated_at) VALUES (3779, 10, 446, 2, 3, '2024-01-01 00:00:00', NULL);
INSERT INTO prediction (id, user_id, game_id, home_score, away_score, created_at, updated_at) VALUES (3780, 13, 447, 0, 4, '2024-01-01 00:00:00', NULL);
INSERT INTO prediction (id, user_id, game_id, home_score, away_score, created_at, updated_at) VALUES (3781, 16, 447, 1, 6, '2024-01-01 00:00:00', NULL);
INSERT INTO prediction (id, user_id, game_id, home_score, away_score, created_at, updated_at) VALUES (3782, 9, 447, 1, 5, '2024-01-01 00:00:00', NULL);
INSERT INTO prediction (id, user_id, game_id, home_score, away_score, created_at, updated_at) VALUES (3783, 14, 447, 1, 6, '2024-01-01 00:00:00', NULL);
INSERT INTO prediction (id, user_id, game_id, home_score, away_score, created_at, updated_at) VALUES (3784, 18, 447, 2, 3, '2024-01-01 00:00:00', NULL);
INSERT INTO prediction (id, user_id, game_id, home_score, away_score, created_at, updated_at) VALUES (3785, 2, 447, 1, 6, '2024-01-01 00:00:00', NULL);
INSERT INTO prediction (id, user_id, game_id, home_score, away_score, created_at, updated_at) VALUES (3786, 7, 447, 0, 8, '2024-01-01 00:00:00', NULL);
INSERT INTO prediction (id, user_id, game_id, home_score, away_score, created_at, updated_at) VALUES (3787, 12, 447, 0, 7, '2024-01-01 00:00:00', NULL);
INSERT INTO prediction (id, user_id, game_id, home_score, away_score, created_at, updated_at) VALUES (3788, 3, 447, 0, 6, '2024-01-01 00:00:00', NULL);
INSERT INTO prediction (id, user_id, game_id, home_score, away_score, created_at, updated_at) VALUES (3789, 10, 447, 0, 6, '2024-01-01 00:00:00', NULL);
INSERT INTO prediction (id, user_id, game_id, home_score, away_score, created_at, updated_at) VALUES (3790, 13, 448, 5, 3, '2024-01-01 00:00:00', NULL);
INSERT INTO prediction (id, user_id, game_id, home_score, away_score, created_at, updated_at) VALUES (3791, 16, 448, 4, 2, '2024-01-01 00:00:00', NULL);
INSERT INTO prediction (id, user_id, game_id, home_score, away_score, created_at, updated_at) VALUES (3792, 9, 448, 4, 2, '2024-01-01 00:00:00', NULL);
INSERT INTO prediction (id, user_id, game_id, home_score, away_score, created_at, updated_at) VALUES (3793, 14, 448, 5, 3, '2024-01-01 00:00:00', NULL);
INSERT INTO prediction (id, user_id, game_id, home_score, away_score, created_at, updated_at) VALUES (3794, 18, 448, 4, 1, '2024-01-01 00:00:00', NULL);
INSERT INTO prediction (id, user_id, game_id, home_score, away_score, created_at, updated_at) VALUES (3795, 2, 448, 5, 2, '2024-01-01 00:00:00', NULL);
INSERT INTO prediction (id, user_id, game_id, home_score, away_score, created_at, updated_at) VALUES (3796, 7, 448, 5, 3, '2024-01-01 00:00:00', NULL);
INSERT INTO prediction (id, user_id, game_id, home_score, away_score, created_at, updated_at) VALUES (3797, 12, 448, 4, 5, '2024-01-01 00:00:00', NULL);
INSERT INTO prediction (id, user_id, game_id, home_score, away_score, created_at, updated_at) VALUES (3798, 3, 448, 2, 4, '2024-01-01 00:00:00', NULL);
INSERT INTO prediction (id, user_id, game_id, home_score, away_score, created_at, updated_at) VALUES (3799, 10, 448, 4, 2, '2024-01-01 00:00:00', NULL);
INSERT INTO prediction (id, user_id, game_id, home_score, away_score, created_at, updated_at) VALUES (3800, 13, 449, 2, 4, '2024-01-01 00:00:00', NULL);
INSERT INTO prediction (id, user_id, game_id, home_score, away_score, created_at, updated_at) VALUES (3801, 16, 449, 1, 5, '2024-01-01 00:00:00', NULL);
INSERT INTO prediction (id, user_id, game_id, home_score, away_score, created_at, updated_at) VALUES (3802, 9, 449, 1, 4, '2024-01-01 00:00:00', NULL);
INSERT INTO prediction (id, user_id, game_id, home_score, away_score, created_at, updated_at) VALUES (3803, 14, 449, 0, 0, '2024-01-01 00:00:00', NULL);
INSERT INTO prediction (id, user_id, game_id, home_score, away_score, created_at, updated_at) VALUES (3804, 18, 449, 2, 5, '2024-01-01 00:00:00', NULL);
INSERT INTO prediction (id, user_id, game_id, home_score, away_score, created_at, updated_at) VALUES (3805, 2, 449, 0, 0, '2024-01-01 00:00:00', NULL);
INSERT INTO prediction (id, user_id, game_id, home_score, away_score, created_at, updated_at) VALUES (3806, 7, 449, 2, 5, '2024-01-01 00:00:00', NULL);
INSERT INTO prediction (id, user_id, game_id, home_score, away_score, created_at, updated_at) VALUES (3807, 12, 449, 1, 5, '2024-01-01 00:00:00', NULL);
INSERT INTO prediction (id, user_id, game_id, home_score, away_score, created_at, updated_at) VALUES (3808, 3, 449, 1, 4, '2024-01-01 00:00:00', NULL);
INSERT INTO prediction (id, user_id, game_id, home_score, away_score, created_at, updated_at) VALUES (3809, 10, 449, 1, 4, '2024-01-01 00:00:00', NULL);
INSERT INTO prediction (id, user_id, game_id, home_score, away_score, created_at, updated_at) VALUES (3810, 13, 450, 1, 3, '2024-01-01 00:00:00', NULL);
INSERT INTO prediction (id, user_id, game_id, home_score, away_score, created_at, updated_at) VALUES (3811, 16, 450, 2, 4, '2024-01-01 00:00:00', NULL);
INSERT INTO prediction (id, user_id, game_id, home_score, away_score, created_at, updated_at) VALUES (3812, 9, 450, 1, 4, '2024-01-01 00:00:00', NULL);
INSERT INTO prediction (id, user_id, game_id, home_score, away_score, created_at, updated_at) VALUES (3813, 14, 450, 0, 0, '2024-01-01 00:00:00', NULL);
INSERT INTO prediction (id, user_id, game_id, home_score, away_score, created_at, updated_at) VALUES (3814, 18, 450, 1, 3, '2024-01-01 00:00:00', NULL);
INSERT INTO prediction (id, user_id, game_id, home_score, away_score, created_at, updated_at) VALUES (3815, 2, 450, 0, 0, '2024-01-01 00:00:00', NULL);
INSERT INTO prediction (id, user_id, game_id, home_score, away_score, created_at, updated_at) VALUES (3816, 7, 450, 1, 4, '2024-01-01 00:00:00', NULL);
INSERT INTO prediction (id, user_id, game_id, home_score, away_score, created_at, updated_at) VALUES (3817, 12, 450, 1, 3, '2024-01-01 00:00:00', NULL);
INSERT INTO prediction (id, user_id, game_id, home_score, away_score, created_at, updated_at) VALUES (3818, 3, 450, 0, 2, '2024-01-01 00:00:00', NULL);
INSERT INTO prediction (id, user_id, game_id, home_score, away_score, created_at, updated_at) VALUES (3819, 10, 450, 2, 4, '2024-01-01 00:00:00', NULL);
INSERT INTO prediction (id, user_id, game_id, home_score, away_score, created_at, updated_at) VALUES (3820, 13, 451, 4, 1, '2024-01-01 00:00:00', NULL);
INSERT INTO prediction (id, user_id, game_id, home_score, away_score, created_at, updated_at) VALUES (3821, 16, 451, 7, 2, '2024-01-01 00:00:00', NULL);
INSERT INTO prediction (id, user_id, game_id, home_score, away_score, created_at, updated_at) VALUES (3822, 9, 451, 4, 1, '2024-01-01 00:00:00', NULL);
INSERT INTO prediction (id, user_id, game_id, home_score, away_score, created_at, updated_at) VALUES (3823, 14, 451, 5, 2, '2024-01-01 00:00:00', NULL);
INSERT INTO prediction (id, user_id, game_id, home_score, away_score, created_at, updated_at) VALUES (3824, 18, 451, 6, 1, '2024-01-01 00:00:00', NULL);
INSERT INTO prediction (id, user_id, game_id, home_score, away_score, created_at, updated_at) VALUES (3825, 2, 451, 7, 2, '2024-01-01 00:00:00', NULL);
INSERT INTO prediction (id, user_id, game_id, home_score, away_score, created_at, updated_at) VALUES (3826, 7, 451, 4, 1, '2024-01-01 00:00:00', NULL);
INSERT INTO prediction (id, user_id, game_id, home_score, away_score, created_at, updated_at) VALUES (3827, 12, 451, 4, 1, '2024-01-01 00:00:00', NULL);
INSERT INTO prediction (id, user_id, game_id, home_score, away_score, created_at, updated_at) VALUES (3828, 3, 451, 7, 1, '2024-01-01 00:00:00', NULL);
INSERT INTO prediction (id, user_id, game_id, home_score, away_score, created_at, updated_at) VALUES (3829, 10, 451, 4, 2, '2024-01-01 00:00:00', NULL);
INSERT INTO prediction (id, user_id, game_id, home_score, away_score, created_at, updated_at) VALUES (3830, 13, 452, 4, 2, '2024-01-01 00:00:00', NULL);
INSERT INTO prediction (id, user_id, game_id, home_score, away_score, created_at, updated_at) VALUES (3831, 16, 452, 2, 1, '2024-01-01 00:00:00', NULL);
INSERT INTO prediction (id, user_id, game_id, home_score, away_score, created_at, updated_at) VALUES (3832, 9, 452, 2, 3, '2024-01-01 00:00:00', NULL);
INSERT INTO prediction (id, user_id, game_id, home_score, away_score, created_at, updated_at) VALUES (3833, 14, 452, 3, 2, '2024-01-01 00:00:00', NULL);
INSERT INTO prediction (id, user_id, game_id, home_score, away_score, created_at, updated_at) VALUES (3834, 18, 452, 3, 2, '2024-01-01 00:00:00', NULL);
INSERT INTO prediction (id, user_id, game_id, home_score, away_score, created_at, updated_at) VALUES (3835, 2, 452, 4, 3, '2024-01-01 00:00:00', NULL);
INSERT INTO prediction (id, user_id, game_id, home_score, away_score, created_at, updated_at) VALUES (3836, 7, 452, 1, 2, '2024-01-01 00:00:00', NULL);
INSERT INTO prediction (id, user_id, game_id, home_score, away_score, created_at, updated_at) VALUES (3837, 12, 452, 3, 4, '2024-01-01 00:00:00', NULL);
INSERT INTO prediction (id, user_id, game_id, home_score, away_score, created_at, updated_at) VALUES (3838, 3, 452, 2, 1, '2024-01-01 00:00:00', NULL);
INSERT INTO prediction (id, user_id, game_id, home_score, away_score, created_at, updated_at) VALUES (3839, 10, 452, 3, 2, '2024-01-01 00:00:00', NULL);
INSERT INTO prediction (id, user_id, game_id, home_score, away_score, created_at, updated_at) VALUES (3840, 13, 453, 1, 4, '2024-01-01 00:00:00', NULL);
INSERT INTO prediction (id, user_id, game_id, home_score, away_score, created_at, updated_at) VALUES (3841, 16, 453, 3, 5, '2024-01-01 00:00:00', NULL);
INSERT INTO prediction (id, user_id, game_id, home_score, away_score, created_at, updated_at) VALUES (3842, 9, 453, 1, 7, '2024-01-01 00:00:00', NULL);
INSERT INTO prediction (id, user_id, game_id, home_score, away_score, created_at, updated_at) VALUES (3843, 14, 453, 1, 4, '2024-01-01 00:00:00', NULL);
INSERT INTO prediction (id, user_id, game_id, home_score, away_score, created_at, updated_at) VALUES (3844, 18, 453, 2, 5, '2024-01-01 00:00:00', NULL);
INSERT INTO prediction (id, user_id, game_id, home_score, away_score, created_at, updated_at) VALUES (3845, 2, 453, 2, 5, '2024-01-01 00:00:00', NULL);
INSERT INTO prediction (id, user_id, game_id, home_score, away_score, created_at, updated_at) VALUES (3846, 7, 453, 1, 4, '2024-01-01 00:00:00', NULL);
INSERT INTO prediction (id, user_id, game_id, home_score, away_score, created_at, updated_at) VALUES (3847, 12, 453, 2, 5, '2024-01-01 00:00:00', NULL);
INSERT INTO prediction (id, user_id, game_id, home_score, away_score, created_at, updated_at) VALUES (3848, 3, 453, 1, 5, '2024-01-01 00:00:00', NULL);
INSERT INTO prediction (id, user_id, game_id, home_score, away_score, created_at, updated_at) VALUES (3849, 10, 453, 2, 5, '2024-01-01 00:00:00', NULL);
INSERT INTO prediction (id, user_id, game_id, home_score, away_score, created_at, updated_at) VALUES (3850, 13, 454, 6, 1, '2024-01-01 00:00:00', NULL);
INSERT INTO prediction (id, user_id, game_id, home_score, away_score, created_at, updated_at) VALUES (3851, 16, 454, 6, 1, '2024-01-01 00:00:00', NULL);
INSERT INTO prediction (id, user_id, game_id, home_score, away_score, created_at, updated_at) VALUES (3852, 9, 454, 4, 1, '2024-01-01 00:00:00', NULL);
INSERT INTO prediction (id, user_id, game_id, home_score, away_score, created_at, updated_at) VALUES (3853, 14, 454, 6, 1, '2024-01-01 00:00:00', NULL);
INSERT INTO prediction (id, user_id, game_id, home_score, away_score, created_at, updated_at) VALUES (3854, 18, 454, 7, 1, '2024-01-01 00:00:00', NULL);
INSERT INTO prediction (id, user_id, game_id, home_score, away_score, created_at, updated_at) VALUES (3855, 2, 454, 8, 0, '2024-01-01 00:00:00', NULL);
INSERT INTO prediction (id, user_id, game_id, home_score, away_score, created_at, updated_at) VALUES (3856, 7, 454, 5, 1, '2024-01-01 00:00:00', NULL);
INSERT INTO prediction (id, user_id, game_id, home_score, away_score, created_at, updated_at) VALUES (3857, 12, 454, 6, 1, '2024-01-01 00:00:00', NULL);
INSERT INTO prediction (id, user_id, game_id, home_score, away_score, created_at, updated_at) VALUES (3858, 3, 454, 5, 1, '2024-01-01 00:00:00', NULL);
INSERT INTO prediction (id, user_id, game_id, home_score, away_score, created_at, updated_at) VALUES (3859, 10, 454, 5, 1, '2024-01-01 00:00:00', NULL);
INSERT INTO prediction (id, user_id, game_id, home_score, away_score, created_at, updated_at) VALUES (3860, 13, 455, 4, 0, '2024-01-01 00:00:00', NULL);
INSERT INTO prediction (id, user_id, game_id, home_score, away_score, created_at, updated_at) VALUES (3861, 16, 455, 5, 1, '2024-01-01 00:00:00', NULL);
INSERT INTO prediction (id, user_id, game_id, home_score, away_score, created_at, updated_at) VALUES (3862, 9, 455, 5, 1, '2024-01-01 00:00:00', NULL);
INSERT INTO prediction (id, user_id, game_id, home_score, away_score, created_at, updated_at) VALUES (3863, 14, 455, 5, 1, '2024-01-01 00:00:00', NULL);
INSERT INTO prediction (id, user_id, game_id, home_score, away_score, created_at, updated_at) VALUES (3864, 18, 455, 6, 1, '2024-01-01 00:00:00', NULL);
INSERT INTO prediction (id, user_id, game_id, home_score, away_score, created_at, updated_at) VALUES (3865, 2, 455, 6, 1, '2024-01-01 00:00:00', NULL);
INSERT INTO prediction (id, user_id, game_id, home_score, away_score, created_at, updated_at) VALUES (3866, 7, 455, 5, 1, '2024-01-01 00:00:00', NULL);
INSERT INTO prediction (id, user_id, game_id, home_score, away_score, created_at, updated_at) VALUES (3867, 12, 455, 6, 1, '2024-01-01 00:00:00', NULL);
INSERT INTO prediction (id, user_id, game_id, home_score, away_score, created_at, updated_at) VALUES (3868, 3, 455, 3, 1, '2024-01-01 00:00:00', NULL);
INSERT INTO prediction (id, user_id, game_id, home_score, away_score, created_at, updated_at) VALUES (3869, 10, 455, 8, 0, '2024-01-01 00:00:00', NULL);
INSERT INTO prediction (id, user_id, game_id, home_score, away_score, created_at, updated_at) VALUES (3870, 13, 456, 3, 1, '2024-01-01 00:00:00', NULL);
INSERT INTO prediction (id, user_id, game_id, home_score, away_score, created_at, updated_at) VALUES (3871, 16, 456, 2, 3, '2024-01-01 00:00:00', NULL);
INSERT INTO prediction (id, user_id, game_id, home_score, away_score, created_at, updated_at) VALUES (3872, 9, 456, 1, 4, '2024-01-01 00:00:00', NULL);
INSERT INTO prediction (id, user_id, game_id, home_score, away_score, created_at, updated_at) VALUES (3873, 14, 456, 2, 3, '2024-01-01 00:00:00', NULL);
INSERT INTO prediction (id, user_id, game_id, home_score, away_score, created_at, updated_at) VALUES (3874, 18, 456, 2, 4, '2024-01-01 00:00:00', NULL);
INSERT INTO prediction (id, user_id, game_id, home_score, away_score, created_at, updated_at) VALUES (3875, 2, 456, 2, 4, '2024-01-01 00:00:00', NULL);
INSERT INTO prediction (id, user_id, game_id, home_score, away_score, created_at, updated_at) VALUES (3876, 7, 456, 4, 3, '2024-01-01 00:00:00', NULL);
INSERT INTO prediction (id, user_id, game_id, home_score, away_score, created_at, updated_at) VALUES (3877, 12, 456, 2, 5, '2024-01-01 00:00:00', NULL);
INSERT INTO prediction (id, user_id, game_id, home_score, away_score, created_at, updated_at) VALUES (3878, 3, 456, 2, 3, '2024-01-01 00:00:00', NULL);
INSERT INTO prediction (id, user_id, game_id, home_score, away_score, created_at, updated_at) VALUES (3879, 10, 456, 2, 4, '2024-01-01 00:00:00', NULL);
INSERT INTO prediction (id, user_id, game_id, home_score, away_score, created_at, updated_at) VALUES (3880, 13, 457, 3, 1, '2024-01-01 00:00:00', NULL);
INSERT INTO prediction (id, user_id, game_id, home_score, away_score, created_at, updated_at) VALUES (3881, 16, 457, 4, 2, '2024-01-01 00:00:00', NULL);
INSERT INTO prediction (id, user_id, game_id, home_score, away_score, created_at, updated_at) VALUES (3882, 9, 457, 4, 2, '2024-01-01 00:00:00', NULL);
INSERT INTO prediction (id, user_id, game_id, home_score, away_score, created_at, updated_at) VALUES (3883, 14, 457, 4, 2, '2024-01-01 00:00:00', NULL);
INSERT INTO prediction (id, user_id, game_id, home_score, away_score, created_at, updated_at) VALUES (3884, 18, 457, 4, 1, '2024-01-01 00:00:00', NULL);
INSERT INTO prediction (id, user_id, game_id, home_score, away_score, created_at, updated_at) VALUES (3885, 2, 457, 5, 2, '2024-01-01 00:00:00', NULL);
INSERT INTO prediction (id, user_id, game_id, home_score, away_score, created_at, updated_at) VALUES (3886, 7, 457, 4, 2, '2024-01-01 00:00:00', NULL);
INSERT INTO prediction (id, user_id, game_id, home_score, away_score, created_at, updated_at) VALUES (3887, 12, 457, 3, 2, '2024-01-01 00:00:00', NULL);
INSERT INTO prediction (id, user_id, game_id, home_score, away_score, created_at, updated_at) VALUES (3888, 3, 457, 4, 1, '2024-01-01 00:00:00', NULL);
INSERT INTO prediction (id, user_id, game_id, home_score, away_score, created_at, updated_at) VALUES (3889, 10, 457, 3, 1, '2024-01-01 00:00:00', NULL);
INSERT INTO prediction (id, user_id, game_id, home_score, away_score, created_at, updated_at) VALUES (3890, 13, 458, 1, 3, '2024-01-01 00:00:00', NULL);
INSERT INTO prediction (id, user_id, game_id, home_score, away_score, created_at, updated_at) VALUES (3891, 16, 458, 2, 3, '2024-01-01 00:00:00', NULL);
INSERT INTO prediction (id, user_id, game_id, home_score, away_score, created_at, updated_at) VALUES (3892, 9, 458, 4, 3, '2024-01-01 00:00:00', NULL);
INSERT INTO prediction (id, user_id, game_id, home_score, away_score, created_at, updated_at) VALUES (3893, 14, 458, 3, 4, '2024-01-01 00:00:00', NULL);
INSERT INTO prediction (id, user_id, game_id, home_score, away_score, created_at, updated_at) VALUES (3894, 18, 458, 2, 3, '2024-01-01 00:00:00', NULL);
INSERT INTO prediction (id, user_id, game_id, home_score, away_score, created_at, updated_at) VALUES (3895, 2, 458, 2, 3, '2024-01-01 00:00:00', NULL);
INSERT INTO prediction (id, user_id, game_id, home_score, away_score, created_at, updated_at) VALUES (3896, 7, 458, 3, 2, '2024-01-01 00:00:00', NULL);
INSERT INTO prediction (id, user_id, game_id, home_score, away_score, created_at, updated_at) VALUES (3897, 12, 458, 3, 5, '2024-01-01 00:00:00', NULL);
INSERT INTO prediction (id, user_id, game_id, home_score, away_score, created_at, updated_at) VALUES (3898, 3, 458, 2, 4, '2024-01-01 00:00:00', NULL);
INSERT INTO prediction (id, user_id, game_id, home_score, away_score, created_at, updated_at) VALUES (3899, 10, 458, 3, 4, '2024-01-01 00:00:00', NULL);
INSERT INTO prediction (id, user_id, game_id, home_score, away_score, created_at, updated_at) VALUES (3900, 13, 459, 3, 1, '2024-01-01 00:00:00', NULL);
INSERT INTO prediction (id, user_id, game_id, home_score, away_score, created_at, updated_at) VALUES (3901, 16, 459, 6, 1, '2024-01-01 00:00:00', NULL);
INSERT INTO prediction (id, user_id, game_id, home_score, away_score, created_at, updated_at) VALUES (3902, 9, 459, 7, 1, '2024-01-01 00:00:00', NULL);
INSERT INTO prediction (id, user_id, game_id, home_score, away_score, created_at, updated_at) VALUES (3903, 14, 459, 7, 1, '2024-01-01 00:00:00', NULL);
INSERT INTO prediction (id, user_id, game_id, home_score, away_score, created_at, updated_at) VALUES (3904, 18, 459, 6, 1, '2024-01-01 00:00:00', NULL);
INSERT INTO prediction (id, user_id, game_id, home_score, away_score, created_at, updated_at) VALUES (3905, 2, 459, 12, 1, '2024-01-01 00:00:00', NULL);
INSERT INTO prediction (id, user_id, game_id, home_score, away_score, created_at, updated_at) VALUES (3906, 7, 459, 6, 1, '2024-01-01 00:00:00', NULL);
INSERT INTO prediction (id, user_id, game_id, home_score, away_score, created_at, updated_at) VALUES (3907, 12, 459, 6, 1, '2024-01-01 00:00:00', NULL);
INSERT INTO prediction (id, user_id, game_id, home_score, away_score, created_at, updated_at) VALUES (3908, 3, 459, 7, 1, '2024-01-01 00:00:00', NULL);
INSERT INTO prediction (id, user_id, game_id, home_score, away_score, created_at, updated_at) VALUES (3909, 10, 459, 3, 1, '2024-01-01 00:00:00', NULL);
INSERT INTO prediction (id, user_id, game_id, home_score, away_score, created_at, updated_at) VALUES (3910, 13, 460, 1, 4, '2024-01-01 00:00:00', NULL);
INSERT INTO prediction (id, user_id, game_id, home_score, away_score, created_at, updated_at) VALUES (3911, 16, 460, 2, 4, '2024-01-01 00:00:00', NULL);
INSERT INTO prediction (id, user_id, game_id, home_score, away_score, created_at, updated_at) VALUES (3912, 9, 460, 2, 4, '2024-01-01 00:00:00', NULL);
INSERT INTO prediction (id, user_id, game_id, home_score, away_score, created_at, updated_at) VALUES (3913, 14, 460, 2, 4, '2024-01-01 00:00:00', NULL);
INSERT INTO prediction (id, user_id, game_id, home_score, away_score, created_at, updated_at) VALUES (3914, 18, 460, 1, 3, '2024-01-01 00:00:00', NULL);
INSERT INTO prediction (id, user_id, game_id, home_score, away_score, created_at, updated_at) VALUES (3915, 2, 460, 1, 3, '2024-01-01 00:00:00', NULL);
INSERT INTO prediction (id, user_id, game_id, home_score, away_score, created_at, updated_at) VALUES (3916, 7, 460, 3, 4, '2024-01-01 00:00:00', NULL);
INSERT INTO prediction (id, user_id, game_id, home_score, away_score, created_at, updated_at) VALUES (3917, 12, 460, 2, 5, '2024-01-01 00:00:00', NULL);
INSERT INTO prediction (id, user_id, game_id, home_score, away_score, created_at, updated_at) VALUES (3918, 3, 460, 1, 3, '2024-01-01 00:00:00', NULL);
INSERT INTO prediction (id, user_id, game_id, home_score, away_score, created_at, updated_at) VALUES (3919, 10, 460, 1, 4, '2024-01-01 00:00:00', NULL);
INSERT INTO prediction (id, user_id, game_id, home_score, away_score, created_at, updated_at) VALUES (3920, 13, 461, 3, 2, '2024-01-01 00:00:00', NULL);
INSERT INTO prediction (id, user_id, game_id, home_score, away_score, created_at, updated_at) VALUES (3921, 16, 461, 4, 3, '2024-01-01 00:00:00', NULL);
INSERT INTO prediction (id, user_id, game_id, home_score, away_score, created_at, updated_at) VALUES (3922, 9, 461, 2, 4, '2024-01-01 00:00:00', NULL);
INSERT INTO prediction (id, user_id, game_id, home_score, away_score, created_at, updated_at) VALUES (3923, 14, 461, 3, 2, '2024-01-01 00:00:00', NULL);
INSERT INTO prediction (id, user_id, game_id, home_score, away_score, created_at, updated_at) VALUES (3924, 18, 461, 4, 1, '2024-01-01 00:00:00', NULL);
INSERT INTO prediction (id, user_id, game_id, home_score, away_score, created_at, updated_at) VALUES (3925, 2, 461, 1, 2, '2024-01-01 00:00:00', NULL);
INSERT INTO prediction (id, user_id, game_id, home_score, away_score, created_at, updated_at) VALUES (3926, 7, 461, 4, 3, '2024-01-01 00:00:00', NULL);
INSERT INTO prediction (id, user_id, game_id, home_score, away_score, created_at, updated_at) VALUES (3927, 12, 461, 4, 2, '2024-01-01 00:00:00', NULL);
INSERT INTO prediction (id, user_id, game_id, home_score, away_score, created_at, updated_at) VALUES (3928, 3, 461, 4, 1, '2024-01-01 00:00:00', NULL);
INSERT INTO prediction (id, user_id, game_id, home_score, away_score, created_at, updated_at) VALUES (3929, 10, 461, 2, 5, '2024-01-01 00:00:00', NULL);
INSERT INTO prediction (id, user_id, game_id, home_score, away_score, created_at, updated_at) VALUES (3930, 13, 462, 3, 1, '2024-01-01 00:00:00', NULL);
INSERT INTO prediction (id, user_id, game_id, home_score, away_score, created_at, updated_at) VALUES (3931, 16, 462, 5, 2, '2024-01-01 00:00:00', NULL);
INSERT INTO prediction (id, user_id, game_id, home_score, away_score, created_at, updated_at) VALUES (3932, 9, 462, 4, 1, '2024-01-01 00:00:00', NULL);
INSERT INTO prediction (id, user_id, game_id, home_score, away_score, created_at, updated_at) VALUES (3933, 14, 462, 4, 1, '2024-01-01 00:00:00', NULL);
INSERT INTO prediction (id, user_id, game_id, home_score, away_score, created_at, updated_at) VALUES (3934, 18, 462, 4, 1, '2024-01-01 00:00:00', NULL);
INSERT INTO prediction (id, user_id, game_id, home_score, away_score, created_at, updated_at) VALUES (3935, 2, 462, 2, 3, '2024-01-01 00:00:00', NULL);
INSERT INTO prediction (id, user_id, game_id, home_score, away_score, created_at, updated_at) VALUES (3936, 7, 462, 5, 2, '2024-01-01 00:00:00', NULL);
INSERT INTO prediction (id, user_id, game_id, home_score, away_score, created_at, updated_at) VALUES (3937, 12, 462, 5, 0, '2024-01-01 00:00:00', NULL);
INSERT INTO prediction (id, user_id, game_id, home_score, away_score, created_at, updated_at) VALUES (3938, 3, 462, 5, 1, '2024-01-01 00:00:00', NULL);
INSERT INTO prediction (id, user_id, game_id, home_score, away_score, created_at, updated_at) VALUES (3939, 10, 462, 4, 2, '2024-01-01 00:00:00', NULL);
INSERT INTO prediction (id, user_id, game_id, home_score, away_score, created_at, updated_at) VALUES (3940, 13, 463, 1, 3, '2024-01-01 00:00:00', NULL);
INSERT INTO prediction (id, user_id, game_id, home_score, away_score, created_at, updated_at) VALUES (3941, 16, 463, 2, 4, '2024-01-01 00:00:00', NULL);
INSERT INTO prediction (id, user_id, game_id, home_score, away_score, created_at, updated_at) VALUES (3942, 9, 463, 1, 4, '2024-01-01 00:00:00', NULL);
INSERT INTO prediction (id, user_id, game_id, home_score, away_score, created_at, updated_at) VALUES (3943, 14, 463, 2, 4, '2024-01-01 00:00:00', NULL);
INSERT INTO prediction (id, user_id, game_id, home_score, away_score, created_at, updated_at) VALUES (3944, 18, 463, 2, 5, '2024-01-01 00:00:00', NULL);
INSERT INTO prediction (id, user_id, game_id, home_score, away_score, created_at, updated_at) VALUES (3945, 2, 463, 3, 2, '2024-01-01 00:00:00', NULL);
INSERT INTO prediction (id, user_id, game_id, home_score, away_score, created_at, updated_at) VALUES (3946, 7, 463, 2, 4, '2024-01-01 00:00:00', NULL);
INSERT INTO prediction (id, user_id, game_id, home_score, away_score, created_at, updated_at) VALUES (3947, 12, 463, 1, 6, '2024-01-01 00:00:00', NULL);
INSERT INTO prediction (id, user_id, game_id, home_score, away_score, created_at, updated_at) VALUES (3948, 3, 463, 1, 4, '2024-01-01 00:00:00', NULL);
INSERT INTO prediction (id, user_id, game_id, home_score, away_score, created_at, updated_at) VALUES (3949, 10, 463, 1, 3, '2024-01-01 00:00:00', NULL);
INSERT INTO prediction (id, user_id, game_id, home_score, away_score, created_at, updated_at) VALUES (3950, 13, 464, 2, 1, '2024-01-01 00:00:00', NULL);
INSERT INTO prediction (id, user_id, game_id, home_score, away_score, created_at, updated_at) VALUES (3951, 16, 464, 4, 2, '2024-01-01 00:00:00', NULL);
INSERT INTO prediction (id, user_id, game_id, home_score, away_score, created_at, updated_at) VALUES (3952, 9, 464, 4, 1, '2024-01-01 00:00:00', NULL);
INSERT INTO prediction (id, user_id, game_id, home_score, away_score, created_at, updated_at) VALUES (3953, 14, 464, 3, 1, '2024-01-01 00:00:00', NULL);
INSERT INTO prediction (id, user_id, game_id, home_score, away_score, created_at, updated_at) VALUES (3954, 18, 464, 3, 2, '2024-01-01 00:00:00', NULL);
INSERT INTO prediction (id, user_id, game_id, home_score, away_score, created_at, updated_at) VALUES (3955, 2, 464, 4, 1, '2024-01-01 00:00:00', NULL);
INSERT INTO prediction (id, user_id, game_id, home_score, away_score, created_at, updated_at) VALUES (3956, 7, 464, 3, 1, '2024-01-01 00:00:00', NULL);
INSERT INTO prediction (id, user_id, game_id, home_score, away_score, created_at, updated_at) VALUES (3957, 12, 464, 8, 2, '2024-01-01 00:00:00', NULL);
INSERT INTO prediction (id, user_id, game_id, home_score, away_score, created_at, updated_at) VALUES (3958, 3, 464, 4, 1, '2024-01-01 00:00:00', NULL);
INSERT INTO prediction (id, user_id, game_id, home_score, away_score, created_at, updated_at) VALUES (3959, 10, 464, 4, 2, '2024-01-01 00:00:00', NULL);
INSERT INTO prediction (id, user_id, game_id, home_score, away_score, created_at, updated_at) VALUES (3960, 13, 465, 2, 3, '2024-01-01 00:00:00', NULL);
INSERT INTO prediction (id, user_id, game_id, home_score, away_score, created_at, updated_at) VALUES (3961, 16, 465, 2, 5, '2024-01-01 00:00:00', NULL);
INSERT INTO prediction (id, user_id, game_id, home_score, away_score, created_at, updated_at) VALUES (3962, 9, 465, 3, 2, '2024-01-01 00:00:00', NULL);
INSERT INTO prediction (id, user_id, game_id, home_score, away_score, created_at, updated_at) VALUES (3963, 14, 465, 3, 2, '2024-01-01 00:00:00', NULL);
INSERT INTO prediction (id, user_id, game_id, home_score, away_score, created_at, updated_at) VALUES (3964, 18, 465, 2, 4, '2024-01-01 00:00:00', NULL);
INSERT INTO prediction (id, user_id, game_id, home_score, away_score, created_at, updated_at) VALUES (3965, 2, 465, 3, 2, '2024-01-01 00:00:00', NULL);
INSERT INTO prediction (id, user_id, game_id, home_score, away_score, created_at, updated_at) VALUES (3966, 7, 465, 1, 4, '2024-01-01 00:00:00', NULL);
INSERT INTO prediction (id, user_id, game_id, home_score, away_score, created_at, updated_at) VALUES (3967, 12, 465, 2, 6, '2024-01-01 00:00:00', NULL);
INSERT INTO prediction (id, user_id, game_id, home_score, away_score, created_at, updated_at) VALUES (3968, 3, 465, 2, 5, '2024-01-01 00:00:00', NULL);
INSERT INTO prediction (id, user_id, game_id, home_score, away_score, created_at, updated_at) VALUES (3969, 10, 465, 1, 6, '2024-01-01 00:00:00', NULL);
INSERT INTO prediction (id, user_id, game_id, home_score, away_score, created_at, updated_at) VALUES (3970, 13, 466, 2, 4, '2024-01-01 00:00:00', NULL);
INSERT INTO prediction (id, user_id, game_id, home_score, away_score, created_at, updated_at) VALUES (3971, 16, 466, 1, 2, '2024-01-01 00:00:00', NULL);
INSERT INTO prediction (id, user_id, game_id, home_score, away_score, created_at, updated_at) VALUES (3972, 9, 466, 2, 4, '2024-01-01 00:00:00', NULL);
INSERT INTO prediction (id, user_id, game_id, home_score, away_score, created_at, updated_at) VALUES (3973, 14, 466, 3, 5, '2024-01-01 00:00:00', NULL);
INSERT INTO prediction (id, user_id, game_id, home_score, away_score, created_at, updated_at) VALUES (3974, 18, 466, 3, 5, '2024-01-01 00:00:00', NULL);
INSERT INTO prediction (id, user_id, game_id, home_score, away_score, created_at, updated_at) VALUES (3975, 2, 466, 1, 2, '2024-01-01 00:00:00', NULL);
INSERT INTO prediction (id, user_id, game_id, home_score, away_score, created_at, updated_at) VALUES (3976, 7, 466, 3, 4, '2024-01-01 00:00:00', NULL);
INSERT INTO prediction (id, user_id, game_id, home_score, away_score, created_at, updated_at) VALUES (3977, 12, 466, 3, 4, '2024-01-01 00:00:00', NULL);
INSERT INTO prediction (id, user_id, game_id, home_score, away_score, created_at, updated_at) VALUES (3978, 3, 466, 2, 3, '2024-01-01 00:00:00', NULL);
INSERT INTO prediction (id, user_id, game_id, home_score, away_score, created_at, updated_at) VALUES (3979, 10, 466, 2, 4, '2024-01-01 00:00:00', NULL);
INSERT INTO prediction (id, user_id, game_id, home_score, away_score, created_at, updated_at) VALUES (3980, 13, 467, 4, 1, '2024-01-01 00:00:00', NULL);
INSERT INTO prediction (id, user_id, game_id, home_score, away_score, created_at, updated_at) VALUES (3981, 16, 467, 2, 3, '2024-01-01 00:00:00', NULL);
INSERT INTO prediction (id, user_id, game_id, home_score, away_score, created_at, updated_at) VALUES (3982, 9, 467, 4, 2, '2024-01-01 00:00:00', NULL);
INSERT INTO prediction (id, user_id, game_id, home_score, away_score, created_at, updated_at) VALUES (3983, 14, 467, 4, 2, '2024-01-01 00:00:00', NULL);
INSERT INTO prediction (id, user_id, game_id, home_score, away_score, created_at, updated_at) VALUES (3984, 18, 467, 3, 1, '2024-01-01 00:00:00', NULL);
INSERT INTO prediction (id, user_id, game_id, home_score, away_score, created_at, updated_at) VALUES (3985, 2, 467, 1, 2, '2024-01-01 00:00:00', NULL);
INSERT INTO prediction (id, user_id, game_id, home_score, away_score, created_at, updated_at) VALUES (3986, 7, 467, 3, 2, '2024-01-01 00:00:00', NULL);
INSERT INTO prediction (id, user_id, game_id, home_score, away_score, created_at, updated_at) VALUES (3987, 12, 467, 5, 2, '2024-01-01 00:00:00', NULL);
INSERT INTO prediction (id, user_id, game_id, home_score, away_score, created_at, updated_at) VALUES (3988, 3, 467, 4, 2, '2024-01-01 00:00:00', NULL);
INSERT INTO prediction (id, user_id, game_id, home_score, away_score, created_at, updated_at) VALUES (3989, 10, 467, 2, 3, '2024-01-01 00:00:00', NULL);
INSERT INTO prediction (id, user_id, game_id, home_score, away_score, created_at, updated_at) VALUES (3990, 13, 468, 1, 2, '2024-01-01 00:00:00', NULL);
INSERT INTO prediction (id, user_id, game_id, home_score, away_score, created_at, updated_at) VALUES (3991, 16, 468, 2, 3, '2024-01-01 00:00:00', NULL);
INSERT INTO prediction (id, user_id, game_id, home_score, away_score, created_at, updated_at) VALUES (3992, 9, 468, 2, 4, '2024-01-01 00:00:00', NULL);
INSERT INTO prediction (id, user_id, game_id, home_score, away_score, created_at, updated_at) VALUES (3993, 14, 468, 1, 3, '2024-01-01 00:00:00', NULL);
INSERT INTO prediction (id, user_id, game_id, home_score, away_score, created_at, updated_at) VALUES (3994, 18, 468, 3, 2, '2024-01-01 00:00:00', NULL);
INSERT INTO prediction (id, user_id, game_id, home_score, away_score, created_at, updated_at) VALUES (3995, 2, 468, 1, 3, '2024-01-01 00:00:00', NULL);
INSERT INTO prediction (id, user_id, game_id, home_score, away_score, created_at, updated_at) VALUES (3996, 7, 468, 2, 1, '2024-01-01 00:00:00', NULL);
INSERT INTO prediction (id, user_id, game_id, home_score, away_score, created_at, updated_at) VALUES (3997, 12, 468, 3, 2, '2024-01-01 00:00:00', NULL);
INSERT INTO prediction (id, user_id, game_id, home_score, away_score, created_at, updated_at) VALUES (3998, 3, 468, 2, 4, '2024-01-01 00:00:00', NULL);
INSERT INTO prediction (id, user_id, game_id, home_score, away_score, created_at, updated_at) VALUES (3999, 10, 468, 2, 4, '2024-01-01 00:00:00', NULL);
INSERT INTO prediction (id, user_id, game_id, home_score, away_score, created_at, updated_at) VALUES (4000, 13, 469, 4, 1, '2024-01-01 00:00:00', NULL);
INSERT INTO prediction (id, user_id, game_id, home_score, away_score, created_at, updated_at) VALUES (4001, 16, 469, 5, 2, '2024-01-01 00:00:00', NULL);
INSERT INTO prediction (id, user_id, game_id, home_score, away_score, created_at, updated_at) VALUES (4002, 9, 469, 4, 2, '2024-01-01 00:00:00', NULL);
INSERT INTO prediction (id, user_id, game_id, home_score, away_score, created_at, updated_at) VALUES (4003, 14, 469, 4, 2, '2024-01-01 00:00:00', NULL);
INSERT INTO prediction (id, user_id, game_id, home_score, away_score, created_at, updated_at) VALUES (4004, 18, 469, 3, 1, '2024-01-01 00:00:00', NULL);
INSERT INTO prediction (id, user_id, game_id, home_score, away_score, created_at, updated_at) VALUES (4005, 2, 469, 1, 4, '2024-01-01 00:00:00', NULL);
INSERT INTO prediction (id, user_id, game_id, home_score, away_score, created_at, updated_at) VALUES (4006, 7, 469, 4, 0, '2024-01-01 00:00:00', NULL);
INSERT INTO prediction (id, user_id, game_id, home_score, away_score, created_at, updated_at) VALUES (4007, 12, 469, 5, 2, '2024-01-01 00:00:00', NULL);
INSERT INTO prediction (id, user_id, game_id, home_score, away_score, created_at, updated_at) VALUES (4008, 3, 469, 4, 1, '2024-01-01 00:00:00', NULL);
INSERT INTO prediction (id, user_id, game_id, home_score, away_score, created_at, updated_at) VALUES (4009, 10, 469, 4, 2, '2024-01-01 00:00:00', NULL);
INSERT INTO prediction (id, user_id, game_id, home_score, away_score, created_at, updated_at) VALUES (4010, 13, 470, 3, 2, '2024-01-01 00:00:00', NULL);
INSERT INTO prediction (id, user_id, game_id, home_score, away_score, created_at, updated_at) VALUES (4011, 16, 470, 4, 3, '2024-01-01 00:00:00', NULL);
INSERT INTO prediction (id, user_id, game_id, home_score, away_score, created_at, updated_at) VALUES (4012, 9, 470, 4, 2, '2024-01-01 00:00:00', NULL);
INSERT INTO prediction (id, user_id, game_id, home_score, away_score, created_at, updated_at) VALUES (4013, 14, 470, 3, 1, '2024-01-01 00:00:00', NULL);
INSERT INTO prediction (id, user_id, game_id, home_score, away_score, created_at, updated_at) VALUES (4014, 18, 470, 4, 2, '2024-01-01 00:00:00', NULL);
INSERT INTO prediction (id, user_id, game_id, home_score, away_score, created_at, updated_at) VALUES (4015, 2, 470, 2, 3, '2024-01-01 00:00:00', NULL);
INSERT INTO prediction (id, user_id, game_id, home_score, away_score, created_at, updated_at) VALUES (4016, 7, 470, 3, 1, '2024-01-01 00:00:00', NULL);
INSERT INTO prediction (id, user_id, game_id, home_score, away_score, created_at, updated_at) VALUES (4017, 12, 470, 5, 2, '2024-01-01 00:00:00', NULL);
INSERT INTO prediction (id, user_id, game_id, home_score, away_score, created_at, updated_at) VALUES (4018, 3, 470, 4, 2, '2024-01-01 00:00:00', NULL);
INSERT INTO prediction (id, user_id, game_id, home_score, away_score, created_at, updated_at) VALUES (4019, 10, 470, 3, 2, '2024-01-01 00:00:00', NULL);
INSERT INTO prediction (id, user_id, game_id, home_score, away_score, created_at, updated_at) VALUES (4020, 13, 471, 3, 1, '2024-01-01 00:00:00', NULL);
INSERT INTO prediction (id, user_id, game_id, home_score, away_score, created_at, updated_at) VALUES (4021, 16, 471, 4, 2, '2024-01-01 00:00:00', NULL);
INSERT INTO prediction (id, user_id, game_id, home_score, away_score, created_at, updated_at) VALUES (4022, 9, 471, 4, 2, '2024-01-01 00:00:00', NULL);
INSERT INTO prediction (id, user_id, game_id, home_score, away_score, created_at, updated_at) VALUES (4023, 14, 471, 4, 2, '2024-01-01 00:00:00', NULL);
INSERT INTO prediction (id, user_id, game_id, home_score, away_score, created_at, updated_at) VALUES (4024, 18, 471, 5, 2, '2024-01-01 00:00:00', NULL);
INSERT INTO prediction (id, user_id, game_id, home_score, away_score, created_at, updated_at) VALUES (4025, 2, 471, 2, 1, '2024-01-01 00:00:00', NULL);
INSERT INTO prediction (id, user_id, game_id, home_score, away_score, created_at, updated_at) VALUES (4026, 7, 471, 3, 1, '2024-01-01 00:00:00', NULL);
INSERT INTO prediction (id, user_id, game_id, home_score, away_score, created_at, updated_at) VALUES (4027, 12, 471, 4, 2, '2024-01-01 00:00:00', NULL);
INSERT INTO prediction (id, user_id, game_id, home_score, away_score, created_at, updated_at) VALUES (4028, 3, 471, 5, 1, '2024-01-01 00:00:00', NULL);
INSERT INTO prediction (id, user_id, game_id, home_score, away_score, created_at, updated_at) VALUES (4029, 10, 471, 2, 1, '2024-01-01 00:00:00', NULL);
INSERT INTO prediction (id, user_id, game_id, home_score, away_score, created_at, updated_at) VALUES (4030, 13, 472, 1, 3, '2024-01-01 00:00:00', NULL);
INSERT INTO prediction (id, user_id, game_id, home_score, away_score, created_at, updated_at) VALUES (4031, 16, 472, 2, 3, '2024-01-01 00:00:00', NULL);
INSERT INTO prediction (id, user_id, game_id, home_score, away_score, created_at, updated_at) VALUES (4032, 9, 472, 4, 2, '2024-01-01 00:00:00', NULL);
INSERT INTO prediction (id, user_id, game_id, home_score, away_score, created_at, updated_at) VALUES (4033, 14, 472, 2, 5, '2024-01-01 00:00:00', NULL);
INSERT INTO prediction (id, user_id, game_id, home_score, away_score, created_at, updated_at) VALUES (4034, 18, 472, 2, 4, '2024-01-01 00:00:00', NULL);
INSERT INTO prediction (id, user_id, game_id, home_score, away_score, created_at, updated_at) VALUES (4035, 2, 472, 1, 4, '2024-01-01 00:00:00', NULL);
INSERT INTO prediction (id, user_id, game_id, home_score, away_score, created_at, updated_at) VALUES (4036, 7, 472, 1, 6, '2024-01-01 00:00:00', NULL);
INSERT INTO prediction (id, user_id, game_id, home_score, away_score, created_at, updated_at) VALUES (4037, 12, 472, 4, 2, '2024-01-01 00:00:00', NULL);
INSERT INTO prediction (id, user_id, game_id, home_score, away_score, created_at, updated_at) VALUES (4038, 3, 472, 2, 3, '2024-01-01 00:00:00', NULL);
INSERT INTO prediction (id, user_id, game_id, home_score, away_score, created_at, updated_at) VALUES (4039, 10, 472, 2, 4, '2024-01-01 00:00:00', NULL);
INSERT INTO prediction (id, user_id, game_id, home_score, away_score, created_at, updated_at) VALUES (4040, 13, 473, 1, 3, '2024-01-01 00:00:00', NULL);
INSERT INTO prediction (id, user_id, game_id, home_score, away_score, created_at, updated_at) VALUES (4041, 16, 473, 1, 3, '2024-01-01 00:00:00', NULL);
INSERT INTO prediction (id, user_id, game_id, home_score, away_score, created_at, updated_at) VALUES (4042, 9, 473, 4, 2, '2024-01-01 00:00:00', NULL);
INSERT INTO prediction (id, user_id, game_id, home_score, away_score, created_at, updated_at) VALUES (4043, 14, 473, 2, 3, '2024-01-01 00:00:00', NULL);
INSERT INTO prediction (id, user_id, game_id, home_score, away_score, created_at, updated_at) VALUES (4044, 18, 473, 3, 4, '2024-01-01 00:00:00', NULL);
INSERT INTO prediction (id, user_id, game_id, home_score, away_score, created_at, updated_at) VALUES (4045, 2, 473, 2, 3, '2024-01-01 00:00:00', NULL);
INSERT INTO prediction (id, user_id, game_id, home_score, away_score, created_at, updated_at) VALUES (4046, 7, 473, 2, 3, '2024-01-01 00:00:00', NULL);
INSERT INTO prediction (id, user_id, game_id, home_score, away_score, created_at, updated_at) VALUES (4047, 12, 473, 3, 2, '2024-01-01 00:00:00', NULL);
INSERT INTO prediction (id, user_id, game_id, home_score, away_score, created_at, updated_at) VALUES (4048, 3, 473, 1, 2, '2024-01-01 00:00:00', NULL);
INSERT INTO prediction (id, user_id, game_id, home_score, away_score, created_at, updated_at) VALUES (4049, 10, 473, 1, 3, '2024-01-01 00:00:00', NULL);
INSERT INTO prediction (id, user_id, game_id, home_score, away_score, created_at, updated_at) VALUES (4050, 13, 474, 4, 1, '2024-01-01 00:00:00', NULL);
INSERT INTO prediction (id, user_id, game_id, home_score, away_score, created_at, updated_at) VALUES (4051, 16, 474, 1, 2, '2024-01-01 00:00:00', NULL);
INSERT INTO prediction (id, user_id, game_id, home_score, away_score, created_at, updated_at) VALUES (4052, 9, 474, 4, 2, '2024-01-01 00:00:00', NULL);
INSERT INTO prediction (id, user_id, game_id, home_score, away_score, created_at, updated_at) VALUES (4053, 14, 474, 3, 1, '2024-01-01 00:00:00', NULL);
INSERT INTO prediction (id, user_id, game_id, home_score, away_score, created_at, updated_at) VALUES (4054, 18, 474, 4, 1, '2024-01-01 00:00:00', NULL);
INSERT INTO prediction (id, user_id, game_id, home_score, away_score, created_at, updated_at) VALUES (4055, 2, 474, 4, 5, '2024-01-01 00:00:00', NULL);
INSERT INTO prediction (id, user_id, game_id, home_score, away_score, created_at, updated_at) VALUES (4056, 7, 474, 4, 2, '2024-01-01 00:00:00', NULL);
INSERT INTO prediction (id, user_id, game_id, home_score, away_score, created_at, updated_at) VALUES (4057, 12, 474, 5, 3, '2024-01-01 00:00:00', NULL);
INSERT INTO prediction (id, user_id, game_id, home_score, away_score, created_at, updated_at) VALUES (4058, 3, 474, 3, 2, '2024-01-01 00:00:00', NULL);
INSERT INTO prediction (id, user_id, game_id, home_score, away_score, created_at, updated_at) VALUES (4059, 10, 474, 4, 2, '2024-01-01 00:00:00', NULL);
INSERT INTO prediction (id, user_id, game_id, home_score, away_score, created_at, updated_at) VALUES (4060, 13, 475, 4, 1, '2024-01-01 00:00:00', NULL);
INSERT INTO prediction (id, user_id, game_id, home_score, away_score, created_at, updated_at) VALUES (4061, 16, 475, 1, 2, '2024-01-01 00:00:00', NULL);
INSERT INTO prediction (id, user_id, game_id, home_score, away_score, created_at, updated_at) VALUES (4062, 9, 475, 4, 2, '2024-01-01 00:00:00', NULL);
INSERT INTO prediction (id, user_id, game_id, home_score, away_score, created_at, updated_at) VALUES (4063, 14, 475, 2, 3, '2024-01-01 00:00:00', NULL);
INSERT INTO prediction (id, user_id, game_id, home_score, away_score, created_at, updated_at) VALUES (4064, 18, 475, 1, 3, '2024-01-01 00:00:00', NULL);
INSERT INTO prediction (id, user_id, game_id, home_score, away_score, created_at, updated_at) VALUES (4065, 2, 475, 0, 0, '2024-01-01 00:00:00', NULL);
INSERT INTO prediction (id, user_id, game_id, home_score, away_score, created_at, updated_at) VALUES (4066, 7, 475, 6, 4, '2024-01-01 00:00:00', NULL);
INSERT INTO prediction (id, user_id, game_id, home_score, away_score, created_at, updated_at) VALUES (4067, 12, 475, 4, 3, '2024-01-01 00:00:00', NULL);
INSERT INTO prediction (id, user_id, game_id, home_score, away_score, created_at, updated_at) VALUES (4068, 3, 475, 4, 2, '2024-01-01 00:00:00', NULL);
INSERT INTO prediction (id, user_id, game_id, home_score, away_score, created_at, updated_at) VALUES (4069, 10, 475, 3, 4, '2024-01-01 00:00:00', NULL);
INSERT INTO prediction (id, user_id, game_id, home_score, away_score, created_at, updated_at) VALUES (4070, 13, 476, 1, 3, '2024-01-01 00:00:00', NULL);
INSERT INTO prediction (id, user_id, game_id, home_score, away_score, created_at, updated_at) VALUES (4071, 16, 476, 1, 3, '2024-01-01 00:00:00', NULL);
INSERT INTO prediction (id, user_id, game_id, home_score, away_score, created_at, updated_at) VALUES (4072, 9, 476, 2, 9, '2024-01-01 00:00:00', NULL);
INSERT INTO prediction (id, user_id, game_id, home_score, away_score, created_at, updated_at) VALUES (4073, 14, 476, 2, 4, '2024-01-01 00:00:00', NULL);
INSERT INTO prediction (id, user_id, game_id, home_score, away_score, created_at, updated_at) VALUES (4074, 18, 476, 2, 4, '2024-01-01 00:00:00', NULL);
INSERT INTO prediction (id, user_id, game_id, home_score, away_score, created_at, updated_at) VALUES (4075, 2, 476, 0, 0, '2024-01-01 00:00:00', NULL);
INSERT INTO prediction (id, user_id, game_id, home_score, away_score, created_at, updated_at) VALUES (4076, 7, 476, 2, 3, '2024-01-01 00:00:00', NULL);
INSERT INTO prediction (id, user_id, game_id, home_score, away_score, created_at, updated_at) VALUES (4077, 12, 476, 2, 3, '2024-01-01 00:00:00', NULL);
INSERT INTO prediction (id, user_id, game_id, home_score, away_score, created_at, updated_at) VALUES (4078, 3, 476, 1, 3, '2024-01-01 00:00:00', NULL);
INSERT INTO prediction (id, user_id, game_id, home_score, away_score, created_at, updated_at) VALUES (4079, 10, 476, 2, 5, '2024-01-01 00:00:00', NULL);
INSERT INTO special_bet_rule (id, tournament_id, name, value_type, scoring_type, points, sort_order, actual_team_value_id, actual_string_value, actual_int_value) VALUES (50, 8, 'Medaile - 1. místo', 'team', 'exact_match', 3.0, 0, NULL, NULL, NULL);
INSERT INTO special_bet (id, user_id, rule_id, team_value_id, string_value, int_value) VALUES (418, 13, 50, 4, NULL, NULL);
INSERT INTO special_bet (id, user_id, rule_id, team_value_id, string_value, int_value) VALUES (419, 16, 50, 6, NULL, NULL);
INSERT INTO special_bet (id, user_id, rule_id, team_value_id, string_value, int_value) VALUES (420, 9, 50, 23, NULL, NULL);
INSERT INTO special_bet (id, user_id, rule_id, team_value_id, string_value, int_value) VALUES (421, 14, 50, 4, NULL, NULL);
INSERT INTO special_bet (id, user_id, rule_id, team_value_id, string_value, int_value) VALUES (422, 18, 50, 6, NULL, NULL);
INSERT INTO special_bet (id, user_id, rule_id, team_value_id, string_value, int_value) VALUES (423, 2, 50, 4, NULL, NULL);
INSERT INTO special_bet (id, user_id, rule_id, team_value_id, string_value, int_value) VALUES (424, 7, 50, 23, NULL, NULL);
INSERT INTO special_bet (id, user_id, rule_id, team_value_id, string_value, int_value) VALUES (425, 12, 50, 4, NULL, NULL);
INSERT INTO special_bet (id, user_id, rule_id, team_value_id, string_value, int_value) VALUES (426, 3, 50, 4, NULL, NULL);
INSERT INTO special_bet (id, user_id, rule_id, team_value_id, string_value, int_value) VALUES (427, 10, 50, 4, NULL, NULL);
INSERT INTO special_bet_rule (id, tournament_id, name, value_type, scoring_type, points, sort_order, actual_team_value_id, actual_string_value, actual_int_value) VALUES (51, 8, 'Medaile - 2. místo', 'team', 'exact_match', 2.0, 1, NULL, NULL, NULL);
INSERT INTO special_bet (id, user_id, rule_id, team_value_id, string_value, int_value) VALUES (428, 13, 51, 23, NULL, NULL);
INSERT INTO special_bet (id, user_id, rule_id, team_value_id, string_value, int_value) VALUES (429, 16, 51, 23, NULL, NULL);
INSERT INTO special_bet (id, user_id, rule_id, team_value_id, string_value, int_value) VALUES (430, 9, 51, 24, NULL, NULL);
INSERT INTO special_bet (id, user_id, rule_id, team_value_id, string_value, int_value) VALUES (431, 14, 51, 6, NULL, NULL);
INSERT INTO special_bet (id, user_id, rule_id, team_value_id, string_value, int_value) VALUES (432, 18, 51, 4, NULL, NULL);
INSERT INTO special_bet (id, user_id, rule_id, team_value_id, string_value, int_value) VALUES (433, 2, 51, 24, NULL, NULL);
INSERT INTO special_bet (id, user_id, rule_id, team_value_id, string_value, int_value) VALUES (434, 7, 51, 24, NULL, NULL);
INSERT INTO special_bet (id, user_id, rule_id, team_value_id, string_value, int_value) VALUES (435, 12, 51, 8, NULL, NULL);
INSERT INTO special_bet (id, user_id, rule_id, team_value_id, string_value, int_value) VALUES (436, 3, 51, 6, NULL, NULL);
INSERT INTO special_bet (id, user_id, rule_id, team_value_id, string_value, int_value) VALUES (437, 10, 51, 6, NULL, NULL);
INSERT INTO special_bet_rule (id, tournament_id, name, value_type, scoring_type, points, sort_order, actual_team_value_id, actual_string_value, actual_int_value) VALUES (52, 8, 'Medaile - 3. místo', 'team', 'exact_match', 1.0, 2, NULL, NULL, NULL);
INSERT INTO special_bet (id, user_id, rule_id, team_value_id, string_value, int_value) VALUES (438, 13, 52, 8, NULL, NULL);
INSERT INTO special_bet (id, user_id, rule_id, team_value_id, string_value, int_value) VALUES (439, 16, 52, 4, NULL, NULL);
INSERT INTO special_bet (id, user_id, rule_id, team_value_id, string_value, int_value) VALUES (440, 9, 52, 4, NULL, NULL);
INSERT INTO special_bet (id, user_id, rule_id, team_value_id, string_value, int_value) VALUES (441, 14, 52, 8, NULL, NULL);
INSERT INTO special_bet (id, user_id, rule_id, team_value_id, string_value, int_value) VALUES (442, 18, 52, 23, NULL, NULL);
INSERT INTO special_bet (id, user_id, rule_id, team_value_id, string_value, int_value) VALUES (443, 2, 52, 6, NULL, NULL);
INSERT INTO special_bet (id, user_id, rule_id, team_value_id, string_value, int_value) VALUES (444, 7, 52, 8, NULL, NULL);
INSERT INTO special_bet (id, user_id, rule_id, team_value_id, string_value, int_value) VALUES (445, 12, 52, 23, NULL, NULL);
INSERT INTO special_bet (id, user_id, rule_id, team_value_id, string_value, int_value) VALUES (446, 3, 52, 23, NULL, NULL);
INSERT INTO special_bet (id, user_id, rule_id, team_value_id, string_value, int_value) VALUES (447, 10, 52, 24, NULL, NULL);
INSERT INTO special_bet_rule (id, tournament_id, name, value_type, scoring_type, points, sort_order, actual_team_value_id, actual_string_value, actual_int_value) VALUES (53, 8, 'Nejlepší Čech #1', 'string', 'exact_match', 2.0, 3, NULL, NULL, NULL);
INSERT INTO special_bet (id, user_id, rule_id, team_value_id, string_value, int_value) VALUES (448, 13, 53, NULL, 'Červenka', NULL);
INSERT INTO special_bet (id, user_id, rule_id, team_value_id, string_value, int_value) VALUES (449, 16, 53, NULL, 'Červenka', NULL);
INSERT INTO special_bet (id, user_id, rule_id, team_value_id, string_value, int_value) VALUES (450, 9, 53, NULL, 'Červenka', NULL);
INSERT INTO special_bet (id, user_id, rule_id, team_value_id, string_value, int_value) VALUES (451, 14, 53, NULL, 'Červenka', NULL);
INSERT INTO special_bet (id, user_id, rule_id, team_value_id, string_value, int_value) VALUES (452, 18, 53, NULL, 'Kaše', NULL);
INSERT INTO special_bet (id, user_id, rule_id, team_value_id, string_value, int_value) VALUES (453, 2, 53, NULL, 'Červenka', NULL);
INSERT INTO special_bet (id, user_id, rule_id, team_value_id, string_value, int_value) VALUES (454, 7, 53, NULL, 'Sedlák', NULL);
INSERT INTO special_bet (id, user_id, rule_id, team_value_id, string_value, int_value) VALUES (455, 12, 53, NULL, 'Červenka', NULL);
INSERT INTO special_bet (id, user_id, rule_id, team_value_id, string_value, int_value) VALUES (456, 3, 53, NULL, 'Gudas', NULL);
INSERT INTO special_bet (id, user_id, rule_id, team_value_id, string_value, int_value) VALUES (457, 10, 53, NULL, 'Flek', NULL);
INSERT INTO special_bet_rule (id, tournament_id, name, value_type, scoring_type, points, sort_order, actual_team_value_id, actual_string_value, actual_int_value) VALUES (54, 8, 'Nejlepší Čech #2', 'string', 'exact_match', 2.0, 4, NULL, NULL, NULL);
INSERT INTO special_bet (id, user_id, rule_id, team_value_id, string_value, int_value) VALUES (458, 13, 54, NULL, 'Kubalík', NULL);
INSERT INTO special_bet (id, user_id, rule_id, team_value_id, string_value, int_value) VALUES (459, 16, 54, NULL, 'Kubalík', NULL);
INSERT INTO special_bet (id, user_id, rule_id, team_value_id, string_value, int_value) VALUES (460, 9, 54, NULL, 'Kubalík', NULL);
INSERT INTO special_bet (id, user_id, rule_id, team_value_id, string_value, int_value) VALUES (461, 14, 54, NULL, 'Kubalík', NULL);
INSERT INTO special_bet (id, user_id, rule_id, team_value_id, string_value, int_value) VALUES (462, 18, 54, NULL, 'Palát', NULL);
INSERT INTO special_bet (id, user_id, rule_id, team_value_id, string_value, int_value) VALUES (463, 2, 54, NULL, 'Kubalík', NULL);
INSERT INTO special_bet (id, user_id, rule_id, team_value_id, string_value, int_value) VALUES (464, 7, 54, NULL, 'Kubalík', NULL);
INSERT INTO special_bet (id, user_id, rule_id, team_value_id, string_value, int_value) VALUES (465, 12, 54, NULL, 'Kubalík', NULL);
INSERT INTO special_bet (id, user_id, rule_id, team_value_id, string_value, int_value) VALUES (466, 3, 54, NULL, 'Kubalík', NULL);
INSERT INTO special_bet (id, user_id, rule_id, team_value_id, string_value, int_value) VALUES (467, 10, 54, NULL, 'Kubalík', NULL);
INSERT INTO special_bet_rule (id, tournament_id, name, value_type, scoring_type, points, sort_order, actual_team_value_id, actual_string_value, actual_int_value) VALUES (55, 8, 'Nejlepší Čech #3', 'string', 'exact_match', 2.0, 5, NULL, NULL, NULL);
INSERT INTO special_bet (id, user_id, rule_id, team_value_id, string_value, int_value) VALUES (468, 13, 55, NULL, 'Sedlák', NULL);
INSERT INTO special_bet (id, user_id, rule_id, team_value_id, string_value, int_value) VALUES (469, 16, 55, NULL, 'Kundrátek', NULL);
INSERT INTO special_bet (id, user_id, rule_id, team_value_id, string_value, int_value) VALUES (470, 9, 55, NULL, 'Sedlák', NULL);
INSERT INTO special_bet (id, user_id, rule_id, team_value_id, string_value, int_value) VALUES (471, 14, 55, NULL, 'Kampf', NULL);
INSERT INTO special_bet (id, user_id, rule_id, team_value_id, string_value, int_value) VALUES (472, 18, 55, NULL, 'Kampf', NULL);
INSERT INTO special_bet (id, user_id, rule_id, team_value_id, string_value, int_value) VALUES (473, 2, 55, NULL, 'Kaše', NULL);
INSERT INTO special_bet (id, user_id, rule_id, team_value_id, string_value, int_value) VALUES (474, 7, 55, NULL, 'Nečas', NULL);
INSERT INTO special_bet (id, user_id, rule_id, team_value_id, string_value, int_value) VALUES (475, 12, 55, NULL, 'Palát', NULL);
INSERT INTO special_bet (id, user_id, rule_id, team_value_id, string_value, int_value) VALUES (476, 3, 55, NULL, 'Tomášek', NULL);
INSERT INTO special_bet (id, user_id, rule_id, team_value_id, string_value, int_value) VALUES (477, 10, 55, NULL, 'Gudas', NULL);
INSERT INTO special_bet_rule (id, tournament_id, name, value_type, scoring_type, points, sort_order, actual_team_value_id, actual_string_value, actual_int_value) VALUES (56, 8, 'Tip na pořadí po základní části - Skupina A - 1. místo', 'team', 'exact_match', 0.5, 6, NULL, NULL, NULL);
INSERT INTO special_bet (id, user_id, rule_id, team_value_id, string_value, int_value) VALUES (478, 13, 56, 4, NULL, NULL);
INSERT INTO special_bet (id, user_id, rule_id, team_value_id, string_value, int_value) VALUES (479, 16, 56, 4, NULL, NULL);
INSERT INTO special_bet (id, user_id, rule_id, team_value_id, string_value, int_value) VALUES (480, 9, 56, 4, NULL, NULL);
INSERT INTO special_bet (id, user_id, rule_id, team_value_id, string_value, int_value) VALUES (481, 14, 56, 4, NULL, NULL);
INSERT INTO special_bet (id, user_id, rule_id, team_value_id, string_value, int_value) VALUES (482, 18, 56, 4, NULL, NULL);
INSERT INTO special_bet (id, user_id, rule_id, team_value_id, string_value, int_value) VALUES (483, 2, 56, 6, NULL, NULL);
INSERT INTO special_bet (id, user_id, rule_id, team_value_id, string_value, int_value) VALUES (484, 7, 56, 21, NULL, NULL);
INSERT INTO special_bet (id, user_id, rule_id, team_value_id, string_value, int_value) VALUES (485, 12, 56, 4, NULL, NULL);
INSERT INTO special_bet (id, user_id, rule_id, team_value_id, string_value, int_value) VALUES (486, 3, 56, 4, NULL, NULL);
INSERT INTO special_bet (id, user_id, rule_id, team_value_id, string_value, int_value) VALUES (487, 10, 56, 4, NULL, NULL);
INSERT INTO special_bet_rule (id, tournament_id, name, value_type, scoring_type, points, sort_order, actual_team_value_id, actual_string_value, actual_int_value) VALUES (57, 8, 'Tip na pořadí po základní části - Skupina A - 2. místo', 'team', 'exact_match', 0.5, 7, NULL, NULL, NULL);
INSERT INTO special_bet (id, user_id, rule_id, team_value_id, string_value, int_value) VALUES (488, 13, 57, 21, NULL, NULL);
INSERT INTO special_bet (id, user_id, rule_id, team_value_id, string_value, int_value) VALUES (489, 16, 57, 6, NULL, NULL);
INSERT INTO special_bet (id, user_id, rule_id, team_value_id, string_value, int_value) VALUES (490, 9, 57, 8, NULL, NULL);
INSERT INTO special_bet (id, user_id, rule_id, team_value_id, string_value, int_value) VALUES (491, 14, 57, 8, NULL, NULL);
INSERT INTO special_bet (id, user_id, rule_id, team_value_id, string_value, int_value) VALUES (492, 18, 57, 6, NULL, NULL);
INSERT INTO special_bet (id, user_id, rule_id, team_value_id, string_value, int_value) VALUES (493, 2, 57, 4, NULL, NULL);
INSERT INTO special_bet (id, user_id, rule_id, team_value_id, string_value, int_value) VALUES (494, 7, 57, 8, NULL, NULL);
INSERT INTO special_bet (id, user_id, rule_id, team_value_id, string_value, int_value) VALUES (495, 12, 57, 8, NULL, NULL);
INSERT INTO special_bet (id, user_id, rule_id, team_value_id, string_value, int_value) VALUES (496, 3, 57, 6, NULL, NULL);
INSERT INTO special_bet (id, user_id, rule_id, team_value_id, string_value, int_value) VALUES (497, 10, 57, 6, NULL, NULL);
INSERT INTO special_bet_rule (id, tournament_id, name, value_type, scoring_type, points, sort_order, actual_team_value_id, actual_string_value, actual_int_value) VALUES (58, 8, 'Tip na pořadí po základní části - Skupina A - 3. místo', 'team', 'exact_match', 0.5, 8, NULL, NULL, NULL);
INSERT INTO special_bet (id, user_id, rule_id, team_value_id, string_value, int_value) VALUES (498, 13, 58, 8, NULL, NULL);
INSERT INTO special_bet (id, user_id, rule_id, team_value_id, string_value, int_value) VALUES (499, 16, 58, 8, NULL, NULL);
INSERT INTO special_bet (id, user_id, rule_id, team_value_id, string_value, int_value) VALUES (500, 9, 58, 21, NULL, NULL);
INSERT INTO special_bet (id, user_id, rule_id, team_value_id, string_value, int_value) VALUES (501, 14, 58, 6, NULL, NULL);
INSERT INTO special_bet (id, user_id, rule_id, team_value_id, string_value, int_value) VALUES (502, 18, 58, 21, NULL, NULL);
INSERT INTO special_bet (id, user_id, rule_id, team_value_id, string_value, int_value) VALUES (503, 2, 58, 21, NULL, NULL);
INSERT INTO special_bet (id, user_id, rule_id, team_value_id, string_value, int_value) VALUES (504, 7, 58, 4, NULL, NULL);
INSERT INTO special_bet (id, user_id, rule_id, team_value_id, string_value, int_value) VALUES (505, 12, 58, 21, NULL, NULL);
INSERT INTO special_bet (id, user_id, rule_id, team_value_id, string_value, int_value) VALUES (506, 3, 58, 8, NULL, NULL);
INSERT INTO special_bet (id, user_id, rule_id, team_value_id, string_value, int_value) VALUES (507, 10, 58, 8, NULL, NULL);
INSERT INTO special_bet_rule (id, tournament_id, name, value_type, scoring_type, points, sort_order, actual_team_value_id, actual_string_value, actual_int_value) VALUES (59, 8, 'Tip na pořadí po základní části - Skupina A - 4. místo', 'team', 'exact_match', 0.5, 9, NULL, NULL, NULL);
INSERT INTO special_bet (id, user_id, rule_id, team_value_id, string_value, int_value) VALUES (508, 13, 59, 6, NULL, NULL);
INSERT INTO special_bet (id, user_id, rule_id, team_value_id, string_value, int_value) VALUES (509, 16, 59, 21, NULL, NULL);
INSERT INTO special_bet (id, user_id, rule_id, team_value_id, string_value, int_value) VALUES (510, 9, 59, 6, NULL, NULL);
INSERT INTO special_bet (id, user_id, rule_id, team_value_id, string_value, int_value) VALUES (511, 14, 59, 21, NULL, NULL);
INSERT INTO special_bet (id, user_id, rule_id, team_value_id, string_value, int_value) VALUES (512, 18, 59, 8, NULL, NULL);
INSERT INTO special_bet (id, user_id, rule_id, team_value_id, string_value, int_value) VALUES (513, 2, 59, 8, NULL, NULL);
INSERT INTO special_bet (id, user_id, rule_id, team_value_id, string_value, int_value) VALUES (514, 7, 59, 6, NULL, NULL);
INSERT INTO special_bet (id, user_id, rule_id, team_value_id, string_value, int_value) VALUES (515, 12, 59, 6, NULL, NULL);
INSERT INTO special_bet (id, user_id, rule_id, team_value_id, string_value, int_value) VALUES (516, 3, 59, 21, NULL, NULL);
INSERT INTO special_bet (id, user_id, rule_id, team_value_id, string_value, int_value) VALUES (517, 10, 59, 21, NULL, NULL);
INSERT INTO special_bet_rule (id, tournament_id, name, value_type, scoring_type, points, sort_order, actual_team_value_id, actual_string_value, actual_int_value) VALUES (60, 8, 'Tip na pořadí po základní části - Skupina A - 5. místo', 'team', 'exact_match', 0.5, 10, NULL, NULL, NULL);
INSERT INTO special_bet (id, user_id, rule_id, team_value_id, string_value, int_value) VALUES (518, 13, 60, 16, NULL, NULL);
INSERT INTO special_bet (id, user_id, rule_id, team_value_id, string_value, int_value) VALUES (519, 16, 60, 16, NULL, NULL);
INSERT INTO special_bet (id, user_id, rule_id, team_value_id, string_value, int_value) VALUES (520, 9, 60, 16, NULL, NULL);
INSERT INTO special_bet (id, user_id, rule_id, team_value_id, string_value, int_value) VALUES (521, 14, 60, 7, NULL, NULL);
INSERT INTO special_bet (id, user_id, rule_id, team_value_id, string_value, int_value) VALUES (522, 18, 60, 1, NULL, NULL);
INSERT INTO special_bet (id, user_id, rule_id, team_value_id, string_value, int_value) VALUES (523, 2, 60, 16, NULL, NULL);
INSERT INTO special_bet (id, user_id, rule_id, team_value_id, string_value, int_value) VALUES (524, 7, 60, 7, NULL, NULL);
INSERT INTO special_bet (id, user_id, rule_id, team_value_id, string_value, int_value) VALUES (525, 12, 60, 7, NULL, NULL);
INSERT INTO special_bet (id, user_id, rule_id, team_value_id, string_value, int_value) VALUES (526, 3, 60, 7, NULL, NULL);
INSERT INTO special_bet (id, user_id, rule_id, team_value_id, string_value, int_value) VALUES (527, 10, 60, 16, NULL, NULL);
INSERT INTO special_bet_rule (id, tournament_id, name, value_type, scoring_type, points, sort_order, actual_team_value_id, actual_string_value, actual_int_value) VALUES (61, 8, 'Tip na pořadí po základní části - Skupina A - 6. místo', 'team', 'exact_match', 0.5, 11, NULL, NULL, NULL);
INSERT INTO special_bet (id, user_id, rule_id, team_value_id, string_value, int_value) VALUES (528, 13, 61, 7, NULL, NULL);
INSERT INTO special_bet (id, user_id, rule_id, team_value_id, string_value, int_value) VALUES (529, 16, 61, 7, NULL, NULL);
INSERT INTO special_bet (id, user_id, rule_id, team_value_id, string_value, int_value) VALUES (530, 9, 61, 7, NULL, NULL);
INSERT INTO special_bet (id, user_id, rule_id, team_value_id, string_value, int_value) VALUES (531, 14, 61, 16, NULL, NULL);
INSERT INTO special_bet (id, user_id, rule_id, team_value_id, string_value, int_value) VALUES (532, 18, 61, 7, NULL, NULL);
INSERT INTO special_bet (id, user_id, rule_id, team_value_id, string_value, int_value) VALUES (533, 2, 61, 7, NULL, NULL);
INSERT INTO special_bet (id, user_id, rule_id, team_value_id, string_value, int_value) VALUES (534, 7, 61, 16, NULL, NULL);
INSERT INTO special_bet (id, user_id, rule_id, team_value_id, string_value, int_value) VALUES (535, 12, 61, 16, NULL, NULL);
INSERT INTO special_bet (id, user_id, rule_id, team_value_id, string_value, int_value) VALUES (536, 3, 61, 16, NULL, NULL);
INSERT INTO special_bet (id, user_id, rule_id, team_value_id, string_value, int_value) VALUES (537, 10, 61, 1, NULL, NULL);
INSERT INTO special_bet_rule (id, tournament_id, name, value_type, scoring_type, points, sort_order, actual_team_value_id, actual_string_value, actual_int_value) VALUES (62, 8, 'Tip na pořadí po základní části - Skupina A - 7. místo', 'team', 'exact_match', 0.5, 12, NULL, NULL, NULL);
INSERT INTO special_bet (id, user_id, rule_id, team_value_id, string_value, int_value) VALUES (538, 13, 62, 1, NULL, NULL);
INSERT INTO special_bet (id, user_id, rule_id, team_value_id, string_value, int_value) VALUES (539, 16, 62, 1, NULL, NULL);
INSERT INTO special_bet (id, user_id, rule_id, team_value_id, string_value, int_value) VALUES (540, 9, 62, 1, NULL, NULL);
INSERT INTO special_bet (id, user_id, rule_id, team_value_id, string_value, int_value) VALUES (541, 14, 62, 1, NULL, NULL);
INSERT INTO special_bet (id, user_id, rule_id, team_value_id, string_value, int_value) VALUES (542, 18, 62, 16, NULL, NULL);
INSERT INTO special_bet (id, user_id, rule_id, team_value_id, string_value, int_value) VALUES (543, 2, 62, 1, NULL, NULL);
INSERT INTO special_bet (id, user_id, rule_id, team_value_id, string_value, int_value) VALUES (544, 7, 62, 1, NULL, NULL);
INSERT INTO special_bet (id, user_id, rule_id, team_value_id, string_value, int_value) VALUES (545, 12, 62, 10, NULL, NULL);
INSERT INTO special_bet (id, user_id, rule_id, team_value_id, string_value, int_value) VALUES (546, 3, 62, 1, NULL, NULL);
INSERT INTO special_bet (id, user_id, rule_id, team_value_id, string_value, int_value) VALUES (547, 10, 62, 7, NULL, NULL);
INSERT INTO special_bet_rule (id, tournament_id, name, value_type, scoring_type, points, sort_order, actual_team_value_id, actual_string_value, actual_int_value) VALUES (63, 8, 'Tip na pořadí po základní části - Skupina A - 8. místo', 'team', 'exact_match', 0.5, 13, NULL, NULL, NULL);
INSERT INTO special_bet (id, user_id, rule_id, team_value_id, string_value, int_value) VALUES (548, 13, 63, 10, NULL, NULL);
INSERT INTO special_bet (id, user_id, rule_id, team_value_id, string_value, int_value) VALUES (549, 16, 63, 10, NULL, NULL);
INSERT INTO special_bet (id, user_id, rule_id, team_value_id, string_value, int_value) VALUES (550, 9, 63, 10, NULL, NULL);
INSERT INTO special_bet (id, user_id, rule_id, team_value_id, string_value, int_value) VALUES (551, 14, 63, 10, NULL, NULL);
INSERT INTO special_bet (id, user_id, rule_id, team_value_id, string_value, int_value) VALUES (552, 18, 63, 10, NULL, NULL);
INSERT INTO special_bet (id, user_id, rule_id, team_value_id, string_value, int_value) VALUES (553, 2, 63, 10, NULL, NULL);
INSERT INTO special_bet (id, user_id, rule_id, team_value_id, string_value, int_value) VALUES (554, 7, 63, 10, NULL, NULL);
INSERT INTO special_bet (id, user_id, rule_id, team_value_id, string_value, int_value) VALUES (555, 12, 63, 1, NULL, NULL);
INSERT INTO special_bet (id, user_id, rule_id, team_value_id, string_value, int_value) VALUES (556, 3, 63, 10, NULL, NULL);
INSERT INTO special_bet (id, user_id, rule_id, team_value_id, string_value, int_value) VALUES (557, 10, 63, 10, NULL, NULL);
INSERT INTO special_bet_rule (id, tournament_id, name, value_type, scoring_type, points, sort_order, actual_team_value_id, actual_string_value, actual_int_value) VALUES (64, 8, 'Medaile - 1. místo', 'team', 'exact_match', 3.0, 14, NULL, NULL, NULL);
INSERT INTO special_bet (id, user_id, rule_id, team_value_id, string_value, int_value) VALUES (558, 13, 64, 4, NULL, NULL);
INSERT INTO special_bet (id, user_id, rule_id, team_value_id, string_value, int_value) VALUES (559, 16, 64, 4, NULL, NULL);
INSERT INTO special_bet (id, user_id, rule_id, team_value_id, string_value, int_value) VALUES (560, 9, 64, 4, NULL, NULL);
INSERT INTO special_bet (id, user_id, rule_id, team_value_id, string_value, int_value) VALUES (561, 14, 64, 4, NULL, NULL);
INSERT INTO special_bet (id, user_id, rule_id, team_value_id, string_value, int_value) VALUES (562, 18, 64, 4, NULL, NULL);
INSERT INTO special_bet (id, user_id, rule_id, team_value_id, string_value, int_value) VALUES (563, 2, 64, 6, NULL, NULL);
INSERT INTO special_bet (id, user_id, rule_id, team_value_id, string_value, int_value) VALUES (564, 7, 64, 21, NULL, NULL);
INSERT INTO special_bet (id, user_id, rule_id, team_value_id, string_value, int_value) VALUES (565, 12, 64, 4, NULL, NULL);
INSERT INTO special_bet (id, user_id, rule_id, team_value_id, string_value, int_value) VALUES (566, 3, 64, 4, NULL, NULL);
INSERT INTO special_bet (id, user_id, rule_id, team_value_id, string_value, int_value) VALUES (567, 10, 64, 4, NULL, NULL);
INSERT INTO special_bet_rule (id, tournament_id, name, value_type, scoring_type, points, sort_order, actual_team_value_id, actual_string_value, actual_int_value) VALUES (65, 8, 'Medaile - 2. místo', 'team', 'exact_match', 2.0, 15, NULL, NULL, NULL);
INSERT INTO special_bet (id, user_id, rule_id, team_value_id, string_value, int_value) VALUES (568, 13, 65, 21, NULL, NULL);
INSERT INTO special_bet (id, user_id, rule_id, team_value_id, string_value, int_value) VALUES (569, 16, 65, 6, NULL, NULL);
INSERT INTO special_bet (id, user_id, rule_id, team_value_id, string_value, int_value) VALUES (570, 9, 65, 8, NULL, NULL);
INSERT INTO special_bet (id, user_id, rule_id, team_value_id, string_value, int_value) VALUES (571, 14, 65, 8, NULL, NULL);
INSERT INTO special_bet (id, user_id, rule_id, team_value_id, string_value, int_value) VALUES (572, 18, 65, 6, NULL, NULL);
INSERT INTO special_bet (id, user_id, rule_id, team_value_id, string_value, int_value) VALUES (573, 2, 65, 4, NULL, NULL);
INSERT INTO special_bet (id, user_id, rule_id, team_value_id, string_value, int_value) VALUES (574, 7, 65, 8, NULL, NULL);
INSERT INTO special_bet (id, user_id, rule_id, team_value_id, string_value, int_value) VALUES (575, 12, 65, 8, NULL, NULL);
INSERT INTO special_bet (id, user_id, rule_id, team_value_id, string_value, int_value) VALUES (576, 3, 65, 6, NULL, NULL);
INSERT INTO special_bet (id, user_id, rule_id, team_value_id, string_value, int_value) VALUES (577, 10, 65, 6, NULL, NULL);
INSERT INTO special_bet_rule (id, tournament_id, name, value_type, scoring_type, points, sort_order, actual_team_value_id, actual_string_value, actual_int_value) VALUES (66, 8, 'Medaile - 3. místo', 'team', 'exact_match', 1.0, 16, NULL, NULL, NULL);
INSERT INTO special_bet (id, user_id, rule_id, team_value_id, string_value, int_value) VALUES (578, 13, 66, 8, NULL, NULL);
INSERT INTO special_bet (id, user_id, rule_id, team_value_id, string_value, int_value) VALUES (579, 16, 66, 8, NULL, NULL);
INSERT INTO special_bet (id, user_id, rule_id, team_value_id, string_value, int_value) VALUES (580, 9, 66, 21, NULL, NULL);
INSERT INTO special_bet (id, user_id, rule_id, team_value_id, string_value, int_value) VALUES (581, 14, 66, 6, NULL, NULL);
INSERT INTO special_bet (id, user_id, rule_id, team_value_id, string_value, int_value) VALUES (582, 18, 66, 21, NULL, NULL);
INSERT INTO special_bet (id, user_id, rule_id, team_value_id, string_value, int_value) VALUES (583, 2, 66, 21, NULL, NULL);
INSERT INTO special_bet (id, user_id, rule_id, team_value_id, string_value, int_value) VALUES (584, 7, 66, 4, NULL, NULL);
INSERT INTO special_bet (id, user_id, rule_id, team_value_id, string_value, int_value) VALUES (585, 12, 66, 21, NULL, NULL);
INSERT INTO special_bet (id, user_id, rule_id, team_value_id, string_value, int_value) VALUES (586, 3, 66, 8, NULL, NULL);
INSERT INTO special_bet (id, user_id, rule_id, team_value_id, string_value, int_value) VALUES (587, 10, 66, 8, NULL, NULL);
INSERT INTO special_bet_rule (id, tournament_id, name, value_type, scoring_type, points, sort_order, actual_team_value_id, actual_string_value, actual_int_value) VALUES (67, 8, 'Tip na pořadí po základní části - Skupina B - 1. místo', 'team', 'exact_match', 0.5, 17, NULL, NULL, NULL);
INSERT INTO special_bet (id, user_id, rule_id, team_value_id, string_value, int_value) VALUES (588, 13, 67, 24, NULL, NULL);
INSERT INTO special_bet (id, user_id, rule_id, team_value_id, string_value, int_value) VALUES (589, 16, 67, 23, NULL, NULL);
INSERT INTO special_bet (id, user_id, rule_id, team_value_id, string_value, int_value) VALUES (590, 9, 67, 23, NULL, NULL);
INSERT INTO special_bet (id, user_id, rule_id, team_value_id, string_value, int_value) VALUES (591, 14, 67, 24, NULL, NULL);
INSERT INTO special_bet (id, user_id, rule_id, team_value_id, string_value, int_value) VALUES (592, 18, 67, 23, NULL, NULL);
INSERT INTO special_bet (id, user_id, rule_id, team_value_id, string_value, int_value) VALUES (593, 2, 67, 24, NULL, NULL);
INSERT INTO special_bet (id, user_id, rule_id, team_value_id, string_value, int_value) VALUES (594, 7, 67, 23, NULL, NULL);
INSERT INTO special_bet (id, user_id, rule_id, team_value_id, string_value, int_value) VALUES (595, 12, 67, 24, NULL, NULL);
INSERT INTO special_bet (id, user_id, rule_id, team_value_id, string_value, int_value) VALUES (596, 3, 67, 23, NULL, NULL);
INSERT INTO special_bet (id, user_id, rule_id, team_value_id, string_value, int_value) VALUES (597, 10, 67, 24, NULL, NULL);
INSERT INTO special_bet_rule (id, tournament_id, name, value_type, scoring_type, points, sort_order, actual_team_value_id, actual_string_value, actual_int_value) VALUES (68, 8, 'Tip na pořadí po základní části - Skupina B - 2. místo', 'team', 'exact_match', 0.5, 18, NULL, NULL, NULL);
INSERT INTO special_bet (id, user_id, rule_id, team_value_id, string_value, int_value) VALUES (598, 13, 68, 23, NULL, NULL);
INSERT INTO special_bet (id, user_id, rule_id, team_value_id, string_value, int_value) VALUES (599, 16, 68, 24, NULL, NULL);
INSERT INTO special_bet (id, user_id, rule_id, team_value_id, string_value, int_value) VALUES (600, 9, 68, 24, NULL, NULL);
INSERT INTO special_bet (id, user_id, rule_id, team_value_id, string_value, int_value) VALUES (601, 14, 68, 23, NULL, NULL);
INSERT INTO special_bet (id, user_id, rule_id, team_value_id, string_value, int_value) VALUES (602, 18, 68, 24, NULL, NULL);
INSERT INTO special_bet (id, user_id, rule_id, team_value_id, string_value, int_value) VALUES (603, 2, 68, 23, NULL, NULL);
INSERT INTO special_bet (id, user_id, rule_id, team_value_id, string_value, int_value) VALUES (604, 7, 68, 24, NULL, NULL);
INSERT INTO special_bet (id, user_id, rule_id, team_value_id, string_value, int_value) VALUES (605, 12, 68, 23, NULL, NULL);
INSERT INTO special_bet (id, user_id, rule_id, team_value_id, string_value, int_value) VALUES (606, 3, 68, 24, NULL, NULL);
INSERT INTO special_bet (id, user_id, rule_id, team_value_id, string_value, int_value) VALUES (607, 10, 68, 23, NULL, NULL);
INSERT INTO special_bet_rule (id, tournament_id, name, value_type, scoring_type, points, sort_order, actual_team_value_id, actual_string_value, actual_int_value) VALUES (69, 8, 'Tip na pořadí po základní části - Skupina B - 3. místo', 'team', 'exact_match', 0.5, 19, NULL, NULL, NULL);
INSERT INTO special_bet (id, user_id, rule_id, team_value_id, string_value, int_value) VALUES (608, 13, 69, 22, NULL, NULL);
INSERT INTO special_bet (id, user_id, rule_id, team_value_id, string_value, int_value) VALUES (609, 16, 69, 11, NULL, NULL);
INSERT INTO special_bet (id, user_id, rule_id, team_value_id, string_value, int_value) VALUES (610, 9, 69, 11, NULL, NULL);
INSERT INTO special_bet (id, user_id, rule_id, team_value_id, string_value, int_value) VALUES (611, 14, 69, 15, NULL, NULL);
INSERT INTO special_bet (id, user_id, rule_id, team_value_id, string_value, int_value) VALUES (612, 18, 69, 22, NULL, NULL);
INSERT INTO special_bet (id, user_id, rule_id, team_value_id, string_value, int_value) VALUES (613, 2, 69, 11, NULL, NULL);
INSERT INTO special_bet (id, user_id, rule_id, team_value_id, string_value, int_value) VALUES (614, 7, 69, 22, NULL, NULL);
INSERT INTO special_bet (id, user_id, rule_id, team_value_id, string_value, int_value) VALUES (615, 12, 69, 11, NULL, NULL);
INSERT INTO special_bet (id, user_id, rule_id, team_value_id, string_value, int_value) VALUES (616, 3, 69, 22, NULL, NULL);
INSERT INTO special_bet (id, user_id, rule_id, team_value_id, string_value, int_value) VALUES (617, 10, 69, 22, NULL, NULL);
INSERT INTO special_bet_rule (id, tournament_id, name, value_type, scoring_type, points, sort_order, actual_team_value_id, actual_string_value, actual_int_value) VALUES (70, 8, 'Tip na pořadí po základní části - Skupina B - 4. místo', 'team', 'exact_match', 0.5, 20, NULL, NULL, NULL);
INSERT INTO special_bet (id, user_id, rule_id, team_value_id, string_value, int_value) VALUES (618, 13, 70, 15, NULL, NULL);
INSERT INTO special_bet (id, user_id, rule_id, team_value_id, string_value, int_value) VALUES (619, 16, 70, 22, NULL, NULL);
INSERT INTO special_bet (id, user_id, rule_id, team_value_id, string_value, int_value) VALUES (620, 9, 70, 15, NULL, NULL);
INSERT INTO special_bet (id, user_id, rule_id, team_value_id, string_value, int_value) VALUES (621, 14, 70, 22, NULL, NULL);
INSERT INTO special_bet (id, user_id, rule_id, team_value_id, string_value, int_value) VALUES (622, 18, 70, 11, NULL, NULL);
INSERT INTO special_bet (id, user_id, rule_id, team_value_id, string_value, int_value) VALUES (623, 2, 70, 22, NULL, NULL);
INSERT INTO special_bet (id, user_id, rule_id, team_value_id, string_value, int_value) VALUES (624, 7, 70, 11, NULL, NULL);
INSERT INTO special_bet (id, user_id, rule_id, team_value_id, string_value, int_value) VALUES (625, 12, 70, 15, NULL, NULL);
INSERT INTO special_bet (id, user_id, rule_id, team_value_id, string_value, int_value) VALUES (626, 3, 70, 11, NULL, NULL);
INSERT INTO special_bet (id, user_id, rule_id, team_value_id, string_value, int_value) VALUES (627, 10, 70, 11, NULL, NULL);
INSERT INTO special_bet_rule (id, tournament_id, name, value_type, scoring_type, points, sort_order, actual_team_value_id, actual_string_value, actual_int_value) VALUES (71, 8, 'Tip na pořadí po základní části - Skupina B - 5. místo', 'team', 'exact_match', 0.5, 21, NULL, NULL, NULL);
INSERT INTO special_bet (id, user_id, rule_id, team_value_id, string_value, int_value) VALUES (628, 13, 71, 11, NULL, NULL);
INSERT INTO special_bet (id, user_id, rule_id, team_value_id, string_value, int_value) VALUES (629, 16, 71, 15, NULL, NULL);
INSERT INTO special_bet (id, user_id, rule_id, team_value_id, string_value, int_value) VALUES (630, 9, 71, 22, NULL, NULL);
INSERT INTO special_bet (id, user_id, rule_id, team_value_id, string_value, int_value) VALUES (631, 14, 71, 11, NULL, NULL);
INSERT INTO special_bet (id, user_id, rule_id, team_value_id, string_value, int_value) VALUES (632, 18, 71, 15, NULL, NULL);
INSERT INTO special_bet (id, user_id, rule_id, team_value_id, string_value, int_value) VALUES (633, 2, 71, 14, NULL, NULL);
INSERT INTO special_bet (id, user_id, rule_id, team_value_id, string_value, int_value) VALUES (634, 7, 71, 15, NULL, NULL);
INSERT INTO special_bet (id, user_id, rule_id, team_value_id, string_value, int_value) VALUES (635, 12, 71, 22, NULL, NULL);
INSERT INTO special_bet (id, user_id, rule_id, team_value_id, string_value, int_value) VALUES (636, 3, 71, 15, NULL, NULL);
INSERT INTO special_bet (id, user_id, rule_id, team_value_id, string_value, int_value) VALUES (637, 10, 71, 9, NULL, NULL);
INSERT INTO special_bet_rule (id, tournament_id, name, value_type, scoring_type, points, sort_order, actual_team_value_id, actual_string_value, actual_int_value) VALUES (72, 8, 'Tip na pořadí po základní části - Skupina B - 6. místo', 'team', 'exact_match', 0.5, 22, NULL, NULL, NULL);
INSERT INTO special_bet (id, user_id, rule_id, team_value_id, string_value, int_value) VALUES (638, 13, 72, 9, NULL, NULL);
INSERT INTO special_bet (id, user_id, rule_id, team_value_id, string_value, int_value) VALUES (639, 16, 72, 14, NULL, NULL);
INSERT INTO special_bet (id, user_id, rule_id, team_value_id, string_value, int_value) VALUES (640, 9, 72, 9, NULL, NULL);
INSERT INTO special_bet (id, user_id, rule_id, team_value_id, string_value, int_value) VALUES (641, 14, 72, 14, NULL, NULL);
INSERT INTO special_bet (id, user_id, rule_id, team_value_id, string_value, int_value) VALUES (642, 18, 72, 14, NULL, NULL);
INSERT INTO special_bet (id, user_id, rule_id, team_value_id, string_value, int_value) VALUES (643, 2, 72, 15, NULL, NULL);
INSERT INTO special_bet (id, user_id, rule_id, team_value_id, string_value, int_value) VALUES (644, 7, 72, 14, NULL, NULL);
INSERT INTO special_bet (id, user_id, rule_id, team_value_id, string_value, int_value) VALUES (645, 12, 72, 14, NULL, NULL);
INSERT INTO special_bet (id, user_id, rule_id, team_value_id, string_value, int_value) VALUES (646, 3, 72, 14, NULL, NULL);
INSERT INTO special_bet (id, user_id, rule_id, team_value_id, string_value, int_value) VALUES (647, 10, 72, 15, NULL, NULL);
INSERT INTO special_bet_rule (id, tournament_id, name, value_type, scoring_type, points, sort_order, actual_team_value_id, actual_string_value, actual_int_value) VALUES (73, 8, 'Tip na pořadí po základní části - Skupina B - 7. místo', 'team', 'exact_match', 0.5, 23, NULL, NULL, NULL);
INSERT INTO special_bet (id, user_id, rule_id, team_value_id, string_value, int_value) VALUES (648, 13, 73, 14, NULL, NULL);
INSERT INTO special_bet (id, user_id, rule_id, team_value_id, string_value, int_value) VALUES (649, 16, 73, 9, NULL, NULL);
INSERT INTO special_bet (id, user_id, rule_id, team_value_id, string_value, int_value) VALUES (650, 9, 73, 17, NULL, NULL);
INSERT INTO special_bet (id, user_id, rule_id, team_value_id, string_value, int_value) VALUES (651, 14, 73, 9, NULL, NULL);
INSERT INTO special_bet (id, user_id, rule_id, team_value_id, string_value, int_value) VALUES (652, 18, 73, 9, NULL, NULL);
INSERT INTO special_bet (id, user_id, rule_id, team_value_id, string_value, int_value) VALUES (653, 2, 73, 9, NULL, NULL);
INSERT INTO special_bet (id, user_id, rule_id, team_value_id, string_value, int_value) VALUES (654, 7, 73, 9, NULL, NULL);
INSERT INTO special_bet (id, user_id, rule_id, team_value_id, string_value, int_value) VALUES (655, 12, 73, 9, NULL, NULL);
INSERT INTO special_bet (id, user_id, rule_id, team_value_id, string_value, int_value) VALUES (656, 3, 73, 9, NULL, NULL);
INSERT INTO special_bet (id, user_id, rule_id, team_value_id, string_value, int_value) VALUES (657, 10, 73, 14, NULL, NULL);
INSERT INTO special_bet_rule (id, tournament_id, name, value_type, scoring_type, points, sort_order, actual_team_value_id, actual_string_value, actual_int_value) VALUES (74, 8, 'Tip na pořadí po základní části - Skupina B - 8. místo', 'team', 'exact_match', 0.5, 24, NULL, NULL, NULL);
INSERT INTO special_bet (id, user_id, rule_id, team_value_id, string_value, int_value) VALUES (658, 13, 74, 17, NULL, NULL);
INSERT INTO special_bet (id, user_id, rule_id, team_value_id, string_value, int_value) VALUES (659, 16, 74, 17, NULL, NULL);
INSERT INTO special_bet (id, user_id, rule_id, team_value_id, string_value, int_value) VALUES (660, 9, 74, 14, NULL, NULL);
INSERT INTO special_bet (id, user_id, rule_id, team_value_id, string_value, int_value) VALUES (661, 14, 74, 17, NULL, NULL);
INSERT INTO special_bet (id, user_id, rule_id, team_value_id, string_value, int_value) VALUES (662, 18, 74, 17, NULL, NULL);
INSERT INTO special_bet (id, user_id, rule_id, team_value_id, string_value, int_value) VALUES (663, 2, 74, 17, NULL, NULL);
INSERT INTO special_bet (id, user_id, rule_id, team_value_id, string_value, int_value) VALUES (664, 7, 74, 17, NULL, NULL);
INSERT INTO special_bet (id, user_id, rule_id, team_value_id, string_value, int_value) VALUES (665, 12, 74, 17, NULL, NULL);
INSERT INTO special_bet (id, user_id, rule_id, team_value_id, string_value, int_value) VALUES (666, 3, 74, 17, NULL, NULL);
INSERT INTO special_bet (id, user_id, rule_id, team_value_id, string_value, int_value) VALUES (667, 10, 74, 17, NULL, NULL);
INSERT INTO special_bet_rule (id, tournament_id, name, value_type, scoring_type, points, sort_order, actual_team_value_id, actual_string_value, actual_int_value) VALUES (75, 8, 'Medaile - 1. místo', 'team', 'exact_match', 3.0, 25, NULL, NULL, NULL);
INSERT INTO special_bet (id, user_id, rule_id, team_value_id, string_value, int_value) VALUES (668, 13, 75, 24, NULL, NULL);
INSERT INTO special_bet (id, user_id, rule_id, team_value_id, string_value, int_value) VALUES (669, 16, 75, 23, NULL, NULL);
INSERT INTO special_bet (id, user_id, rule_id, team_value_id, string_value, int_value) VALUES (670, 9, 75, 23, NULL, NULL);
INSERT INTO special_bet (id, user_id, rule_id, team_value_id, string_value, int_value) VALUES (671, 14, 75, 24, NULL, NULL);
INSERT INTO special_bet (id, user_id, rule_id, team_value_id, string_value, int_value) VALUES (672, 18, 75, 23, NULL, NULL);
INSERT INTO special_bet (id, user_id, rule_id, team_value_id, string_value, int_value) VALUES (673, 2, 75, 24, NULL, NULL);
INSERT INTO special_bet (id, user_id, rule_id, team_value_id, string_value, int_value) VALUES (674, 7, 75, 23, NULL, NULL);
INSERT INTO special_bet (id, user_id, rule_id, team_value_id, string_value, int_value) VALUES (675, 12, 75, 24, NULL, NULL);
INSERT INTO special_bet (id, user_id, rule_id, team_value_id, string_value, int_value) VALUES (676, 3, 75, 23, NULL, NULL);
INSERT INTO special_bet (id, user_id, rule_id, team_value_id, string_value, int_value) VALUES (677, 10, 75, 24, NULL, NULL);
INSERT INTO special_bet_rule (id, tournament_id, name, value_type, scoring_type, points, sort_order, actual_team_value_id, actual_string_value, actual_int_value) VALUES (76, 8, 'Medaile - 2. místo', 'team', 'exact_match', 2.0, 26, NULL, NULL, NULL);
INSERT INTO special_bet (id, user_id, rule_id, team_value_id, string_value, int_value) VALUES (678, 13, 76, 23, NULL, NULL);
INSERT INTO special_bet (id, user_id, rule_id, team_value_id, string_value, int_value) VALUES (679, 16, 76, 24, NULL, NULL);
INSERT INTO special_bet (id, user_id, rule_id, team_value_id, string_value, int_value) VALUES (680, 9, 76, 24, NULL, NULL);
INSERT INTO special_bet (id, user_id, rule_id, team_value_id, string_value, int_value) VALUES (681, 14, 76, 23, NULL, NULL);
INSERT INTO special_bet (id, user_id, rule_id, team_value_id, string_value, int_value) VALUES (682, 18, 76, 24, NULL, NULL);
INSERT INTO special_bet (id, user_id, rule_id, team_value_id, string_value, int_value) VALUES (683, 2, 76, 23, NULL, NULL);
INSERT INTO special_bet (id, user_id, rule_id, team_value_id, string_value, int_value) VALUES (684, 7, 76, 24, NULL, NULL);
INSERT INTO special_bet (id, user_id, rule_id, team_value_id, string_value, int_value) VALUES (685, 12, 76, 23, NULL, NULL);
INSERT INTO special_bet (id, user_id, rule_id, team_value_id, string_value, int_value) VALUES (686, 3, 76, 24, NULL, NULL);
INSERT INTO special_bet (id, user_id, rule_id, team_value_id, string_value, int_value) VALUES (687, 10, 76, 23, NULL, NULL);
INSERT INTO special_bet_rule (id, tournament_id, name, value_type, scoring_type, points, sort_order, actual_team_value_id, actual_string_value, actual_int_value) VALUES (77, 8, 'Medaile - 3. místo', 'team', 'exact_match', 1.0, 27, NULL, NULL, NULL);
INSERT INTO special_bet (id, user_id, rule_id, team_value_id, string_value, int_value) VALUES (688, 13, 77, 22, NULL, NULL);
INSERT INTO special_bet (id, user_id, rule_id, team_value_id, string_value, int_value) VALUES (689, 16, 77, 11, NULL, NULL);
INSERT INTO special_bet (id, user_id, rule_id, team_value_id, string_value, int_value) VALUES (690, 9, 77, 11, NULL, NULL);
INSERT INTO special_bet (id, user_id, rule_id, team_value_id, string_value, int_value) VALUES (691, 14, 77, 15, NULL, NULL);
INSERT INTO special_bet (id, user_id, rule_id, team_value_id, string_value, int_value) VALUES (692, 18, 77, 22, NULL, NULL);
INSERT INTO special_bet (id, user_id, rule_id, team_value_id, string_value, int_value) VALUES (693, 2, 77, 11, NULL, NULL);
INSERT INTO special_bet (id, user_id, rule_id, team_value_id, string_value, int_value) VALUES (694, 7, 77, 22, NULL, NULL);
INSERT INTO special_bet (id, user_id, rule_id, team_value_id, string_value, int_value) VALUES (695, 12, 77, 11, NULL, NULL);
INSERT INTO special_bet (id, user_id, rule_id, team_value_id, string_value, int_value) VALUES (696, 3, 77, 22, NULL, NULL);
INSERT INTO special_bet (id, user_id, rule_id, team_value_id, string_value, int_value) VALUES (697, 10, 77, 22, NULL, NULL);
INSERT INTO special_bet_rule (id, tournament_id, name, value_type, scoring_type, points, sort_order, actual_team_value_id, actual_string_value, actual_int_value) VALUES (78, 8, 'Počet gólů české reprezentace', 'integer', 'closest', 2.0, 28, NULL, NULL, NULL);
INSERT INTO special_bet (id, user_id, rule_id, team_value_id, string_value, int_value) VALUES (698, 13, 78, NULL, NULL, 25);
INSERT INTO special_bet (id, user_id, rule_id, team_value_id, string_value, int_value) VALUES (699, 16, 78, NULL, NULL, 32);
INSERT INTO special_bet (id, user_id, rule_id, team_value_id, string_value, int_value) VALUES (700, 9, 78, NULL, NULL, 22);
INSERT INTO special_bet (id, user_id, rule_id, team_value_id, string_value, int_value) VALUES (701, 14, 78, NULL, NULL, 26);
INSERT INTO special_bet (id, user_id, rule_id, team_value_id, string_value, int_value) VALUES (702, 18, 78, NULL, NULL, 19);
INSERT INTO special_bet (id, user_id, rule_id, team_value_id, string_value, int_value) VALUES (703, 2, 78, NULL, NULL, 34);
INSERT INTO special_bet (id, user_id, rule_id, team_value_id, string_value, int_value) VALUES (704, 7, 78, NULL, NULL, 25);
INSERT INTO special_bet (id, user_id, rule_id, team_value_id, string_value, int_value) VALUES (705, 12, 78, NULL, NULL, 28);
INSERT INTO special_bet (id, user_id, rule_id, team_value_id, string_value, int_value) VALUES (706, 3, 78, NULL, NULL, 31);
INSERT INTO special_bet (id, user_id, rule_id, team_value_id, string_value, int_value) VALUES (707, 10, 78, NULL, NULL, 22);
INSERT INTO special_bet_rule (id, tournament_id, name, value_type, scoring_type, points, sort_order, actual_team_value_id, actual_string_value, actual_int_value) VALUES (79, 8, 'Počet remíz po základní hrací době', 'integer', 'closest', 2.0, 29, NULL, NULL, NULL);
INSERT INTO special_bet (id, user_id, rule_id, team_value_id, string_value, int_value) VALUES (708, 13, 79, NULL, NULL, 7);
INSERT INTO special_bet (id, user_id, rule_id, team_value_id, string_value, int_value) VALUES (709, 16, 79, NULL, NULL, 9);
INSERT INTO special_bet (id, user_id, rule_id, team_value_id, string_value, int_value) VALUES (710, 9, 79, NULL, NULL, 8);
INSERT INTO special_bet (id, user_id, rule_id, team_value_id, string_value, int_value) VALUES (711, 14, 79, NULL, NULL, 4);
INSERT INTO special_bet (id, user_id, rule_id, team_value_id, string_value, int_value) VALUES (712, 18, 79, NULL, NULL, 4);
INSERT INTO special_bet (id, user_id, rule_id, team_value_id, string_value, int_value) VALUES (713, 2, 79, NULL, NULL, 6);
INSERT INTO special_bet (id, user_id, rule_id, team_value_id, string_value, int_value) VALUES (714, 7, 79, NULL, NULL, 9);
INSERT INTO special_bet (id, user_id, rule_id, team_value_id, string_value, int_value) VALUES (715, 12, 79, NULL, NULL, 12);
INSERT INTO special_bet (id, user_id, rule_id, team_value_id, string_value, int_value) VALUES (716, 3, 79, NULL, NULL, 6);
INSERT INTO special_bet (id, user_id, rule_id, team_value_id, string_value, int_value) VALUES (717, 10, 79, NULL, NULL, 5);

-- Tournament: MS 2025
INSERT INTO tournament (id, name, year, slug, status, created_at) VALUES (9, 'MS 2025', 2025, 'ms-2025', 'finished', '2024-01-01 00:00:00');
INSERT INTO rule_set (id, tournament_id, winner_base_points, wrong_opponent_bonus, exact_score_bonus, prizes) VALUES (9, 9, 1.0, 0.25, 2.0, '{"1": 350, "2": 200, "3": 50}');
INSERT INTO "match" (id, tournament_id, home_team_id, away_team_id, phase, played_at, home_score, away_score, is_finished) VALUES (477, 9, 1, 8, 'group_stage', '2025-05-09 16:20:00', 1, 2, true);
INSERT INTO "match" (id, tournament_id, home_team_id, away_team_id, phase, played_at, home_score, away_score, is_finished) VALUES (478, 9, 21, 6, 'group_stage', '2025-05-09 16:20:00', 4, 5, true);
INSERT INTO "match" (id, tournament_id, home_team_id, away_team_id, phase, played_at, home_score, away_score, is_finished) VALUES (479, 9, 23, 22, 'group_stage', '2025-05-09 20:20:00', 5, 0, true);
INSERT INTO "match" (id, tournament_id, home_team_id, away_team_id, phase, played_at, home_score, away_score, is_finished) VALUES (480, 9, 7, 24, 'group_stage', '2025-05-09 20:20:00', 0, 5, true);
INSERT INTO "match" (id, tournament_id, home_team_id, away_team_id, phase, played_at, home_score, away_score, is_finished) VALUES (481, 9, 20, 4, 'group_stage', '2025-05-10 12:20:00', 0, 4, true);
INSERT INTO "match" (id, tournament_id, home_team_id, away_team_id, phase, played_at, home_score, away_score, is_finished) VALUES (482, 9, 16, 14, 'group_stage', '2025-05-10 12:20:00', 1, 2, true);
INSERT INTO "match" (id, tournament_id, home_team_id, away_team_id, phase, played_at, home_score, away_score, is_finished) VALUES (483, 9, 23, 1, 'group_stage', '2025-05-10 16:20:00', 4, 2, true);
INSERT INTO "match" (id, tournament_id, home_team_id, away_team_id, phase, played_at, home_score, away_score, is_finished) VALUES (484, 9, 11, 12, 'group_stage', '2025-05-10 16:20:00', 6, 1, true);
INSERT INTO "match" (id, tournament_id, home_team_id, away_team_id, phase, played_at, home_score, away_score, is_finished) VALUES (485, 9, 9, 15, 'group_stage', '2025-05-10 20:20:00', 1, 4, true);
INSERT INTO "match" (id, tournament_id, home_team_id, away_team_id, phase, played_at, home_score, away_score, is_finished) VALUES (486, 9, 7, 21, 'group_stage', '2025-05-10 20:20:00', 2, 5, true);
INSERT INTO "match" (id, tournament_id, home_team_id, away_team_id, phase, played_at, home_score, away_score, is_finished) VALUES (487, 9, 22, 20, 'group_stage', '2025-05-11 12:20:00', 3, 1, true);
INSERT INTO "match" (id, tournament_id, home_team_id, away_team_id, phase, played_at, home_score, away_score, is_finished) VALUES (488, 9, 24, 12, 'group_stage', '2025-05-11 12:20:00', 6, 0, true);
INSERT INTO "match" (id, tournament_id, home_team_id, away_team_id, phase, played_at, home_score, away_score, is_finished) VALUES (489, 9, 15, 4, 'group_stage', '2025-05-11 16:20:00', 1, 7, true);
INSERT INTO "match" (id, tournament_id, home_team_id, away_team_id, phase, played_at, home_score, away_score, is_finished) VALUES (490, 9, 11, 14, 'group_stage', '2025-05-11 16:20:00', 4, 1, true);
INSERT INTO "match" (id, tournament_id, home_team_id, away_team_id, phase, played_at, home_score, away_score, is_finished) VALUES (491, 9, 8, 9, 'group_stage', '2025-05-11 20:20:00', 4, 3, true);
INSERT INTO "match" (id, tournament_id, home_team_id, away_team_id, phase, played_at, home_score, away_score, is_finished) VALUES (492, 9, 16, 6, 'group_stage', '2025-05-11 20:20:00', 1, 2, true);
INSERT INTO "match" (id, tournament_id, home_team_id, away_team_id, phase, played_at, home_score, away_score, is_finished) VALUES (493, 9, 1, 22, 'group_stage', '2025-05-12 16:20:00', 3, 2, true);
INSERT INTO "match" (id, tournament_id, home_team_id, away_team_id, phase, played_at, home_score, away_score, is_finished) VALUES (494, 9, 24, 21, 'group_stage', '2025-05-12 16:20:00', 0, 3, true);
INSERT INTO "match" (id, tournament_id, home_team_id, away_team_id, phase, played_at, home_score, away_score, is_finished) VALUES (495, 9, 8, 23, 'group_stage', '2025-05-12 20:20:00', 1, 2, true);
INSERT INTO "match" (id, tournament_id, home_team_id, away_team_id, phase, played_at, home_score, away_score, is_finished) VALUES (496, 9, 6, 7, 'group_stage', '2025-05-12 20:20:00', 7, 2, true);
INSERT INTO "match" (id, tournament_id, home_team_id, away_team_id, phase, played_at, home_score, away_score, is_finished) VALUES (497, 9, 20, 15, 'group_stage', '2025-05-13 16:20:00', 2, 5, true);
INSERT INTO "match" (id, tournament_id, home_team_id, away_team_id, phase, played_at, home_score, away_score, is_finished) VALUES (498, 9, 16, 11, 'group_stage', '2025-05-13 16:20:00', 2, 5, true);
INSERT INTO "match" (id, tournament_id, home_team_id, away_team_id, phase, played_at, home_score, away_score, is_finished) VALUES (499, 9, 4, 9, 'group_stage', '2025-05-13 20:20:00', 5, 0, true);
INSERT INTO "match" (id, tournament_id, home_team_id, away_team_id, phase, played_at, home_score, away_score, is_finished) VALUES (500, 9, 14, 12, 'group_stage', '2025-05-13 20:20:00', 2, 4, true);
INSERT INTO "match" (id, tournament_id, home_team_id, away_team_id, phase, played_at, home_score, away_score, is_finished) VALUES (501, 9, 22, 9, 'group_stage', '2025-05-14 16:20:00', 2, 1, true);
INSERT INTO "match" (id, tournament_id, home_team_id, away_team_id, phase, played_at, home_score, away_score, is_finished) VALUES (502, 9, 24, 16, 'group_stage', '2025-05-14 16:20:00', 6, 5, true);
INSERT INTO "match" (id, tournament_id, home_team_id, away_team_id, phase, played_at, home_score, away_score, is_finished) VALUES (503, 9, 15, 23, 'group_stage', '2025-05-14 20:20:00', 0, 6, true);
INSERT INTO "match" (id, tournament_id, home_team_id, away_team_id, phase, played_at, home_score, away_score, is_finished) VALUES (504, 9, 14, 7, 'group_stage', '2025-05-14 20:20:00', 1, 5, true);
INSERT INTO "match" (id, tournament_id, home_team_id, away_team_id, phase, played_at, home_score, away_score, is_finished) VALUES (505, 9, 8, 20, 'group_stage', '2025-05-15 16:20:00', 9, 1, true);
INSERT INTO "match" (id, tournament_id, home_team_id, away_team_id, phase, played_at, home_score, away_score, is_finished) VALUES (506, 9, 21, 11, 'group_stage', '2025-05-15 16:20:00', 5, 1, true);
INSERT INTO "match" (id, tournament_id, home_team_id, away_team_id, phase, played_at, home_score, away_score, is_finished) VALUES (507, 9, 4, 1, 'group_stage', '2025-05-15 20:20:00', 5, 1, true);
INSERT INTO "match" (id, tournament_id, home_team_id, away_team_id, phase, played_at, home_score, away_score, is_finished) VALUES (508, 9, 6, 12, 'group_stage', '2025-05-15 20:20:00', 6, 1, true);
INSERT INTO "match" (id, tournament_id, home_team_id, away_team_id, phase, played_at, home_score, away_score, is_finished) VALUES (509, 9, 1, 9, 'group_stage', '2025-05-16 16:20:00', 5, 2, true);
INSERT INTO "match" (id, tournament_id, home_team_id, away_team_id, phase, played_at, home_score, away_score, is_finished) VALUES (510, 9, 12, 7, 'group_stage', '2025-05-16 16:20:00', 2, 8, true);
INSERT INTO "match" (id, tournament_id, home_team_id, away_team_id, phase, played_at, home_score, away_score, is_finished) VALUES (511, 9, 23, 20, 'group_stage', '2025-05-16 20:20:00', 4, 0, true);
INSERT INTO "match" (id, tournament_id, home_team_id, away_team_id, phase, played_at, home_score, away_score, is_finished) VALUES (512, 9, 21, 16, 'group_stage', '2025-05-16 20:20:00', 3, 0, true);
INSERT INTO "match" (id, tournament_id, home_team_id, away_team_id, phase, played_at, home_score, away_score, is_finished) VALUES (513, 9, 8, 15, 'group_stage', '2025-05-17 12:20:00', 2, 1, true);
INSERT INTO "match" (id, tournament_id, home_team_id, away_team_id, phase, played_at, home_score, away_score, is_finished) VALUES (514, 9, 24, 11, 'group_stage', '2025-05-17 12:20:00', 6, 3, true);
INSERT INTO "match" (id, tournament_id, home_team_id, away_team_id, phase, played_at, home_score, away_score, is_finished) VALUES (515, 9, 9, 23, 'group_stage', '2025-05-17 16:20:00', 0, 4, true);
INSERT INTO "match" (id, tournament_id, home_team_id, away_team_id, phase, played_at, home_score, away_score, is_finished) VALUES (516, 9, 6, 14, 'group_stage', '2025-05-17 16:20:00', 8, 1, true);
INSERT INTO "match" (id, tournament_id, home_team_id, away_team_id, phase, played_at, home_score, away_score, is_finished) VALUES (517, 9, 4, 22, 'group_stage', '2025-05-17 20:20:00', 7, 0, true);
INSERT INTO "match" (id, tournament_id, home_team_id, away_team_id, phase, played_at, home_score, away_score, is_finished) VALUES (518, 9, 7, 16, 'group_stage', '2025-05-17 20:20:00', 6, 3, true);
INSERT INTO "match" (id, tournament_id, home_team_id, away_team_id, phase, played_at, home_score, away_score, is_finished) VALUES (519, 9, 20, 1, 'group_stage', '2025-05-18 16:20:00', 2, 3, true);
INSERT INTO "match" (id, tournament_id, home_team_id, away_team_id, phase, played_at, home_score, away_score, is_finished) VALUES (520, 9, 14, 24, 'group_stage', '2025-05-18 16:20:00', 1, 6, true);
INSERT INTO "match" (id, tournament_id, home_team_id, away_team_id, phase, played_at, home_score, away_score, is_finished) VALUES (521, 9, 22, 15, 'group_stage', '2025-05-18 20:20:00', 1, 5, true);
INSERT INTO "match" (id, tournament_id, home_team_id, away_team_id, phase, played_at, home_score, away_score, is_finished) VALUES (522, 9, 12, 21, 'group_stage', '2025-05-18 20:20:00', 0, 10, true);
INSERT INTO "match" (id, tournament_id, home_team_id, away_team_id, phase, played_at, home_score, away_score, is_finished) VALUES (523, 9, 9, 20, 'group_stage', '2025-05-19 16:20:00', 1, 3, true);
INSERT INTO "match" (id, tournament_id, home_team_id, away_team_id, phase, played_at, home_score, away_score, is_finished) VALUES (524, 9, 11, 6, 'group_stage', '2025-05-19 16:20:00', 0, 5, true);
INSERT INTO "match" (id, tournament_id, home_team_id, away_team_id, phase, played_at, home_score, away_score, is_finished) VALUES (525, 9, 4, 8, 'group_stage', '2025-05-19 20:20:00', 1, 2, true);
INSERT INTO "match" (id, tournament_id, home_team_id, away_team_id, phase, played_at, home_score, away_score, is_finished) VALUES (526, 9, 12, 16, 'group_stage', '2025-05-19 20:20:00', 0, 1, true);
INSERT INTO "match" (id, tournament_id, home_team_id, away_team_id, phase, played_at, home_score, away_score, is_finished) VALUES (527, 9, 15, 1, 'group_stage', '2025-05-20 12:20:00', 1, 6, true);
INSERT INTO "match" (id, tournament_id, home_team_id, away_team_id, phase, played_at, home_score, away_score, is_finished) VALUES (528, 9, 21, 14, 'group_stage', '2025-05-20 12:20:00', 4, 1, true);
INSERT INTO "match" (id, tournament_id, home_team_id, away_team_id, phase, played_at, home_score, away_score, is_finished) VALUES (529, 9, 22, 8, 'group_stage', '2025-05-20 16:20:00', 1, 2, true);
INSERT INTO "match" (id, tournament_id, home_team_id, away_team_id, phase, played_at, home_score, away_score, is_finished) VALUES (530, 9, 6, 24, 'group_stage', '2025-05-20 16:20:00', 2, 5, true);
INSERT INTO "match" (id, tournament_id, home_team_id, away_team_id, phase, played_at, home_score, away_score, is_finished) VALUES (531, 9, 23, 4, 'group_stage', '2025-05-20 20:20:00', 3, 5, true);
INSERT INTO "match" (id, tournament_id, home_team_id, away_team_id, phase, played_at, home_score, away_score, is_finished) VALUES (532, 9, 11, 7, 'group_stage', '2025-05-20 20:20:00', 1, 2, true);
INSERT INTO "match" (id, tournament_id, home_team_id, away_team_id, phase, played_at, home_score, away_score, is_finished) VALUES (533, 9, 24, 8, 'group_stage', '2025-05-22 16:20:00', 5, 2, true);
INSERT INTO "match" (id, tournament_id, home_team_id, away_team_id, phase, played_at, home_score, away_score, is_finished) VALUES (534, 9, 21, 1, 'group_stage', '2025-05-22 16:20:00', 6, 0, true);
INSERT INTO "match" (id, tournament_id, home_team_id, away_team_id, phase, played_at, home_score, away_score, is_finished) VALUES (535, 9, 23, 6, 'group_stage', '2025-05-22 20:20:00', 5, 2, true);
INSERT INTO "match" (id, tournament_id, home_team_id, away_team_id, phase, played_at, home_score, away_score, is_finished) VALUES (536, 9, 4, 7, 'group_stage', '2025-05-22 20:20:00', 1, 2, true);
INSERT INTO "match" (id, tournament_id, home_team_id, away_team_id, phase, played_at, home_score, away_score, is_finished) VALUES (537, 9, 23, 24, 'semifinal', '2025-05-24 14:20:00', 2, 6, true);
INSERT INTO "match" (id, tournament_id, home_team_id, away_team_id, phase, played_at, home_score, away_score, is_finished) VALUES (538, 9, 21, 7, 'semifinal', '2025-05-24 18:20:00', 7, 0, true);
INSERT INTO "match" (id, tournament_id, home_team_id, away_team_id, phase, played_at, home_score, away_score, is_finished) VALUES (539, 9, 23, 7, 'bronze_medal', '2025-05-25 15:20:00', 6, 2, true);
INSERT INTO "match" (id, tournament_id, home_team_id, away_team_id, phase, played_at, home_score, away_score, is_finished) VALUES (540, 9, 21, 24, 'gold_medal', '2025-05-25 20:20:00', 0, 1, true);
INSERT INTO prediction (id, user_id, game_id, home_score, away_score, created_at, updated_at) VALUES (4080, 13, 477, 2, 4, '2024-01-01 00:00:00', NULL);
INSERT INTO prediction (id, user_id, game_id, home_score, away_score, created_at, updated_at) VALUES (4081, 16, 477, 1, 4, '2024-01-01 00:00:00', NULL);
INSERT INTO prediction (id, user_id, game_id, home_score, away_score, created_at, updated_at) VALUES (4082, 9, 477, 1, 5, '2024-01-01 00:00:00', NULL);
INSERT INTO prediction (id, user_id, game_id, home_score, away_score, created_at, updated_at) VALUES (4083, 14, 477, 1, 6, '2024-01-01 00:00:00', NULL);
INSERT INTO prediction (id, user_id, game_id, home_score, away_score, created_at, updated_at) VALUES (4084, 2, 477, 1, 4, '2024-01-01 00:00:00', NULL);
INSERT INTO prediction (id, user_id, game_id, home_score, away_score, created_at, updated_at) VALUES (4085, 7, 477, 2, 4, '2024-01-01 00:00:00', NULL);
INSERT INTO prediction (id, user_id, game_id, home_score, away_score, created_at, updated_at) VALUES (4086, 12, 477, 1, 4, '2024-01-01 00:00:00', NULL);
INSERT INTO prediction (id, user_id, game_id, home_score, away_score, created_at, updated_at) VALUES (4087, 6, 477, 1, 3, '2024-01-01 00:00:00', NULL);
INSERT INTO prediction (id, user_id, game_id, home_score, away_score, created_at, updated_at) VALUES (4088, 10, 477, 3, 1, '2024-01-01 00:00:00', NULL);
INSERT INTO prediction (id, user_id, game_id, home_score, away_score, created_at, updated_at) VALUES (4089, 4, 477, 1, 5, '2024-01-01 00:00:00', NULL);
INSERT INTO prediction (id, user_id, game_id, home_score, away_score, created_at, updated_at) VALUES (4090, 5, 477, 1, 6, '2024-01-01 00:00:00', NULL);
INSERT INTO prediction (id, user_id, game_id, home_score, away_score, created_at, updated_at) VALUES (4091, 1, 477, 1, 6, '2024-01-01 00:00:00', NULL);
INSERT INTO prediction (id, user_id, game_id, home_score, away_score, created_at, updated_at) VALUES (4092, 13, 478, 2, 3, '2024-01-01 00:00:00', NULL);
INSERT INTO prediction (id, user_id, game_id, home_score, away_score, created_at, updated_at) VALUES (4093, 16, 478, 3, 5, '2024-01-01 00:00:00', NULL);
INSERT INTO prediction (id, user_id, game_id, home_score, away_score, created_at, updated_at) VALUES (4094, 9, 478, 2, 4, '2024-01-01 00:00:00', NULL);
INSERT INTO prediction (id, user_id, game_id, home_score, away_score, created_at, updated_at) VALUES (4095, 14, 478, 1, 2, '2024-01-01 00:00:00', NULL);
INSERT INTO prediction (id, user_id, game_id, home_score, away_score, created_at, updated_at) VALUES (4096, 2, 478, 2, 3, '2024-01-01 00:00:00', NULL);
INSERT INTO prediction (id, user_id, game_id, home_score, away_score, created_at, updated_at) VALUES (4097, 7, 478, 2, 3, '2024-01-01 00:00:00', NULL);
INSERT INTO prediction (id, user_id, game_id, home_score, away_score, created_at, updated_at) VALUES (4098, 12, 478, 1, 2, '2024-01-01 00:00:00', NULL);
INSERT INTO prediction (id, user_id, game_id, home_score, away_score, created_at, updated_at) VALUES (4099, 6, 478, 2, 3, '2024-01-01 00:00:00', NULL);
INSERT INTO prediction (id, user_id, game_id, home_score, away_score, created_at, updated_at) VALUES (4100, 10, 478, 1, 3, '2024-01-01 00:00:00', NULL);
INSERT INTO prediction (id, user_id, game_id, home_score, away_score, created_at, updated_at) VALUES (4101, 4, 478, 2, 3, '2024-01-01 00:00:00', NULL);
INSERT INTO prediction (id, user_id, game_id, home_score, away_score, created_at, updated_at) VALUES (4102, 5, 478, 2, 3, '2024-01-01 00:00:00', NULL);
INSERT INTO prediction (id, user_id, game_id, home_score, away_score, created_at, updated_at) VALUES (4103, 1, 478, 2, 4, '2024-01-01 00:00:00', NULL);
INSERT INTO prediction (id, user_id, game_id, home_score, away_score, created_at, updated_at) VALUES (4104, 13, 479, 4, 0, '2024-01-01 00:00:00', NULL);
INSERT INTO prediction (id, user_id, game_id, home_score, away_score, created_at, updated_at) VALUES (4105, 16, 479, 5, 2, '2024-01-01 00:00:00', NULL);
INSERT INTO prediction (id, user_id, game_id, home_score, away_score, created_at, updated_at) VALUES (4106, 9, 479, 5, 2, '2024-01-01 00:00:00', NULL);
INSERT INTO prediction (id, user_id, game_id, home_score, away_score, created_at, updated_at) VALUES (4107, 14, 479, 3, 1, '2024-01-01 00:00:00', NULL);
INSERT INTO prediction (id, user_id, game_id, home_score, away_score, created_at, updated_at) VALUES (4108, 2, 479, 5, 2, '2024-01-01 00:00:00', NULL);
INSERT INTO prediction (id, user_id, game_id, home_score, away_score, created_at, updated_at) VALUES (4109, 7, 479, 5, 1, '2024-01-01 00:00:00', NULL);
INSERT INTO prediction (id, user_id, game_id, home_score, away_score, created_at, updated_at) VALUES (4110, 12, 479, 3, 2, '2024-01-01 00:00:00', NULL);
INSERT INTO prediction (id, user_id, game_id, home_score, away_score, created_at, updated_at) VALUES (4111, 6, 479, 4, 1, '2024-01-01 00:00:00', NULL);
INSERT INTO prediction (id, user_id, game_id, home_score, away_score, created_at, updated_at) VALUES (4112, 10, 479, 2, 3, '2024-01-01 00:00:00', NULL);
INSERT INTO prediction (id, user_id, game_id, home_score, away_score, created_at, updated_at) VALUES (4113, 4, 479, 4, 2, '2024-01-01 00:00:00', NULL);
INSERT INTO prediction (id, user_id, game_id, home_score, away_score, created_at, updated_at) VALUES (4114, 5, 479, 4, 1, '2024-01-01 00:00:00', NULL);
INSERT INTO prediction (id, user_id, game_id, home_score, away_score, created_at, updated_at) VALUES (4115, 1, 479, 4, 1, '2024-01-01 00:00:00', NULL);
INSERT INTO prediction (id, user_id, game_id, home_score, away_score, created_at, updated_at) VALUES (4116, 13, 480, 2, 4, '2024-01-01 00:00:00', NULL);
INSERT INTO prediction (id, user_id, game_id, home_score, away_score, created_at, updated_at) VALUES (4117, 16, 480, 1, 6, '2024-01-01 00:00:00', NULL);
INSERT INTO prediction (id, user_id, game_id, home_score, away_score, created_at, updated_at) VALUES (4118, 9, 480, 1, 7, '2024-01-01 00:00:00', NULL);
INSERT INTO prediction (id, user_id, game_id, home_score, away_score, created_at, updated_at) VALUES (4119, 14, 480, 2, 4, '2024-01-01 00:00:00', NULL);
INSERT INTO prediction (id, user_id, game_id, home_score, away_score, created_at, updated_at) VALUES (4120, 2, 480, 1, 5, '2024-01-01 00:00:00', NULL);
INSERT INTO prediction (id, user_id, game_id, home_score, away_score, created_at, updated_at) VALUES (4121, 7, 480, 3, 4, '2024-01-01 00:00:00', NULL);
INSERT INTO prediction (id, user_id, game_id, home_score, away_score, created_at, updated_at) VALUES (4122, 12, 480, 1, 5, '2024-01-01 00:00:00', NULL);
INSERT INTO prediction (id, user_id, game_id, home_score, away_score, created_at, updated_at) VALUES (4123, 6, 480, 1, 5, '2024-01-01 00:00:00', NULL);
INSERT INTO prediction (id, user_id, game_id, home_score, away_score, created_at, updated_at) VALUES (4124, 10, 480, 1, 4, '2024-01-01 00:00:00', NULL);
INSERT INTO prediction (id, user_id, game_id, home_score, away_score, created_at, updated_at) VALUES (4125, 4, 480, 1, 4, '2024-01-01 00:00:00', NULL);
INSERT INTO prediction (id, user_id, game_id, home_score, away_score, created_at, updated_at) VALUES (4126, 5, 480, 0, 2, '2024-01-01 00:00:00', NULL);
INSERT INTO prediction (id, user_id, game_id, home_score, away_score, created_at, updated_at) VALUES (4127, 1, 480, 1, 5, '2024-01-01 00:00:00', NULL);
INSERT INTO prediction (id, user_id, game_id, home_score, away_score, created_at, updated_at) VALUES (4128, 13, 481, 1, 5, '2024-01-01 00:00:00', NULL);
INSERT INTO prediction (id, user_id, game_id, home_score, away_score, created_at, updated_at) VALUES (4129, 16, 481, 1, 11, '2024-01-01 00:00:00', NULL);
INSERT INTO prediction (id, user_id, game_id, home_score, away_score, created_at, updated_at) VALUES (4130, 9, 481, 1, 9, '2024-01-01 00:00:00', NULL);
INSERT INTO prediction (id, user_id, game_id, home_score, away_score, created_at, updated_at) VALUES (4131, 14, 481, 1, 6, '2024-01-01 00:00:00', NULL);
INSERT INTO prediction (id, user_id, game_id, home_score, away_score, created_at, updated_at) VALUES (4132, 2, 481, 2, 7, '2024-01-01 00:00:00', NULL);
INSERT INTO prediction (id, user_id, game_id, home_score, away_score, created_at, updated_at) VALUES (4133, 7, 481, 0, 8, '2024-01-01 00:00:00', NULL);
INSERT INTO prediction (id, user_id, game_id, home_score, away_score, created_at, updated_at) VALUES (4134, 12, 481, 3, 5, '2024-01-01 00:00:00', NULL);
INSERT INTO prediction (id, user_id, game_id, home_score, away_score, created_at, updated_at) VALUES (4135, 6, 481, 0, 6, '2024-01-01 00:00:00', NULL);
INSERT INTO prediction (id, user_id, game_id, home_score, away_score, created_at, updated_at) VALUES (4136, 10, 481, 1, 5, '2024-01-01 00:00:00', NULL);
INSERT INTO prediction (id, user_id, game_id, home_score, away_score, created_at, updated_at) VALUES (4137, 4, 481, 1, 6, '2024-01-01 00:00:00', NULL);
INSERT INTO prediction (id, user_id, game_id, home_score, away_score, created_at, updated_at) VALUES (4138, 5, 481, 0, 6, '2024-01-01 00:00:00', NULL);
INSERT INTO prediction (id, user_id, game_id, home_score, away_score, created_at, updated_at) VALUES (4139, 1, 481, 0, 7, '2024-01-01 00:00:00', NULL);
INSERT INTO prediction (id, user_id, game_id, home_score, away_score, created_at, updated_at) VALUES (4140, 13, 482, 4, 3, '2024-01-01 00:00:00', NULL);
INSERT INTO prediction (id, user_id, game_id, home_score, away_score, created_at, updated_at) VALUES (4141, 16, 482, 4, 2, '2024-01-01 00:00:00', NULL);
INSERT INTO prediction (id, user_id, game_id, home_score, away_score, created_at, updated_at) VALUES (4142, 9, 482, 2, 3, '2024-01-01 00:00:00', NULL);
INSERT INTO prediction (id, user_id, game_id, home_score, away_score, created_at, updated_at) VALUES (4143, 14, 482, 2, 4, '2024-01-01 00:00:00', NULL);
INSERT INTO prediction (id, user_id, game_id, home_score, away_score, created_at, updated_at) VALUES (4144, 2, 482, 3, 2, '2024-01-01 00:00:00', NULL);
INSERT INTO prediction (id, user_id, game_id, home_score, away_score, created_at, updated_at) VALUES (4145, 7, 482, 3, 2, '2024-01-01 00:00:00', NULL);
INSERT INTO prediction (id, user_id, game_id, home_score, away_score, created_at, updated_at) VALUES (4146, 12, 482, 3, 2, '2024-01-01 00:00:00', NULL);
INSERT INTO prediction (id, user_id, game_id, home_score, away_score, created_at, updated_at) VALUES (4147, 6, 482, 3, 2, '2024-01-01 00:00:00', NULL);
INSERT INTO prediction (id, user_id, game_id, home_score, away_score, created_at, updated_at) VALUES (4148, 10, 482, 4, 2, '2024-01-01 00:00:00', NULL);
INSERT INTO prediction (id, user_id, game_id, home_score, away_score, created_at, updated_at) VALUES (4149, 4, 482, 3, 2, '2024-01-01 00:00:00', NULL);
INSERT INTO prediction (id, user_id, game_id, home_score, away_score, created_at, updated_at) VALUES (4150, 5, 482, 3, 1, '2024-01-01 00:00:00', NULL);
INSERT INTO prediction (id, user_id, game_id, home_score, away_score, created_at, updated_at) VALUES (4151, 1, 482, 3, 1, '2024-01-01 00:00:00', NULL);
INSERT INTO prediction (id, user_id, game_id, home_score, away_score, created_at, updated_at) VALUES (4152, 13, 483, 4, 1, '2024-01-01 00:00:00', NULL);
INSERT INTO prediction (id, user_id, game_id, home_score, away_score, created_at, updated_at) VALUES (4153, 16, 483, 6, 0, '2024-01-01 00:00:00', NULL);
INSERT INTO prediction (id, user_id, game_id, home_score, away_score, created_at, updated_at) VALUES (4154, 9, 483, 6, 0, '2024-01-01 00:00:00', NULL);
INSERT INTO prediction (id, user_id, game_id, home_score, away_score, created_at, updated_at) VALUES (4155, 14, 483, 4, 1, '2024-01-01 00:00:00', NULL);
INSERT INTO prediction (id, user_id, game_id, home_score, away_score, created_at, updated_at) VALUES (4156, 2, 483, 4, 1, '2024-01-01 00:00:00', NULL);
INSERT INTO prediction (id, user_id, game_id, home_score, away_score, created_at, updated_at) VALUES (4157, 7, 483, 4, 0, '2024-01-01 00:00:00', NULL);
INSERT INTO prediction (id, user_id, game_id, home_score, away_score, created_at, updated_at) VALUES (4158, 12, 483, 1, 5, '2024-01-01 00:00:00', NULL);
INSERT INTO prediction (id, user_id, game_id, home_score, away_score, created_at, updated_at) VALUES (4159, 6, 483, 4, 1, '2024-01-01 00:00:00', NULL);
INSERT INTO prediction (id, user_id, game_id, home_score, away_score, created_at, updated_at) VALUES (4160, 10, 483, 3, 1, '2024-01-01 00:00:00', NULL);
INSERT INTO prediction (id, user_id, game_id, home_score, away_score, created_at, updated_at) VALUES (4161, 4, 483, 5, 1, '2024-01-01 00:00:00', NULL);
INSERT INTO prediction (id, user_id, game_id, home_score, away_score, created_at, updated_at) VALUES (4162, 5, 483, 4, 0, '2024-01-01 00:00:00', NULL);
INSERT INTO prediction (id, user_id, game_id, home_score, away_score, created_at, updated_at) VALUES (4163, 1, 483, 4, 0, '2024-01-01 00:00:00', NULL);
INSERT INTO prediction (id, user_id, game_id, home_score, away_score, created_at, updated_at) VALUES (4164, 13, 484, 3, 1, '2024-01-01 00:00:00', NULL);
INSERT INTO prediction (id, user_id, game_id, home_score, away_score, created_at, updated_at) VALUES (4165, 16, 484, 5, 2, '2024-01-01 00:00:00', NULL);
INSERT INTO prediction (id, user_id, game_id, home_score, away_score, created_at, updated_at) VALUES (4166, 9, 484, 7, 1, '2024-01-01 00:00:00', NULL);
INSERT INTO prediction (id, user_id, game_id, home_score, away_score, created_at, updated_at) VALUES (4167, 14, 484, 5, 0, '2024-01-01 00:00:00', NULL);
INSERT INTO prediction (id, user_id, game_id, home_score, away_score, created_at, updated_at) VALUES (4168, 2, 484, 5, 0, '2024-01-01 00:00:00', NULL);
INSERT INTO prediction (id, user_id, game_id, home_score, away_score, created_at, updated_at) VALUES (4169, 7, 484, 5, 1, '2024-01-01 00:00:00', NULL);
INSERT INTO prediction (id, user_id, game_id, home_score, away_score, created_at, updated_at) VALUES (4170, 12, 484, 6, 1, '2024-01-01 00:00:00', NULL);
INSERT INTO prediction (id, user_id, game_id, home_score, away_score, created_at, updated_at) VALUES (4171, 6, 484, 4, 1, '2024-01-01 00:00:00', NULL);
INSERT INTO prediction (id, user_id, game_id, home_score, away_score, created_at, updated_at) VALUES (4172, 10, 484, 5, 0, '2024-01-01 00:00:00', NULL);
INSERT INTO prediction (id, user_id, game_id, home_score, away_score, created_at, updated_at) VALUES (4173, 4, 484, 4, 2, '2024-01-01 00:00:00', NULL);
INSERT INTO prediction (id, user_id, game_id, home_score, away_score, created_at, updated_at) VALUES (4174, 5, 484, 2, 1, '2024-01-01 00:00:00', NULL);
INSERT INTO prediction (id, user_id, game_id, home_score, away_score, created_at, updated_at) VALUES (4175, 1, 484, 4, 1, '2024-01-01 00:00:00', NULL);
INSERT INTO prediction (id, user_id, game_id, home_score, away_score, created_at, updated_at) VALUES (4176, 13, 485, 2, 3, '2024-01-01 00:00:00', NULL);
INSERT INTO prediction (id, user_id, game_id, home_score, away_score, created_at, updated_at) VALUES (4177, 16, 485, 2, 3, '2024-01-01 00:00:00', NULL);
INSERT INTO prediction (id, user_id, game_id, home_score, away_score, created_at, updated_at) VALUES (4178, 9, 485, 2, 4, '2024-01-01 00:00:00', NULL);
INSERT INTO prediction (id, user_id, game_id, home_score, away_score, created_at, updated_at) VALUES (4179, 14, 485, 2, 4, '2024-01-01 00:00:00', NULL);
INSERT INTO prediction (id, user_id, game_id, home_score, away_score, created_at, updated_at) VALUES (4180, 2, 485, 2, 3, '2024-01-01 00:00:00', NULL);
INSERT INTO prediction (id, user_id, game_id, home_score, away_score, created_at, updated_at) VALUES (4181, 7, 485, 2, 4, '2024-01-01 00:00:00', NULL);
INSERT INTO prediction (id, user_id, game_id, home_score, away_score, created_at, updated_at) VALUES (4182, 12, 485, 2, 4, '2024-01-01 00:00:00', NULL);
INSERT INTO prediction (id, user_id, game_id, home_score, away_score, created_at, updated_at) VALUES (4183, 6, 485, 2, 3, '2024-01-01 00:00:00', NULL);
INSERT INTO prediction (id, user_id, game_id, home_score, away_score, created_at, updated_at) VALUES (4184, 10, 485, 1, 2, '2024-01-01 00:00:00', NULL);
INSERT INTO prediction (id, user_id, game_id, home_score, away_score, created_at, updated_at) VALUES (4185, 4, 485, 2, 4, '2024-01-01 00:00:00', NULL);
INSERT INTO prediction (id, user_id, game_id, home_score, away_score, created_at, updated_at) VALUES (4186, 5, 485, 1, 2, '2024-01-01 00:00:00', NULL);
INSERT INTO prediction (id, user_id, game_id, home_score, away_score, created_at, updated_at) VALUES (4187, 1, 485, 0, 3, '2024-01-01 00:00:00', NULL);
INSERT INTO prediction (id, user_id, game_id, home_score, away_score, created_at, updated_at) VALUES (4188, 13, 486, 2, 3, '2024-01-01 00:00:00', NULL);
INSERT INTO prediction (id, user_id, game_id, home_score, away_score, created_at, updated_at) VALUES (4189, 16, 486, 2, 4, '2024-01-01 00:00:00', NULL);
INSERT INTO prediction (id, user_id, game_id, home_score, away_score, created_at, updated_at) VALUES (4190, 9, 486, 1, 4, '2024-01-01 00:00:00', NULL);
INSERT INTO prediction (id, user_id, game_id, home_score, away_score, created_at, updated_at) VALUES (4191, 14, 486, 2, 5, '2024-01-01 00:00:00', NULL);
INSERT INTO prediction (id, user_id, game_id, home_score, away_score, created_at, updated_at) VALUES (4192, 2, 486, 2, 5, '2024-01-01 00:00:00', NULL);
INSERT INTO prediction (id, user_id, game_id, home_score, away_score, created_at, updated_at) VALUES (4193, 7, 486, 1, 3, '2024-01-01 00:00:00', NULL);
INSERT INTO prediction (id, user_id, game_id, home_score, away_score, created_at, updated_at) VALUES (4194, 12, 486, 1, 3, '2024-01-01 00:00:00', NULL);
INSERT INTO prediction (id, user_id, game_id, home_score, away_score, created_at, updated_at) VALUES (4195, 6, 486, 1, 4, '2024-01-01 00:00:00', NULL);
INSERT INTO prediction (id, user_id, game_id, home_score, away_score, created_at, updated_at) VALUES (4196, 10, 486, 2, 4, '2024-01-01 00:00:00', NULL);
INSERT INTO prediction (id, user_id, game_id, home_score, away_score, created_at, updated_at) VALUES (4197, 4, 486, 3, 4, '2024-01-01 00:00:00', NULL);
INSERT INTO prediction (id, user_id, game_id, home_score, away_score, created_at, updated_at) VALUES (4198, 5, 486, 1, 3, '2024-01-01 00:00:00', NULL);
INSERT INTO prediction (id, user_id, game_id, home_score, away_score, created_at, updated_at) VALUES (4199, 1, 486, 1, 3, '2024-01-01 00:00:00', NULL);
INSERT INTO prediction (id, user_id, game_id, home_score, away_score, created_at, updated_at) VALUES (4200, 13, 487, 4, 2, '2024-01-01 00:00:00', NULL);
INSERT INTO prediction (id, user_id, game_id, home_score, away_score, created_at, updated_at) VALUES (4201, 16, 487, 3, 2, '2024-01-01 00:00:00', NULL);
INSERT INTO prediction (id, user_id, game_id, home_score, away_score, created_at, updated_at) VALUES (4202, 9, 487, 4, 2, '2024-01-01 00:00:00', NULL);
INSERT INTO prediction (id, user_id, game_id, home_score, away_score, created_at, updated_at) VALUES (4203, 14, 487, 3, 1, '2024-01-01 00:00:00', NULL);
INSERT INTO prediction (id, user_id, game_id, home_score, away_score, created_at, updated_at) VALUES (4204, 2, 487, 4, 2, '2024-01-01 00:00:00', NULL);
INSERT INTO prediction (id, user_id, game_id, home_score, away_score, created_at, updated_at) VALUES (4205, 7, 487, 2, 1, '2024-01-01 00:00:00', NULL);
INSERT INTO prediction (id, user_id, game_id, home_score, away_score, created_at, updated_at) VALUES (4206, 12, 487, 2, 3, '2024-01-01 00:00:00', NULL);
INSERT INTO prediction (id, user_id, game_id, home_score, away_score, created_at, updated_at) VALUES (4207, 6, 487, 3, 1, '2024-01-01 00:00:00', NULL);
INSERT INTO prediction (id, user_id, game_id, home_score, away_score, created_at, updated_at) VALUES (4208, 10, 487, 3, 1, '2024-01-01 00:00:00', NULL);
INSERT INTO prediction (id, user_id, game_id, home_score, away_score, created_at, updated_at) VALUES (4209, 4, 487, 4, 2, '2024-01-01 00:00:00', NULL);
INSERT INTO prediction (id, user_id, game_id, home_score, away_score, created_at, updated_at) VALUES (4210, 5, 487, 2, 1, '2024-01-01 00:00:00', NULL);
INSERT INTO prediction (id, user_id, game_id, home_score, away_score, created_at, updated_at) VALUES (4211, 1, 487, 3, 2, '2024-01-01 00:00:00', NULL);
INSERT INTO prediction (id, user_id, game_id, home_score, away_score, created_at, updated_at) VALUES (4212, 13, 488, 5, 0, '2024-01-01 00:00:00', NULL);
INSERT INTO prediction (id, user_id, game_id, home_score, away_score, created_at, updated_at) VALUES (4213, 16, 488, 5, 0, '2024-01-01 00:00:00', NULL);
INSERT INTO prediction (id, user_id, game_id, home_score, away_score, created_at, updated_at) VALUES (4214, 9, 488, 9, 0, '2024-01-01 00:00:00', NULL);
INSERT INTO prediction (id, user_id, game_id, home_score, away_score, created_at, updated_at) VALUES (4215, 14, 488, 7, 0, '2024-01-01 00:00:00', NULL);
INSERT INTO prediction (id, user_id, game_id, home_score, away_score, created_at, updated_at) VALUES (4216, 2, 488, 10, 0, '2024-01-01 00:00:00', NULL);
INSERT INTO prediction (id, user_id, game_id, home_score, away_score, created_at, updated_at) VALUES (4217, 7, 488, 6, 0, '2024-01-01 00:00:00', NULL);
INSERT INTO prediction (id, user_id, game_id, home_score, away_score, created_at, updated_at) VALUES (4218, 12, 488, 6, 0, '2024-01-01 00:00:00', NULL);
INSERT INTO prediction (id, user_id, game_id, home_score, away_score, created_at, updated_at) VALUES (4219, 6, 488, 8, 0, '2024-01-01 00:00:00', NULL);
INSERT INTO prediction (id, user_id, game_id, home_score, away_score, created_at, updated_at) VALUES (4220, 10, 488, 10, 0, '2024-01-01 00:00:00', NULL);
INSERT INTO prediction (id, user_id, game_id, home_score, away_score, created_at, updated_at) VALUES (4221, 4, 488, 6, 1, '2024-01-01 00:00:00', NULL);
INSERT INTO prediction (id, user_id, game_id, home_score, away_score, created_at, updated_at) VALUES (4222, 5, 488, 5, 0, '2024-01-01 00:00:00', NULL);
INSERT INTO prediction (id, user_id, game_id, home_score, away_score, created_at, updated_at) VALUES (4223, 1, 488, 5, 0, '2024-01-01 00:00:00', NULL);
INSERT INTO prediction (id, user_id, game_id, home_score, away_score, created_at, updated_at) VALUES (4224, 13, 489, 2, 3, '2024-01-01 00:00:00', NULL);
INSERT INTO prediction (id, user_id, game_id, home_score, away_score, created_at, updated_at) VALUES (4225, 16, 489, 2, 4, '2024-01-01 00:00:00', NULL);
INSERT INTO prediction (id, user_id, game_id, home_score, away_score, created_at, updated_at) VALUES (4226, 9, 489, 1, 4, '2024-01-01 00:00:00', NULL);
INSERT INTO prediction (id, user_id, game_id, home_score, away_score, created_at, updated_at) VALUES (4227, 14, 489, 1, 5, '2024-01-01 00:00:00', NULL);
INSERT INTO prediction (id, user_id, game_id, home_score, away_score, created_at, updated_at) VALUES (4228, 2, 489, 1, 6, '2024-01-01 00:00:00', NULL);
INSERT INTO prediction (id, user_id, game_id, home_score, away_score, created_at, updated_at) VALUES (4229, 7, 489, 0, 5, '2024-01-01 00:00:00', NULL);
INSERT INTO prediction (id, user_id, game_id, home_score, away_score, created_at, updated_at) VALUES (4230, 12, 489, 1, 5, '2024-01-01 00:00:00', NULL);
INSERT INTO prediction (id, user_id, game_id, home_score, away_score, created_at, updated_at) VALUES (4231, 6, 489, 1, 4, '2024-01-01 00:00:00', NULL);
INSERT INTO prediction (id, user_id, game_id, home_score, away_score, created_at, updated_at) VALUES (4232, 10, 489, 1, 7, '2024-01-01 00:00:00', NULL);
INSERT INTO prediction (id, user_id, game_id, home_score, away_score, created_at, updated_at) VALUES (4233, 4, 489, 2, 5, '2024-01-01 00:00:00', NULL);
INSERT INTO prediction (id, user_id, game_id, home_score, away_score, created_at, updated_at) VALUES (4234, 5, 489, 2, 3, '2024-01-01 00:00:00', NULL);
INSERT INTO prediction (id, user_id, game_id, home_score, away_score, created_at, updated_at) VALUES (4235, 1, 489, 1, 5, '2024-01-01 00:00:00', NULL);
INSERT INTO prediction (id, user_id, game_id, home_score, away_score, created_at, updated_at) VALUES (4236, 13, 490, 4, 1, '2024-01-01 00:00:00', NULL);
INSERT INTO prediction (id, user_id, game_id, home_score, away_score, created_at, updated_at) VALUES (4237, 16, 490, 4, 3, '2024-01-01 00:00:00', NULL);
INSERT INTO prediction (id, user_id, game_id, home_score, away_score, created_at, updated_at) VALUES (4238, 9, 490, 4, 1, '2024-01-01 00:00:00', NULL);
INSERT INTO prediction (id, user_id, game_id, home_score, away_score, created_at, updated_at) VALUES (4239, 14, 490, 5, 2, '2024-01-01 00:00:00', NULL);
INSERT INTO prediction (id, user_id, game_id, home_score, away_score, created_at, updated_at) VALUES (4240, 2, 490, 4, 1, '2024-01-01 00:00:00', NULL);
INSERT INTO prediction (id, user_id, game_id, home_score, away_score, created_at, updated_at) VALUES (4241, 7, 490, 3, 1, '2024-01-01 00:00:00', NULL);
INSERT INTO prediction (id, user_id, game_id, home_score, away_score, created_at, updated_at) VALUES (4242, 12, 490, 4, 1, '2024-01-01 00:00:00', NULL);
INSERT INTO prediction (id, user_id, game_id, home_score, away_score, created_at, updated_at) VALUES (4243, 6, 490, 4, 2, '2024-01-01 00:00:00', NULL);
INSERT INTO prediction (id, user_id, game_id, home_score, away_score, created_at, updated_at) VALUES (4244, 10, 490, 5, 2, '2024-01-01 00:00:00', NULL);
INSERT INTO prediction (id, user_id, game_id, home_score, away_score, created_at, updated_at) VALUES (4245, 4, 490, 3, 2, '2024-01-01 00:00:00', NULL);
INSERT INTO prediction (id, user_id, game_id, home_score, away_score, created_at, updated_at) VALUES (4246, 5, 490, 3, 1, '2024-01-01 00:00:00', NULL);
INSERT INTO prediction (id, user_id, game_id, home_score, away_score, created_at, updated_at) VALUES (4247, 1, 490, 3, 2, '2024-01-01 00:00:00', NULL);
INSERT INTO prediction (id, user_id, game_id, home_score, away_score, created_at, updated_at) VALUES (4248, 13, 491, 3, 0, '2024-01-01 00:00:00', NULL);
INSERT INTO prediction (id, user_id, game_id, home_score, away_score, created_at, updated_at) VALUES (4249, 16, 491, 4, 1, '2024-01-01 00:00:00', NULL);
INSERT INTO prediction (id, user_id, game_id, home_score, away_score, created_at, updated_at) VALUES (4250, 9, 491, 4, 1, '2024-01-01 00:00:00', NULL);
INSERT INTO prediction (id, user_id, game_id, home_score, away_score, created_at, updated_at) VALUES (4251, 14, 491, 5, 0, '2024-01-01 00:00:00', NULL);
INSERT INTO prediction (id, user_id, game_id, home_score, away_score, created_at, updated_at) VALUES (4252, 2, 491, 5, 2, '2024-01-01 00:00:00', NULL);
INSERT INTO prediction (id, user_id, game_id, home_score, away_score, created_at, updated_at) VALUES (4253, 7, 491, 3, 1, '2024-01-01 00:00:00', NULL);
INSERT INTO prediction (id, user_id, game_id, home_score, away_score, created_at, updated_at) VALUES (4254, 12, 491, 7, 1, '2024-01-01 00:00:00', NULL);
INSERT INTO prediction (id, user_id, game_id, home_score, away_score, created_at, updated_at) VALUES (4255, 6, 491, 5, 1, '2024-01-01 00:00:00', NULL);
INSERT INTO prediction (id, user_id, game_id, home_score, away_score, created_at, updated_at) VALUES (4256, 10, 491, 5, 0, '2024-01-01 00:00:00', NULL);
INSERT INTO prediction (id, user_id, game_id, home_score, away_score, created_at, updated_at) VALUES (4257, 4, 491, 4, 1, '2024-01-01 00:00:00', NULL);
INSERT INTO prediction (id, user_id, game_id, home_score, away_score, created_at, updated_at) VALUES (4258, 5, 491, 2, 0, '2024-01-01 00:00:00', NULL);
INSERT INTO prediction (id, user_id, game_id, home_score, away_score, created_at, updated_at) VALUES (4259, 1, 491, 4, 1, '2024-01-01 00:00:00', NULL);
INSERT INTO prediction (id, user_id, game_id, home_score, away_score, created_at, updated_at) VALUES (4260, 13, 492, 1, 4, '2024-01-01 00:00:00', NULL);
INSERT INTO prediction (id, user_id, game_id, home_score, away_score, created_at, updated_at) VALUES (4261, 16, 492, 2, 4, '2024-01-01 00:00:00', NULL);
INSERT INTO prediction (id, user_id, game_id, home_score, away_score, created_at, updated_at) VALUES (4262, 9, 492, 1, 4, '2024-01-01 00:00:00', NULL);
INSERT INTO prediction (id, user_id, game_id, home_score, away_score, created_at, updated_at) VALUES (4263, 14, 492, 1, 4, '2024-01-01 00:00:00', NULL);
INSERT INTO prediction (id, user_id, game_id, home_score, away_score, created_at, updated_at) VALUES (4264, 2, 492, 2, 4, '2024-01-01 00:00:00', NULL);
INSERT INTO prediction (id, user_id, game_id, home_score, away_score, created_at, updated_at) VALUES (4265, 7, 492, 2, 4, '2024-01-01 00:00:00', NULL);
INSERT INTO prediction (id, user_id, game_id, home_score, away_score, created_at, updated_at) VALUES (4266, 12, 492, 1, 3, '2024-01-01 00:00:00', NULL);
INSERT INTO prediction (id, user_id, game_id, home_score, away_score, created_at, updated_at) VALUES (4267, 6, 492, 1, 5, '2024-01-01 00:00:00', NULL);
INSERT INTO prediction (id, user_id, game_id, home_score, away_score, created_at, updated_at) VALUES (4268, 10, 492, 1, 5, '2024-01-01 00:00:00', NULL);
INSERT INTO prediction (id, user_id, game_id, home_score, away_score, created_at, updated_at) VALUES (4269, 4, 492, 1, 4, '2024-01-01 00:00:00', NULL);
INSERT INTO prediction (id, user_id, game_id, home_score, away_score, created_at, updated_at) VALUES (4270, 5, 492, 2, 4, '2024-01-01 00:00:00', NULL);
INSERT INTO prediction (id, user_id, game_id, home_score, away_score, created_at, updated_at) VALUES (4271, 1, 492, 1, 5, '2024-01-01 00:00:00', NULL);
INSERT INTO prediction (id, user_id, game_id, home_score, away_score, created_at, updated_at) VALUES (4272, 13, 493, 3, 1, '2024-01-01 00:00:00', NULL);
INSERT INTO prediction (id, user_id, game_id, home_score, away_score, created_at, updated_at) VALUES (4273, 16, 493, 2, 4, '2024-01-01 00:00:00', NULL);
INSERT INTO prediction (id, user_id, game_id, home_score, away_score, created_at, updated_at) VALUES (4274, 9, 493, 1, 4, '2024-01-01 00:00:00', NULL);
INSERT INTO prediction (id, user_id, game_id, home_score, away_score, created_at, updated_at) VALUES (4275, 14, 493, 2, 3, '2024-01-01 00:00:00', NULL);
INSERT INTO prediction (id, user_id, game_id, home_score, away_score, created_at, updated_at) VALUES (4276, 2, 493, 4, 3, '2024-01-01 00:00:00', NULL);
INSERT INTO prediction (id, user_id, game_id, home_score, away_score, created_at, updated_at) VALUES (4277, 7, 493, 3, 2, '2024-01-01 00:00:00', NULL);
INSERT INTO prediction (id, user_id, game_id, home_score, away_score, created_at, updated_at) VALUES (4278, 12, 493, 2, 3, '2024-01-01 00:00:00', NULL);
INSERT INTO prediction (id, user_id, game_id, home_score, away_score, created_at, updated_at) VALUES (4279, 6, 493, 4, 2, '2024-01-01 00:00:00', NULL);
INSERT INTO prediction (id, user_id, game_id, home_score, away_score, created_at, updated_at) VALUES (4280, 10, 493, 2, 1, '2024-01-01 00:00:00', NULL);
INSERT INTO prediction (id, user_id, game_id, home_score, away_score, created_at, updated_at) VALUES (4281, 4, 493, 1, 4, '2024-01-01 00:00:00', NULL);
INSERT INTO prediction (id, user_id, game_id, home_score, away_score, created_at, updated_at) VALUES (4282, 5, 493, 1, 3, '2024-01-01 00:00:00', NULL);
INSERT INTO prediction (id, user_id, game_id, home_score, away_score, created_at, updated_at) VALUES (4283, 1, 493, 4, 2, '2024-01-01 00:00:00', NULL);
INSERT INTO prediction (id, user_id, game_id, home_score, away_score, created_at, updated_at) VALUES (4284, 13, 494, 4, 3, '2024-01-01 00:00:00', NULL);
INSERT INTO prediction (id, user_id, game_id, home_score, away_score, created_at, updated_at) VALUES (4285, 16, 494, 5, 3, '2024-01-01 00:00:00', NULL);
INSERT INTO prediction (id, user_id, game_id, home_score, away_score, created_at, updated_at) VALUES (4286, 9, 494, 4, 2, '2024-01-01 00:00:00', NULL);
INSERT INTO prediction (id, user_id, game_id, home_score, away_score, created_at, updated_at) VALUES (4287, 14, 494, 3, 4, '2024-01-01 00:00:00', NULL);
INSERT INTO prediction (id, user_id, game_id, home_score, away_score, created_at, updated_at) VALUES (4288, 2, 494, 2, 4, '2024-01-01 00:00:00', NULL);
INSERT INTO prediction (id, user_id, game_id, home_score, away_score, created_at, updated_at) VALUES (4289, 7, 494, 3, 2, '2024-01-01 00:00:00', NULL);
INSERT INTO prediction (id, user_id, game_id, home_score, away_score, created_at, updated_at) VALUES (4290, 12, 494, 4, 2, '2024-01-01 00:00:00', NULL);
INSERT INTO prediction (id, user_id, game_id, home_score, away_score, created_at, updated_at) VALUES (4291, 6, 494, 3, 2, '2024-01-01 00:00:00', NULL);
INSERT INTO prediction (id, user_id, game_id, home_score, away_score, created_at, updated_at) VALUES (4292, 10, 494, 3, 1, '2024-01-01 00:00:00', NULL);
INSERT INTO prediction (id, user_id, game_id, home_score, away_score, created_at, updated_at) VALUES (4293, 4, 494, 5, 2, '2024-01-01 00:00:00', NULL);
INSERT INTO prediction (id, user_id, game_id, home_score, away_score, created_at, updated_at) VALUES (4294, 5, 494, 2, 1, '2024-01-01 00:00:00', NULL);
INSERT INTO prediction (id, user_id, game_id, home_score, away_score, created_at, updated_at) VALUES (4295, 1, 494, 4, 3, '2024-01-01 00:00:00', NULL);
INSERT INTO prediction (id, user_id, game_id, home_score, away_score, created_at, updated_at) VALUES (4296, 13, 495, 2, 3, '2024-01-01 00:00:00', NULL);
INSERT INTO prediction (id, user_id, game_id, home_score, away_score, created_at, updated_at) VALUES (4297, 16, 495, 1, 3, '2024-01-01 00:00:00', NULL);
INSERT INTO prediction (id, user_id, game_id, home_score, away_score, created_at, updated_at) VALUES (4298, 9, 495, 1, 4, '2024-01-01 00:00:00', NULL);
INSERT INTO prediction (id, user_id, game_id, home_score, away_score, created_at, updated_at) VALUES (4299, 14, 495, 2, 4, '2024-01-01 00:00:00', NULL);
INSERT INTO prediction (id, user_id, game_id, home_score, away_score, created_at, updated_at) VALUES (4300, 2, 495, 4, 3, '2024-01-01 00:00:00', NULL);
INSERT INTO prediction (id, user_id, game_id, home_score, away_score, created_at, updated_at) VALUES (4301, 7, 495, 1, 3, '2024-01-01 00:00:00', NULL);
INSERT INTO prediction (id, user_id, game_id, home_score, away_score, created_at, updated_at) VALUES (4302, 12, 495, 2, 4, '2024-01-01 00:00:00', NULL);
INSERT INTO prediction (id, user_id, game_id, home_score, away_score, created_at, updated_at) VALUES (4303, 6, 495, 2, 4, '2024-01-01 00:00:00', NULL);
INSERT INTO prediction (id, user_id, game_id, home_score, away_score, created_at, updated_at) VALUES (4304, 10, 495, 1, 3, '2024-01-01 00:00:00', NULL);
INSERT INTO prediction (id, user_id, game_id, home_score, away_score, created_at, updated_at) VALUES (4305, 4, 495, 2, 3, '2024-01-01 00:00:00', NULL);
INSERT INTO prediction (id, user_id, game_id, home_score, away_score, created_at, updated_at) VALUES (4306, 5, 495, 1, 2, '2024-01-01 00:00:00', NULL);
INSERT INTO prediction (id, user_id, game_id, home_score, away_score, created_at, updated_at) VALUES (4307, 1, 495, 1, 4, '2024-01-01 00:00:00', NULL);
INSERT INTO prediction (id, user_id, game_id, home_score, away_score, created_at, updated_at) VALUES (4308, 13, 496, 5, 2, '2024-01-01 00:00:00', NULL);
INSERT INTO prediction (id, user_id, game_id, home_score, away_score, created_at, updated_at) VALUES (4309, 16, 496, 5, 2, '2024-01-01 00:00:00', NULL);
INSERT INTO prediction (id, user_id, game_id, home_score, away_score, created_at, updated_at) VALUES (4310, 9, 496, 4, 1, '2024-01-01 00:00:00', NULL);
INSERT INTO prediction (id, user_id, game_id, home_score, away_score, created_at, updated_at) VALUES (4311, 14, 496, 5, 1, '2024-01-01 00:00:00', NULL);
INSERT INTO prediction (id, user_id, game_id, home_score, away_score, created_at, updated_at) VALUES (4312, 2, 496, 2, 1, '2024-01-01 00:00:00', NULL);
INSERT INTO prediction (id, user_id, game_id, home_score, away_score, created_at, updated_at) VALUES (4313, 7, 496, 3, 1, '2024-01-01 00:00:00', NULL);
INSERT INTO prediction (id, user_id, game_id, home_score, away_score, created_at, updated_at) VALUES (4314, 12, 496, 4, 3, '2024-01-01 00:00:00', NULL);
INSERT INTO prediction (id, user_id, game_id, home_score, away_score, created_at, updated_at) VALUES (4315, 6, 496, 3, 1, '2024-01-01 00:00:00', NULL);
INSERT INTO prediction (id, user_id, game_id, home_score, away_score, created_at, updated_at) VALUES (4316, 10, 496, 4, 1, '2024-01-01 00:00:00', NULL);
INSERT INTO prediction (id, user_id, game_id, home_score, away_score, created_at, updated_at) VALUES (4317, 4, 496, 4, 1, '2024-01-01 00:00:00', NULL);
INSERT INTO prediction (id, user_id, game_id, home_score, away_score, created_at, updated_at) VALUES (4318, 5, 496, 1, 0, '2024-01-01 00:00:00', NULL);
INSERT INTO prediction (id, user_id, game_id, home_score, away_score, created_at, updated_at) VALUES (4319, 1, 496, 5, 1, '2024-01-01 00:00:00', NULL);
INSERT INTO prediction (id, user_id, game_id, home_score, away_score, created_at, updated_at) VALUES (4320, 13, 497, 2, 3, '2024-01-01 00:00:00', NULL);
INSERT INTO prediction (id, user_id, game_id, home_score, away_score, created_at, updated_at) VALUES (4321, 16, 497, 2, 4, '2024-01-01 00:00:00', NULL);
INSERT INTO prediction (id, user_id, game_id, home_score, away_score, created_at, updated_at) VALUES (4322, 9, 497, 2, 3, '2024-01-01 00:00:00', NULL);
INSERT INTO prediction (id, user_id, game_id, home_score, away_score, created_at, updated_at) VALUES (4323, 14, 497, 2, 4, '2024-01-01 00:00:00', NULL);
INSERT INTO prediction (id, user_id, game_id, home_score, away_score, created_at, updated_at) VALUES (4324, 2, 497, 3, 2, '2024-01-01 00:00:00', NULL);
INSERT INTO prediction (id, user_id, game_id, home_score, away_score, created_at, updated_at) VALUES (4325, 7, 497, 1, 4, '2024-01-01 00:00:00', NULL);
INSERT INTO prediction (id, user_id, game_id, home_score, away_score, created_at, updated_at) VALUES (4326, 12, 497, 2, 4, '2024-01-01 00:00:00', NULL);
INSERT INTO prediction (id, user_id, game_id, home_score, away_score, created_at, updated_at) VALUES (4327, 6, 497, 1, 3, '2024-01-01 00:00:00', NULL);
INSERT INTO prediction (id, user_id, game_id, home_score, away_score, created_at, updated_at) VALUES (4328, 10, 497, 1, 2, '2024-01-01 00:00:00', NULL);
INSERT INTO prediction (id, user_id, game_id, home_score, away_score, created_at, updated_at) VALUES (4329, 4, 497, 1, 4, '2024-01-01 00:00:00', NULL);
INSERT INTO prediction (id, user_id, game_id, home_score, away_score, created_at, updated_at) VALUES (4330, 5, 497, 1, 2, '2024-01-01 00:00:00', NULL);
INSERT INTO prediction (id, user_id, game_id, home_score, away_score, created_at, updated_at) VALUES (4331, 1, 497, 0, 4, '2024-01-01 00:00:00', NULL);
INSERT INTO prediction (id, user_id, game_id, home_score, away_score, created_at, updated_at) VALUES (4332, 13, 498, 1, 3, '2024-01-01 00:00:00', NULL);
INSERT INTO prediction (id, user_id, game_id, home_score, away_score, created_at, updated_at) VALUES (4333, 16, 498, 3, 5, '2024-01-01 00:00:00', NULL);
INSERT INTO prediction (id, user_id, game_id, home_score, away_score, created_at, updated_at) VALUES (4334, 9, 498, 2, 4, '2024-01-01 00:00:00', NULL);
INSERT INTO prediction (id, user_id, game_id, home_score, away_score, created_at, updated_at) VALUES (4335, 14, 498, 2, 3, '2024-01-01 00:00:00', NULL);
INSERT INTO prediction (id, user_id, game_id, home_score, away_score, created_at, updated_at) VALUES (4336, 2, 498, 2, 4, '2024-01-01 00:00:00', NULL);
INSERT INTO prediction (id, user_id, game_id, home_score, away_score, created_at, updated_at) VALUES (4337, 7, 498, 2, 3, '2024-01-01 00:00:00', NULL);
INSERT INTO prediction (id, user_id, game_id, home_score, away_score, created_at, updated_at) VALUES (4338, 12, 498, 1, 4, '2024-01-01 00:00:00', NULL);
INSERT INTO prediction (id, user_id, game_id, home_score, away_score, created_at, updated_at) VALUES (4339, 6, 498, 2, 4, '2024-01-01 00:00:00', NULL);
INSERT INTO prediction (id, user_id, game_id, home_score, away_score, created_at, updated_at) VALUES (4340, 10, 498, 2, 4, '2024-01-01 00:00:00', NULL);
INSERT INTO prediction (id, user_id, game_id, home_score, away_score, created_at, updated_at) VALUES (4341, 4, 498, 1, 5, '2024-01-01 00:00:00', NULL);
INSERT INTO prediction (id, user_id, game_id, home_score, away_score, created_at, updated_at) VALUES (4342, 5, 498, 3, 1, '2024-01-01 00:00:00', NULL);
INSERT INTO prediction (id, user_id, game_id, home_score, away_score, created_at, updated_at) VALUES (4343, 1, 498, 1, 3, '2024-01-01 00:00:00', NULL);
INSERT INTO prediction (id, user_id, game_id, home_score, away_score, created_at, updated_at) VALUES (4344, 13, 499, 6, 1, '2024-01-01 00:00:00', NULL);
INSERT INTO prediction (id, user_id, game_id, home_score, away_score, created_at, updated_at) VALUES (4345, 16, 499, 5, 0, '2024-01-01 00:00:00', NULL);
INSERT INTO prediction (id, user_id, game_id, home_score, away_score, created_at, updated_at) VALUES (4346, 9, 499, 8, 1, '2024-01-01 00:00:00', NULL);
INSERT INTO prediction (id, user_id, game_id, home_score, away_score, created_at, updated_at) VALUES (4347, 14, 499, 7, 0, '2024-01-01 00:00:00', NULL);
INSERT INTO prediction (id, user_id, game_id, home_score, away_score, created_at, updated_at) VALUES (4348, 2, 499, 10, 0, '2024-01-01 00:00:00', NULL);
INSERT INTO prediction (id, user_id, game_id, home_score, away_score, created_at, updated_at) VALUES (4349, 7, 499, 6, 0, '2024-01-01 00:00:00', NULL);
INSERT INTO prediction (id, user_id, game_id, home_score, away_score, created_at, updated_at) VALUES (4350, 12, 499, 7, 1, '2024-01-01 00:00:00', NULL);
INSERT INTO prediction (id, user_id, game_id, home_score, away_score, created_at, updated_at) VALUES (4351, 6, 499, 6, 0, '2024-01-01 00:00:00', NULL);
INSERT INTO prediction (id, user_id, game_id, home_score, away_score, created_at, updated_at) VALUES (4352, 10, 499, 8, 0, '2024-01-01 00:00:00', NULL);
INSERT INTO prediction (id, user_id, game_id, home_score, away_score, created_at, updated_at) VALUES (4353, 4, 499, 6, 1, '2024-01-01 00:00:00', NULL);
INSERT INTO prediction (id, user_id, game_id, home_score, away_score, created_at, updated_at) VALUES (4354, 5, 499, 4, 0, '2024-01-01 00:00:00', NULL);
INSERT INTO prediction (id, user_id, game_id, home_score, away_score, created_at, updated_at) VALUES (4355, 1, 499, 7, 1, '2024-01-01 00:00:00', NULL);
INSERT INTO prediction (id, user_id, game_id, home_score, away_score, created_at, updated_at) VALUES (4356, 13, 500, 4, 1, '2024-01-01 00:00:00', NULL);
INSERT INTO prediction (id, user_id, game_id, home_score, away_score, created_at, updated_at) VALUES (4357, 16, 500, 4, 2, '2024-01-01 00:00:00', NULL);
INSERT INTO prediction (id, user_id, game_id, home_score, away_score, created_at, updated_at) VALUES (4358, 9, 500, 4, 1, '2024-01-01 00:00:00', NULL);
INSERT INTO prediction (id, user_id, game_id, home_score, away_score, created_at, updated_at) VALUES (4359, 14, 500, 3, 1, '2024-01-01 00:00:00', NULL);
INSERT INTO prediction (id, user_id, game_id, home_score, away_score, created_at, updated_at) VALUES (4360, 2, 500, 4, 1, '2024-01-01 00:00:00', NULL);
INSERT INTO prediction (id, user_id, game_id, home_score, away_score, created_at, updated_at) VALUES (4361, 7, 500, 4, 1, '2024-01-01 00:00:00', NULL);
INSERT INTO prediction (id, user_id, game_id, home_score, away_score, created_at, updated_at) VALUES (4362, 12, 500, 4, 2, '2024-01-01 00:00:00', NULL);
INSERT INTO prediction (id, user_id, game_id, home_score, away_score, created_at, updated_at) VALUES (4363, 6, 500, 3, 2, '2024-01-01 00:00:00', NULL);
INSERT INTO prediction (id, user_id, game_id, home_score, away_score, created_at, updated_at) VALUES (4364, 10, 500, 3, 2, '2024-01-01 00:00:00', NULL);
INSERT INTO prediction (id, user_id, game_id, home_score, away_score, created_at, updated_at) VALUES (4365, 4, 500, 3, 2, '2024-01-01 00:00:00', NULL);
INSERT INTO prediction (id, user_id, game_id, home_score, away_score, created_at, updated_at) VALUES (4366, 5, 500, 3, 0, '2024-01-01 00:00:00', NULL);
INSERT INTO prediction (id, user_id, game_id, home_score, away_score, created_at, updated_at) VALUES (4367, 1, 500, 3, 1, '2024-01-01 00:00:00', NULL);
INSERT INTO prediction (id, user_id, game_id, home_score, away_score, created_at, updated_at) VALUES (4368, 13, 501, 4, 3, '2024-01-01 00:00:00', NULL);
INSERT INTO prediction (id, user_id, game_id, home_score, away_score, created_at, updated_at) VALUES (4369, 16, 501, 3, 2, '2024-01-01 00:00:00', NULL);
INSERT INTO prediction (id, user_id, game_id, home_score, away_score, created_at, updated_at) VALUES (4370, 9, 501, 4, 2, '2024-01-01 00:00:00', NULL);
INSERT INTO prediction (id, user_id, game_id, home_score, away_score, created_at, updated_at) VALUES (4371, 14, 501, 3, 1, '2024-01-01 00:00:00', NULL);
INSERT INTO prediction (id, user_id, game_id, home_score, away_score, created_at, updated_at) VALUES (4372, 2, 501, 5, 1, '2024-01-01 00:00:00', NULL);
INSERT INTO prediction (id, user_id, game_id, home_score, away_score, created_at, updated_at) VALUES (4373, 7, 501, 3, 1, '2024-01-01 00:00:00', NULL);
INSERT INTO prediction (id, user_id, game_id, home_score, away_score, created_at, updated_at) VALUES (4374, 12, 501, 4, 1, '2024-01-01 00:00:00', NULL);
INSERT INTO prediction (id, user_id, game_id, home_score, away_score, created_at, updated_at) VALUES (4375, 6, 501, 3, 1, '2024-01-01 00:00:00', NULL);
INSERT INTO prediction (id, user_id, game_id, home_score, away_score, created_at, updated_at) VALUES (4376, 10, 501, 0, 0, '2024-01-01 00:00:00', NULL);
INSERT INTO prediction (id, user_id, game_id, home_score, away_score, created_at, updated_at) VALUES (4377, 4, 501, 4, 1, '2024-01-01 00:00:00', NULL);
INSERT INTO prediction (id, user_id, game_id, home_score, away_score, created_at, updated_at) VALUES (4378, 5, 501, 0, 1, '2024-01-01 00:00:00', NULL);
INSERT INTO prediction (id, user_id, game_id, home_score, away_score, created_at, updated_at) VALUES (4379, 1, 501, 4, 1, '2024-01-01 00:00:00', NULL);
INSERT INTO prediction (id, user_id, game_id, home_score, away_score, created_at, updated_at) VALUES (4380, 13, 502, 5, 1, '2024-01-01 00:00:00', NULL);
INSERT INTO prediction (id, user_id, game_id, home_score, away_score, created_at, updated_at) VALUES (4381, 16, 502, 7, 1, '2024-01-01 00:00:00', NULL);
INSERT INTO prediction (id, user_id, game_id, home_score, away_score, created_at, updated_at) VALUES (4382, 9, 502, 4, 2, '2024-01-01 00:00:00', NULL);
INSERT INTO prediction (id, user_id, game_id, home_score, away_score, created_at, updated_at) VALUES (4383, 14, 502, 4, 2, '2024-01-01 00:00:00', NULL);
INSERT INTO prediction (id, user_id, game_id, home_score, away_score, created_at, updated_at) VALUES (4384, 2, 502, 4, 2, '2024-01-01 00:00:00', NULL);
INSERT INTO prediction (id, user_id, game_id, home_score, away_score, created_at, updated_at) VALUES (4385, 7, 502, 5, 2, '2024-01-01 00:00:00', NULL);
INSERT INTO prediction (id, user_id, game_id, home_score, away_score, created_at, updated_at) VALUES (4386, 12, 502, 5, 1, '2024-01-01 00:00:00', NULL);
INSERT INTO prediction (id, user_id, game_id, home_score, away_score, created_at, updated_at) VALUES (4387, 6, 502, 5, 1, '2024-01-01 00:00:00', NULL);
INSERT INTO prediction (id, user_id, game_id, home_score, away_score, created_at, updated_at) VALUES (4388, 10, 502, 0, 0, '2024-01-01 00:00:00', NULL);
INSERT INTO prediction (id, user_id, game_id, home_score, away_score, created_at, updated_at) VALUES (4389, 4, 502, 5, 2, '2024-01-01 00:00:00', NULL);
INSERT INTO prediction (id, user_id, game_id, home_score, away_score, created_at, updated_at) VALUES (4390, 5, 502, 2, 3, '2024-01-01 00:00:00', NULL);
INSERT INTO prediction (id, user_id, game_id, home_score, away_score, created_at, updated_at) VALUES (4391, 1, 502, 4, 0, '2024-01-01 00:00:00', NULL);
INSERT INTO prediction (id, user_id, game_id, home_score, away_score, created_at, updated_at) VALUES (4392, 13, 503, 2, 3, '2024-01-01 00:00:00', NULL);
INSERT INTO prediction (id, user_id, game_id, home_score, away_score, created_at, updated_at) VALUES (4393, 16, 503, 1, 5, '2024-01-01 00:00:00', NULL);
INSERT INTO prediction (id, user_id, game_id, home_score, away_score, created_at, updated_at) VALUES (4394, 9, 503, 2, 4, '2024-01-01 00:00:00', NULL);
INSERT INTO prediction (id, user_id, game_id, home_score, away_score, created_at, updated_at) VALUES (4395, 14, 503, 1, 4, '2024-01-01 00:00:00', NULL);
INSERT INTO prediction (id, user_id, game_id, home_score, away_score, created_at, updated_at) VALUES (4396, 2, 503, 3, 2, '2024-01-01 00:00:00', NULL);
INSERT INTO prediction (id, user_id, game_id, home_score, away_score, created_at, updated_at) VALUES (4397, 7, 503, 1, 4, '2024-01-01 00:00:00', NULL);
INSERT INTO prediction (id, user_id, game_id, home_score, away_score, created_at, updated_at) VALUES (4398, 12, 503, 2, 6, '2024-01-01 00:00:00', NULL);
INSERT INTO prediction (id, user_id, game_id, home_score, away_score, created_at, updated_at) VALUES (4399, 6, 503, 1, 5, '2024-01-01 00:00:00', NULL);
INSERT INTO prediction (id, user_id, game_id, home_score, away_score, created_at, updated_at) VALUES (4400, 10, 503, 1, 5, '2024-01-01 00:00:00', NULL);
INSERT INTO prediction (id, user_id, game_id, home_score, away_score, created_at, updated_at) VALUES (4401, 4, 503, 2, 4, '2024-01-01 00:00:00', NULL);
INSERT INTO prediction (id, user_id, game_id, home_score, away_score, created_at, updated_at) VALUES (4402, 5, 503, 1, 3, '2024-01-01 00:00:00', NULL);
INSERT INTO prediction (id, user_id, game_id, home_score, away_score, created_at, updated_at) VALUES (4403, 1, 503, 1, 4, '2024-01-01 00:00:00', NULL);
INSERT INTO prediction (id, user_id, game_id, home_score, away_score, created_at, updated_at) VALUES (4404, 13, 504, 2, 3, '2024-01-01 00:00:00', NULL);
INSERT INTO prediction (id, user_id, game_id, home_score, away_score, created_at, updated_at) VALUES (4405, 16, 504, 2, 4, '2024-01-01 00:00:00', NULL);
INSERT INTO prediction (id, user_id, game_id, home_score, away_score, created_at, updated_at) VALUES (4406, 9, 504, 2, 4, '2024-01-01 00:00:00', NULL);
INSERT INTO prediction (id, user_id, game_id, home_score, away_score, created_at, updated_at) VALUES (4407, 14, 504, 2, 4, '2024-01-01 00:00:00', NULL);
INSERT INTO prediction (id, user_id, game_id, home_score, away_score, created_at, updated_at) VALUES (4408, 2, 504, 2, 6, '2024-01-01 00:00:00', NULL);
INSERT INTO prediction (id, user_id, game_id, home_score, away_score, created_at, updated_at) VALUES (4409, 7, 504, 1, 4, '2024-01-01 00:00:00', NULL);
INSERT INTO prediction (id, user_id, game_id, home_score, away_score, created_at, updated_at) VALUES (4410, 12, 504, 2, 3, '2024-01-01 00:00:00', NULL);
INSERT INTO prediction (id, user_id, game_id, home_score, away_score, created_at, updated_at) VALUES (4411, 6, 504, 1, 4, '2024-01-01 00:00:00', NULL);
INSERT INTO prediction (id, user_id, game_id, home_score, away_score, created_at, updated_at) VALUES (4412, 10, 504, 2, 3, '2024-01-01 00:00:00', NULL);
INSERT INTO prediction (id, user_id, game_id, home_score, away_score, created_at, updated_at) VALUES (4413, 4, 504, 2, 3, '2024-01-01 00:00:00', NULL);
INSERT INTO prediction (id, user_id, game_id, home_score, away_score, created_at, updated_at) VALUES (4414, 5, 504, 0, 3, '2024-01-01 00:00:00', NULL);
INSERT INTO prediction (id, user_id, game_id, home_score, away_score, created_at, updated_at) VALUES (4415, 1, 504, 3, 2, '2024-01-01 00:00:00', NULL);
INSERT INTO prediction (id, user_id, game_id, home_score, away_score, created_at, updated_at) VALUES (4416, 13, 505, 3, 1, '2024-01-01 00:00:00', NULL);
INSERT INTO prediction (id, user_id, game_id, home_score, away_score, created_at, updated_at) VALUES (4417, 16, 505, 5, 2, '2024-01-01 00:00:00', NULL);
INSERT INTO prediction (id, user_id, game_id, home_score, away_score, created_at, updated_at) VALUES (4418, 9, 505, 3, 1, '2024-01-01 00:00:00', NULL);
INSERT INTO prediction (id, user_id, game_id, home_score, away_score, created_at, updated_at) VALUES (4419, 14, 505, 4, 1, '2024-01-01 00:00:00', NULL);
INSERT INTO prediction (id, user_id, game_id, home_score, away_score, created_at, updated_at) VALUES (4420, 2, 505, 2, 1, '2024-01-01 00:00:00', NULL);
INSERT INTO prediction (id, user_id, game_id, home_score, away_score, created_at, updated_at) VALUES (4421, 7, 505, 4, 1, '2024-01-01 00:00:00', NULL);
INSERT INTO prediction (id, user_id, game_id, home_score, away_score, created_at, updated_at) VALUES (4422, 12, 505, 3, 1, '2024-01-01 00:00:00', NULL);
INSERT INTO prediction (id, user_id, game_id, home_score, away_score, created_at, updated_at) VALUES (4423, 6, 505, 4, 2, '2024-01-01 00:00:00', NULL);
INSERT INTO prediction (id, user_id, game_id, home_score, away_score, created_at, updated_at) VALUES (4424, 10, 505, 4, 1, '2024-01-01 00:00:00', NULL);
INSERT INTO prediction (id, user_id, game_id, home_score, away_score, created_at, updated_at) VALUES (4425, 4, 505, 5, 1, '2024-01-01 00:00:00', NULL);
INSERT INTO prediction (id, user_id, game_id, home_score, away_score, created_at, updated_at) VALUES (4426, 5, 505, 3, 1, '2024-01-01 00:00:00', NULL);
INSERT INTO prediction (id, user_id, game_id, home_score, away_score, created_at, updated_at) VALUES (4427, 1, 505, 4, 1, '2024-01-01 00:00:00', NULL);
INSERT INTO prediction (id, user_id, game_id, home_score, away_score, created_at, updated_at) VALUES (4428, 13, 506, 4, 3, '2024-01-01 00:00:00', NULL);
INSERT INTO prediction (id, user_id, game_id, home_score, away_score, created_at, updated_at) VALUES (4429, 16, 506, 4, 3, '2024-01-01 00:00:00', NULL);
INSERT INTO prediction (id, user_id, game_id, home_score, away_score, created_at, updated_at) VALUES (4430, 9, 506, 5, 2, '2024-01-01 00:00:00', NULL);
INSERT INTO prediction (id, user_id, game_id, home_score, away_score, created_at, updated_at) VALUES (4431, 14, 506, 4, 2, '2024-01-01 00:00:00', NULL);
INSERT INTO prediction (id, user_id, game_id, home_score, away_score, created_at, updated_at) VALUES (4432, 2, 506, 4, 3, '2024-01-01 00:00:00', NULL);
INSERT INTO prediction (id, user_id, game_id, home_score, away_score, created_at, updated_at) VALUES (4433, 7, 506, 2, 1, '2024-01-01 00:00:00', NULL);
INSERT INTO prediction (id, user_id, game_id, home_score, away_score, created_at, updated_at) VALUES (4434, 12, 506, 3, 2, '2024-01-01 00:00:00', NULL);
INSERT INTO prediction (id, user_id, game_id, home_score, away_score, created_at, updated_at) VALUES (4435, 6, 506, 4, 3, '2024-01-01 00:00:00', NULL);
INSERT INTO prediction (id, user_id, game_id, home_score, away_score, created_at, updated_at) VALUES (4436, 10, 506, 4, 2, '2024-01-01 00:00:00', NULL);
INSERT INTO prediction (id, user_id, game_id, home_score, away_score, created_at, updated_at) VALUES (4437, 4, 506, 2, 4, '2024-01-01 00:00:00', NULL);
INSERT INTO prediction (id, user_id, game_id, home_score, away_score, created_at, updated_at) VALUES (4438, 5, 506, 2, 1, '2024-01-01 00:00:00', NULL);
INSERT INTO prediction (id, user_id, game_id, home_score, away_score, created_at, updated_at) VALUES (4439, 1, 506, 4, 2, '2024-01-01 00:00:00', NULL);
INSERT INTO prediction (id, user_id, game_id, home_score, away_score, created_at, updated_at) VALUES (4440, 13, 507, 6, 1, '2024-01-01 00:00:00', NULL);
INSERT INTO prediction (id, user_id, game_id, home_score, away_score, created_at, updated_at) VALUES (4441, 16, 507, 7, 0, '2024-01-01 00:00:00', NULL);
INSERT INTO prediction (id, user_id, game_id, home_score, away_score, created_at, updated_at) VALUES (4442, 9, 507, 7, 1, '2024-01-01 00:00:00', NULL);
INSERT INTO prediction (id, user_id, game_id, home_score, away_score, created_at, updated_at) VALUES (4443, 14, 507, 6, 0, '2024-01-01 00:00:00', NULL);
INSERT INTO prediction (id, user_id, game_id, home_score, away_score, created_at, updated_at) VALUES (4444, 2, 507, 3, 4, '2024-01-01 00:00:00', NULL);
INSERT INTO prediction (id, user_id, game_id, home_score, away_score, created_at, updated_at) VALUES (4445, 7, 507, 5, 1, '2024-01-01 00:00:00', NULL);
INSERT INTO prediction (id, user_id, game_id, home_score, away_score, created_at, updated_at) VALUES (4446, 12, 507, 6, 2, '2024-01-01 00:00:00', NULL);
INSERT INTO prediction (id, user_id, game_id, home_score, away_score, created_at, updated_at) VALUES (4447, 6, 507, 5, 2, '2024-01-01 00:00:00', NULL);
INSERT INTO prediction (id, user_id, game_id, home_score, away_score, created_at, updated_at) VALUES (4448, 10, 507, 8, 1, '2024-01-01 00:00:00', NULL);
INSERT INTO prediction (id, user_id, game_id, home_score, away_score, created_at, updated_at) VALUES (4449, 4, 507, 7, 2, '2024-01-01 00:00:00', NULL);
INSERT INTO prediction (id, user_id, game_id, home_score, away_score, created_at, updated_at) VALUES (4450, 5, 507, 7, 3, '2024-01-01 00:00:00', NULL);
INSERT INTO prediction (id, user_id, game_id, home_score, away_score, created_at, updated_at) VALUES (4451, 1, 507, 5, 1, '2024-01-01 00:00:00', NULL);
INSERT INTO prediction (id, user_id, game_id, home_score, away_score, created_at, updated_at) VALUES (4452, 13, 508, 5, 0, '2024-01-01 00:00:00', NULL);
INSERT INTO prediction (id, user_id, game_id, home_score, away_score, created_at, updated_at) VALUES (4453, 16, 508, 8, 2, '2024-01-01 00:00:00', NULL);
INSERT INTO prediction (id, user_id, game_id, home_score, away_score, created_at, updated_at) VALUES (4454, 9, 508, 7, 1, '2024-01-01 00:00:00', NULL);
INSERT INTO prediction (id, user_id, game_id, home_score, away_score, created_at, updated_at) VALUES (4455, 14, 508, 7, 0, '2024-01-01 00:00:00', NULL);
INSERT INTO prediction (id, user_id, game_id, home_score, away_score, created_at, updated_at) VALUES (4456, 2, 508, 7, 1, '2024-01-01 00:00:00', NULL);
INSERT INTO prediction (id, user_id, game_id, home_score, away_score, created_at, updated_at) VALUES (4457, 7, 508, 6, 1, '2024-01-01 00:00:00', NULL);
INSERT INTO prediction (id, user_id, game_id, home_score, away_score, created_at, updated_at) VALUES (4458, 12, 508, 6, 0, '2024-01-01 00:00:00', NULL);
INSERT INTO prediction (id, user_id, game_id, home_score, away_score, created_at, updated_at) VALUES (4459, 6, 508, 6, 0, '2024-01-01 00:00:00', NULL);
INSERT INTO prediction (id, user_id, game_id, home_score, away_score, created_at, updated_at) VALUES (4460, 10, 508, 10, 0, '2024-01-01 00:00:00', NULL);
INSERT INTO prediction (id, user_id, game_id, home_score, away_score, created_at, updated_at) VALUES (4461, 4, 508, 6, 1, '2024-01-01 00:00:00', NULL);
INSERT INTO prediction (id, user_id, game_id, home_score, away_score, created_at, updated_at) VALUES (4462, 5, 508, 3, 2, '2024-01-01 00:00:00', NULL);
INSERT INTO prediction (id, user_id, game_id, home_score, away_score, created_at, updated_at) VALUES (4463, 1, 508, 6, 1, '2024-01-01 00:00:00', NULL);
INSERT INTO prediction (id, user_id, game_id, home_score, away_score, created_at, updated_at) VALUES (4464, 13, 509, 3, 2, '2024-01-01 00:00:00', NULL);
INSERT INTO prediction (id, user_id, game_id, home_score, away_score, created_at, updated_at) VALUES (4465, 16, 509, 2, 3, '2024-01-01 00:00:00', NULL);
INSERT INTO prediction (id, user_id, game_id, home_score, away_score, created_at, updated_at) VALUES (4466, 9, 509, 4, 2, '2024-01-01 00:00:00', NULL);
INSERT INTO prediction (id, user_id, game_id, home_score, away_score, created_at, updated_at) VALUES (4467, 14, 509, 3, 1, '2024-01-01 00:00:00', NULL);
INSERT INTO prediction (id, user_id, game_id, home_score, away_score, created_at, updated_at) VALUES (4468, 2, 509, 5, 2, '2024-01-01 00:00:00', NULL);
INSERT INTO prediction (id, user_id, game_id, home_score, away_score, created_at, updated_at) VALUES (4469, 7, 509, 4, 3, '2024-01-01 00:00:00', NULL);
INSERT INTO prediction (id, user_id, game_id, home_score, away_score, created_at, updated_at) VALUES (4470, 12, 509, 3, 4, '2024-01-01 00:00:00', NULL);
INSERT INTO prediction (id, user_id, game_id, home_score, away_score, created_at, updated_at) VALUES (4471, 6, 509, 5, 2, '2024-01-01 00:00:00', NULL);
INSERT INTO prediction (id, user_id, game_id, home_score, away_score, created_at, updated_at) VALUES (4472, 10, 509, 4, 1, '2024-01-01 00:00:00', NULL);
INSERT INTO prediction (id, user_id, game_id, home_score, away_score, created_at, updated_at) VALUES (4473, 4, 509, 3, 2, '2024-01-01 00:00:00', NULL);
INSERT INTO prediction (id, user_id, game_id, home_score, away_score, created_at, updated_at) VALUES (4474, 5, 509, 0, 1, '2024-01-01 00:00:00', NULL);
INSERT INTO prediction (id, user_id, game_id, home_score, away_score, created_at, updated_at) VALUES (4475, 1, 509, 3, 1, '2024-01-01 00:00:00', NULL);
INSERT INTO prediction (id, user_id, game_id, home_score, away_score, created_at, updated_at) VALUES (4476, 13, 510, 2, 4, '2024-01-01 00:00:00', NULL);
INSERT INTO prediction (id, user_id, game_id, home_score, away_score, created_at, updated_at) VALUES (4477, 16, 510, 2, 5, '2024-01-01 00:00:00', NULL);
INSERT INTO prediction (id, user_id, game_id, home_score, away_score, created_at, updated_at) VALUES (4478, 9, 510, 1, 4, '2024-01-01 00:00:00', NULL);
INSERT INTO prediction (id, user_id, game_id, home_score, away_score, created_at, updated_at) VALUES (4479, 14, 510, 2, 4, '2024-01-01 00:00:00', NULL);
INSERT INTO prediction (id, user_id, game_id, home_score, away_score, created_at, updated_at) VALUES (4480, 2, 510, 1, 4, '2024-01-01 00:00:00', NULL);
INSERT INTO prediction (id, user_id, game_id, home_score, away_score, created_at, updated_at) VALUES (4481, 7, 510, 1, 4, '2024-01-01 00:00:00', NULL);
INSERT INTO prediction (id, user_id, game_id, home_score, away_score, created_at, updated_at) VALUES (4482, 12, 510, 2, 4, '2024-01-01 00:00:00', NULL);
INSERT INTO prediction (id, user_id, game_id, home_score, away_score, created_at, updated_at) VALUES (4483, 6, 510, 1, 4, '2024-01-01 00:00:00', NULL);
INSERT INTO prediction (id, user_id, game_id, home_score, away_score, created_at, updated_at) VALUES (4484, 10, 510, 2, 4, '2024-01-01 00:00:00', NULL);
INSERT INTO prediction (id, user_id, game_id, home_score, away_score, created_at, updated_at) VALUES (4485, 4, 510, 2, 4, '2024-01-01 00:00:00', NULL);
INSERT INTO prediction (id, user_id, game_id, home_score, away_score, created_at, updated_at) VALUES (4486, 5, 510, 0, 3, '2024-01-01 00:00:00', NULL);
INSERT INTO prediction (id, user_id, game_id, home_score, away_score, created_at, updated_at) VALUES (4487, 1, 510, 3, 1, '2024-01-01 00:00:00', NULL);
INSERT INTO prediction (id, user_id, game_id, home_score, away_score, created_at, updated_at) VALUES (4488, 13, 511, 5, 1, '2024-01-01 00:00:00', NULL);
INSERT INTO prediction (id, user_id, game_id, home_score, away_score, created_at, updated_at) VALUES (4489, 16, 511, 8, 1, '2024-01-01 00:00:00', NULL);
INSERT INTO prediction (id, user_id, game_id, home_score, away_score, created_at, updated_at) VALUES (4490, 9, 511, 5, 1, '2024-01-01 00:00:00', NULL);
INSERT INTO prediction (id, user_id, game_id, home_score, away_score, created_at, updated_at) VALUES (4491, 14, 511, 6, 1, '2024-01-01 00:00:00', NULL);
INSERT INTO prediction (id, user_id, game_id, home_score, away_score, created_at, updated_at) VALUES (4492, 2, 511, 6, 1, '2024-01-01 00:00:00', NULL);
INSERT INTO prediction (id, user_id, game_id, home_score, away_score, created_at, updated_at) VALUES (4493, 7, 511, 6, 0, '2024-01-01 00:00:00', NULL);
INSERT INTO prediction (id, user_id, game_id, home_score, away_score, created_at, updated_at) VALUES (4494, 12, 511, 7, 2, '2024-01-01 00:00:00', NULL);
INSERT INTO prediction (id, user_id, game_id, home_score, away_score, created_at, updated_at) VALUES (4495, 6, 511, 8, 0, '2024-01-01 00:00:00', NULL);
INSERT INTO prediction (id, user_id, game_id, home_score, away_score, created_at, updated_at) VALUES (4496, 10, 511, 5, 2, '2024-01-01 00:00:00', NULL);
INSERT INTO prediction (id, user_id, game_id, home_score, away_score, created_at, updated_at) VALUES (4497, 4, 511, 6, 0, '2024-01-01 00:00:00', NULL);
INSERT INTO prediction (id, user_id, game_id, home_score, away_score, created_at, updated_at) VALUES (4498, 5, 511, 3, 1, '2024-01-01 00:00:00', NULL);
INSERT INTO prediction (id, user_id, game_id, home_score, away_score, created_at, updated_at) VALUES (4499, 1, 511, 7, 0, '2024-01-01 00:00:00', NULL);
INSERT INTO prediction (id, user_id, game_id, home_score, away_score, created_at, updated_at) VALUES (4500, 13, 512, 4, 2, '2024-01-01 00:00:00', NULL);
INSERT INTO prediction (id, user_id, game_id, home_score, away_score, created_at, updated_at) VALUES (4501, 16, 512, 4, 1, '2024-01-01 00:00:00', NULL);
INSERT INTO prediction (id, user_id, game_id, home_score, away_score, created_at, updated_at) VALUES (4502, 9, 512, 5, 1, '2024-01-01 00:00:00', NULL);
INSERT INTO prediction (id, user_id, game_id, home_score, away_score, created_at, updated_at) VALUES (4503, 14, 512, 4, 1, '2024-01-01 00:00:00', NULL);
INSERT INTO prediction (id, user_id, game_id, home_score, away_score, created_at, updated_at) VALUES (4504, 2, 512, 4, 2, '2024-01-01 00:00:00', NULL);
INSERT INTO prediction (id, user_id, game_id, home_score, away_score, created_at, updated_at) VALUES (4505, 7, 512, 4, 0, '2024-01-01 00:00:00', NULL);
INSERT INTO prediction (id, user_id, game_id, home_score, away_score, created_at, updated_at) VALUES (4506, 12, 512, 6, 1, '2024-01-01 00:00:00', NULL);
INSERT INTO prediction (id, user_id, game_id, home_score, away_score, created_at, updated_at) VALUES (4507, 6, 512, 7, 2, '2024-01-01 00:00:00', NULL);
INSERT INTO prediction (id, user_id, game_id, home_score, away_score, created_at, updated_at) VALUES (4508, 10, 512, 6, 1, '2024-01-01 00:00:00', NULL);
INSERT INTO prediction (id, user_id, game_id, home_score, away_score, created_at, updated_at) VALUES (4509, 4, 512, 5, 1, '2024-01-01 00:00:00', NULL);
INSERT INTO prediction (id, user_id, game_id, home_score, away_score, created_at, updated_at) VALUES (4510, 5, 512, 2, 1, '2024-01-01 00:00:00', NULL);
INSERT INTO prediction (id, user_id, game_id, home_score, away_score, created_at, updated_at) VALUES (4511, 1, 512, 4, 1, '2024-01-01 00:00:00', NULL);
INSERT INTO prediction (id, user_id, game_id, home_score, away_score, created_at, updated_at) VALUES (4512, 13, 513, 3, 2, '2024-01-01 00:00:00', NULL);
INSERT INTO prediction (id, user_id, game_id, home_score, away_score, created_at, updated_at) VALUES (4513, 16, 513, 4, 1, '2024-01-01 00:00:00', NULL);
INSERT INTO prediction (id, user_id, game_id, home_score, away_score, created_at, updated_at) VALUES (4514, 9, 513, 3, 2, '2024-01-01 00:00:00', NULL);
INSERT INTO prediction (id, user_id, game_id, home_score, away_score, created_at, updated_at) VALUES (4515, 14, 513, 4, 1, '2024-01-01 00:00:00', NULL);
INSERT INTO prediction (id, user_id, game_id, home_score, away_score, created_at, updated_at) VALUES (4516, 2, 513, 0, 0, '2024-01-01 00:00:00', NULL);
INSERT INTO prediction (id, user_id, game_id, home_score, away_score, created_at, updated_at) VALUES (4517, 7, 513, 4, 2, '2024-01-01 00:00:00', NULL);
INSERT INTO prediction (id, user_id, game_id, home_score, away_score, created_at, updated_at) VALUES (4518, 12, 513, 3, 2, '2024-01-01 00:00:00', NULL);
INSERT INTO prediction (id, user_id, game_id, home_score, away_score, created_at, updated_at) VALUES (4519, 6, 513, 4, 2, '2024-01-01 00:00:00', NULL);
INSERT INTO prediction (id, user_id, game_id, home_score, away_score, created_at, updated_at) VALUES (4520, 10, 513, 0, 0, '2024-01-01 00:00:00', NULL);
INSERT INTO prediction (id, user_id, game_id, home_score, away_score, created_at, updated_at) VALUES (4521, 4, 513, 4, 2, '2024-01-01 00:00:00', NULL);
INSERT INTO prediction (id, user_id, game_id, home_score, away_score, created_at, updated_at) VALUES (4522, 5, 513, 2, 3, '2024-01-01 00:00:00', NULL);
INSERT INTO prediction (id, user_id, game_id, home_score, away_score, created_at, updated_at) VALUES (4523, 1, 513, 4, 2, '2024-01-01 00:00:00', NULL);
INSERT INTO prediction (id, user_id, game_id, home_score, away_score, created_at, updated_at) VALUES (4524, 13, 514, 3, 2, '2024-01-01 00:00:00', NULL);
INSERT INTO prediction (id, user_id, game_id, home_score, away_score, created_at, updated_at) VALUES (4525, 16, 514, 5, 2, '2024-01-01 00:00:00', NULL);
INSERT INTO prediction (id, user_id, game_id, home_score, away_score, created_at, updated_at) VALUES (4526, 9, 514, 4, 2, '2024-01-01 00:00:00', NULL);
INSERT INTO prediction (id, user_id, game_id, home_score, away_score, created_at, updated_at) VALUES (4527, 14, 514, 3, 2, '2024-01-01 00:00:00', NULL);
INSERT INTO prediction (id, user_id, game_id, home_score, away_score, created_at, updated_at) VALUES (4528, 2, 514, 0, 0, '2024-01-01 00:00:00', NULL);
INSERT INTO prediction (id, user_id, game_id, home_score, away_score, created_at, updated_at) VALUES (4529, 7, 514, 4, 2, '2024-01-01 00:00:00', NULL);
INSERT INTO prediction (id, user_id, game_id, home_score, away_score, created_at, updated_at) VALUES (4530, 12, 514, 3, 4, '2024-01-01 00:00:00', NULL);
INSERT INTO prediction (id, user_id, game_id, home_score, away_score, created_at, updated_at) VALUES (4531, 6, 514, 6, 4, '2024-01-01 00:00:00', NULL);
INSERT INTO prediction (id, user_id, game_id, home_score, away_score, created_at, updated_at) VALUES (4532, 10, 514, 0, 0, '2024-01-01 00:00:00', NULL);
INSERT INTO prediction (id, user_id, game_id, home_score, away_score, created_at, updated_at) VALUES (4533, 4, 514, 3, 2, '2024-01-01 00:00:00', NULL);
INSERT INTO prediction (id, user_id, game_id, home_score, away_score, created_at, updated_at) VALUES (4534, 5, 514, 4, 1, '2024-01-01 00:00:00', NULL);
INSERT INTO prediction (id, user_id, game_id, home_score, away_score, created_at, updated_at) VALUES (4535, 1, 514, 3, 2, '2024-01-01 00:00:00', NULL);
INSERT INTO prediction (id, user_id, game_id, home_score, away_score, created_at, updated_at) VALUES (4536, 13, 515, 1, 5, '2024-01-01 00:00:00', NULL);
INSERT INTO prediction (id, user_id, game_id, home_score, away_score, created_at, updated_at) VALUES (4537, 16, 515, 0, 5, '2024-01-01 00:00:00', NULL);
INSERT INTO prediction (id, user_id, game_id, home_score, away_score, created_at, updated_at) VALUES (4538, 9, 515, 0, 5, '2024-01-01 00:00:00', NULL);
INSERT INTO prediction (id, user_id, game_id, home_score, away_score, created_at, updated_at) VALUES (4539, 14, 515, 1, 6, '2024-01-01 00:00:00', NULL);
INSERT INTO prediction (id, user_id, game_id, home_score, away_score, created_at, updated_at) VALUES (4540, 2, 515, 2, 5, '2024-01-01 00:00:00', NULL);
INSERT INTO prediction (id, user_id, game_id, home_score, away_score, created_at, updated_at) VALUES (4541, 7, 515, 0, 6, '2024-01-01 00:00:00', NULL);
INSERT INTO prediction (id, user_id, game_id, home_score, away_score, created_at, updated_at) VALUES (4542, 12, 515, 0, 6, '2024-01-01 00:00:00', NULL);
INSERT INTO prediction (id, user_id, game_id, home_score, away_score, created_at, updated_at) VALUES (4543, 6, 515, 1, 6, '2024-01-01 00:00:00', NULL);
INSERT INTO prediction (id, user_id, game_id, home_score, away_score, created_at, updated_at) VALUES (4544, 10, 515, 1, 8, '2024-01-01 00:00:00', NULL);
INSERT INTO prediction (id, user_id, game_id, home_score, away_score, created_at, updated_at) VALUES (4545, 4, 515, 0, 6, '2024-01-01 00:00:00', NULL);
INSERT INTO prediction (id, user_id, game_id, home_score, away_score, created_at, updated_at) VALUES (4546, 5, 515, 1, 4, '2024-01-01 00:00:00', NULL);
INSERT INTO prediction (id, user_id, game_id, home_score, away_score, created_at, updated_at) VALUES (4547, 1, 515, 0, 6, '2024-01-01 00:00:00', NULL);
INSERT INTO prediction (id, user_id, game_id, home_score, away_score, created_at, updated_at) VALUES (4548, 13, 516, 4, 1, '2024-01-01 00:00:00', NULL);
INSERT INTO prediction (id, user_id, game_id, home_score, away_score, created_at, updated_at) VALUES (4549, 16, 516, 7, 1, '2024-01-01 00:00:00', NULL);
INSERT INTO prediction (id, user_id, game_id, home_score, away_score, created_at, updated_at) VALUES (4550, 9, 516, 4, 1, '2024-01-01 00:00:00', NULL);
INSERT INTO prediction (id, user_id, game_id, home_score, away_score, created_at, updated_at) VALUES (4551, 14, 516, 7, 0, '2024-01-01 00:00:00', NULL);
INSERT INTO prediction (id, user_id, game_id, home_score, away_score, created_at, updated_at) VALUES (4552, 2, 516, 6, 1, '2024-01-01 00:00:00', NULL);
INSERT INTO prediction (id, user_id, game_id, home_score, away_score, created_at, updated_at) VALUES (4553, 7, 516, 5, 0, '2024-01-01 00:00:00', NULL);
INSERT INTO prediction (id, user_id, game_id, home_score, away_score, created_at, updated_at) VALUES (4554, 12, 516, 6, 2, '2024-01-01 00:00:00', NULL);
INSERT INTO prediction (id, user_id, game_id, home_score, away_score, created_at, updated_at) VALUES (4555, 6, 516, 5, 1, '2024-01-01 00:00:00', NULL);
INSERT INTO prediction (id, user_id, game_id, home_score, away_score, created_at, updated_at) VALUES (4556, 10, 516, 10, 0, '2024-01-01 00:00:00', NULL);
INSERT INTO prediction (id, user_id, game_id, home_score, away_score, created_at, updated_at) VALUES (4557, 4, 516, 5, 1, '2024-01-01 00:00:00', NULL);
INSERT INTO prediction (id, user_id, game_id, home_score, away_score, created_at, updated_at) VALUES (4558, 5, 516, 5, 0, '2024-01-01 00:00:00', NULL);
INSERT INTO prediction (id, user_id, game_id, home_score, away_score, created_at, updated_at) VALUES (4559, 1, 516, 6, 1, '2024-01-01 00:00:00', NULL);
INSERT INTO prediction (id, user_id, game_id, home_score, away_score, created_at, updated_at) VALUES (4560, 13, 517, 5, 0, '2024-01-01 00:00:00', NULL);
INSERT INTO prediction (id, user_id, game_id, home_score, away_score, created_at, updated_at) VALUES (4561, 16, 517, 6, 1, '2024-01-01 00:00:00', NULL);
INSERT INTO prediction (id, user_id, game_id, home_score, away_score, created_at, updated_at) VALUES (4562, 9, 517, 5, 2, '2024-01-01 00:00:00', NULL);
INSERT INTO prediction (id, user_id, game_id, home_score, away_score, created_at, updated_at) VALUES (4563, 14, 517, 5, 1, '2024-01-01 00:00:00', NULL);
INSERT INTO prediction (id, user_id, game_id, home_score, away_score, created_at, updated_at) VALUES (4564, 2, 517, 2, 3, '2024-01-01 00:00:00', NULL);
INSERT INTO prediction (id, user_id, game_id, home_score, away_score, created_at, updated_at) VALUES (4565, 7, 517, 6, 1, '2024-01-01 00:00:00', NULL);
INSERT INTO prediction (id, user_id, game_id, home_score, away_score, created_at, updated_at) VALUES (4566, 12, 517, 5, 3, '2024-01-01 00:00:00', NULL);
INSERT INTO prediction (id, user_id, game_id, home_score, away_score, created_at, updated_at) VALUES (4567, 6, 517, 5, 2, '2024-01-01 00:00:00', NULL);
INSERT INTO prediction (id, user_id, game_id, home_score, away_score, created_at, updated_at) VALUES (4568, 10, 517, 8, 2, '2024-01-01 00:00:00', NULL);
INSERT INTO prediction (id, user_id, game_id, home_score, away_score, created_at, updated_at) VALUES (4569, 4, 517, 5, 2, '2024-01-01 00:00:00', NULL);
INSERT INTO prediction (id, user_id, game_id, home_score, away_score, created_at, updated_at) VALUES (4570, 5, 517, 3, 0, '2024-01-01 00:00:00', NULL);
INSERT INTO prediction (id, user_id, game_id, home_score, away_score, created_at, updated_at) VALUES (4571, 1, 517, 5, 0, '2024-01-01 00:00:00', NULL);
INSERT INTO prediction (id, user_id, game_id, home_score, away_score, created_at, updated_at) VALUES (4572, 13, 518, 3, 2, '2024-01-01 00:00:00', NULL);
INSERT INTO prediction (id, user_id, game_id, home_score, away_score, created_at, updated_at) VALUES (4573, 16, 518, 3, 1, '2024-01-01 00:00:00', NULL);
INSERT INTO prediction (id, user_id, game_id, home_score, away_score, created_at, updated_at) VALUES (4574, 9, 518, 4, 2, '2024-01-01 00:00:00', NULL);
INSERT INTO prediction (id, user_id, game_id, home_score, away_score, created_at, updated_at) VALUES (4575, 14, 518, 3, 5, '2024-01-01 00:00:00', NULL);
INSERT INTO prediction (id, user_id, game_id, home_score, away_score, created_at, updated_at) VALUES (4576, 2, 518, 3, 4, '2024-01-01 00:00:00', NULL);
INSERT INTO prediction (id, user_id, game_id, home_score, away_score, created_at, updated_at) VALUES (4577, 7, 518, 4, 3, '2024-01-01 00:00:00', NULL);
INSERT INTO prediction (id, user_id, game_id, home_score, away_score, created_at, updated_at) VALUES (4578, 12, 518, 2, 4, '2024-01-01 00:00:00', NULL);
INSERT INTO prediction (id, user_id, game_id, home_score, away_score, created_at, updated_at) VALUES (4579, 6, 518, 2, 4, '2024-01-01 00:00:00', NULL);
INSERT INTO prediction (id, user_id, game_id, home_score, away_score, created_at, updated_at) VALUES (4580, 10, 518, 2, 5, '2024-01-01 00:00:00', NULL);
INSERT INTO prediction (id, user_id, game_id, home_score, away_score, created_at, updated_at) VALUES (4581, 4, 518, 3, 2, '2024-01-01 00:00:00', NULL);
INSERT INTO prediction (id, user_id, game_id, home_score, away_score, created_at, updated_at) VALUES (4582, 5, 518, 1, 2, '2024-01-01 00:00:00', NULL);
INSERT INTO prediction (id, user_id, game_id, home_score, away_score, created_at, updated_at) VALUES (4583, 1, 518, 3, 1, '2024-01-01 00:00:00', NULL);
INSERT INTO prediction (id, user_id, game_id, home_score, away_score, created_at, updated_at) VALUES (4584, 13, 519, 1, 3, '2024-01-01 00:00:00', NULL);
INSERT INTO prediction (id, user_id, game_id, home_score, away_score, created_at, updated_at) VALUES (4585, 16, 519, 2, 3, '2024-01-01 00:00:00', NULL);
INSERT INTO prediction (id, user_id, game_id, home_score, away_score, created_at, updated_at) VALUES (4586, 9, 519, 1, 4, '2024-01-01 00:00:00', NULL);
INSERT INTO prediction (id, user_id, game_id, home_score, away_score, created_at, updated_at) VALUES (4587, 14, 519, 2, 3, '2024-01-01 00:00:00', NULL);
INSERT INTO prediction (id, user_id, game_id, home_score, away_score, created_at, updated_at) VALUES (4588, 2, 519, 2, 4, '2024-01-01 00:00:00', NULL);
INSERT INTO prediction (id, user_id, game_id, home_score, away_score, created_at, updated_at) VALUES (4589, 7, 519, 1, 4, '2024-01-01 00:00:00', NULL);
INSERT INTO prediction (id, user_id, game_id, home_score, away_score, created_at, updated_at) VALUES (4590, 12, 519, 1, 3, '2024-01-01 00:00:00', NULL);
INSERT INTO prediction (id, user_id, game_id, home_score, away_score, created_at, updated_at) VALUES (4591, 6, 519, 1, 4, '2024-01-01 00:00:00', NULL);
INSERT INTO prediction (id, user_id, game_id, home_score, away_score, created_at, updated_at) VALUES (4592, 10, 519, 2, 3, '2024-01-01 00:00:00', NULL);
INSERT INTO prediction (id, user_id, game_id, home_score, away_score, created_at, updated_at) VALUES (4593, 4, 519, 2, 4, '2024-01-01 00:00:00', NULL);
INSERT INTO prediction (id, user_id, game_id, home_score, away_score, created_at, updated_at) VALUES (4594, 5, 519, 0, 1, '2024-01-01 00:00:00', NULL);
INSERT INTO prediction (id, user_id, game_id, home_score, away_score, created_at, updated_at) VALUES (4595, 1, 519, 0, 0, '2024-01-01 00:00:00', NULL);
INSERT INTO prediction (id, user_id, game_id, home_score, away_score, created_at, updated_at) VALUES (4596, 13, 520, 0, 6, '2024-01-01 00:00:00', NULL);
INSERT INTO prediction (id, user_id, game_id, home_score, away_score, created_at, updated_at) VALUES (4597, 16, 520, 0, 6, '2024-01-01 00:00:00', NULL);
INSERT INTO prediction (id, user_id, game_id, home_score, away_score, created_at, updated_at) VALUES (4598, 9, 520, 0, 8, '2024-01-01 00:00:00', NULL);
INSERT INTO prediction (id, user_id, game_id, home_score, away_score, created_at, updated_at) VALUES (4599, 14, 520, 0, 7, '2024-01-01 00:00:00', NULL);
INSERT INTO prediction (id, user_id, game_id, home_score, away_score, created_at, updated_at) VALUES (4600, 2, 520, 2, 7, '2024-01-01 00:00:00', NULL);
INSERT INTO prediction (id, user_id, game_id, home_score, away_score, created_at, updated_at) VALUES (4601, 7, 520, 0, 5, '2024-01-01 00:00:00', NULL);
INSERT INTO prediction (id, user_id, game_id, home_score, away_score, created_at, updated_at) VALUES (4602, 12, 520, 1, 7, '2024-01-01 00:00:00', NULL);
INSERT INTO prediction (id, user_id, game_id, home_score, away_score, created_at, updated_at) VALUES (4603, 6, 520, 1, 5, '2024-01-01 00:00:00', NULL);
INSERT INTO prediction (id, user_id, game_id, home_score, away_score, created_at, updated_at) VALUES (4604, 10, 520, 1, 6, '2024-01-01 00:00:00', NULL);
INSERT INTO prediction (id, user_id, game_id, home_score, away_score, created_at, updated_at) VALUES (4605, 4, 520, 1, 6, '2024-01-01 00:00:00', NULL);
INSERT INTO prediction (id, user_id, game_id, home_score, away_score, created_at, updated_at) VALUES (4606, 5, 520, 0, 7, '2024-01-01 00:00:00', NULL);
INSERT INTO prediction (id, user_id, game_id, home_score, away_score, created_at, updated_at) VALUES (4607, 1, 520, 0, 0, '2024-01-01 00:00:00', NULL);
INSERT INTO prediction (id, user_id, game_id, home_score, away_score, created_at, updated_at) VALUES (4608, 13, 521, 2, 3, '2024-01-01 00:00:00', NULL);
INSERT INTO prediction (id, user_id, game_id, home_score, away_score, created_at, updated_at) VALUES (4609, 16, 521, 4, 3, '2024-01-01 00:00:00', NULL);
INSERT INTO prediction (id, user_id, game_id, home_score, away_score, created_at, updated_at) VALUES (4610, 9, 521, 2, 4, '2024-01-01 00:00:00', NULL);
INSERT INTO prediction (id, user_id, game_id, home_score, away_score, created_at, updated_at) VALUES (4611, 14, 521, 1, 2, '2024-01-01 00:00:00', NULL);
INSERT INTO prediction (id, user_id, game_id, home_score, away_score, created_at, updated_at) VALUES (4612, 2, 521, 4, 1, '2024-01-01 00:00:00', NULL);
INSERT INTO prediction (id, user_id, game_id, home_score, away_score, created_at, updated_at) VALUES (4613, 7, 521, 2, 3, '2024-01-01 00:00:00', NULL);
INSERT INTO prediction (id, user_id, game_id, home_score, away_score, created_at, updated_at) VALUES (4614, 12, 521, 3, 1, '2024-01-01 00:00:00', NULL);
INSERT INTO prediction (id, user_id, game_id, home_score, away_score, created_at, updated_at) VALUES (4615, 6, 521, 3, 2, '2024-01-01 00:00:00', NULL);
INSERT INTO prediction (id, user_id, game_id, home_score, away_score, created_at, updated_at) VALUES (4616, 10, 521, 3, 2, '2024-01-01 00:00:00', NULL);
INSERT INTO prediction (id, user_id, game_id, home_score, away_score, created_at, updated_at) VALUES (4617, 4, 521, 3, 2, '2024-01-01 00:00:00', NULL);
INSERT INTO prediction (id, user_id, game_id, home_score, away_score, created_at, updated_at) VALUES (4618, 5, 521, 1, 2, '2024-01-01 00:00:00', NULL);
INSERT INTO prediction (id, user_id, game_id, home_score, away_score, created_at, updated_at) VALUES (4619, 1, 521, 1, 3, '2024-01-01 00:00:00', NULL);
INSERT INTO prediction (id, user_id, game_id, home_score, away_score, created_at, updated_at) VALUES (4620, 13, 522, 0, 4, '2024-01-01 00:00:00', NULL);
INSERT INTO prediction (id, user_id, game_id, home_score, away_score, created_at, updated_at) VALUES (4621, 16, 522, 1, 5, '2024-01-01 00:00:00', NULL);
INSERT INTO prediction (id, user_id, game_id, home_score, away_score, created_at, updated_at) VALUES (4622, 9, 522, 0, 7, '2024-01-01 00:00:00', NULL);
INSERT INTO prediction (id, user_id, game_id, home_score, away_score, created_at, updated_at) VALUES (4623, 14, 522, 1, 7, '2024-01-01 00:00:00', NULL);
INSERT INTO prediction (id, user_id, game_id, home_score, away_score, created_at, updated_at) VALUES (4624, 2, 522, 1, 8, '2024-01-01 00:00:00', NULL);
INSERT INTO prediction (id, user_id, game_id, home_score, away_score, created_at, updated_at) VALUES (4625, 7, 522, 0, 5, '2024-01-01 00:00:00', NULL);
INSERT INTO prediction (id, user_id, game_id, home_score, away_score, created_at, updated_at) VALUES (4626, 12, 522, 0, 4, '2024-01-01 00:00:00', NULL);
INSERT INTO prediction (id, user_id, game_id, home_score, away_score, created_at, updated_at) VALUES (4627, 6, 522, 0, 7, '2024-01-01 00:00:00', NULL);
INSERT INTO prediction (id, user_id, game_id, home_score, away_score, created_at, updated_at) VALUES (4628, 10, 522, 1, 7, '2024-01-01 00:00:00', NULL);
INSERT INTO prediction (id, user_id, game_id, home_score, away_score, created_at, updated_at) VALUES (4629, 4, 522, 1, 5, '2024-01-01 00:00:00', NULL);
INSERT INTO prediction (id, user_id, game_id, home_score, away_score, created_at, updated_at) VALUES (4630, 5, 522, 0, 2, '2024-01-01 00:00:00', NULL);
INSERT INTO prediction (id, user_id, game_id, home_score, away_score, created_at, updated_at) VALUES (4631, 1, 522, 0, 4, '2024-01-01 00:00:00', NULL);
INSERT INTO prediction (id, user_id, game_id, home_score, away_score, created_at, updated_at) VALUES (4632, 13, 523, 2, 1, '2024-01-01 00:00:00', NULL);
INSERT INTO prediction (id, user_id, game_id, home_score, away_score, created_at, updated_at) VALUES (4633, 16, 523, 3, 2, '2024-01-01 00:00:00', NULL);
INSERT INTO prediction (id, user_id, game_id, home_score, away_score, created_at, updated_at) VALUES (4634, 9, 523, 3, 2, '2024-01-01 00:00:00', NULL);
INSERT INTO prediction (id, user_id, game_id, home_score, away_score, created_at, updated_at) VALUES (4635, 14, 523, 2, 3, '2024-01-01 00:00:00', NULL);
INSERT INTO prediction (id, user_id, game_id, home_score, away_score, created_at, updated_at) VALUES (4636, 2, 523, 3, 2, '2024-01-01 00:00:00', NULL);
INSERT INTO prediction (id, user_id, game_id, home_score, away_score, created_at, updated_at) VALUES (4637, 7, 523, 5, 3, '2024-01-01 00:00:00', NULL);
INSERT INTO prediction (id, user_id, game_id, home_score, away_score, created_at, updated_at) VALUES (4638, 12, 523, 1, 3, '2024-01-01 00:00:00', NULL);
INSERT INTO prediction (id, user_id, game_id, home_score, away_score, created_at, updated_at) VALUES (4639, 6, 523, 3, 2, '2024-01-01 00:00:00', NULL);
INSERT INTO prediction (id, user_id, game_id, home_score, away_score, created_at, updated_at) VALUES (4640, 10, 523, 2, 3, '2024-01-01 00:00:00', NULL);
INSERT INTO prediction (id, user_id, game_id, home_score, away_score, created_at, updated_at) VALUES (4641, 4, 523, 3, 2, '2024-01-01 00:00:00', NULL);
INSERT INTO prediction (id, user_id, game_id, home_score, away_score, created_at, updated_at) VALUES (4642, 5, 523, 2, 1, '2024-01-01 00:00:00', NULL);
INSERT INTO prediction (id, user_id, game_id, home_score, away_score, created_at, updated_at) VALUES (4643, 1, 523, 3, 1, '2024-01-01 00:00:00', NULL);
INSERT INTO prediction (id, user_id, game_id, home_score, away_score, created_at, updated_at) VALUES (4644, 13, 524, 1, 3, '2024-01-01 00:00:00', NULL);
INSERT INTO prediction (id, user_id, game_id, home_score, away_score, created_at, updated_at) VALUES (4645, 16, 524, 2, 5, '2024-01-01 00:00:00', NULL);
INSERT INTO prediction (id, user_id, game_id, home_score, away_score, created_at, updated_at) VALUES (4646, 9, 524, 2, 4, '2024-01-01 00:00:00', NULL);
INSERT INTO prediction (id, user_id, game_id, home_score, away_score, created_at, updated_at) VALUES (4647, 14, 524, 2, 4, '2024-01-01 00:00:00', NULL);
INSERT INTO prediction (id, user_id, game_id, home_score, away_score, created_at, updated_at) VALUES (4648, 2, 524, 2, 5, '2024-01-01 00:00:00', NULL);
INSERT INTO prediction (id, user_id, game_id, home_score, away_score, created_at, updated_at) VALUES (4649, 7, 524, 2, 4, '2024-01-01 00:00:00', NULL);
INSERT INTO prediction (id, user_id, game_id, home_score, away_score, created_at, updated_at) VALUES (4650, 12, 524, 3, 4, '2024-01-01 00:00:00', NULL);
INSERT INTO prediction (id, user_id, game_id, home_score, away_score, created_at, updated_at) VALUES (4651, 6, 524, 2, 4, '2024-01-01 00:00:00', NULL);
INSERT INTO prediction (id, user_id, game_id, home_score, away_score, created_at, updated_at) VALUES (4652, 10, 524, 1, 4, '2024-01-01 00:00:00', NULL);
INSERT INTO prediction (id, user_id, game_id, home_score, away_score, created_at, updated_at) VALUES (4653, 4, 524, 2, 4, '2024-01-01 00:00:00', NULL);
INSERT INTO prediction (id, user_id, game_id, home_score, away_score, created_at, updated_at) VALUES (4654, 5, 524, 1, 3, '2024-01-01 00:00:00', NULL);
INSERT INTO prediction (id, user_id, game_id, home_score, away_score, created_at, updated_at) VALUES (4655, 1, 524, 2, 4, '2024-01-01 00:00:00', NULL);
INSERT INTO prediction (id, user_id, game_id, home_score, away_score, created_at, updated_at) VALUES (4656, 13, 525, 4, 1, '2024-01-01 00:00:00', NULL);
INSERT INTO prediction (id, user_id, game_id, home_score, away_score, created_at, updated_at) VALUES (4657, 16, 525, 4, 3, '2024-01-01 00:00:00', NULL);
INSERT INTO prediction (id, user_id, game_id, home_score, away_score, created_at, updated_at) VALUES (4658, 9, 525, 3, 1, '2024-01-01 00:00:00', NULL);
INSERT INTO prediction (id, user_id, game_id, home_score, away_score, created_at, updated_at) VALUES (4659, 14, 525, 4, 2, '2024-01-01 00:00:00', NULL);
INSERT INTO prediction (id, user_id, game_id, home_score, away_score, created_at, updated_at) VALUES (4660, 2, 525, 5, 2, '2024-01-01 00:00:00', NULL);
INSERT INTO prediction (id, user_id, game_id, home_score, away_score, created_at, updated_at) VALUES (4661, 7, 525, 4, 1, '2024-01-01 00:00:00', NULL);
INSERT INTO prediction (id, user_id, game_id, home_score, away_score, created_at, updated_at) VALUES (4662, 12, 525, 5, 2, '2024-01-01 00:00:00', NULL);
INSERT INTO prediction (id, user_id, game_id, home_score, away_score, created_at, updated_at) VALUES (4663, 6, 525, 5, 1, '2024-01-01 00:00:00', NULL);
INSERT INTO prediction (id, user_id, game_id, home_score, away_score, created_at, updated_at) VALUES (4664, 10, 525, 2, 1, '2024-01-01 00:00:00', NULL);
INSERT INTO prediction (id, user_id, game_id, home_score, away_score, created_at, updated_at) VALUES (4665, 4, 525, 3, 2, '2024-01-01 00:00:00', NULL);
INSERT INTO prediction (id, user_id, game_id, home_score, away_score, created_at, updated_at) VALUES (4666, 5, 525, 1, 0, '2024-01-01 00:00:00', NULL);
INSERT INTO prediction (id, user_id, game_id, home_score, away_score, created_at, updated_at) VALUES (4667, 1, 525, 5, 1, '2024-01-01 00:00:00', NULL);
INSERT INTO prediction (id, user_id, game_id, home_score, away_score, created_at, updated_at) VALUES (4668, 13, 526, 2, 3, '2024-01-01 00:00:00', NULL);
INSERT INTO prediction (id, user_id, game_id, home_score, away_score, created_at, updated_at) VALUES (4669, 16, 526, 1, 4, '2024-01-01 00:00:00', NULL);
INSERT INTO prediction (id, user_id, game_id, home_score, away_score, created_at, updated_at) VALUES (4670, 9, 526, 1, 5, '2024-01-01 00:00:00', NULL);
INSERT INTO prediction (id, user_id, game_id, home_score, away_score, created_at, updated_at) VALUES (4671, 14, 526, 2, 5, '2024-01-01 00:00:00', NULL);
INSERT INTO prediction (id, user_id, game_id, home_score, away_score, created_at, updated_at) VALUES (4672, 2, 526, 2, 0, '2024-01-01 00:00:00', NULL);
INSERT INTO prediction (id, user_id, game_id, home_score, away_score, created_at, updated_at) VALUES (4673, 7, 526, 2, 5, '2024-01-01 00:00:00', NULL);
INSERT INTO prediction (id, user_id, game_id, home_score, away_score, created_at, updated_at) VALUES (4674, 12, 526, 4, 3, '2024-01-01 00:00:00', NULL);
INSERT INTO prediction (id, user_id, game_id, home_score, away_score, created_at, updated_at) VALUES (4675, 6, 526, 1, 3, '2024-01-01 00:00:00', NULL);
INSERT INTO prediction (id, user_id, game_id, home_score, away_score, created_at, updated_at) VALUES (4676, 10, 526, 2, 5, '2024-01-01 00:00:00', NULL);
INSERT INTO prediction (id, user_id, game_id, home_score, away_score, created_at, updated_at) VALUES (4677, 4, 526, 2, 3, '2024-01-01 00:00:00', NULL);
INSERT INTO prediction (id, user_id, game_id, home_score, away_score, created_at, updated_at) VALUES (4678, 5, 526, 1, 2, '2024-01-01 00:00:00', NULL);
INSERT INTO prediction (id, user_id, game_id, home_score, away_score, created_at, updated_at) VALUES (4679, 1, 526, 2, 1, '2024-01-01 00:00:00', NULL);
INSERT INTO prediction (id, user_id, game_id, home_score, away_score, created_at, updated_at) VALUES (4680, 13, 527, 3, 2, '2024-01-01 00:00:00', NULL);
INSERT INTO prediction (id, user_id, game_id, home_score, away_score, created_at, updated_at) VALUES (4681, 16, 527, 3, 2, '2024-01-01 00:00:00', NULL);
INSERT INTO prediction (id, user_id, game_id, home_score, away_score, created_at, updated_at) VALUES (4682, 9, 527, 4, 2, '2024-01-01 00:00:00', NULL);
INSERT INTO prediction (id, user_id, game_id, home_score, away_score, created_at, updated_at) VALUES (4683, 14, 527, 4, 2, '2024-01-01 00:00:00', NULL);
INSERT INTO prediction (id, user_id, game_id, home_score, away_score, created_at, updated_at) VALUES (4684, 2, 527, 2, 3, '2024-01-01 00:00:00', NULL);
INSERT INTO prediction (id, user_id, game_id, home_score, away_score, created_at, updated_at) VALUES (4685, 7, 527, 2, 1, '2024-01-01 00:00:00', NULL);
INSERT INTO prediction (id, user_id, game_id, home_score, away_score, created_at, updated_at) VALUES (4686, 12, 527, 3, 2, '2024-01-01 00:00:00', NULL);
INSERT INTO prediction (id, user_id, game_id, home_score, away_score, created_at, updated_at) VALUES (4687, 6, 527, 2, 4, '2024-01-01 00:00:00', NULL);
INSERT INTO prediction (id, user_id, game_id, home_score, away_score, created_at, updated_at) VALUES (4688, 10, 527, 2, 4, '2024-01-01 00:00:00', NULL);
INSERT INTO prediction (id, user_id, game_id, home_score, away_score, created_at, updated_at) VALUES (4689, 4, 527, 2, 3, '2024-01-01 00:00:00', NULL);
INSERT INTO prediction (id, user_id, game_id, home_score, away_score, created_at, updated_at) VALUES (4690, 5, 527, 3, 1, '2024-01-01 00:00:00', NULL);
INSERT INTO prediction (id, user_id, game_id, home_score, away_score, created_at, updated_at) VALUES (4691, 1, 527, 4, 1, '2024-01-01 00:00:00', NULL);
INSERT INTO prediction (id, user_id, game_id, home_score, away_score, created_at, updated_at) VALUES (4692, 13, 528, 5, 1, '2024-01-01 00:00:00', NULL);
INSERT INTO prediction (id, user_id, game_id, home_score, away_score, created_at, updated_at) VALUES (4693, 16, 528, 4, 3, '2024-01-01 00:00:00', NULL);
INSERT INTO prediction (id, user_id, game_id, home_score, away_score, created_at, updated_at) VALUES (4694, 9, 528, 7, 1, '2024-01-01 00:00:00', NULL);
INSERT INTO prediction (id, user_id, game_id, home_score, away_score, created_at, updated_at) VALUES (4695, 14, 528, 8, 0, '2024-01-01 00:00:00', NULL);
INSERT INTO prediction (id, user_id, game_id, home_score, away_score, created_at, updated_at) VALUES (4696, 2, 528, 6, 1, '2024-01-01 00:00:00', NULL);
INSERT INTO prediction (id, user_id, game_id, home_score, away_score, created_at, updated_at) VALUES (4697, 7, 528, 6, 0, '2024-01-01 00:00:00', NULL);
INSERT INTO prediction (id, user_id, game_id, home_score, away_score, created_at, updated_at) VALUES (4698, 12, 528, 7, 1, '2024-01-01 00:00:00', NULL);
INSERT INTO prediction (id, user_id, game_id, home_score, away_score, created_at, updated_at) VALUES (4699, 6, 528, 7, 1, '2024-01-01 00:00:00', NULL);
INSERT INTO prediction (id, user_id, game_id, home_score, away_score, created_at, updated_at) VALUES (4700, 10, 528, 6, 1, '2024-01-01 00:00:00', NULL);
INSERT INTO prediction (id, user_id, game_id, home_score, away_score, created_at, updated_at) VALUES (4701, 4, 528, 5, 1, '2024-01-01 00:00:00', NULL);
INSERT INTO prediction (id, user_id, game_id, home_score, away_score, created_at, updated_at) VALUES (4702, 5, 528, 3, 1, '2024-01-01 00:00:00', NULL);
INSERT INTO prediction (id, user_id, game_id, home_score, away_score, created_at, updated_at) VALUES (4703, 1, 528, 7, 0, '2024-01-01 00:00:00', NULL);
INSERT INTO prediction (id, user_id, game_id, home_score, away_score, created_at, updated_at) VALUES (4704, 13, 529, 2, 4, '2024-01-01 00:00:00', NULL);
INSERT INTO prediction (id, user_id, game_id, home_score, away_score, created_at, updated_at) VALUES (4705, 16, 529, 2, 3, '2024-01-01 00:00:00', NULL);
INSERT INTO prediction (id, user_id, game_id, home_score, away_score, created_at, updated_at) VALUES (4706, 9, 529, 1, 3, '2024-01-01 00:00:00', NULL);
INSERT INTO prediction (id, user_id, game_id, home_score, away_score, created_at, updated_at) VALUES (4707, 14, 529, 1, 3, '2024-01-01 00:00:00', NULL);
INSERT INTO prediction (id, user_id, game_id, home_score, away_score, created_at, updated_at) VALUES (4708, 2, 529, 3, 2, '2024-01-01 00:00:00', NULL);
INSERT INTO prediction (id, user_id, game_id, home_score, away_score, created_at, updated_at) VALUES (4709, 7, 529, 2, 3, '2024-01-01 00:00:00', NULL);
INSERT INTO prediction (id, user_id, game_id, home_score, away_score, created_at, updated_at) VALUES (4710, 12, 529, 1, 3, '2024-01-01 00:00:00', NULL);
INSERT INTO prediction (id, user_id, game_id, home_score, away_score, created_at, updated_at) VALUES (4711, 6, 529, 1, 4, '2024-01-01 00:00:00', NULL);
INSERT INTO prediction (id, user_id, game_id, home_score, away_score, created_at, updated_at) VALUES (4712, 10, 529, 0, 5, '2024-01-01 00:00:00', NULL);
INSERT INTO prediction (id, user_id, game_id, home_score, away_score, created_at, updated_at) VALUES (4713, 4, 529, 2, 4, '2024-01-01 00:00:00', NULL);
INSERT INTO prediction (id, user_id, game_id, home_score, away_score, created_at, updated_at) VALUES (4714, 5, 529, 0, 2, '2024-01-01 00:00:00', NULL);
INSERT INTO prediction (id, user_id, game_id, home_score, away_score, created_at, updated_at) VALUES (4715, 1, 529, 0, 5, '2024-01-01 00:00:00', NULL);
INSERT INTO prediction (id, user_id, game_id, home_score, away_score, created_at, updated_at) VALUES (4716, 13, 530, 4, 3, '2024-01-01 00:00:00', NULL);
INSERT INTO prediction (id, user_id, game_id, home_score, away_score, created_at, updated_at) VALUES (4717, 16, 530, 3, 1, '2024-01-01 00:00:00', NULL);
INSERT INTO prediction (id, user_id, game_id, home_score, away_score, created_at, updated_at) VALUES (4718, 9, 530, 4, 2, '2024-01-01 00:00:00', NULL);
INSERT INTO prediction (id, user_id, game_id, home_score, away_score, created_at, updated_at) VALUES (4719, 14, 530, 4, 2, '2024-01-01 00:00:00', NULL);
INSERT INTO prediction (id, user_id, game_id, home_score, away_score, created_at, updated_at) VALUES (4720, 2, 530, 5, 3, '2024-01-01 00:00:00', NULL);
INSERT INTO prediction (id, user_id, game_id, home_score, away_score, created_at, updated_at) VALUES (4721, 7, 530, 2, 1, '2024-01-01 00:00:00', NULL);
INSERT INTO prediction (id, user_id, game_id, home_score, away_score, created_at, updated_at) VALUES (4722, 12, 530, 4, 3, '2024-01-01 00:00:00', NULL);
INSERT INTO prediction (id, user_id, game_id, home_score, away_score, created_at, updated_at) VALUES (4723, 6, 530, 5, 3, '2024-01-01 00:00:00', NULL);
INSERT INTO prediction (id, user_id, game_id, home_score, away_score, created_at, updated_at) VALUES (4724, 10, 530, 4, 2, '2024-01-01 00:00:00', NULL);
INSERT INTO prediction (id, user_id, game_id, home_score, away_score, created_at, updated_at) VALUES (4725, 4, 530, 5, 3, '2024-01-01 00:00:00', NULL);
INSERT INTO prediction (id, user_id, game_id, home_score, away_score, created_at, updated_at) VALUES (4726, 5, 530, 2, 4, '2024-01-01 00:00:00', NULL);
INSERT INTO prediction (id, user_id, game_id, home_score, away_score, created_at, updated_at) VALUES (4727, 1, 530, 3, 1, '2024-01-01 00:00:00', NULL);
INSERT INTO prediction (id, user_id, game_id, home_score, away_score, created_at, updated_at) VALUES (4728, 13, 531, 3, 1, '2024-01-01 00:00:00', NULL);
INSERT INTO prediction (id, user_id, game_id, home_score, away_score, created_at, updated_at) VALUES (4729, 16, 531, 2, 1, '2024-01-01 00:00:00', NULL);
INSERT INTO prediction (id, user_id, game_id, home_score, away_score, created_at, updated_at) VALUES (4730, 9, 531, 3, 4, '2024-01-01 00:00:00', NULL);
INSERT INTO prediction (id, user_id, game_id, home_score, away_score, created_at, updated_at) VALUES (4731, 14, 531, 2, 3, '2024-01-01 00:00:00', NULL);
INSERT INTO prediction (id, user_id, game_id, home_score, away_score, created_at, updated_at) VALUES (4732, 2, 531, 4, 3, '2024-01-01 00:00:00', NULL);
INSERT INTO prediction (id, user_id, game_id, home_score, away_score, created_at, updated_at) VALUES (4733, 7, 531, 2, 1, '2024-01-01 00:00:00', NULL);
INSERT INTO prediction (id, user_id, game_id, home_score, away_score, created_at, updated_at) VALUES (4734, 12, 531, 5, 3, '2024-01-01 00:00:00', NULL);
INSERT INTO prediction (id, user_id, game_id, home_score, away_score, created_at, updated_at) VALUES (4735, 6, 531, 5, 4, '2024-01-01 00:00:00', NULL);
INSERT INTO prediction (id, user_id, game_id, home_score, away_score, created_at, updated_at) VALUES (4736, 10, 531, 3, 2, '2024-01-01 00:00:00', NULL);
INSERT INTO prediction (id, user_id, game_id, home_score, away_score, created_at, updated_at) VALUES (4737, 4, 531, 2, 3, '2024-01-01 00:00:00', NULL);
INSERT INTO prediction (id, user_id, game_id, home_score, away_score, created_at, updated_at) VALUES (4738, 5, 531, 1, 3, '2024-01-01 00:00:00', NULL);
INSERT INTO prediction (id, user_id, game_id, home_score, away_score, created_at, updated_at) VALUES (4739, 1, 531, 4, 2, '2024-01-01 00:00:00', NULL);
INSERT INTO prediction (id, user_id, game_id, home_score, away_score, created_at, updated_at) VALUES (4740, 13, 532, 3, 2, '2024-01-01 00:00:00', NULL);
INSERT INTO prediction (id, user_id, game_id, home_score, away_score, created_at, updated_at) VALUES (4741, 16, 532, 4, 2, '2024-01-01 00:00:00', NULL);
INSERT INTO prediction (id, user_id, game_id, home_score, away_score, created_at, updated_at) VALUES (4742, 9, 532, 3, 1, '2024-01-01 00:00:00', NULL);
INSERT INTO prediction (id, user_id, game_id, home_score, away_score, created_at, updated_at) VALUES (4743, 14, 532, 5, 2, '2024-01-01 00:00:00', NULL);
INSERT INTO prediction (id, user_id, game_id, home_score, away_score, created_at, updated_at) VALUES (4744, 2, 532, 4, 2, '2024-01-01 00:00:00', NULL);
INSERT INTO prediction (id, user_id, game_id, home_score, away_score, created_at, updated_at) VALUES (4745, 7, 532, 4, 2, '2024-01-01 00:00:00', NULL);
INSERT INTO prediction (id, user_id, game_id, home_score, away_score, created_at, updated_at) VALUES (4746, 12, 532, 2, 3, '2024-01-01 00:00:00', NULL);
INSERT INTO prediction (id, user_id, game_id, home_score, away_score, created_at, updated_at) VALUES (4747, 6, 532, 4, 2, '2024-01-01 00:00:00', NULL);
INSERT INTO prediction (id, user_id, game_id, home_score, away_score, created_at, updated_at) VALUES (4748, 10, 532, 4, 2, '2024-01-01 00:00:00', NULL);
INSERT INTO prediction (id, user_id, game_id, home_score, away_score, created_at, updated_at) VALUES (4749, 4, 532, 3, 2, '2024-01-01 00:00:00', NULL);
INSERT INTO prediction (id, user_id, game_id, home_score, away_score, created_at, updated_at) VALUES (4750, 5, 532, 2, 1, '2024-01-01 00:00:00', NULL);
INSERT INTO prediction (id, user_id, game_id, home_score, away_score, created_at, updated_at) VALUES (4751, 1, 532, 3, 1, '2024-01-01 00:00:00', NULL);
INSERT INTO prediction (id, user_id, game_id, home_score, away_score, created_at, updated_at) VALUES (4752, 13, 533, 5, 2, '2024-01-01 00:00:00', NULL);
INSERT INTO prediction (id, user_id, game_id, home_score, away_score, created_at, updated_at) VALUES (4753, 16, 533, 3, 2, '2024-01-01 00:00:00', NULL);
INSERT INTO prediction (id, user_id, game_id, home_score, away_score, created_at, updated_at) VALUES (4754, 9, 533, 3, 1, '2024-01-01 00:00:00', NULL);
INSERT INTO prediction (id, user_id, game_id, home_score, away_score, created_at, updated_at) VALUES (4755, 14, 533, 2, 3, '2024-01-01 00:00:00', NULL);
INSERT INTO prediction (id, user_id, game_id, home_score, away_score, created_at, updated_at) VALUES (4756, 2, 533, 5, 2, '2024-01-01 00:00:00', NULL);
INSERT INTO prediction (id, user_id, game_id, home_score, away_score, created_at, updated_at) VALUES (4757, 7, 533, 3, 2, '2024-01-01 00:00:00', NULL);
INSERT INTO prediction (id, user_id, game_id, home_score, away_score, created_at, updated_at) VALUES (4758, 12, 533, 4, 3, '2024-01-01 00:00:00', NULL);
INSERT INTO prediction (id, user_id, game_id, home_score, away_score, created_at, updated_at) VALUES (4759, 6, 533, 5, 2, '2024-01-01 00:00:00', NULL);
INSERT INTO prediction (id, user_id, game_id, home_score, away_score, created_at, updated_at) VALUES (4760, 10, 533, 3, 1, '2024-01-01 00:00:00', NULL);
INSERT INTO prediction (id, user_id, game_id, home_score, away_score, created_at, updated_at) VALUES (4761, 4, 533, 4, 2, '2024-01-01 00:00:00', NULL);
INSERT INTO prediction (id, user_id, game_id, home_score, away_score, created_at, updated_at) VALUES (4762, 5, 533, 3, 1, '2024-01-01 00:00:00', NULL);
INSERT INTO prediction (id, user_id, game_id, home_score, away_score, created_at, updated_at) VALUES (4763, 1, 533, 2, 3, '2024-01-01 00:00:00', NULL);
INSERT INTO prediction (id, user_id, game_id, home_score, away_score, created_at, updated_at) VALUES (4764, 13, 534, 2, 1, '2024-01-01 00:00:00', NULL);
INSERT INTO prediction (id, user_id, game_id, home_score, away_score, created_at, updated_at) VALUES (4765, 16, 534, 4, 1, '2024-01-01 00:00:00', NULL);
INSERT INTO prediction (id, user_id, game_id, home_score, away_score, created_at, updated_at) VALUES (4766, 9, 534, 5, 1, '2024-01-01 00:00:00', NULL);
INSERT INTO prediction (id, user_id, game_id, home_score, away_score, created_at, updated_at) VALUES (4767, 14, 534, 4, 2, '2024-01-01 00:00:00', NULL);
INSERT INTO prediction (id, user_id, game_id, home_score, away_score, created_at, updated_at) VALUES (4768, 2, 534, 4, 1, '2024-01-01 00:00:00', NULL);
INSERT INTO prediction (id, user_id, game_id, home_score, away_score, created_at, updated_at) VALUES (4769, 7, 534, 4, 1, '2024-01-01 00:00:00', NULL);
INSERT INTO prediction (id, user_id, game_id, home_score, away_score, created_at, updated_at) VALUES (4770, 12, 534, 4, 2, '2024-01-01 00:00:00', NULL);
INSERT INTO prediction (id, user_id, game_id, home_score, away_score, created_at, updated_at) VALUES (4771, 6, 534, 6, 2, '2024-01-01 00:00:00', NULL);
INSERT INTO prediction (id, user_id, game_id, home_score, away_score, created_at, updated_at) VALUES (4772, 10, 534, 3, 1, '2024-01-01 00:00:00', NULL);
INSERT INTO prediction (id, user_id, game_id, home_score, away_score, created_at, updated_at) VALUES (4773, 4, 534, 5, 1, '2024-01-01 00:00:00', NULL);
INSERT INTO prediction (id, user_id, game_id, home_score, away_score, created_at, updated_at) VALUES (4774, 5, 534, 3, 1, '2024-01-01 00:00:00', NULL);
INSERT INTO prediction (id, user_id, game_id, home_score, away_score, created_at, updated_at) VALUES (4775, 1, 534, 3, 1, '2024-01-01 00:00:00', NULL);
INSERT INTO prediction (id, user_id, game_id, home_score, away_score, created_at, updated_at) VALUES (4776, 13, 535, 2, 3, '2024-01-01 00:00:00', NULL);
INSERT INTO prediction (id, user_id, game_id, home_score, away_score, created_at, updated_at) VALUES (4777, 16, 535, 1, 2, '2024-01-01 00:00:00', NULL);
INSERT INTO prediction (id, user_id, game_id, home_score, away_score, created_at, updated_at) VALUES (4778, 9, 535, 4, 2, '2024-01-01 00:00:00', NULL);
INSERT INTO prediction (id, user_id, game_id, home_score, away_score, created_at, updated_at) VALUES (4779, 14, 535, 4, 5, '2024-01-01 00:00:00', NULL);
INSERT INTO prediction (id, user_id, game_id, home_score, away_score, created_at, updated_at) VALUES (4780, 2, 535, 4, 5, '2024-01-01 00:00:00', NULL);
INSERT INTO prediction (id, user_id, game_id, home_score, away_score, created_at, updated_at) VALUES (4781, 7, 535, 1, 2, '2024-01-01 00:00:00', NULL);
INSERT INTO prediction (id, user_id, game_id, home_score, away_score, created_at, updated_at) VALUES (4782, 12, 535, 3, 2, '2024-01-01 00:00:00', NULL);
INSERT INTO prediction (id, user_id, game_id, home_score, away_score, created_at, updated_at) VALUES (4783, 6, 535, 3, 4, '2024-01-01 00:00:00', NULL);
INSERT INTO prediction (id, user_id, game_id, home_score, away_score, created_at, updated_at) VALUES (4784, 10, 535, 1, 2, '2024-01-01 00:00:00', NULL);
INSERT INTO prediction (id, user_id, game_id, home_score, away_score, created_at, updated_at) VALUES (4785, 4, 535, 1, 3, '2024-01-01 00:00:00', NULL);
INSERT INTO prediction (id, user_id, game_id, home_score, away_score, created_at, updated_at) VALUES (4786, 5, 535, 1, 3, '2024-01-01 00:00:00', NULL);
INSERT INTO prediction (id, user_id, game_id, home_score, away_score, created_at, updated_at) VALUES (4787, 1, 535, 1, 2, '2024-01-01 00:00:00', NULL);
INSERT INTO prediction (id, user_id, game_id, home_score, away_score, created_at, updated_at) VALUES (4788, 13, 536, 4, 0, '2024-01-01 00:00:00', NULL);
INSERT INTO prediction (id, user_id, game_id, home_score, away_score, created_at, updated_at) VALUES (4789, 16, 536, 5, 1, '2024-01-01 00:00:00', NULL);
INSERT INTO prediction (id, user_id, game_id, home_score, away_score, created_at, updated_at) VALUES (4790, 9, 536, 5, 1, '2024-01-01 00:00:00', NULL);
INSERT INTO prediction (id, user_id, game_id, home_score, away_score, created_at, updated_at) VALUES (4791, 14, 536, 5, 1, '2024-01-01 00:00:00', NULL);
INSERT INTO prediction (id, user_id, game_id, home_score, away_score, created_at, updated_at) VALUES (4792, 2, 536, 7, 2, '2024-01-01 00:00:00', NULL);
INSERT INTO prediction (id, user_id, game_id, home_score, away_score, created_at, updated_at) VALUES (4793, 7, 536, 4, 0, '2024-01-01 00:00:00', NULL);
INSERT INTO prediction (id, user_id, game_id, home_score, away_score, created_at, updated_at) VALUES (4794, 12, 536, 5, 2, '2024-01-01 00:00:00', NULL);
INSERT INTO prediction (id, user_id, game_id, home_score, away_score, created_at, updated_at) VALUES (4795, 6, 536, 5, 1, '2024-01-01 00:00:00', NULL);
INSERT INTO prediction (id, user_id, game_id, home_score, away_score, created_at, updated_at) VALUES (4796, 10, 536, 4, 1, '2024-01-01 00:00:00', NULL);
INSERT INTO prediction (id, user_id, game_id, home_score, away_score, created_at, updated_at) VALUES (4797, 4, 536, 6, 2, '2024-01-01 00:00:00', NULL);
INSERT INTO prediction (id, user_id, game_id, home_score, away_score, created_at, updated_at) VALUES (4798, 5, 536, 3, 1, '2024-01-01 00:00:00', NULL);
INSERT INTO prediction (id, user_id, game_id, home_score, away_score, created_at, updated_at) VALUES (4799, 1, 536, 7, 0, '2024-01-01 00:00:00', NULL);
INSERT INTO prediction (id, user_id, game_id, home_score, away_score, created_at, updated_at) VALUES (4800, 13, 537, 3, 2, '2024-01-01 00:00:00', NULL);
INSERT INTO prediction (id, user_id, game_id, home_score, away_score, created_at, updated_at) VALUES (4801, 16, 537, 4, 2, '2024-01-01 00:00:00', NULL);
INSERT INTO prediction (id, user_id, game_id, home_score, away_score, created_at, updated_at) VALUES (4802, 9, 537, 4, 2, '2024-01-01 00:00:00', NULL);
INSERT INTO prediction (id, user_id, game_id, home_score, away_score, created_at, updated_at) VALUES (4803, 14, 537, 4, 2, '2024-01-01 00:00:00', NULL);
INSERT INTO prediction (id, user_id, game_id, home_score, away_score, created_at, updated_at) VALUES (4804, 2, 537, 0, 0, '2024-01-01 00:00:00', NULL);
INSERT INTO prediction (id, user_id, game_id, home_score, away_score, created_at, updated_at) VALUES (4805, 7, 537, 4, 3, '2024-01-01 00:00:00', NULL);
INSERT INTO prediction (id, user_id, game_id, home_score, away_score, created_at, updated_at) VALUES (4806, 12, 537, 5, 4, '2024-01-01 00:00:00', NULL);
INSERT INTO prediction (id, user_id, game_id, home_score, away_score, created_at, updated_at) VALUES (4807, 6, 537, 5, 3, '2024-01-01 00:00:00', NULL);
INSERT INTO prediction (id, user_id, game_id, home_score, away_score, created_at, updated_at) VALUES (4808, 10, 537, 0, 0, '2024-01-01 00:00:00', NULL);
INSERT INTO prediction (id, user_id, game_id, home_score, away_score, created_at, updated_at) VALUES (4809, 4, 537, 0, 0, '2024-01-01 00:00:00', NULL);
INSERT INTO prediction (id, user_id, game_id, home_score, away_score, created_at, updated_at) VALUES (4810, 5, 537, 0, 0, '2024-01-01 00:00:00', NULL);
INSERT INTO prediction (id, user_id, game_id, home_score, away_score, created_at, updated_at) VALUES (4811, 1, 537, 0, 0, '2024-01-01 00:00:00', NULL);
INSERT INTO prediction (id, user_id, game_id, home_score, away_score, created_at, updated_at) VALUES (4812, 13, 538, 4, 1, '2024-01-01 00:00:00', NULL);
INSERT INTO prediction (id, user_id, game_id, home_score, away_score, created_at, updated_at) VALUES (4813, 16, 538, 1, 2, '2024-01-01 00:00:00', NULL);
INSERT INTO prediction (id, user_id, game_id, home_score, away_score, created_at, updated_at) VALUES (4814, 9, 538, 5, 2, '2024-01-01 00:00:00', NULL);
INSERT INTO prediction (id, user_id, game_id, home_score, away_score, created_at, updated_at) VALUES (4815, 14, 538, 4, 2, '2024-01-01 00:00:00', NULL);
INSERT INTO prediction (id, user_id, game_id, home_score, away_score, created_at, updated_at) VALUES (4816, 2, 538, 0, 0, '2024-01-01 00:00:00', NULL);
INSERT INTO prediction (id, user_id, game_id, home_score, away_score, created_at, updated_at) VALUES (4817, 7, 538, 4, 1, '2024-01-01 00:00:00', NULL);
INSERT INTO prediction (id, user_id, game_id, home_score, away_score, created_at, updated_at) VALUES (4818, 12, 538, 4, 2, '2024-01-01 00:00:00', NULL);
INSERT INTO prediction (id, user_id, game_id, home_score, away_score, created_at, updated_at) VALUES (4819, 6, 538, 1, 2, '2024-01-01 00:00:00', NULL);
INSERT INTO prediction (id, user_id, game_id, home_score, away_score, created_at, updated_at) VALUES (4820, 10, 538, 0, 0, '2024-01-01 00:00:00', NULL);
INSERT INTO prediction (id, user_id, game_id, home_score, away_score, created_at, updated_at) VALUES (4821, 4, 538, 3, 1, '2024-01-01 00:00:00', NULL);
INSERT INTO prediction (id, user_id, game_id, home_score, away_score, created_at, updated_at) VALUES (4822, 5, 538, 0, 0, '2024-01-01 00:00:00', NULL);
INSERT INTO prediction (id, user_id, game_id, home_score, away_score, created_at, updated_at) VALUES (4823, 1, 538, 0, 0, '2024-01-01 00:00:00', NULL);
INSERT INTO prediction (id, user_id, game_id, home_score, away_score, created_at, updated_at) VALUES (4824, 13, 539, 4, 2, '2024-01-01 00:00:00', NULL);
INSERT INTO prediction (id, user_id, game_id, home_score, away_score, created_at, updated_at) VALUES (4825, 16, 539, 4, 1, '2024-01-01 00:00:00', NULL);
INSERT INTO prediction (id, user_id, game_id, home_score, away_score, created_at, updated_at) VALUES (4826, 9, 539, 5, 1, '2024-01-01 00:00:00', NULL);
INSERT INTO prediction (id, user_id, game_id, home_score, away_score, created_at, updated_at) VALUES (4827, 14, 539, 4, 1, '2024-01-01 00:00:00', NULL);
INSERT INTO prediction (id, user_id, game_id, home_score, away_score, created_at, updated_at) VALUES (4828, 2, 539, 0, 0, '2024-01-01 00:00:00', NULL);
INSERT INTO prediction (id, user_id, game_id, home_score, away_score, created_at, updated_at) VALUES (4829, 7, 539, 5, 0, '2024-01-01 00:00:00', NULL);
INSERT INTO prediction (id, user_id, game_id, home_score, away_score, created_at, updated_at) VALUES (4830, 12, 539, 4, 1, '2024-01-01 00:00:00', NULL);
INSERT INTO prediction (id, user_id, game_id, home_score, away_score, created_at, updated_at) VALUES (4831, 6, 539, 5, 1, '2024-01-01 00:00:00', NULL);
INSERT INTO prediction (id, user_id, game_id, home_score, away_score, created_at, updated_at) VALUES (4832, 10, 539, 4, 2, '2024-01-01 00:00:00', NULL);
INSERT INTO prediction (id, user_id, game_id, home_score, away_score, created_at, updated_at) VALUES (4833, 4, 539, 4, 2, '2024-01-01 00:00:00', NULL);
INSERT INTO prediction (id, user_id, game_id, home_score, away_score, created_at, updated_at) VALUES (4834, 5, 539, 6, 0, '2024-01-01 00:00:00', NULL);
INSERT INTO prediction (id, user_id, game_id, home_score, away_score, created_at, updated_at) VALUES (4835, 1, 539, 0, 0, '2024-01-01 00:00:00', NULL);
INSERT INTO prediction (id, user_id, game_id, home_score, away_score, created_at, updated_at) VALUES (4836, 13, 540, 2, 3, '2024-01-01 00:00:00', NULL);
INSERT INTO prediction (id, user_id, game_id, home_score, away_score, created_at, updated_at) VALUES (4837, 16, 540, 2, 1, '2024-01-01 00:00:00', NULL);
INSERT INTO prediction (id, user_id, game_id, home_score, away_score, created_at, updated_at) VALUES (4838, 9, 540, 5, 2, '2024-01-01 00:00:00', NULL);
INSERT INTO prediction (id, user_id, game_id, home_score, away_score, created_at, updated_at) VALUES (4839, 14, 540, 4, 2, '2024-01-01 00:00:00', NULL);
INSERT INTO prediction (id, user_id, game_id, home_score, away_score, created_at, updated_at) VALUES (4840, 2, 540, 0, 0, '2024-01-01 00:00:00', NULL);
INSERT INTO prediction (id, user_id, game_id, home_score, away_score, created_at, updated_at) VALUES (4841, 7, 540, 2, 1, '2024-01-01 00:00:00', NULL);
INSERT INTO prediction (id, user_id, game_id, home_score, away_score, created_at, updated_at) VALUES (4842, 12, 540, 3, 2, '2024-01-01 00:00:00', NULL);
INSERT INTO prediction (id, user_id, game_id, home_score, away_score, created_at, updated_at) VALUES (4843, 6, 540, 6, 4, '2024-01-01 00:00:00', NULL);
INSERT INTO prediction (id, user_id, game_id, home_score, away_score, created_at, updated_at) VALUES (4844, 10, 540, 1, 3, '2024-01-01 00:00:00', NULL);
INSERT INTO prediction (id, user_id, game_id, home_score, away_score, created_at, updated_at) VALUES (4845, 4, 540, 2, 5, '2024-01-01 00:00:00', NULL);
INSERT INTO prediction (id, user_id, game_id, home_score, away_score, created_at, updated_at) VALUES (4846, 5, 540, 4, 3, '2024-01-01 00:00:00', NULL);
INSERT INTO prediction (id, user_id, game_id, home_score, away_score, created_at, updated_at) VALUES (4847, 1, 540, 0, 0, '2024-01-01 00:00:00', NULL);
INSERT INTO special_bet_rule (id, tournament_id, name, value_type, scoring_type, points, sort_order, actual_team_value_id, actual_string_value, actual_int_value) VALUES (80, 9, 'Medaile - 1. místo', 'team', 'exact_match', 3.0, 0, NULL, NULL, NULL);
INSERT INTO special_bet (id, user_id, rule_id, team_value_id, string_value, int_value) VALUES (718, 13, 80, 23, NULL, NULL);
INSERT INTO special_bet (id, user_id, rule_id, team_value_id, string_value, int_value) VALUES (719, 16, 80, 6, NULL, NULL);
INSERT INTO special_bet (id, user_id, rule_id, team_value_id, string_value, int_value) VALUES (720, 9, 80, 4, NULL, NULL);
INSERT INTO special_bet (id, user_id, rule_id, team_value_id, string_value, int_value) VALUES (721, 14, 80, 4, NULL, NULL);
INSERT INTO special_bet (id, user_id, rule_id, team_value_id, string_value, int_value) VALUES (722, 2, 80, 6, NULL, NULL);
INSERT INTO special_bet (id, user_id, rule_id, team_value_id, string_value, int_value) VALUES (723, 7, 80, 4, NULL, NULL);
INSERT INTO special_bet (id, user_id, rule_id, team_value_id, string_value, int_value) VALUES (724, 12, 80, 4, NULL, NULL);
INSERT INTO special_bet (id, user_id, rule_id, team_value_id, string_value, int_value) VALUES (725, 6, 80, 6, NULL, NULL);
INSERT INTO special_bet (id, user_id, rule_id, team_value_id, string_value, int_value) VALUES (726, 10, 80, 24, NULL, NULL);
INSERT INTO special_bet (id, user_id, rule_id, team_value_id, string_value, int_value) VALUES (727, 4, 80, 6, NULL, NULL);
INSERT INTO special_bet (id, user_id, rule_id, team_value_id, string_value, int_value) VALUES (728, 5, 80, 4, NULL, NULL);
INSERT INTO special_bet (id, user_id, rule_id, team_value_id, string_value, int_value) VALUES (729, 1, 80, 4, NULL, NULL);
INSERT INTO special_bet_rule (id, tournament_id, name, value_type, scoring_type, points, sort_order, actual_team_value_id, actual_string_value, actual_int_value) VALUES (81, 9, 'Medaile - 2. místo', 'team', 'exact_match', 2.0, 1, NULL, NULL, NULL);
INSERT INTO special_bet (id, user_id, rule_id, team_value_id, string_value, int_value) VALUES (730, 13, 81, 4, NULL, NULL);
INSERT INTO special_bet (id, user_id, rule_id, team_value_id, string_value, int_value) VALUES (731, 16, 81, 4, NULL, NULL);
INSERT INTO special_bet (id, user_id, rule_id, team_value_id, string_value, int_value) VALUES (732, 9, 81, 23, NULL, NULL);
INSERT INTO special_bet (id, user_id, rule_id, team_value_id, string_value, int_value) VALUES (733, 14, 81, 6, NULL, NULL);
INSERT INTO special_bet (id, user_id, rule_id, team_value_id, string_value, int_value) VALUES (734, 2, 81, 4, NULL, NULL);
INSERT INTO special_bet (id, user_id, rule_id, team_value_id, string_value, int_value) VALUES (735, 7, 81, 23, NULL, NULL);
INSERT INTO special_bet (id, user_id, rule_id, team_value_id, string_value, int_value) VALUES (736, 12, 81, 23, NULL, NULL);
INSERT INTO special_bet (id, user_id, rule_id, team_value_id, string_value, int_value) VALUES (737, 6, 81, 4, NULL, NULL);
INSERT INTO special_bet (id, user_id, rule_id, team_value_id, string_value, int_value) VALUES (738, 10, 81, 6, NULL, NULL);
INSERT INTO special_bet (id, user_id, rule_id, team_value_id, string_value, int_value) VALUES (739, 4, 81, 4, NULL, NULL);
INSERT INTO special_bet (id, user_id, rule_id, team_value_id, string_value, int_value) VALUES (740, 5, 81, 24, NULL, NULL);
INSERT INTO special_bet (id, user_id, rule_id, team_value_id, string_value, int_value) VALUES (741, 1, 81, 6, NULL, NULL);
INSERT INTO special_bet_rule (id, tournament_id, name, value_type, scoring_type, points, sort_order, actual_team_value_id, actual_string_value, actual_int_value) VALUES (82, 9, 'Medaile - 3. místo', 'team', 'exact_match', 1.0, 2, NULL, NULL, NULL);
INSERT INTO special_bet (id, user_id, rule_id, team_value_id, string_value, int_value) VALUES (742, 13, 82, 6, NULL, NULL);
INSERT INTO special_bet (id, user_id, rule_id, team_value_id, string_value, int_value) VALUES (743, 16, 82, 23, NULL, NULL);
INSERT INTO special_bet (id, user_id, rule_id, team_value_id, string_value, int_value) VALUES (744, 9, 82, 6, NULL, NULL);
INSERT INTO special_bet (id, user_id, rule_id, team_value_id, string_value, int_value) VALUES (745, 14, 82, 21, NULL, NULL);
INSERT INTO special_bet (id, user_id, rule_id, team_value_id, string_value, int_value) VALUES (746, 2, 82, 23, NULL, NULL);
INSERT INTO special_bet (id, user_id, rule_id, team_value_id, string_value, int_value) VALUES (747, 7, 82, 6, NULL, NULL);
INSERT INTO special_bet (id, user_id, rule_id, team_value_id, string_value, int_value) VALUES (748, 12, 82, 6, NULL, NULL);
INSERT INTO special_bet (id, user_id, rule_id, team_value_id, string_value, int_value) VALUES (749, 6, 82, 23, NULL, NULL);
INSERT INTO special_bet (id, user_id, rule_id, team_value_id, string_value, int_value) VALUES (750, 10, 82, 4, NULL, NULL);
INSERT INTO special_bet (id, user_id, rule_id, team_value_id, string_value, int_value) VALUES (751, 4, 82, 23, NULL, NULL);
INSERT INTO special_bet (id, user_id, rule_id, team_value_id, string_value, int_value) VALUES (752, 5, 82, 6, NULL, NULL);
INSERT INTO special_bet (id, user_id, rule_id, team_value_id, string_value, int_value) VALUES (753, 1, 82, 23, NULL, NULL);
INSERT INTO special_bet_rule (id, tournament_id, name, value_type, scoring_type, points, sort_order, actual_team_value_id, actual_string_value, actual_int_value) VALUES (83, 9, 'Nejlepší Čech #1', 'string', 'exact_match', 2.0, 3, NULL, NULL, NULL);
INSERT INTO special_bet (id, user_id, rule_id, team_value_id, string_value, int_value) VALUES (754, 13, 83, NULL, 'Pastrňák', NULL);
INSERT INTO special_bet (id, user_id, rule_id, team_value_id, string_value, int_value) VALUES (755, 16, 83, NULL, 'Pastrňák', NULL);
INSERT INTO special_bet (id, user_id, rule_id, team_value_id, string_value, int_value) VALUES (756, 9, 83, NULL, 'Pastrňák', NULL);
INSERT INTO special_bet (id, user_id, rule_id, team_value_id, string_value, int_value) VALUES (757, 14, 83, NULL, 'Pastrňák', NULL);
INSERT INTO special_bet (id, user_id, rule_id, team_value_id, string_value, int_value) VALUES (758, 2, 83, NULL, 'Pastrňák', NULL);
INSERT INTO special_bet (id, user_id, rule_id, team_value_id, string_value, int_value) VALUES (759, 7, 83, NULL, 'Pastrňák', NULL);
INSERT INTO special_bet (id, user_id, rule_id, team_value_id, string_value, int_value) VALUES (760, 12, 83, NULL, 'Pastrňák', NULL);
INSERT INTO special_bet (id, user_id, rule_id, team_value_id, string_value, int_value) VALUES (761, 6, 83, NULL, 'Pastrňák', NULL);
INSERT INTO special_bet (id, user_id, rule_id, team_value_id, string_value, int_value) VALUES (762, 10, 83, NULL, 'Pastrňák', NULL);
INSERT INTO special_bet (id, user_id, rule_id, team_value_id, string_value, int_value) VALUES (763, 4, 83, NULL, 'Pastrňák', NULL);
INSERT INTO special_bet (id, user_id, rule_id, team_value_id, string_value, int_value) VALUES (764, 5, 83, NULL, 'Pastrňák', NULL);
INSERT INTO special_bet (id, user_id, rule_id, team_value_id, string_value, int_value) VALUES (765, 1, 83, NULL, 'Pastrňák', NULL);
INSERT INTO special_bet_rule (id, tournament_id, name, value_type, scoring_type, points, sort_order, actual_team_value_id, actual_string_value, actual_int_value) VALUES (84, 9, 'Nejlepší Čech #2', 'string', 'exact_match', 2.0, 4, NULL, NULL, NULL);
INSERT INTO special_bet (id, user_id, rule_id, team_value_id, string_value, int_value) VALUES (766, 13, 84, NULL, 'Nečas', NULL);
INSERT INTO special_bet (id, user_id, rule_id, team_value_id, string_value, int_value) VALUES (767, 16, 84, NULL, 'Nečas', NULL);
INSERT INTO special_bet (id, user_id, rule_id, team_value_id, string_value, int_value) VALUES (768, 9, 84, NULL, 'Nečas', NULL);
INSERT INTO special_bet (id, user_id, rule_id, team_value_id, string_value, int_value) VALUES (769, 14, 84, NULL, 'Nečas', NULL);
INSERT INTO special_bet (id, user_id, rule_id, team_value_id, string_value, int_value) VALUES (770, 2, 84, NULL, 'Nečas', NULL);
INSERT INTO special_bet (id, user_id, rule_id, team_value_id, string_value, int_value) VALUES (771, 7, 84, NULL, 'Nečas', NULL);
INSERT INTO special_bet (id, user_id, rule_id, team_value_id, string_value, int_value) VALUES (772, 12, 84, NULL, 'Nečas', NULL);
INSERT INTO special_bet (id, user_id, rule_id, team_value_id, string_value, int_value) VALUES (773, 6, 84, NULL, 'Nečas', NULL);
INSERT INTO special_bet (id, user_id, rule_id, team_value_id, string_value, int_value) VALUES (774, 10, 84, NULL, 'Nečas', NULL);
INSERT INTO special_bet (id, user_id, rule_id, team_value_id, string_value, int_value) VALUES (775, 4, 84, NULL, 'Nečas', NULL);
INSERT INTO special_bet (id, user_id, rule_id, team_value_id, string_value, int_value) VALUES (776, 5, 84, NULL, 'Špaček', NULL);
INSERT INTO special_bet (id, user_id, rule_id, team_value_id, string_value, int_value) VALUES (777, 1, 84, NULL, 'Nečas', NULL);
INSERT INTO special_bet_rule (id, tournament_id, name, value_type, scoring_type, points, sort_order, actual_team_value_id, actual_string_value, actual_int_value) VALUES (85, 9, 'Nejlepší Čech #3', 'string', 'exact_match', 2.0, 5, NULL, NULL, NULL);
INSERT INTO special_bet (id, user_id, rule_id, team_value_id, string_value, int_value) VALUES (778, 13, 85, NULL, 'Červenka', NULL);
INSERT INTO special_bet (id, user_id, rule_id, team_value_id, string_value, int_value) VALUES (779, 16, 85, NULL, 'Červenka', NULL);
INSERT INTO special_bet (id, user_id, rule_id, team_value_id, string_value, int_value) VALUES (780, 9, 85, NULL, 'Červenka', NULL);
INSERT INTO special_bet (id, user_id, rule_id, team_value_id, string_value, int_value) VALUES (781, 14, 85, NULL, 'Červenka', NULL);
INSERT INTO special_bet (id, user_id, rule_id, team_value_id, string_value, int_value) VALUES (782, 2, 85, NULL, 'Červenka', NULL);
INSERT INTO special_bet (id, user_id, rule_id, team_value_id, string_value, int_value) VALUES (783, 7, 85, NULL, 'Červenka', NULL);
INSERT INTO special_bet (id, user_id, rule_id, team_value_id, string_value, int_value) VALUES (784, 12, 85, NULL, 'Hronek', NULL);
INSERT INTO special_bet (id, user_id, rule_id, team_value_id, string_value, int_value) VALUES (785, 6, 85, NULL, 'Červenka', NULL);
INSERT INTO special_bet (id, user_id, rule_id, team_value_id, string_value, int_value) VALUES (786, 10, 85, NULL, 'Červenka', NULL);
INSERT INTO special_bet (id, user_id, rule_id, team_value_id, string_value, int_value) VALUES (787, 4, 85, NULL, 'Červenka', NULL);
INSERT INTO special_bet (id, user_id, rule_id, team_value_id, string_value, int_value) VALUES (788, 5, 85, NULL, 'Červenka', NULL);
INSERT INTO special_bet (id, user_id, rule_id, team_value_id, string_value, int_value) VALUES (789, 1, 85, NULL, 'Hronek', NULL);
INSERT INTO special_bet_rule (id, tournament_id, name, value_type, scoring_type, points, sort_order, actual_team_value_id, actual_string_value, actual_int_value) VALUES (86, 9, 'Tip na pořadí po základní části - Skupina A - 1. místo', 'team', 'exact_match', 0.5, 6, NULL, NULL, NULL);
INSERT INTO special_bet (id, user_id, rule_id, team_value_id, string_value, int_value) VALUES (790, 13, 86, 4, NULL, NULL);
INSERT INTO special_bet (id, user_id, rule_id, team_value_id, string_value, int_value) VALUES (791, 16, 86, 4, NULL, NULL);
INSERT INTO special_bet (id, user_id, rule_id, team_value_id, string_value, int_value) VALUES (792, 9, 86, 4, NULL, NULL);
INSERT INTO special_bet (id, user_id, rule_id, team_value_id, string_value, int_value) VALUES (793, 14, 86, 4, NULL, NULL);
INSERT INTO special_bet (id, user_id, rule_id, team_value_id, string_value, int_value) VALUES (794, 2, 86, 4, NULL, NULL);
INSERT INTO special_bet (id, user_id, rule_id, team_value_id, string_value, int_value) VALUES (795, 7, 86, 23, NULL, NULL);
INSERT INTO special_bet (id, user_id, rule_id, team_value_id, string_value, int_value) VALUES (796, 12, 86, 4, NULL, NULL);
INSERT INTO special_bet (id, user_id, rule_id, team_value_id, string_value, int_value) VALUES (797, 6, 86, 4, NULL, NULL);
INSERT INTO special_bet (id, user_id, rule_id, team_value_id, string_value, int_value) VALUES (798, 10, 86, 4, NULL, NULL);
INSERT INTO special_bet (id, user_id, rule_id, team_value_id, string_value, int_value) VALUES (799, 4, 86, 23, NULL, NULL);
INSERT INTO special_bet (id, user_id, rule_id, team_value_id, string_value, int_value) VALUES (800, 5, 86, 4, NULL, NULL);
INSERT INTO special_bet (id, user_id, rule_id, team_value_id, string_value, int_value) VALUES (801, 1, 86, 4, NULL, NULL);
INSERT INTO special_bet_rule (id, tournament_id, name, value_type, scoring_type, points, sort_order, actual_team_value_id, actual_string_value, actual_int_value) VALUES (87, 9, 'Tip na pořadí po základní části - Skupina A - 2. místo', 'team', 'exact_match', 0.5, 7, NULL, NULL, NULL);
INSERT INTO special_bet (id, user_id, rule_id, team_value_id, string_value, int_value) VALUES (802, 13, 87, 23, NULL, NULL);
INSERT INTO special_bet (id, user_id, rule_id, team_value_id, string_value, int_value) VALUES (803, 16, 87, 23, NULL, NULL);
INSERT INTO special_bet (id, user_id, rule_id, team_value_id, string_value, int_value) VALUES (804, 9, 87, 23, NULL, NULL);
INSERT INTO special_bet (id, user_id, rule_id, team_value_id, string_value, int_value) VALUES (805, 14, 87, 8, NULL, NULL);
INSERT INTO special_bet (id, user_id, rule_id, team_value_id, string_value, int_value) VALUES (806, 2, 87, 23, NULL, NULL);
INSERT INTO special_bet (id, user_id, rule_id, team_value_id, string_value, int_value) VALUES (807, 7, 87, 4, NULL, NULL);
INSERT INTO special_bet (id, user_id, rule_id, team_value_id, string_value, int_value) VALUES (808, 12, 87, 23, NULL, NULL);
INSERT INTO special_bet (id, user_id, rule_id, team_value_id, string_value, int_value) VALUES (809, 6, 87, 23, NULL, NULL);
INSERT INTO special_bet (id, user_id, rule_id, team_value_id, string_value, int_value) VALUES (810, 10, 87, 23, NULL, NULL);
INSERT INTO special_bet (id, user_id, rule_id, team_value_id, string_value, int_value) VALUES (811, 4, 87, 4, NULL, NULL);
INSERT INTO special_bet (id, user_id, rule_id, team_value_id, string_value, int_value) VALUES (812, 5, 87, 23, NULL, NULL);
INSERT INTO special_bet (id, user_id, rule_id, team_value_id, string_value, int_value) VALUES (813, 1, 87, 23, NULL, NULL);
INSERT INTO special_bet_rule (id, tournament_id, name, value_type, scoring_type, points, sort_order, actual_team_value_id, actual_string_value, actual_int_value) VALUES (88, 9, 'Tip na pořadí po základní části - Skupina A - 3. místo', 'team', 'exact_match', 0.5, 8, NULL, NULL, NULL);
INSERT INTO special_bet (id, user_id, rule_id, team_value_id, string_value, int_value) VALUES (814, 13, 88, 8, NULL, NULL);
INSERT INTO special_bet (id, user_id, rule_id, team_value_id, string_value, int_value) VALUES (815, 16, 88, 8, NULL, NULL);
INSERT INTO special_bet (id, user_id, rule_id, team_value_id, string_value, int_value) VALUES (816, 9, 88, 8, NULL, NULL);
INSERT INTO special_bet (id, user_id, rule_id, team_value_id, string_value, int_value) VALUES (817, 14, 88, 23, NULL, NULL);
INSERT INTO special_bet (id, user_id, rule_id, team_value_id, string_value, int_value) VALUES (818, 2, 88, 8, NULL, NULL);
INSERT INTO special_bet (id, user_id, rule_id, team_value_id, string_value, int_value) VALUES (819, 7, 88, 8, NULL, NULL);
INSERT INTO special_bet (id, user_id, rule_id, team_value_id, string_value, int_value) VALUES (820, 12, 88, 8, NULL, NULL);
INSERT INTO special_bet (id, user_id, rule_id, team_value_id, string_value, int_value) VALUES (821, 6, 88, 8, NULL, NULL);
INSERT INTO special_bet (id, user_id, rule_id, team_value_id, string_value, int_value) VALUES (822, 10, 88, 22, NULL, NULL);
INSERT INTO special_bet (id, user_id, rule_id, team_value_id, string_value, int_value) VALUES (823, 4, 88, 8, NULL, NULL);
INSERT INTO special_bet (id, user_id, rule_id, team_value_id, string_value, int_value) VALUES (824, 5, 88, 8, NULL, NULL);
INSERT INTO special_bet (id, user_id, rule_id, team_value_id, string_value, int_value) VALUES (825, 1, 88, 8, NULL, NULL);
INSERT INTO special_bet_rule (id, tournament_id, name, value_type, scoring_type, points, sort_order, actual_team_value_id, actual_string_value, actual_int_value) VALUES (89, 9, 'Tip na pořadí po základní části - Skupina A - 4. místo', 'team', 'exact_match', 0.5, 9, NULL, NULL, NULL);
INSERT INTO special_bet (id, user_id, rule_id, team_value_id, string_value, int_value) VALUES (826, 13, 89, 15, NULL, NULL);
INSERT INTO special_bet (id, user_id, rule_id, team_value_id, string_value, int_value) VALUES (827, 16, 89, 22, NULL, NULL);
INSERT INTO special_bet (id, user_id, rule_id, team_value_id, string_value, int_value) VALUES (828, 9, 89, 15, NULL, NULL);
INSERT INTO special_bet (id, user_id, rule_id, team_value_id, string_value, int_value) VALUES (829, 14, 89, 22, NULL, NULL);
INSERT INTO special_bet (id, user_id, rule_id, team_value_id, string_value, int_value) VALUES (830, 2, 89, 22, NULL, NULL);
INSERT INTO special_bet (id, user_id, rule_id, team_value_id, string_value, int_value) VALUES (831, 7, 89, 15, NULL, NULL);
INSERT INTO special_bet (id, user_id, rule_id, team_value_id, string_value, int_value) VALUES (832, 12, 89, 22, NULL, NULL);
INSERT INTO special_bet (id, user_id, rule_id, team_value_id, string_value, int_value) VALUES (833, 6, 89, 22, NULL, NULL);
INSERT INTO special_bet (id, user_id, rule_id, team_value_id, string_value, int_value) VALUES (834, 10, 89, 1, NULL, NULL);
INSERT INTO special_bet (id, user_id, rule_id, team_value_id, string_value, int_value) VALUES (835, 4, 89, 22, NULL, NULL);
INSERT INTO special_bet (id, user_id, rule_id, team_value_id, string_value, int_value) VALUES (836, 5, 89, 22, NULL, NULL);
INSERT INTO special_bet (id, user_id, rule_id, team_value_id, string_value, int_value) VALUES (837, 1, 89, 22, NULL, NULL);
INSERT INTO special_bet_rule (id, tournament_id, name, value_type, scoring_type, points, sort_order, actual_team_value_id, actual_string_value, actual_int_value) VALUES (90, 9, 'Tip na pořadí po základní části - Skupina A - 5. místo', 'team', 'exact_match', 0.5, 10, NULL, NULL, NULL);
INSERT INTO special_bet (id, user_id, rule_id, team_value_id, string_value, int_value) VALUES (838, 13, 90, 22, NULL, NULL);
INSERT INTO special_bet (id, user_id, rule_id, team_value_id, string_value, int_value) VALUES (839, 16, 90, 15, NULL, NULL);
INSERT INTO special_bet (id, user_id, rule_id, team_value_id, string_value, int_value) VALUES (840, 9, 90, 22, NULL, NULL);
INSERT INTO special_bet (id, user_id, rule_id, team_value_id, string_value, int_value) VALUES (841, 14, 90, 15, NULL, NULL);
INSERT INTO special_bet (id, user_id, rule_id, team_value_id, string_value, int_value) VALUES (842, 2, 90, 15, NULL, NULL);
INSERT INTO special_bet (id, user_id, rule_id, team_value_id, string_value, int_value) VALUES (843, 7, 90, 22, NULL, NULL);
INSERT INTO special_bet (id, user_id, rule_id, team_value_id, string_value, int_value) VALUES (844, 12, 90, 15, NULL, NULL);
INSERT INTO special_bet (id, user_id, rule_id, team_value_id, string_value, int_value) VALUES (845, 6, 90, 1, NULL, NULL);
INSERT INTO special_bet (id, user_id, rule_id, team_value_id, string_value, int_value) VALUES (846, 10, 90, 8, NULL, NULL);
INSERT INTO special_bet (id, user_id, rule_id, team_value_id, string_value, int_value) VALUES (847, 4, 90, 15, NULL, NULL);
INSERT INTO special_bet (id, user_id, rule_id, team_value_id, string_value, int_value) VALUES (848, 5, 90, 1, NULL, NULL);
INSERT INTO special_bet (id, user_id, rule_id, team_value_id, string_value, int_value) VALUES (849, 1, 90, 15, NULL, NULL);
INSERT INTO special_bet_rule (id, tournament_id, name, value_type, scoring_type, points, sort_order, actual_team_value_id, actual_string_value, actual_int_value) VALUES (91, 9, 'Tip na pořadí po základní části - Skupina A - 6. místo', 'team', 'exact_match', 0.5, 11, NULL, NULL, NULL);
INSERT INTO special_bet (id, user_id, rule_id, team_value_id, string_value, int_value) VALUES (850, 13, 91, 1, NULL, NULL);
INSERT INTO special_bet (id, user_id, rule_id, team_value_id, string_value, int_value) VALUES (851, 16, 91, 1, NULL, NULL);
INSERT INTO special_bet (id, user_id, rule_id, team_value_id, string_value, int_value) VALUES (852, 9, 91, 1, NULL, NULL);
INSERT INTO special_bet (id, user_id, rule_id, team_value_id, string_value, int_value) VALUES (853, 14, 91, 1, NULL, NULL);
INSERT INTO special_bet (id, user_id, rule_id, team_value_id, string_value, int_value) VALUES (854, 2, 91, 1, NULL, NULL);
INSERT INTO special_bet (id, user_id, rule_id, team_value_id, string_value, int_value) VALUES (855, 7, 91, 1, NULL, NULL);
INSERT INTO special_bet (id, user_id, rule_id, team_value_id, string_value, int_value) VALUES (856, 12, 91, 9, NULL, NULL);
INSERT INTO special_bet (id, user_id, rule_id, team_value_id, string_value, int_value) VALUES (857, 6, 91, 15, NULL, NULL);
INSERT INTO special_bet (id, user_id, rule_id, team_value_id, string_value, int_value) VALUES (858, 10, 91, 9, NULL, NULL);
INSERT INTO special_bet (id, user_id, rule_id, team_value_id, string_value, int_value) VALUES (859, 4, 91, 1, NULL, NULL);
INSERT INTO special_bet (id, user_id, rule_id, team_value_id, string_value, int_value) VALUES (860, 5, 91, 20, NULL, NULL);
INSERT INTO special_bet (id, user_id, rule_id, team_value_id, string_value, int_value) VALUES (861, 1, 91, 1, NULL, NULL);
INSERT INTO special_bet_rule (id, tournament_id, name, value_type, scoring_type, points, sort_order, actual_team_value_id, actual_string_value, actual_int_value) VALUES (92, 9, 'Tip na pořadí po základní části - Skupina A - 7. místo', 'team', 'exact_match', 0.5, 12, NULL, NULL, NULL);
INSERT INTO special_bet (id, user_id, rule_id, team_value_id, string_value, int_value) VALUES (862, 13, 92, 9, NULL, NULL);
INSERT INTO special_bet (id, user_id, rule_id, team_value_id, string_value, int_value) VALUES (863, 16, 92, 9, NULL, NULL);
INSERT INTO special_bet (id, user_id, rule_id, team_value_id, string_value, int_value) VALUES (864, 9, 92, 9, NULL, NULL);
INSERT INTO special_bet (id, user_id, rule_id, team_value_id, string_value, int_value) VALUES (865, 14, 92, 20, NULL, NULL);
INSERT INTO special_bet (id, user_id, rule_id, team_value_id, string_value, int_value) VALUES (866, 2, 92, 9, NULL, NULL);
INSERT INTO special_bet (id, user_id, rule_id, team_value_id, string_value, int_value) VALUES (867, 7, 92, 9, NULL, NULL);
INSERT INTO special_bet (id, user_id, rule_id, team_value_id, string_value, int_value) VALUES (868, 12, 92, 1, NULL, NULL);
INSERT INTO special_bet (id, user_id, rule_id, team_value_id, string_value, int_value) VALUES (869, 6, 92, 9, NULL, NULL);
INSERT INTO special_bet (id, user_id, rule_id, team_value_id, string_value, int_value) VALUES (870, 10, 92, 15, NULL, NULL);
INSERT INTO special_bet (id, user_id, rule_id, team_value_id, string_value, int_value) VALUES (871, 4, 92, 9, NULL, NULL);
INSERT INTO special_bet (id, user_id, rule_id, team_value_id, string_value, int_value) VALUES (872, 5, 92, 15, NULL, NULL);
INSERT INTO special_bet (id, user_id, rule_id, team_value_id, string_value, int_value) VALUES (873, 1, 92, 9, NULL, NULL);
INSERT INTO special_bet_rule (id, tournament_id, name, value_type, scoring_type, points, sort_order, actual_team_value_id, actual_string_value, actual_int_value) VALUES (93, 9, 'Tip na pořadí po základní části - Skupina A - 8. místo', 'team', 'exact_match', 0.5, 13, NULL, NULL, NULL);
INSERT INTO special_bet (id, user_id, rule_id, team_value_id, string_value, int_value) VALUES (874, 13, 93, 20, NULL, NULL);
INSERT INTO special_bet (id, user_id, rule_id, team_value_id, string_value, int_value) VALUES (875, 16, 93, 20, NULL, NULL);
INSERT INTO special_bet (id, user_id, rule_id, team_value_id, string_value, int_value) VALUES (876, 9, 93, 20, NULL, NULL);
INSERT INTO special_bet (id, user_id, rule_id, team_value_id, string_value, int_value) VALUES (877, 14, 93, 9, NULL, NULL);
INSERT INTO special_bet (id, user_id, rule_id, team_value_id, string_value, int_value) VALUES (878, 2, 93, 20, NULL, NULL);
INSERT INTO special_bet (id, user_id, rule_id, team_value_id, string_value, int_value) VALUES (879, 7, 93, 20, NULL, NULL);
INSERT INTO special_bet (id, user_id, rule_id, team_value_id, string_value, int_value) VALUES (880, 12, 93, 20, NULL, NULL);
INSERT INTO special_bet (id, user_id, rule_id, team_value_id, string_value, int_value) VALUES (881, 6, 93, 20, NULL, NULL);
INSERT INTO special_bet (id, user_id, rule_id, team_value_id, string_value, int_value) VALUES (882, 10, 93, 20, NULL, NULL);
INSERT INTO special_bet (id, user_id, rule_id, team_value_id, string_value, int_value) VALUES (883, 4, 93, 20, NULL, NULL);
INSERT INTO special_bet (id, user_id, rule_id, team_value_id, string_value, int_value) VALUES (884, 5, 93, 9, NULL, NULL);
INSERT INTO special_bet (id, user_id, rule_id, team_value_id, string_value, int_value) VALUES (885, 1, 93, 20, NULL, NULL);
INSERT INTO special_bet_rule (id, tournament_id, name, value_type, scoring_type, points, sort_order, actual_team_value_id, actual_string_value, actual_int_value) VALUES (94, 9, 'Medaile - 1. místo', 'team', 'exact_match', 3.0, 14, NULL, NULL, NULL);
INSERT INTO special_bet (id, user_id, rule_id, team_value_id, string_value, int_value) VALUES (886, 13, 94, 4, NULL, NULL);
INSERT INTO special_bet (id, user_id, rule_id, team_value_id, string_value, int_value) VALUES (887, 16, 94, 4, NULL, NULL);
INSERT INTO special_bet (id, user_id, rule_id, team_value_id, string_value, int_value) VALUES (888, 9, 94, 4, NULL, NULL);
INSERT INTO special_bet (id, user_id, rule_id, team_value_id, string_value, int_value) VALUES (889, 14, 94, 4, NULL, NULL);
INSERT INTO special_bet (id, user_id, rule_id, team_value_id, string_value, int_value) VALUES (890, 2, 94, 4, NULL, NULL);
INSERT INTO special_bet (id, user_id, rule_id, team_value_id, string_value, int_value) VALUES (891, 7, 94, 23, NULL, NULL);
INSERT INTO special_bet (id, user_id, rule_id, team_value_id, string_value, int_value) VALUES (892, 12, 94, 4, NULL, NULL);
INSERT INTO special_bet (id, user_id, rule_id, team_value_id, string_value, int_value) VALUES (893, 6, 94, 4, NULL, NULL);
INSERT INTO special_bet (id, user_id, rule_id, team_value_id, string_value, int_value) VALUES (894, 10, 94, 4, NULL, NULL);
INSERT INTO special_bet (id, user_id, rule_id, team_value_id, string_value, int_value) VALUES (895, 4, 94, 23, NULL, NULL);
INSERT INTO special_bet (id, user_id, rule_id, team_value_id, string_value, int_value) VALUES (896, 5, 94, 4, NULL, NULL);
INSERT INTO special_bet (id, user_id, rule_id, team_value_id, string_value, int_value) VALUES (897, 1, 94, 4, NULL, NULL);
INSERT INTO special_bet_rule (id, tournament_id, name, value_type, scoring_type, points, sort_order, actual_team_value_id, actual_string_value, actual_int_value) VALUES (95, 9, 'Medaile - 2. místo', 'team', 'exact_match', 2.0, 15, NULL, NULL, NULL);
INSERT INTO special_bet (id, user_id, rule_id, team_value_id, string_value, int_value) VALUES (898, 13, 95, 23, NULL, NULL);
INSERT INTO special_bet (id, user_id, rule_id, team_value_id, string_value, int_value) VALUES (899, 16, 95, 23, NULL, NULL);
INSERT INTO special_bet (id, user_id, rule_id, team_value_id, string_value, int_value) VALUES (900, 9, 95, 23, NULL, NULL);
INSERT INTO special_bet (id, user_id, rule_id, team_value_id, string_value, int_value) VALUES (901, 14, 95, 8, NULL, NULL);
INSERT INTO special_bet (id, user_id, rule_id, team_value_id, string_value, int_value) VALUES (902, 2, 95, 23, NULL, NULL);
INSERT INTO special_bet (id, user_id, rule_id, team_value_id, string_value, int_value) VALUES (903, 7, 95, 4, NULL, NULL);
INSERT INTO special_bet (id, user_id, rule_id, team_value_id, string_value, int_value) VALUES (904, 12, 95, 23, NULL, NULL);
INSERT INTO special_bet (id, user_id, rule_id, team_value_id, string_value, int_value) VALUES (905, 6, 95, 23, NULL, NULL);
INSERT INTO special_bet (id, user_id, rule_id, team_value_id, string_value, int_value) VALUES (906, 10, 95, 23, NULL, NULL);
INSERT INTO special_bet (id, user_id, rule_id, team_value_id, string_value, int_value) VALUES (907, 4, 95, 4, NULL, NULL);
INSERT INTO special_bet (id, user_id, rule_id, team_value_id, string_value, int_value) VALUES (908, 5, 95, 23, NULL, NULL);
INSERT INTO special_bet (id, user_id, rule_id, team_value_id, string_value, int_value) VALUES (909, 1, 95, 23, NULL, NULL);
INSERT INTO special_bet_rule (id, tournament_id, name, value_type, scoring_type, points, sort_order, actual_team_value_id, actual_string_value, actual_int_value) VALUES (96, 9, 'Medaile - 3. místo', 'team', 'exact_match', 1.0, 16, NULL, NULL, NULL);
INSERT INTO special_bet (id, user_id, rule_id, team_value_id, string_value, int_value) VALUES (910, 13, 96, 8, NULL, NULL);
INSERT INTO special_bet (id, user_id, rule_id, team_value_id, string_value, int_value) VALUES (911, 16, 96, 8, NULL, NULL);
INSERT INTO special_bet (id, user_id, rule_id, team_value_id, string_value, int_value) VALUES (912, 9, 96, 8, NULL, NULL);
INSERT INTO special_bet (id, user_id, rule_id, team_value_id, string_value, int_value) VALUES (913, 14, 96, 23, NULL, NULL);
INSERT INTO special_bet (id, user_id, rule_id, team_value_id, string_value, int_value) VALUES (914, 2, 96, 8, NULL, NULL);
INSERT INTO special_bet (id, user_id, rule_id, team_value_id, string_value, int_value) VALUES (915, 7, 96, 8, NULL, NULL);
INSERT INTO special_bet (id, user_id, rule_id, team_value_id, string_value, int_value) VALUES (916, 12, 96, 8, NULL, NULL);
INSERT INTO special_bet (id, user_id, rule_id, team_value_id, string_value, int_value) VALUES (917, 6, 96, 8, NULL, NULL);
INSERT INTO special_bet (id, user_id, rule_id, team_value_id, string_value, int_value) VALUES (918, 10, 96, 22, NULL, NULL);
INSERT INTO special_bet (id, user_id, rule_id, team_value_id, string_value, int_value) VALUES (919, 4, 96, 8, NULL, NULL);
INSERT INTO special_bet (id, user_id, rule_id, team_value_id, string_value, int_value) VALUES (920, 5, 96, 8, NULL, NULL);
INSERT INTO special_bet (id, user_id, rule_id, team_value_id, string_value, int_value) VALUES (921, 1, 96, 8, NULL, NULL);
INSERT INTO special_bet_rule (id, tournament_id, name, value_type, scoring_type, points, sort_order, actual_team_value_id, actual_string_value, actual_int_value) VALUES (97, 9, 'Tip na pořadí po základní části - Skupina B - 1. místo', 'team', 'exact_match', 0.5, 17, NULL, NULL, NULL);
INSERT INTO special_bet (id, user_id, rule_id, team_value_id, string_value, int_value) VALUES (922, 13, 97, 24, NULL, NULL);
INSERT INTO special_bet (id, user_id, rule_id, team_value_id, string_value, int_value) VALUES (923, 16, 97, 24, NULL, NULL);
INSERT INTO special_bet (id, user_id, rule_id, team_value_id, string_value, int_value) VALUES (924, 9, 97, 24, NULL, NULL);
INSERT INTO special_bet (id, user_id, rule_id, team_value_id, string_value, int_value) VALUES (925, 14, 97, 6, NULL, NULL);
INSERT INTO special_bet (id, user_id, rule_id, team_value_id, string_value, int_value) VALUES (926, 2, 97, 6, NULL, NULL);
INSERT INTO special_bet (id, user_id, rule_id, team_value_id, string_value, int_value) VALUES (927, 7, 97, 21, NULL, NULL);
INSERT INTO special_bet (id, user_id, rule_id, team_value_id, string_value, int_value) VALUES (928, 12, 97, 6, NULL, NULL);
INSERT INTO special_bet (id, user_id, rule_id, team_value_id, string_value, int_value) VALUES (929, 6, 97, 6, NULL, NULL);
INSERT INTO special_bet (id, user_id, rule_id, team_value_id, string_value, int_value) VALUES (930, 10, 97, 24, NULL, NULL);
INSERT INTO special_bet (id, user_id, rule_id, team_value_id, string_value, int_value) VALUES (931, 4, 97, 6, NULL, NULL);
INSERT INTO special_bet (id, user_id, rule_id, team_value_id, string_value, int_value) VALUES (932, 5, 97, 24, NULL, NULL);
INSERT INTO special_bet (id, user_id, rule_id, team_value_id, string_value, int_value) VALUES (933, 1, 97, 6, NULL, NULL);
INSERT INTO special_bet_rule (id, tournament_id, name, value_type, scoring_type, points, sort_order, actual_team_value_id, actual_string_value, actual_int_value) VALUES (98, 9, 'Tip na pořadí po základní části - Skupina B - 2. místo', 'team', 'exact_match', 0.5, 18, NULL, NULL, NULL);
INSERT INTO special_bet (id, user_id, rule_id, team_value_id, string_value, int_value) VALUES (934, 13, 98, 21, NULL, NULL);
INSERT INTO special_bet (id, user_id, rule_id, team_value_id, string_value, int_value) VALUES (935, 16, 98, 6, NULL, NULL);
INSERT INTO special_bet (id, user_id, rule_id, team_value_id, string_value, int_value) VALUES (936, 9, 98, 6, NULL, NULL);
INSERT INTO special_bet (id, user_id, rule_id, team_value_id, string_value, int_value) VALUES (937, 14, 98, 21, NULL, NULL);
INSERT INTO special_bet (id, user_id, rule_id, team_value_id, string_value, int_value) VALUES (938, 2, 98, 24, NULL, NULL);
INSERT INTO special_bet (id, user_id, rule_id, team_value_id, string_value, int_value) VALUES (939, 7, 98, 24, NULL, NULL);
INSERT INTO special_bet (id, user_id, rule_id, team_value_id, string_value, int_value) VALUES (940, 12, 98, 24, NULL, NULL);
INSERT INTO special_bet (id, user_id, rule_id, team_value_id, string_value, int_value) VALUES (941, 6, 98, 24, NULL, NULL);
INSERT INTO special_bet (id, user_id, rule_id, team_value_id, string_value, int_value) VALUES (942, 10, 98, 6, NULL, NULL);
INSERT INTO special_bet (id, user_id, rule_id, team_value_id, string_value, int_value) VALUES (943, 4, 98, 24, NULL, NULL);
INSERT INTO special_bet (id, user_id, rule_id, team_value_id, string_value, int_value) VALUES (944, 5, 98, 6, NULL, NULL);
INSERT INTO special_bet (id, user_id, rule_id, team_value_id, string_value, int_value) VALUES (945, 1, 98, 24, NULL, NULL);
INSERT INTO special_bet_rule (id, tournament_id, name, value_type, scoring_type, points, sort_order, actual_team_value_id, actual_string_value, actual_int_value) VALUES (99, 9, 'Tip na pořadí po základní části - Skupina B - 3. místo', 'team', 'exact_match', 0.5, 19, NULL, NULL, NULL);
INSERT INTO special_bet (id, user_id, rule_id, team_value_id, string_value, int_value) VALUES (946, 13, 99, 6, NULL, NULL);
INSERT INTO special_bet (id, user_id, rule_id, team_value_id, string_value, int_value) VALUES (947, 16, 99, 21, NULL, NULL);
INSERT INTO special_bet (id, user_id, rule_id, team_value_id, string_value, int_value) VALUES (948, 9, 99, 21, NULL, NULL);
INSERT INTO special_bet (id, user_id, rule_id, team_value_id, string_value, int_value) VALUES (949, 14, 99, 24, NULL, NULL);
INSERT INTO special_bet (id, user_id, rule_id, team_value_id, string_value, int_value) VALUES (950, 2, 99, 21, NULL, NULL);
INSERT INTO special_bet (id, user_id, rule_id, team_value_id, string_value, int_value) VALUES (951, 7, 99, 6, NULL, NULL);
INSERT INTO special_bet (id, user_id, rule_id, team_value_id, string_value, int_value) VALUES (952, 12, 99, 21, NULL, NULL);
INSERT INTO special_bet (id, user_id, rule_id, team_value_id, string_value, int_value) VALUES (953, 6, 99, 21, NULL, NULL);
INSERT INTO special_bet (id, user_id, rule_id, team_value_id, string_value, int_value) VALUES (954, 10, 99, 21, NULL, NULL);
INSERT INTO special_bet (id, user_id, rule_id, team_value_id, string_value, int_value) VALUES (955, 4, 99, 21, NULL, NULL);
INSERT INTO special_bet (id, user_id, rule_id, team_value_id, string_value, int_value) VALUES (956, 5, 99, 21, NULL, NULL);
INSERT INTO special_bet (id, user_id, rule_id, team_value_id, string_value, int_value) VALUES (957, 1, 99, 21, NULL, NULL);
INSERT INTO special_bet_rule (id, tournament_id, name, value_type, scoring_type, points, sort_order, actual_team_value_id, actual_string_value, actual_int_value) VALUES (100, 9, 'Tip na pořadí po základní části - Skupina B - 4. místo', 'team', 'exact_match', 0.5, 20, NULL, NULL, NULL);
INSERT INTO special_bet (id, user_id, rule_id, team_value_id, string_value, int_value) VALUES (958, 13, 100, 11, NULL, NULL);
INSERT INTO special_bet (id, user_id, rule_id, team_value_id, string_value, int_value) VALUES (959, 16, 100, 11, NULL, NULL);
INSERT INTO special_bet (id, user_id, rule_id, team_value_id, string_value, int_value) VALUES (960, 9, 100, 11, NULL, NULL);
INSERT INTO special_bet (id, user_id, rule_id, team_value_id, string_value, int_value) VALUES (961, 14, 100, 11, NULL, NULL);
INSERT INTO special_bet (id, user_id, rule_id, team_value_id, string_value, int_value) VALUES (962, 2, 100, 11, NULL, NULL);
INSERT INTO special_bet (id, user_id, rule_id, team_value_id, string_value, int_value) VALUES (963, 7, 100, 11, NULL, NULL);
INSERT INTO special_bet (id, user_id, rule_id, team_value_id, string_value, int_value) VALUES (964, 12, 100, 11, NULL, NULL);
INSERT INTO special_bet (id, user_id, rule_id, team_value_id, string_value, int_value) VALUES (965, 6, 100, 11, NULL, NULL);
INSERT INTO special_bet (id, user_id, rule_id, team_value_id, string_value, int_value) VALUES (966, 10, 100, 11, NULL, NULL);
INSERT INTO special_bet (id, user_id, rule_id, team_value_id, string_value, int_value) VALUES (967, 4, 100, 11, NULL, NULL);
INSERT INTO special_bet (id, user_id, rule_id, team_value_id, string_value, int_value) VALUES (968, 5, 100, 16, NULL, NULL);
INSERT INTO special_bet (id, user_id, rule_id, team_value_id, string_value, int_value) VALUES (969, 1, 100, 11, NULL, NULL);
INSERT INTO special_bet_rule (id, tournament_id, name, value_type, scoring_type, points, sort_order, actual_team_value_id, actual_string_value, actual_int_value) VALUES (101, 9, 'Tip na pořadí po základní části - Skupina B - 5. místo', 'team', 'exact_match', 0.5, 21, NULL, NULL, NULL);
INSERT INTO special_bet (id, user_id, rule_id, team_value_id, string_value, int_value) VALUES (970, 13, 101, 16, NULL, NULL);
INSERT INTO special_bet (id, user_id, rule_id, team_value_id, string_value, int_value) VALUES (971, 16, 101, 7, NULL, NULL);
INSERT INTO special_bet (id, user_id, rule_id, team_value_id, string_value, int_value) VALUES (972, 9, 101, 7, NULL, NULL);
INSERT INTO special_bet (id, user_id, rule_id, team_value_id, string_value, int_value) VALUES (973, 14, 101, 16, NULL, NULL);
INSERT INTO special_bet (id, user_id, rule_id, team_value_id, string_value, int_value) VALUES (974, 2, 101, 7, NULL, NULL);
INSERT INTO special_bet (id, user_id, rule_id, team_value_id, string_value, int_value) VALUES (975, 7, 101, 7, NULL, NULL);
INSERT INTO special_bet (id, user_id, rule_id, team_value_id, string_value, int_value) VALUES (976, 12, 101, 7, NULL, NULL);
INSERT INTO special_bet (id, user_id, rule_id, team_value_id, string_value, int_value) VALUES (977, 6, 101, 16, NULL, NULL);
INSERT INTO special_bet (id, user_id, rule_id, team_value_id, string_value, int_value) VALUES (978, 10, 101, 16, NULL, NULL);
INSERT INTO special_bet (id, user_id, rule_id, team_value_id, string_value, int_value) VALUES (979, 4, 101, 7, NULL, NULL);
INSERT INTO special_bet (id, user_id, rule_id, team_value_id, string_value, int_value) VALUES (980, 5, 101, 7, NULL, NULL);
INSERT INTO special_bet (id, user_id, rule_id, team_value_id, string_value, int_value) VALUES (981, 1, 101, 16, NULL, NULL);
INSERT INTO special_bet_rule (id, tournament_id, name, value_type, scoring_type, points, sort_order, actual_team_value_id, actual_string_value, actual_int_value) VALUES (102, 9, 'Tip na pořadí po základní části - Skupina B - 6. místo', 'team', 'exact_match', 0.5, 22, NULL, NULL, NULL);
INSERT INTO special_bet (id, user_id, rule_id, team_value_id, string_value, int_value) VALUES (982, 13, 102, 7, NULL, NULL);
INSERT INTO special_bet (id, user_id, rule_id, team_value_id, string_value, int_value) VALUES (983, 16, 102, 16, NULL, NULL);
INSERT INTO special_bet (id, user_id, rule_id, team_value_id, string_value, int_value) VALUES (984, 9, 102, 14, NULL, NULL);
INSERT INTO special_bet (id, user_id, rule_id, team_value_id, string_value, int_value) VALUES (985, 14, 102, 7, NULL, NULL);
INSERT INTO special_bet (id, user_id, rule_id, team_value_id, string_value, int_value) VALUES (986, 2, 102, 16, NULL, NULL);
INSERT INTO special_bet (id, user_id, rule_id, team_value_id, string_value, int_value) VALUES (987, 7, 102, 16, NULL, NULL);
INSERT INTO special_bet (id, user_id, rule_id, team_value_id, string_value, int_value) VALUES (988, 12, 102, 16, NULL, NULL);
INSERT INTO special_bet (id, user_id, rule_id, team_value_id, string_value, int_value) VALUES (989, 6, 102, 7, NULL, NULL);
INSERT INTO special_bet (id, user_id, rule_id, team_value_id, string_value, int_value) VALUES (990, 10, 102, 7, NULL, NULL);
INSERT INTO special_bet (id, user_id, rule_id, team_value_id, string_value, int_value) VALUES (991, 4, 102, 16, NULL, NULL);
INSERT INTO special_bet (id, user_id, rule_id, team_value_id, string_value, int_value) VALUES (992, 5, 102, 14, NULL, NULL);
INSERT INTO special_bet (id, user_id, rule_id, team_value_id, string_value, int_value) VALUES (993, 1, 102, 7, NULL, NULL);
INSERT INTO special_bet_rule (id, tournament_id, name, value_type, scoring_type, points, sort_order, actual_team_value_id, actual_string_value, actual_int_value) VALUES (103, 9, 'Tip na pořadí po základní části - Skupina B - 7. místo', 'team', 'exact_match', 0.5, 23, NULL, NULL, NULL);
INSERT INTO special_bet (id, user_id, rule_id, team_value_id, string_value, int_value) VALUES (994, 13, 103, 14, NULL, NULL);
INSERT INTO special_bet (id, user_id, rule_id, team_value_id, string_value, int_value) VALUES (995, 16, 103, 14, NULL, NULL);
INSERT INTO special_bet (id, user_id, rule_id, team_value_id, string_value, int_value) VALUES (996, 9, 103, 16, NULL, NULL);
INSERT INTO special_bet (id, user_id, rule_id, team_value_id, string_value, int_value) VALUES (997, 14, 103, 14, NULL, NULL);
INSERT INTO special_bet (id, user_id, rule_id, team_value_id, string_value, int_value) VALUES (998, 2, 103, 14, NULL, NULL);
INSERT INTO special_bet (id, user_id, rule_id, team_value_id, string_value, int_value) VALUES (999, 7, 103, 14, NULL, NULL);
INSERT INTO special_bet (id, user_id, rule_id, team_value_id, string_value, int_value) VALUES (1000, 12, 103, 14, NULL, NULL);
INSERT INTO special_bet (id, user_id, rule_id, team_value_id, string_value, int_value) VALUES (1001, 6, 103, 14, NULL, NULL);
INSERT INTO special_bet (id, user_id, rule_id, team_value_id, string_value, int_value) VALUES (1002, 10, 103, 12, NULL, NULL);
INSERT INTO special_bet (id, user_id, rule_id, team_value_id, string_value, int_value) VALUES (1003, 4, 103, 14, NULL, NULL);
INSERT INTO special_bet (id, user_id, rule_id, team_value_id, string_value, int_value) VALUES (1004, 5, 103, 11, NULL, NULL);
INSERT INTO special_bet (id, user_id, rule_id, team_value_id, string_value, int_value) VALUES (1005, 1, 103, 14, NULL, NULL);
INSERT INTO special_bet_rule (id, tournament_id, name, value_type, scoring_type, points, sort_order, actual_team_value_id, actual_string_value, actual_int_value) VALUES (104, 9, 'Tip na pořadí po základní části - Skupina B - 8. místo', 'team', 'exact_match', 0.5, 24, NULL, NULL, NULL);
INSERT INTO special_bet (id, user_id, rule_id, team_value_id, string_value, int_value) VALUES (1006, 13, 104, 12, NULL, NULL);
INSERT INTO special_bet (id, user_id, rule_id, team_value_id, string_value, int_value) VALUES (1007, 16, 104, 12, NULL, NULL);
INSERT INTO special_bet (id, user_id, rule_id, team_value_id, string_value, int_value) VALUES (1008, 9, 104, 12, NULL, NULL);
INSERT INTO special_bet (id, user_id, rule_id, team_value_id, string_value, int_value) VALUES (1009, 14, 104, 12, NULL, NULL);
INSERT INTO special_bet (id, user_id, rule_id, team_value_id, string_value, int_value) VALUES (1010, 2, 104, 12, NULL, NULL);
INSERT INTO special_bet (id, user_id, rule_id, team_value_id, string_value, int_value) VALUES (1011, 7, 104, 12, NULL, NULL);
INSERT INTO special_bet (id, user_id, rule_id, team_value_id, string_value, int_value) VALUES (1012, 12, 104, 12, NULL, NULL);
INSERT INTO special_bet (id, user_id, rule_id, team_value_id, string_value, int_value) VALUES (1013, 6, 104, 12, NULL, NULL);
INSERT INTO special_bet (id, user_id, rule_id, team_value_id, string_value, int_value) VALUES (1014, 10, 104, 14, NULL, NULL);
INSERT INTO special_bet (id, user_id, rule_id, team_value_id, string_value, int_value) VALUES (1015, 4, 104, 12, NULL, NULL);
INSERT INTO special_bet (id, user_id, rule_id, team_value_id, string_value, int_value) VALUES (1016, 5, 104, 12, NULL, NULL);
INSERT INTO special_bet (id, user_id, rule_id, team_value_id, string_value, int_value) VALUES (1017, 1, 104, 12, NULL, NULL);
INSERT INTO special_bet_rule (id, tournament_id, name, value_type, scoring_type, points, sort_order, actual_team_value_id, actual_string_value, actual_int_value) VALUES (105, 9, 'Medaile - 1. místo', 'team', 'exact_match', 3.0, 25, NULL, NULL, NULL);
INSERT INTO special_bet (id, user_id, rule_id, team_value_id, string_value, int_value) VALUES (1018, 13, 105, 24, NULL, NULL);
INSERT INTO special_bet (id, user_id, rule_id, team_value_id, string_value, int_value) VALUES (1019, 16, 105, 24, NULL, NULL);
INSERT INTO special_bet (id, user_id, rule_id, team_value_id, string_value, int_value) VALUES (1020, 9, 105, 24, NULL, NULL);
INSERT INTO special_bet (id, user_id, rule_id, team_value_id, string_value, int_value) VALUES (1021, 14, 105, 6, NULL, NULL);
INSERT INTO special_bet (id, user_id, rule_id, team_value_id, string_value, int_value) VALUES (1022, 2, 105, 6, NULL, NULL);
INSERT INTO special_bet (id, user_id, rule_id, team_value_id, string_value, int_value) VALUES (1023, 7, 105, 21, NULL, NULL);
INSERT INTO special_bet (id, user_id, rule_id, team_value_id, string_value, int_value) VALUES (1024, 12, 105, 6, NULL, NULL);
INSERT INTO special_bet (id, user_id, rule_id, team_value_id, string_value, int_value) VALUES (1025, 6, 105, 6, NULL, NULL);
INSERT INTO special_bet (id, user_id, rule_id, team_value_id, string_value, int_value) VALUES (1026, 10, 105, 24, NULL, NULL);
INSERT INTO special_bet (id, user_id, rule_id, team_value_id, string_value, int_value) VALUES (1027, 4, 105, 6, NULL, NULL);
INSERT INTO special_bet (id, user_id, rule_id, team_value_id, string_value, int_value) VALUES (1028, 5, 105, 24, NULL, NULL);
INSERT INTO special_bet (id, user_id, rule_id, team_value_id, string_value, int_value) VALUES (1029, 1, 105, 6, NULL, NULL);
INSERT INTO special_bet_rule (id, tournament_id, name, value_type, scoring_type, points, sort_order, actual_team_value_id, actual_string_value, actual_int_value) VALUES (106, 9, 'Medaile - 2. místo', 'team', 'exact_match', 2.0, 26, NULL, NULL, NULL);
INSERT INTO special_bet (id, user_id, rule_id, team_value_id, string_value, int_value) VALUES (1030, 13, 106, 21, NULL, NULL);
INSERT INTO special_bet (id, user_id, rule_id, team_value_id, string_value, int_value) VALUES (1031, 16, 106, 6, NULL, NULL);
INSERT INTO special_bet (id, user_id, rule_id, team_value_id, string_value, int_value) VALUES (1032, 9, 106, 6, NULL, NULL);
INSERT INTO special_bet (id, user_id, rule_id, team_value_id, string_value, int_value) VALUES (1033, 14, 106, 21, NULL, NULL);
INSERT INTO special_bet (id, user_id, rule_id, team_value_id, string_value, int_value) VALUES (1034, 2, 106, 24, NULL, NULL);
INSERT INTO special_bet (id, user_id, rule_id, team_value_id, string_value, int_value) VALUES (1035, 7, 106, 24, NULL, NULL);
INSERT INTO special_bet (id, user_id, rule_id, team_value_id, string_value, int_value) VALUES (1036, 12, 106, 24, NULL, NULL);
INSERT INTO special_bet (id, user_id, rule_id, team_value_id, string_value, int_value) VALUES (1037, 6, 106, 24, NULL, NULL);
INSERT INTO special_bet (id, user_id, rule_id, team_value_id, string_value, int_value) VALUES (1038, 10, 106, 6, NULL, NULL);
INSERT INTO special_bet (id, user_id, rule_id, team_value_id, string_value, int_value) VALUES (1039, 4, 106, 24, NULL, NULL);
INSERT INTO special_bet (id, user_id, rule_id, team_value_id, string_value, int_value) VALUES (1040, 5, 106, 6, NULL, NULL);
INSERT INTO special_bet (id, user_id, rule_id, team_value_id, string_value, int_value) VALUES (1041, 1, 106, 24, NULL, NULL);
INSERT INTO special_bet_rule (id, tournament_id, name, value_type, scoring_type, points, sort_order, actual_team_value_id, actual_string_value, actual_int_value) VALUES (107, 9, 'Medaile - 3. místo', 'team', 'exact_match', 1.0, 27, NULL, NULL, NULL);
INSERT INTO special_bet (id, user_id, rule_id, team_value_id, string_value, int_value) VALUES (1042, 13, 107, 6, NULL, NULL);
INSERT INTO special_bet (id, user_id, rule_id, team_value_id, string_value, int_value) VALUES (1043, 16, 107, 21, NULL, NULL);
INSERT INTO special_bet (id, user_id, rule_id, team_value_id, string_value, int_value) VALUES (1044, 9, 107, 21, NULL, NULL);
INSERT INTO special_bet (id, user_id, rule_id, team_value_id, string_value, int_value) VALUES (1045, 14, 107, 24, NULL, NULL);
INSERT INTO special_bet (id, user_id, rule_id, team_value_id, string_value, int_value) VALUES (1046, 2, 107, 21, NULL, NULL);
INSERT INTO special_bet (id, user_id, rule_id, team_value_id, string_value, int_value) VALUES (1047, 7, 107, 6, NULL, NULL);
INSERT INTO special_bet (id, user_id, rule_id, team_value_id, string_value, int_value) VALUES (1048, 12, 107, 21, NULL, NULL);
INSERT INTO special_bet (id, user_id, rule_id, team_value_id, string_value, int_value) VALUES (1049, 6, 107, 21, NULL, NULL);
INSERT INTO special_bet (id, user_id, rule_id, team_value_id, string_value, int_value) VALUES (1050, 10, 107, 21, NULL, NULL);
INSERT INTO special_bet (id, user_id, rule_id, team_value_id, string_value, int_value) VALUES (1051, 4, 107, 21, NULL, NULL);
INSERT INTO special_bet (id, user_id, rule_id, team_value_id, string_value, int_value) VALUES (1052, 5, 107, 21, NULL, NULL);
INSERT INTO special_bet (id, user_id, rule_id, team_value_id, string_value, int_value) VALUES (1053, 1, 107, 21, NULL, NULL);
INSERT INTO special_bet_rule (id, tournament_id, name, value_type, scoring_type, points, sort_order, actual_team_value_id, actual_string_value, actual_int_value) VALUES (108, 9, 'Počet gólů české reprezentace', 'integer', 'closest', 2.0, 28, NULL, NULL, NULL);
INSERT INTO special_bet (id, user_id, rule_id, team_value_id, string_value, int_value) VALUES (1054, 13, 108, NULL, NULL, 28);
INSERT INTO special_bet (id, user_id, rule_id, team_value_id, string_value, int_value) VALUES (1055, 16, 108, NULL, NULL, 32);
INSERT INTO special_bet (id, user_id, rule_id, team_value_id, string_value, int_value) VALUES (1056, 9, 108, NULL, NULL, 31);
INSERT INTO special_bet (id, user_id, rule_id, team_value_id, string_value, int_value) VALUES (1057, 14, 108, NULL, NULL, 31);
INSERT INTO special_bet (id, user_id, rule_id, team_value_id, string_value, int_value) VALUES (1058, 2, 108, NULL, NULL, 32);
INSERT INTO special_bet (id, user_id, rule_id, team_value_id, string_value, int_value) VALUES (1059, 7, 108, NULL, NULL, 33);
INSERT INTO special_bet (id, user_id, rule_id, team_value_id, string_value, int_value) VALUES (1060, 12, 108, NULL, NULL, 48);
INSERT INTO special_bet (id, user_id, rule_id, team_value_id, string_value, int_value) VALUES (1061, 6, 108, NULL, NULL, 32);
INSERT INTO special_bet (id, user_id, rule_id, team_value_id, string_value, int_value) VALUES (1062, 10, 108, NULL, NULL, 35);
INSERT INTO special_bet (id, user_id, rule_id, team_value_id, string_value, int_value) VALUES (1063, 4, 108, NULL, NULL, 31);
INSERT INTO special_bet (id, user_id, rule_id, team_value_id, string_value, int_value) VALUES (1064, 5, 108, NULL, NULL, 21);
INSERT INTO special_bet (id, user_id, rule_id, team_value_id, string_value, int_value) VALUES (1065, 1, 108, NULL, NULL, 48);
INSERT INTO special_bet_rule (id, tournament_id, name, value_type, scoring_type, points, sort_order, actual_team_value_id, actual_string_value, actual_int_value) VALUES (109, 9, 'Počet remíz po základní hrací době', 'integer', 'closest', 2.0, 29, NULL, NULL, NULL);
INSERT INTO special_bet (id, user_id, rule_id, team_value_id, string_value, int_value) VALUES (1066, 13, 109, NULL, NULL, 9);
INSERT INTO special_bet (id, user_id, rule_id, team_value_id, string_value, int_value) VALUES (1067, 16, 109, NULL, NULL, 11);
INSERT INTO special_bet (id, user_id, rule_id, team_value_id, string_value, int_value) VALUES (1068, 9, 109, NULL, NULL, 8);
INSERT INTO special_bet (id, user_id, rule_id, team_value_id, string_value, int_value) VALUES (1069, 14, 109, NULL, NULL, 7);
INSERT INTO special_bet (id, user_id, rule_id, team_value_id, string_value, int_value) VALUES (1070, 2, 109, NULL, NULL, 7);
INSERT INTO special_bet (id, user_id, rule_id, team_value_id, string_value, int_value) VALUES (1071, 7, 109, NULL, NULL, 11);
INSERT INTO special_bet (id, user_id, rule_id, team_value_id, string_value, int_value) VALUES (1072, 12, 109, NULL, NULL, 11);
INSERT INTO special_bet (id, user_id, rule_id, team_value_id, string_value, int_value) VALUES (1073, 6, 109, NULL, NULL, 8);
INSERT INTO special_bet (id, user_id, rule_id, team_value_id, string_value, int_value) VALUES (1074, 10, 109, NULL, NULL, 7);
INSERT INTO special_bet (id, user_id, rule_id, team_value_id, string_value, int_value) VALUES (1075, 4, 109, NULL, NULL, 6);
INSERT INTO special_bet (id, user_id, rule_id, team_value_id, string_value, int_value) VALUES (1076, 5, 109, NULL, NULL, 11);
INSERT INTO special_bet (id, user_id, rule_id, team_value_id, string_value, int_value) VALUES (1077, 1, 109, NULL, NULL, 10);

-- Tournament: OH 2026
INSERT INTO tournament (id, name, year, slug, status, created_at) VALUES (10, 'OH 2026', 2026, 'oh-2026', 'finished', '2024-01-01 00:00:00');
INSERT INTO rule_set (id, tournament_id, winner_base_points, wrong_opponent_bonus, exact_score_bonus, prizes) VALUES (10, 10, 1.0, 0.25, 2.0, '{"1": 300, "2": 150, "3": 50}');
INSERT INTO "match" (id, tournament_id, home_team_id, away_team_id, phase, played_at, home_score, away_score, is_finished) VALUES (541, 10, 22, 8, 'group_stage', '2026-02-11 16:40:00', 4, 1, true);
INSERT INTO "match" (id, tournament_id, home_team_id, away_team_id, phase, played_at, home_score, away_score, is_finished) VALUES (542, 10, 23, 13, 'group_stage', '2026-02-11 21:10:00', 5, 2, true);
INSERT INTO "match" (id, tournament_id, home_team_id, away_team_id, phase, played_at, home_score, away_score, is_finished) VALUES (543, 10, 21, 9, 'group_stage', '2026-02-12 12:10:00', 4, 0, true);
INSERT INTO "match" (id, tournament_id, home_team_id, away_team_id, phase, played_at, home_score, away_score, is_finished) VALUES (544, 10, 6, 4, 'group_stage', '2026-02-12 16:40:00', 0, 5, true);
INSERT INTO "match" (id, tournament_id, home_team_id, away_team_id, phase, played_at, home_score, away_score, is_finished) VALUES (545, 10, 15, 24, 'group_stage', '2026-02-12 21:10:00', 1, 5, true);
INSERT INTO "match" (id, tournament_id, home_team_id, away_team_id, phase, played_at, home_score, away_score, is_finished) VALUES (546, 10, 11, 7, 'group_stage', '2026-02-12 21:10:00', 3, 1, true);
INSERT INTO "match" (id, tournament_id, home_team_id, away_team_id, phase, played_at, home_score, away_score, is_finished) VALUES (547, 10, 8, 23, 'group_stage', '2026-02-13 12:10:00', 4, 1, true);
INSERT INTO "match" (id, tournament_id, home_team_id, away_team_id, phase, played_at, home_score, away_score, is_finished) VALUES (548, 10, 13, 22, 'group_stage', '2026-02-13 12:10:00', 2, 3, true);
INSERT INTO "match" (id, tournament_id, home_team_id, away_team_id, phase, played_at, home_score, away_score, is_finished) VALUES (549, 10, 9, 6, 'group_stage', '2026-02-13 16:40:00', 3, 6, true);
INSERT INTO "match" (id, tournament_id, home_team_id, away_team_id, phase, played_at, home_score, away_score, is_finished) VALUES (550, 10, 4, 21, 'group_stage', '2026-02-13 21:10:00', 5, 1, true);
INSERT INTO "match" (id, tournament_id, home_team_id, away_team_id, phase, played_at, home_score, away_score, is_finished) VALUES (551, 10, 23, 22, 'group_stage', '2026-02-14 12:10:00', 5, 3, true);
INSERT INTO "match" (id, tournament_id, home_team_id, away_team_id, phase, played_at, home_score, away_score, is_finished) VALUES (552, 10, 11, 15, 'group_stage', '2026-02-14 12:10:00', 3, 4, true);
INSERT INTO "match" (id, tournament_id, home_team_id, away_team_id, phase, played_at, home_score, away_score, is_finished) VALUES (553, 10, 8, 13, 'group_stage', '2026-02-14 16:40:00', 11, 0, true);
INSERT INTO "match" (id, tournament_id, home_team_id, away_team_id, phase, played_at, home_score, away_score, is_finished) VALUES (554, 10, 24, 7, 'group_stage', '2026-02-14 21:10:00', 6, 3, true);
INSERT INTO "match" (id, tournament_id, home_team_id, away_team_id, phase, played_at, home_score, away_score, is_finished) VALUES (555, 10, 21, 6, 'group_stage', '2026-02-15 12:10:00', 4, 3, true);
INSERT INTO "match" (id, tournament_id, home_team_id, away_team_id, phase, played_at, home_score, away_score, is_finished) VALUES (556, 10, 4, 9, 'group_stage', '2026-02-15 16:40:00', 10, 2, true);
INSERT INTO "match" (id, tournament_id, home_team_id, away_team_id, phase, played_at, home_score, away_score, is_finished) VALUES (557, 10, 7, 15, 'group_stage', '2026-02-15 19:10:00', 4, 2, true);
INSERT INTO "match" (id, tournament_id, home_team_id, away_team_id, phase, played_at, home_score, away_score, is_finished) VALUES (558, 10, 24, 11, 'group_stage', '2026-02-15 21:10:00', 5, 1, true);
INSERT INTO "match" (id, tournament_id, home_team_id, away_team_id, phase, played_at, home_score, away_score, is_finished) VALUES (559, 10, 21, 13, 'group_stage', '2026-02-17 12:10:00', 3, 0, true);
INSERT INTO "match" (id, tournament_id, home_team_id, away_team_id, phase, played_at, home_score, away_score, is_finished) VALUES (560, 10, 11, 9, 'group_stage', '2026-02-17 12:10:00', 5, 1, true);
INSERT INTO "match" (id, tournament_id, home_team_id, away_team_id, phase, played_at, home_score, away_score, is_finished) VALUES (561, 10, 6, 7, 'group_stage', '2026-02-17 16:40:00', 3, 2, true);
INSERT INTO "match" (id, tournament_id, home_team_id, away_team_id, phase, played_at, home_score, away_score, is_finished) VALUES (562, 10, 23, 15, 'group_stage', '2026-02-17 21:10:00', 5, 1, true);
INSERT INTO "match" (id, tournament_id, home_team_id, away_team_id, phase, played_at, home_score, away_score, is_finished) VALUES (563, 10, 22, 11, 'quarterfinal', '2026-02-18 12:10:00', 6, 2, true);
INSERT INTO "match" (id, tournament_id, home_team_id, away_team_id, phase, played_at, home_score, away_score, is_finished) VALUES (564, 10, 4, 6, 'quarterfinal', '2026-02-18 14:10:00', 4, 3, true);
INSERT INTO "match" (id, tournament_id, home_team_id, away_team_id, phase, played_at, home_score, away_score, is_finished) VALUES (565, 10, 8, 21, 'quarterfinal', '2026-02-18 16:40:00', 3, 2, true);
INSERT INTO "match" (id, tournament_id, home_team_id, away_team_id, phase, played_at, home_score, away_score, is_finished) VALUES (566, 10, 24, 23, 'quarterfinal', '2026-02-18 21:10:00', 2, 1, true);
INSERT INTO "match" (id, tournament_id, home_team_id, away_team_id, phase, played_at, home_score, away_score, is_finished) VALUES (567, 10, 4, 8, 'semifinal', '2026-02-20 16:40:00', 3, 2, true);
INSERT INTO "match" (id, tournament_id, home_team_id, away_team_id, phase, played_at, home_score, away_score, is_finished) VALUES (568, 10, 24, 22, 'semifinal', '2026-02-20 21:10:00', 6, 2, true);
INSERT INTO "match" (id, tournament_id, home_team_id, away_team_id, phase, played_at, home_score, away_score, is_finished) VALUES (569, 10, 22, 8, 'bronze_medal', '2026-02-21 20:40:00', 1, 6, true);
INSERT INTO "match" (id, tournament_id, home_team_id, away_team_id, phase, played_at, home_score, away_score, is_finished) VALUES (570, 10, 4, 24, 'gold_medal', '2026-02-22 14:10:00', 1, 2, true);
INSERT INTO prediction (id, user_id, game_id, home_score, away_score, created_at, updated_at) VALUES (4848, 13, 541, 1, 3, '2024-01-01 00:00:00', NULL);
INSERT INTO prediction (id, user_id, game_id, home_score, away_score, created_at, updated_at) VALUES (4849, 16, 541, 1, 4, '2024-01-01 00:00:00', NULL);
INSERT INTO prediction (id, user_id, game_id, home_score, away_score, created_at, updated_at) VALUES (4850, 9, 541, 1, 4, '2024-01-01 00:00:00', NULL);
INSERT INTO prediction (id, user_id, game_id, home_score, away_score, created_at, updated_at) VALUES (4851, 14, 541, 2, 5, '2024-01-01 00:00:00', NULL);
INSERT INTO prediction (id, user_id, game_id, home_score, away_score, created_at, updated_at) VALUES (4852, 18, 541, 2, 4, '2024-01-01 00:00:00', NULL);
INSERT INTO prediction (id, user_id, game_id, home_score, away_score, created_at, updated_at) VALUES (4853, 7, 541, 1, 4, '2024-01-01 00:00:00', NULL);
INSERT INTO prediction (id, user_id, game_id, home_score, away_score, created_at, updated_at) VALUES (4854, 12, 541, 1, 4, '2024-01-01 00:00:00', NULL);
INSERT INTO prediction (id, user_id, game_id, home_score, away_score, created_at, updated_at) VALUES (4855, 6, 541, 1, 4, '2024-01-01 00:00:00', NULL);
INSERT INTO prediction (id, user_id, game_id, home_score, away_score, created_at, updated_at) VALUES (4856, 10, 541, 1, 3, '2024-01-01 00:00:00', NULL);
INSERT INTO prediction (id, user_id, game_id, home_score, away_score, created_at, updated_at) VALUES (4857, 2, 541, 2, 1, '2024-01-01 00:00:00', NULL);
INSERT INTO prediction (id, user_id, game_id, home_score, away_score, created_at, updated_at) VALUES (4858, 13, 542, 7, 0, '2024-01-01 00:00:00', NULL);
INSERT INTO prediction (id, user_id, game_id, home_score, away_score, created_at, updated_at) VALUES (4859, 16, 542, 8, 0, '2024-01-01 00:00:00', NULL);
INSERT INTO prediction (id, user_id, game_id, home_score, away_score, created_at, updated_at) VALUES (4860, 9, 542, 7, 1, '2024-01-01 00:00:00', NULL);
INSERT INTO prediction (id, user_id, game_id, home_score, away_score, created_at, updated_at) VALUES (4861, 14, 542, 5, 1, '2024-01-01 00:00:00', NULL);
INSERT INTO prediction (id, user_id, game_id, home_score, away_score, created_at, updated_at) VALUES (4862, 18, 542, 6, 1, '2024-01-01 00:00:00', NULL);
INSERT INTO prediction (id, user_id, game_id, home_score, away_score, created_at, updated_at) VALUES (4863, 7, 542, 10, 0, '2024-01-01 00:00:00', NULL);
INSERT INTO prediction (id, user_id, game_id, home_score, away_score, created_at, updated_at) VALUES (4864, 12, 542, 6, 0, '2024-01-01 00:00:00', NULL);
INSERT INTO prediction (id, user_id, game_id, home_score, away_score, created_at, updated_at) VALUES (4865, 6, 542, 5, 0, '2024-01-01 00:00:00', NULL);
INSERT INTO prediction (id, user_id, game_id, home_score, away_score, created_at, updated_at) VALUES (4866, 10, 542, 4, 0, '2024-01-01 00:00:00', NULL);
INSERT INTO prediction (id, user_id, game_id, home_score, away_score, created_at, updated_at) VALUES (4867, 2, 542, 5, 1, '2024-01-01 00:00:00', NULL);
INSERT INTO prediction (id, user_id, game_id, home_score, away_score, created_at, updated_at) VALUES (4868, 13, 543, 5, 1, '2024-01-01 00:00:00', NULL);
INSERT INTO prediction (id, user_id, game_id, home_score, away_score, created_at, updated_at) VALUES (4869, 16, 543, 4, 2, '2024-01-01 00:00:00', NULL);
INSERT INTO prediction (id, user_id, game_id, home_score, away_score, created_at, updated_at) VALUES (4870, 9, 543, 5, 1, '2024-01-01 00:00:00', NULL);
INSERT INTO prediction (id, user_id, game_id, home_score, away_score, created_at, updated_at) VALUES (4871, 14, 543, 5, 2, '2024-01-01 00:00:00', NULL);
INSERT INTO prediction (id, user_id, game_id, home_score, away_score, created_at, updated_at) VALUES (4872, 18, 543, 5, 1, '2024-01-01 00:00:00', NULL);
INSERT INTO prediction (id, user_id, game_id, home_score, away_score, created_at, updated_at) VALUES (4873, 7, 543, 4, 1, '2024-01-01 00:00:00', NULL);
INSERT INTO prediction (id, user_id, game_id, home_score, away_score, created_at, updated_at) VALUES (4874, 12, 543, 3, 1, '2024-01-01 00:00:00', NULL);
INSERT INTO prediction (id, user_id, game_id, home_score, away_score, created_at, updated_at) VALUES (4875, 6, 543, 4, 1, '2024-01-01 00:00:00', NULL);
INSERT INTO prediction (id, user_id, game_id, home_score, away_score, created_at, updated_at) VALUES (4876, 10, 543, 4, 1, '2024-01-01 00:00:00', NULL);
INSERT INTO prediction (id, user_id, game_id, home_score, away_score, created_at, updated_at) VALUES (4877, 2, 543, 4, 1, '2024-01-01 00:00:00', NULL);
INSERT INTO prediction (id, user_id, game_id, home_score, away_score, created_at, updated_at) VALUES (4878, 13, 544, 1, 3, '2024-01-01 00:00:00', NULL);
INSERT INTO prediction (id, user_id, game_id, home_score, away_score, created_at, updated_at) VALUES (4879, 16, 544, 3, 2, '2024-01-01 00:00:00', NULL);
INSERT INTO prediction (id, user_id, game_id, home_score, away_score, created_at, updated_at) VALUES (4880, 9, 544, 2, 4, '2024-01-01 00:00:00', NULL);
INSERT INTO prediction (id, user_id, game_id, home_score, away_score, created_at, updated_at) VALUES (4881, 14, 544, 2, 3, '2024-01-01 00:00:00', NULL);
INSERT INTO prediction (id, user_id, game_id, home_score, away_score, created_at, updated_at) VALUES (4882, 18, 544, 3, 4, '2024-01-01 00:00:00', NULL);
INSERT INTO prediction (id, user_id, game_id, home_score, away_score, created_at, updated_at) VALUES (4883, 7, 544, 3, 2, '2024-01-01 00:00:00', NULL);
INSERT INTO prediction (id, user_id, game_id, home_score, away_score, created_at, updated_at) VALUES (4884, 12, 544, 2, 3, '2024-01-01 00:00:00', NULL);
INSERT INTO prediction (id, user_id, game_id, home_score, away_score, created_at, updated_at) VALUES (4885, 6, 544, 2, 3, '2024-01-01 00:00:00', NULL);
INSERT INTO prediction (id, user_id, game_id, home_score, away_score, created_at, updated_at) VALUES (4886, 10, 544, 2, 1, '2024-01-01 00:00:00', NULL);
INSERT INTO prediction (id, user_id, game_id, home_score, away_score, created_at, updated_at) VALUES (4887, 2, 544, 2, 3, '2024-01-01 00:00:00', NULL);
INSERT INTO prediction (id, user_id, game_id, home_score, away_score, created_at, updated_at) VALUES (4888, 13, 545, 2, 4, '2024-01-01 00:00:00', NULL);
INSERT INTO prediction (id, user_id, game_id, home_score, away_score, created_at, updated_at) VALUES (4889, 16, 545, 1, 4, '2024-01-01 00:00:00', NULL);
INSERT INTO prediction (id, user_id, game_id, home_score, away_score, created_at, updated_at) VALUES (4890, 9, 545, 2, 6, '2024-01-01 00:00:00', NULL);
INSERT INTO prediction (id, user_id, game_id, home_score, away_score, created_at, updated_at) VALUES (4891, 14, 545, 1, 4, '2024-01-01 00:00:00', NULL);
INSERT INTO prediction (id, user_id, game_id, home_score, away_score, created_at, updated_at) VALUES (4892, 18, 545, 2, 5, '2024-01-01 00:00:00', NULL);
INSERT INTO prediction (id, user_id, game_id, home_score, away_score, created_at, updated_at) VALUES (4893, 7, 545, 1, 4, '2024-01-01 00:00:00', NULL);
INSERT INTO prediction (id, user_id, game_id, home_score, away_score, created_at, updated_at) VALUES (4894, 12, 545, 2, 5, '2024-01-01 00:00:00', NULL);
INSERT INTO prediction (id, user_id, game_id, home_score, away_score, created_at, updated_at) VALUES (4895, 6, 545, 1, 4, '2024-01-01 00:00:00', NULL);
INSERT INTO prediction (id, user_id, game_id, home_score, away_score, created_at, updated_at) VALUES (4896, 10, 545, 0, 4, '2024-01-01 00:00:00', NULL);
INSERT INTO prediction (id, user_id, game_id, home_score, away_score, created_at, updated_at) VALUES (4897, 2, 545, 3, 2, '2024-01-01 00:00:00', NULL);
INSERT INTO prediction (id, user_id, game_id, home_score, away_score, created_at, updated_at) VALUES (4898, 13, 546, 4, 2, '2024-01-01 00:00:00', NULL);
INSERT INTO prediction (id, user_id, game_id, home_score, away_score, created_at, updated_at) VALUES (4899, 16, 546, 3, 2, '2024-01-01 00:00:00', NULL);
INSERT INTO prediction (id, user_id, game_id, home_score, away_score, created_at, updated_at) VALUES (4900, 9, 546, 4, 1, '2024-01-01 00:00:00', NULL);
INSERT INTO prediction (id, user_id, game_id, home_score, away_score, created_at, updated_at) VALUES (4901, 14, 546, 3, 1, '2024-01-01 00:00:00', NULL);
INSERT INTO prediction (id, user_id, game_id, home_score, away_score, created_at, updated_at) VALUES (4902, 18, 546, 3, 2, '2024-01-01 00:00:00', NULL);
INSERT INTO prediction (id, user_id, game_id, home_score, away_score, created_at, updated_at) VALUES (4903, 7, 546, 3, 2, '2024-01-01 00:00:00', NULL);
INSERT INTO prediction (id, user_id, game_id, home_score, away_score, created_at, updated_at) VALUES (4904, 12, 546, 3, 2, '2024-01-01 00:00:00', NULL);
INSERT INTO prediction (id, user_id, game_id, home_score, away_score, created_at, updated_at) VALUES (4905, 6, 546, 3, 2, '2024-01-01 00:00:00', NULL);
INSERT INTO prediction (id, user_id, game_id, home_score, away_score, created_at, updated_at) VALUES (4906, 10, 546, 4, 2, '2024-01-01 00:00:00', NULL);
INSERT INTO prediction (id, user_id, game_id, home_score, away_score, created_at, updated_at) VALUES (4907, 2, 546, 2, 3, '2024-01-01 00:00:00', NULL);
INSERT INTO prediction (id, user_id, game_id, home_score, away_score, created_at, updated_at) VALUES (4908, 13, 547, 3, 1, '2024-01-01 00:00:00', NULL);
INSERT INTO prediction (id, user_id, game_id, home_score, away_score, created_at, updated_at) VALUES (4909, 16, 547, 2, 4, '2024-01-01 00:00:00', NULL);
INSERT INTO prediction (id, user_id, game_id, home_score, away_score, created_at, updated_at) VALUES (4910, 9, 547, 1, 4, '2024-01-01 00:00:00', NULL);
INSERT INTO prediction (id, user_id, game_id, home_score, away_score, created_at, updated_at) VALUES (4911, 14, 547, 2, 4, '2024-01-01 00:00:00', NULL);
INSERT INTO prediction (id, user_id, game_id, home_score, away_score, created_at, updated_at) VALUES (4912, 18, 547, 1, 4, '2024-01-01 00:00:00', NULL);
INSERT INTO prediction (id, user_id, game_id, home_score, away_score, created_at, updated_at) VALUES (4913, 7, 547, 2, 3, '2024-01-01 00:00:00', NULL);
INSERT INTO prediction (id, user_id, game_id, home_score, away_score, created_at, updated_at) VALUES (4914, 12, 547, 3, 2, '2024-01-01 00:00:00', NULL);
INSERT INTO prediction (id, user_id, game_id, home_score, away_score, created_at, updated_at) VALUES (4915, 6, 547, 1, 2, '2024-01-01 00:00:00', NULL);
INSERT INTO prediction (id, user_id, game_id, home_score, away_score, created_at, updated_at) VALUES (4916, 10, 547, 2, 3, '2024-01-01 00:00:00', NULL);
INSERT INTO prediction (id, user_id, game_id, home_score, away_score, created_at, updated_at) VALUES (4917, 2, 547, 5, 4, '2024-01-01 00:00:00', NULL);
INSERT INTO prediction (id, user_id, game_id, home_score, away_score, created_at, updated_at) VALUES (4918, 13, 548, 0, 2, '2024-01-01 00:00:00', NULL);
INSERT INTO prediction (id, user_id, game_id, home_score, away_score, created_at, updated_at) VALUES (4919, 16, 548, 2, 3, '2024-01-01 00:00:00', NULL);
INSERT INTO prediction (id, user_id, game_id, home_score, away_score, created_at, updated_at) VALUES (4920, 9, 548, 1, 4, '2024-01-01 00:00:00', NULL);
INSERT INTO prediction (id, user_id, game_id, home_score, away_score, created_at, updated_at) VALUES (4921, 14, 548, 2, 4, '2024-01-01 00:00:00', NULL);
INSERT INTO prediction (id, user_id, game_id, home_score, away_score, created_at, updated_at) VALUES (4922, 18, 548, 2, 3, '2024-01-01 00:00:00', NULL);
INSERT INTO prediction (id, user_id, game_id, home_score, away_score, created_at, updated_at) VALUES (4923, 7, 548, 0, 3, '2024-01-01 00:00:00', NULL);
INSERT INTO prediction (id, user_id, game_id, home_score, away_score, created_at, updated_at) VALUES (4924, 12, 548, 1, 4, '2024-01-01 00:00:00', NULL);
INSERT INTO prediction (id, user_id, game_id, home_score, away_score, created_at, updated_at) VALUES (4925, 6, 548, 1, 3, '2024-01-01 00:00:00', NULL);
INSERT INTO prediction (id, user_id, game_id, home_score, away_score, created_at, updated_at) VALUES (4926, 10, 548, 1, 5, '2024-01-01 00:00:00', NULL);
INSERT INTO prediction (id, user_id, game_id, home_score, away_score, created_at, updated_at) VALUES (4927, 2, 548, 1, 4, '2024-01-01 00:00:00', NULL);
INSERT INTO prediction (id, user_id, game_id, home_score, away_score, created_at, updated_at) VALUES (4928, 13, 549, 2, 5, '2024-01-01 00:00:00', NULL);
INSERT INTO prediction (id, user_id, game_id, home_score, away_score, created_at, updated_at) VALUES (4929, 16, 549, 1, 5, '2024-01-01 00:00:00', NULL);
INSERT INTO prediction (id, user_id, game_id, home_score, away_score, created_at, updated_at) VALUES (4930, 9, 549, 1, 4, '2024-01-01 00:00:00', NULL);
INSERT INTO prediction (id, user_id, game_id, home_score, away_score, created_at, updated_at) VALUES (4931, 14, 549, 1, 7, '2024-01-01 00:00:00', NULL);
INSERT INTO prediction (id, user_id, game_id, home_score, away_score, created_at, updated_at) VALUES (4932, 18, 549, 1, 6, '2024-01-01 00:00:00', NULL);
INSERT INTO prediction (id, user_id, game_id, home_score, away_score, created_at, updated_at) VALUES (4933, 7, 549, 2, 5, '2024-01-01 00:00:00', NULL);
INSERT INTO prediction (id, user_id, game_id, home_score, away_score, created_at, updated_at) VALUES (4934, 12, 549, 1, 5, '2024-01-01 00:00:00', NULL);
INSERT INTO prediction (id, user_id, game_id, home_score, away_score, created_at, updated_at) VALUES (4935, 6, 549, 1, 4, '2024-01-01 00:00:00', NULL);
INSERT INTO prediction (id, user_id, game_id, home_score, away_score, created_at, updated_at) VALUES (4936, 10, 549, 1, 3, '2024-01-01 00:00:00', NULL);
INSERT INTO prediction (id, user_id, game_id, home_score, away_score, created_at, updated_at) VALUES (4937, 2, 549, 2, 6, '2024-01-01 00:00:00', NULL);
INSERT INTO prediction (id, user_id, game_id, home_score, away_score, created_at, updated_at) VALUES (4938, 13, 550, 4, 3, '2024-01-01 00:00:00', NULL);
INSERT INTO prediction (id, user_id, game_id, home_score, away_score, created_at, updated_at) VALUES (4939, 16, 550, 4, 1, '2024-01-01 00:00:00', NULL);
INSERT INTO prediction (id, user_id, game_id, home_score, away_score, created_at, updated_at) VALUES (4940, 9, 550, 4, 2, '2024-01-01 00:00:00', NULL);
INSERT INTO prediction (id, user_id, game_id, home_score, away_score, created_at, updated_at) VALUES (4941, 14, 550, 5, 1, '2024-01-01 00:00:00', NULL);
INSERT INTO prediction (id, user_id, game_id, home_score, away_score, created_at, updated_at) VALUES (4942, 18, 550, 5, 2, '2024-01-01 00:00:00', NULL);
INSERT INTO prediction (id, user_id, game_id, home_score, away_score, created_at, updated_at) VALUES (4943, 7, 550, 4, 3, '2024-01-01 00:00:00', NULL);
INSERT INTO prediction (id, user_id, game_id, home_score, away_score, created_at, updated_at) VALUES (4944, 12, 550, 3, 1, '2024-01-01 00:00:00', NULL);
INSERT INTO prediction (id, user_id, game_id, home_score, away_score, created_at, updated_at) VALUES (4945, 6, 550, 3, 2, '2024-01-01 00:00:00', NULL);
INSERT INTO prediction (id, user_id, game_id, home_score, away_score, created_at, updated_at) VALUES (4946, 10, 550, 4, 0, '2024-01-01 00:00:00', NULL);
INSERT INTO prediction (id, user_id, game_id, home_score, away_score, created_at, updated_at) VALUES (4947, 2, 550, 3, 5, '2024-01-01 00:00:00', NULL);
INSERT INTO prediction (id, user_id, game_id, home_score, away_score, created_at, updated_at) VALUES (4948, 13, 551, 3, 2, '2024-01-01 00:00:00', NULL);
INSERT INTO prediction (id, user_id, game_id, home_score, away_score, created_at, updated_at) VALUES (4949, 16, 551, 4, 2, '2024-01-01 00:00:00', NULL);
INSERT INTO prediction (id, user_id, game_id, home_score, away_score, created_at, updated_at) VALUES (4950, 9, 551, 4, 2, '2024-01-01 00:00:00', NULL);
INSERT INTO prediction (id, user_id, game_id, home_score, away_score, created_at, updated_at) VALUES (4951, 14, 551, 4, 2, '2024-01-01 00:00:00', NULL);
INSERT INTO prediction (id, user_id, game_id, home_score, away_score, created_at, updated_at) VALUES (4952, 18, 551, 4, 2, '2024-01-01 00:00:00', NULL);
INSERT INTO prediction (id, user_id, game_id, home_score, away_score, created_at, updated_at) VALUES (4953, 7, 551, 0, 0, '2024-01-01 00:00:00', NULL);
INSERT INTO prediction (id, user_id, game_id, home_score, away_score, created_at, updated_at) VALUES (4954, 12, 551, 4, 2, '2024-01-01 00:00:00', NULL);
INSERT INTO prediction (id, user_id, game_id, home_score, away_score, created_at, updated_at) VALUES (4955, 6, 551, 4, 2, '2024-01-01 00:00:00', NULL);
INSERT INTO prediction (id, user_id, game_id, home_score, away_score, created_at, updated_at) VALUES (4956, 10, 551, 2, 4, '2024-01-01 00:00:00', NULL);
INSERT INTO prediction (id, user_id, game_id, home_score, away_score, created_at, updated_at) VALUES (4957, 2, 551, 4, 2, '2024-01-01 00:00:00', NULL);
INSERT INTO prediction (id, user_id, game_id, home_score, away_score, created_at, updated_at) VALUES (4958, 13, 552, 4, 2, '2024-01-01 00:00:00', NULL);
INSERT INTO prediction (id, user_id, game_id, home_score, away_score, created_at, updated_at) VALUES (4959, 16, 552, 3, 4, '2024-01-01 00:00:00', NULL);
INSERT INTO prediction (id, user_id, game_id, home_score, away_score, created_at, updated_at) VALUES (4960, 9, 552, 4, 2, '2024-01-01 00:00:00', NULL);
INSERT INTO prediction (id, user_id, game_id, home_score, away_score, created_at, updated_at) VALUES (4961, 14, 552, 3, 2, '2024-01-01 00:00:00', NULL);
INSERT INTO prediction (id, user_id, game_id, home_score, away_score, created_at, updated_at) VALUES (4962, 18, 552, 2, 1, '2024-01-01 00:00:00', NULL);
INSERT INTO prediction (id, user_id, game_id, home_score, away_score, created_at, updated_at) VALUES (4963, 7, 552, 0, 0, '2024-01-01 00:00:00', NULL);
INSERT INTO prediction (id, user_id, game_id, home_score, away_score, created_at, updated_at) VALUES (4964, 12, 552, 3, 2, '2024-01-01 00:00:00', NULL);
INSERT INTO prediction (id, user_id, game_id, home_score, away_score, created_at, updated_at) VALUES (4965, 6, 552, 3, 2, '2024-01-01 00:00:00', NULL);
INSERT INTO prediction (id, user_id, game_id, home_score, away_score, created_at, updated_at) VALUES (4966, 10, 552, 3, 1, '2024-01-01 00:00:00', NULL);
INSERT INTO prediction (id, user_id, game_id, home_score, away_score, created_at, updated_at) VALUES (4967, 2, 552, 2, 3, '2024-01-01 00:00:00', NULL);
INSERT INTO prediction (id, user_id, game_id, home_score, away_score, created_at, updated_at) VALUES (4968, 13, 553, 5, 1, '2024-01-01 00:00:00', NULL);
INSERT INTO prediction (id, user_id, game_id, home_score, away_score, created_at, updated_at) VALUES (4969, 16, 553, 5, 1, '2024-01-01 00:00:00', NULL);
INSERT INTO prediction (id, user_id, game_id, home_score, away_score, created_at, updated_at) VALUES (4970, 9, 553, 4, 0, '2024-01-01 00:00:00', NULL);
INSERT INTO prediction (id, user_id, game_id, home_score, away_score, created_at, updated_at) VALUES (4971, 14, 553, 4, 1, '2024-01-01 00:00:00', NULL);
INSERT INTO prediction (id, user_id, game_id, home_score, away_score, created_at, updated_at) VALUES (4972, 18, 553, 5, 2, '2024-01-01 00:00:00', NULL);
INSERT INTO prediction (id, user_id, game_id, home_score, away_score, created_at, updated_at) VALUES (4973, 7, 553, 5, 1, '2024-01-01 00:00:00', NULL);
INSERT INTO prediction (id, user_id, game_id, home_score, away_score, created_at, updated_at) VALUES (4974, 12, 553, 6, 1, '2024-01-01 00:00:00', NULL);
INSERT INTO prediction (id, user_id, game_id, home_score, away_score, created_at, updated_at) VALUES (4975, 6, 553, 4, 1, '2024-01-01 00:00:00', NULL);
INSERT INTO prediction (id, user_id, game_id, home_score, away_score, created_at, updated_at) VALUES (4976, 10, 553, 3, 0, '2024-01-01 00:00:00', NULL);
INSERT INTO prediction (id, user_id, game_id, home_score, away_score, created_at, updated_at) VALUES (4977, 2, 553, 5, 1, '2024-01-01 00:00:00', NULL);
INSERT INTO prediction (id, user_id, game_id, home_score, away_score, created_at, updated_at) VALUES (4978, 13, 554, 6, 1, '2024-01-01 00:00:00', NULL);
INSERT INTO prediction (id, user_id, game_id, home_score, away_score, created_at, updated_at) VALUES (4979, 16, 554, 6, 2, '2024-01-01 00:00:00', NULL);
INSERT INTO prediction (id, user_id, game_id, home_score, away_score, created_at, updated_at) VALUES (4980, 9, 554, 5, 1, '2024-01-01 00:00:00', NULL);
INSERT INTO prediction (id, user_id, game_id, home_score, away_score, created_at, updated_at) VALUES (4981, 14, 554, 6, 0, '2024-01-01 00:00:00', NULL);
INSERT INTO prediction (id, user_id, game_id, home_score, away_score, created_at, updated_at) VALUES (4982, 18, 554, 6, 1, '2024-01-01 00:00:00', NULL);
INSERT INTO prediction (id, user_id, game_id, home_score, away_score, created_at, updated_at) VALUES (4983, 7, 554, 5, 1, '2024-01-01 00:00:00', NULL);
INSERT INTO prediction (id, user_id, game_id, home_score, away_score, created_at, updated_at) VALUES (4984, 12, 554, 4, 1, '2024-01-01 00:00:00', NULL);
INSERT INTO prediction (id, user_id, game_id, home_score, away_score, created_at, updated_at) VALUES (4985, 6, 554, 6, 1, '2024-01-01 00:00:00', NULL);
INSERT INTO prediction (id, user_id, game_id, home_score, away_score, created_at, updated_at) VALUES (4986, 10, 554, 5, 0, '2024-01-01 00:00:00', NULL);
INSERT INTO prediction (id, user_id, game_id, home_score, away_score, created_at, updated_at) VALUES (4987, 2, 554, 4, 1, '2024-01-01 00:00:00', NULL);
INSERT INTO prediction (id, user_id, game_id, home_score, away_score, created_at, updated_at) VALUES (4988, 13, 555, 1, 3, '2024-01-01 00:00:00', NULL);
INSERT INTO prediction (id, user_id, game_id, home_score, away_score, created_at, updated_at) VALUES (4989, 16, 555, 2, 4, '2024-01-01 00:00:00', NULL);
INSERT INTO prediction (id, user_id, game_id, home_score, away_score, created_at, updated_at) VALUES (4990, 9, 555, 4, 2, '2024-01-01 00:00:00', NULL);
INSERT INTO prediction (id, user_id, game_id, home_score, away_score, created_at, updated_at) VALUES (4991, 14, 555, 2, 4, '2024-01-01 00:00:00', NULL);
INSERT INTO prediction (id, user_id, game_id, home_score, away_score, created_at, updated_at) VALUES (4992, 18, 555, 2, 4, '2024-01-01 00:00:00', NULL);
INSERT INTO prediction (id, user_id, game_id, home_score, away_score, created_at, updated_at) VALUES (4993, 7, 555, 1, 2, '2024-01-01 00:00:00', NULL);
INSERT INTO prediction (id, user_id, game_id, home_score, away_score, created_at, updated_at) VALUES (4994, 12, 555, 2, 3, '2024-01-01 00:00:00', NULL);
INSERT INTO prediction (id, user_id, game_id, home_score, away_score, created_at, updated_at) VALUES (4995, 6, 555, 1, 3, '2024-01-01 00:00:00', NULL);
INSERT INTO prediction (id, user_id, game_id, home_score, away_score, created_at, updated_at) VALUES (4996, 10, 555, 1, 3, '2024-01-01 00:00:00', NULL);
INSERT INTO prediction (id, user_id, game_id, home_score, away_score, created_at, updated_at) VALUES (4997, 2, 555, 1, 3, '2024-01-01 00:00:00', NULL);
INSERT INTO prediction (id, user_id, game_id, home_score, away_score, created_at, updated_at) VALUES (4998, 13, 556, 6, 1, '2024-01-01 00:00:00', NULL);
INSERT INTO prediction (id, user_id, game_id, home_score, away_score, created_at, updated_at) VALUES (4999, 16, 556, 8, 1, '2024-01-01 00:00:00', NULL);
INSERT INTO prediction (id, user_id, game_id, home_score, away_score, created_at, updated_at) VALUES (5000, 9, 556, 8, 1, '2024-01-01 00:00:00', NULL);
INSERT INTO prediction (id, user_id, game_id, home_score, away_score, created_at, updated_at) VALUES (5001, 14, 556, 8, 0, '2024-01-01 00:00:00', NULL);
INSERT INTO prediction (id, user_id, game_id, home_score, away_score, created_at, updated_at) VALUES (5002, 18, 556, 8, 1, '2024-01-01 00:00:00', NULL);
INSERT INTO prediction (id, user_id, game_id, home_score, away_score, created_at, updated_at) VALUES (5003, 7, 556, 7, 0, '2024-01-01 00:00:00', NULL);
INSERT INTO prediction (id, user_id, game_id, home_score, away_score, created_at, updated_at) VALUES (5004, 12, 556, 7, 0, '2024-01-01 00:00:00', NULL);
INSERT INTO prediction (id, user_id, game_id, home_score, away_score, created_at, updated_at) VALUES (5005, 6, 556, 7, 0, '2024-01-01 00:00:00', NULL);
INSERT INTO prediction (id, user_id, game_id, home_score, away_score, created_at, updated_at) VALUES (5006, 10, 556, 10, 0, '2024-01-01 00:00:00', NULL);
INSERT INTO prediction (id, user_id, game_id, home_score, away_score, created_at, updated_at) VALUES (5007, 2, 556, 8, 2, '2024-01-01 00:00:00', NULL);
INSERT INTO prediction (id, user_id, game_id, home_score, away_score, created_at, updated_at) VALUES (5008, 13, 557, 1, 3, '2024-01-01 00:00:00', NULL);
INSERT INTO prediction (id, user_id, game_id, home_score, away_score, created_at, updated_at) VALUES (5009, 16, 557, 2, 3, '2024-01-01 00:00:00', NULL);
INSERT INTO prediction (id, user_id, game_id, home_score, away_score, created_at, updated_at) VALUES (5010, 9, 557, 2, 4, '2024-01-01 00:00:00', NULL);
INSERT INTO prediction (id, user_id, game_id, home_score, away_score, created_at, updated_at) VALUES (5011, 14, 557, 2, 4, '2024-01-01 00:00:00', NULL);
INSERT INTO prediction (id, user_id, game_id, home_score, away_score, created_at, updated_at) VALUES (5012, 18, 557, 1, 3, '2024-01-01 00:00:00', NULL);
INSERT INTO prediction (id, user_id, game_id, home_score, away_score, created_at, updated_at) VALUES (5013, 7, 557, 4, 3, '2024-01-01 00:00:00', NULL);
INSERT INTO prediction (id, user_id, game_id, home_score, away_score, created_at, updated_at) VALUES (5014, 12, 557, 3, 1, '2024-01-01 00:00:00', NULL);
INSERT INTO prediction (id, user_id, game_id, home_score, away_score, created_at, updated_at) VALUES (5015, 6, 557, 1, 4, '2024-01-01 00:00:00', NULL);
INSERT INTO prediction (id, user_id, game_id, home_score, away_score, created_at, updated_at) VALUES (5016, 10, 557, 2, 3, '2024-01-01 00:00:00', NULL);
INSERT INTO prediction (id, user_id, game_id, home_score, away_score, created_at, updated_at) VALUES (5017, 2, 557, 3, 2, '2024-01-01 00:00:00', NULL);
INSERT INTO prediction (id, user_id, game_id, home_score, away_score, created_at, updated_at) VALUES (5018, 13, 558, 5, 2, '2024-01-01 00:00:00', NULL);
INSERT INTO prediction (id, user_id, game_id, home_score, away_score, created_at, updated_at) VALUES (5019, 16, 558, 5, 3, '2024-01-01 00:00:00', NULL);
INSERT INTO prediction (id, user_id, game_id, home_score, away_score, created_at, updated_at) VALUES (5020, 9, 558, 4, 2, '2024-01-01 00:00:00', NULL);
INSERT INTO prediction (id, user_id, game_id, home_score, away_score, created_at, updated_at) VALUES (5021, 14, 558, 5, 1, '2024-01-01 00:00:00', NULL);
INSERT INTO prediction (id, user_id, game_id, home_score, away_score, created_at, updated_at) VALUES (5022, 18, 558, 6, 2, '2024-01-01 00:00:00', NULL);
INSERT INTO prediction (id, user_id, game_id, home_score, away_score, created_at, updated_at) VALUES (5023, 7, 558, 5, 3, '2024-01-01 00:00:00', NULL);
INSERT INTO prediction (id, user_id, game_id, home_score, away_score, created_at, updated_at) VALUES (5024, 12, 558, 4, 2, '2024-01-01 00:00:00', NULL);
INSERT INTO prediction (id, user_id, game_id, home_score, away_score, created_at, updated_at) VALUES (5025, 6, 558, 5, 2, '2024-01-01 00:00:00', NULL);
INSERT INTO prediction (id, user_id, game_id, home_score, away_score, created_at, updated_at) VALUES (5026, 10, 558, 5, 2, '2024-01-01 00:00:00', NULL);
INSERT INTO prediction (id, user_id, game_id, home_score, away_score, created_at, updated_at) VALUES (5027, 2, 558, 7, 1, '2024-01-01 00:00:00', NULL);
INSERT INTO prediction (id, user_id, game_id, home_score, away_score, created_at, updated_at) VALUES (5028, 13, 559, 5, 0, '2024-01-01 00:00:00', NULL);
INSERT INTO prediction (id, user_id, game_id, home_score, away_score, created_at, updated_at) VALUES (5029, 16, 559, 6, 1, '2024-01-01 00:00:00', NULL);
INSERT INTO prediction (id, user_id, game_id, home_score, away_score, created_at, updated_at) VALUES (5030, 9, 559, 6, 1, '2024-01-01 00:00:00', NULL);
INSERT INTO prediction (id, user_id, game_id, home_score, away_score, created_at, updated_at) VALUES (5031, 14, 559, 6, 1, '2024-01-01 00:00:00', NULL);
INSERT INTO prediction (id, user_id, game_id, home_score, away_score, created_at, updated_at) VALUES (5032, 18, 559, 4, 1, '2024-01-01 00:00:00', NULL);
INSERT INTO prediction (id, user_id, game_id, home_score, away_score, created_at, updated_at) VALUES (5033, 7, 559, 5, 0, '2024-01-01 00:00:00', NULL);
INSERT INTO prediction (id, user_id, game_id, home_score, away_score, created_at, updated_at) VALUES (5034, 12, 559, 8, 0, '2024-01-01 00:00:00', NULL);
INSERT INTO prediction (id, user_id, game_id, home_score, away_score, created_at, updated_at) VALUES (5035, 6, 559, 6, 0, '2024-01-01 00:00:00', NULL);
INSERT INTO prediction (id, user_id, game_id, home_score, away_score, created_at, updated_at) VALUES (5036, 10, 559, 5, 1, '2024-01-01 00:00:00', NULL);
INSERT INTO prediction (id, user_id, game_id, home_score, away_score, created_at, updated_at) VALUES (5037, 2, 559, 6, 1, '2024-01-01 00:00:00', NULL);
INSERT INTO prediction (id, user_id, game_id, home_score, away_score, created_at, updated_at) VALUES (5038, 13, 560, 4, 2, '2024-01-01 00:00:00', NULL);
INSERT INTO prediction (id, user_id, game_id, home_score, away_score, created_at, updated_at) VALUES (5039, 16, 560, 4, 2, '2024-01-01 00:00:00', NULL);
INSERT INTO prediction (id, user_id, game_id, home_score, away_score, created_at, updated_at) VALUES (5040, 9, 560, 4, 1, '2024-01-01 00:00:00', NULL);
INSERT INTO prediction (id, user_id, game_id, home_score, away_score, created_at, updated_at) VALUES (5041, 14, 560, 5, 2, '2024-01-01 00:00:00', NULL);
INSERT INTO prediction (id, user_id, game_id, home_score, away_score, created_at, updated_at) VALUES (5042, 18, 560, 3, 2, '2024-01-01 00:00:00', NULL);
INSERT INTO prediction (id, user_id, game_id, home_score, away_score, created_at, updated_at) VALUES (5043, 7, 560, 4, 2, '2024-01-01 00:00:00', NULL);
INSERT INTO prediction (id, user_id, game_id, home_score, away_score, created_at, updated_at) VALUES (5044, 12, 560, 5, 1, '2024-01-01 00:00:00', NULL);
INSERT INTO prediction (id, user_id, game_id, home_score, away_score, created_at, updated_at) VALUES (5045, 6, 560, 3, 1, '2024-01-01 00:00:00', NULL);
INSERT INTO prediction (id, user_id, game_id, home_score, away_score, created_at, updated_at) VALUES (5046, 10, 560, 3, 1, '2024-01-01 00:00:00', NULL);
INSERT INTO prediction (id, user_id, game_id, home_score, away_score, created_at, updated_at) VALUES (5047, 2, 560, 4, 2, '2024-01-01 00:00:00', NULL);
INSERT INTO prediction (id, user_id, game_id, home_score, away_score, created_at, updated_at) VALUES (5048, 13, 561, 5, 1, '2024-01-01 00:00:00', NULL);
INSERT INTO prediction (id, user_id, game_id, home_score, away_score, created_at, updated_at) VALUES (5049, 16, 561, 4, 0, '2024-01-01 00:00:00', NULL);
INSERT INTO prediction (id, user_id, game_id, home_score, away_score, created_at, updated_at) VALUES (5050, 9, 561, 4, 2, '2024-01-01 00:00:00', NULL);
INSERT INTO prediction (id, user_id, game_id, home_score, away_score, created_at, updated_at) VALUES (5051, 14, 561, 4, 2, '2024-01-01 00:00:00', NULL);
INSERT INTO prediction (id, user_id, game_id, home_score, away_score, created_at, updated_at) VALUES (5052, 18, 561, 5, 3, '2024-01-01 00:00:00', NULL);
INSERT INTO prediction (id, user_id, game_id, home_score, away_score, created_at, updated_at) VALUES (5053, 7, 561, 4, 2, '2024-01-01 00:00:00', NULL);
INSERT INTO prediction (id, user_id, game_id, home_score, away_score, created_at, updated_at) VALUES (5054, 12, 561, 5, 2, '2024-01-01 00:00:00', NULL);
INSERT INTO prediction (id, user_id, game_id, home_score, away_score, created_at, updated_at) VALUES (5055, 6, 561, 3, 1, '2024-01-01 00:00:00', NULL);
INSERT INTO prediction (id, user_id, game_id, home_score, away_score, created_at, updated_at) VALUES (5056, 10, 561, 3, 1, '2024-01-01 00:00:00', NULL);
INSERT INTO prediction (id, user_id, game_id, home_score, away_score, created_at, updated_at) VALUES (5057, 2, 561, 3, 1, '2024-01-01 00:00:00', NULL);
INSERT INTO prediction (id, user_id, game_id, home_score, away_score, created_at, updated_at) VALUES (5058, 13, 562, 4, 3, '2024-01-01 00:00:00', NULL);
INSERT INTO prediction (id, user_id, game_id, home_score, away_score, created_at, updated_at) VALUES (5059, 16, 562, 7, 2, '2024-01-01 00:00:00', NULL);
INSERT INTO prediction (id, user_id, game_id, home_score, away_score, created_at, updated_at) VALUES (5060, 9, 562, 6, 1, '2024-01-01 00:00:00', NULL);
INSERT INTO prediction (id, user_id, game_id, home_score, away_score, created_at, updated_at) VALUES (5061, 14, 562, 4, 2, '2024-01-01 00:00:00', NULL);
INSERT INTO prediction (id, user_id, game_id, home_score, away_score, created_at, updated_at) VALUES (5062, 18, 562, 6, 4, '2024-01-01 00:00:00', NULL);
INSERT INTO prediction (id, user_id, game_id, home_score, away_score, created_at, updated_at) VALUES (5063, 7, 562, 5, 2, '2024-01-01 00:00:00', NULL);
INSERT INTO prediction (id, user_id, game_id, home_score, away_score, created_at, updated_at) VALUES (5064, 12, 562, 6, 1, '2024-01-01 00:00:00', NULL);
INSERT INTO prediction (id, user_id, game_id, home_score, away_score, created_at, updated_at) VALUES (5065, 6, 562, 5, 2, '2024-01-01 00:00:00', NULL);
INSERT INTO prediction (id, user_id, game_id, home_score, away_score, created_at, updated_at) VALUES (5066, 10, 562, 4, 2, '2024-01-01 00:00:00', NULL);
INSERT INTO prediction (id, user_id, game_id, home_score, away_score, created_at, updated_at) VALUES (5067, 2, 562, 4, 3, '2024-01-01 00:00:00', NULL);
INSERT INTO prediction (id, user_id, game_id, home_score, away_score, created_at, updated_at) VALUES (5068, 13, 563, 4, 3, '2024-01-01 00:00:00', NULL);
INSERT INTO prediction (id, user_id, game_id, home_score, away_score, created_at, updated_at) VALUES (5069, 16, 563, 4, 2, '2024-01-01 00:00:00', NULL);
INSERT INTO prediction (id, user_id, game_id, home_score, away_score, created_at, updated_at) VALUES (5070, 9, 563, 4, 2, '2024-01-01 00:00:00', NULL);
INSERT INTO prediction (id, user_id, game_id, home_score, away_score, created_at, updated_at) VALUES (5071, 14, 563, 3, 2, '2024-01-01 00:00:00', NULL);
INSERT INTO prediction (id, user_id, game_id, home_score, away_score, created_at, updated_at) VALUES (5072, 18, 563, 4, 2, '2024-01-01 00:00:00', NULL);
INSERT INTO prediction (id, user_id, game_id, home_score, away_score, created_at, updated_at) VALUES (5073, 7, 563, 3, 4, '2024-01-01 00:00:00', NULL);
INSERT INTO prediction (id, user_id, game_id, home_score, away_score, created_at, updated_at) VALUES (5074, 12, 563, 2, 3, '2024-01-01 00:00:00', NULL);
INSERT INTO prediction (id, user_id, game_id, home_score, away_score, created_at, updated_at) VALUES (5075, 6, 563, 4, 2, '2024-01-01 00:00:00', NULL);
INSERT INTO prediction (id, user_id, game_id, home_score, away_score, created_at, updated_at) VALUES (5076, 10, 563, 4, 2, '2024-01-01 00:00:00', NULL);
INSERT INTO prediction (id, user_id, game_id, home_score, away_score, created_at, updated_at) VALUES (5077, 2, 563, 3, 4, '2024-01-01 00:00:00', NULL);
INSERT INTO prediction (id, user_id, game_id, home_score, away_score, created_at, updated_at) VALUES (5078, 13, 564, 4, 2, '2024-01-01 00:00:00', NULL);
INSERT INTO prediction (id, user_id, game_id, home_score, away_score, created_at, updated_at) VALUES (5079, 16, 564, 1, 2, '2024-01-01 00:00:00', NULL);
INSERT INTO prediction (id, user_id, game_id, home_score, away_score, created_at, updated_at) VALUES (5080, 9, 564, 5, 2, '2024-01-01 00:00:00', NULL);
INSERT INTO prediction (id, user_id, game_id, home_score, away_score, created_at, updated_at) VALUES (5081, 14, 564, 4, 1, '2024-01-01 00:00:00', NULL);
INSERT INTO prediction (id, user_id, game_id, home_score, away_score, created_at, updated_at) VALUES (5082, 18, 564, 5, 2, '2024-01-01 00:00:00', NULL);
INSERT INTO prediction (id, user_id, game_id, home_score, away_score, created_at, updated_at) VALUES (5083, 7, 564, 3, 5, '2024-01-01 00:00:00', NULL);
INSERT INTO prediction (id, user_id, game_id, home_score, away_score, created_at, updated_at) VALUES (5084, 12, 564, 4, 2, '2024-01-01 00:00:00', NULL);
INSERT INTO prediction (id, user_id, game_id, home_score, away_score, created_at, updated_at) VALUES (5085, 6, 564, 5, 1, '2024-01-01 00:00:00', NULL);
INSERT INTO prediction (id, user_id, game_id, home_score, away_score, created_at, updated_at) VALUES (5086, 10, 564, 2, 3, '2024-01-01 00:00:00', NULL);
INSERT INTO prediction (id, user_id, game_id, home_score, away_score, created_at, updated_at) VALUES (5087, 2, 564, 3, 4, '2024-01-01 00:00:00', NULL);
INSERT INTO prediction (id, user_id, game_id, home_score, away_score, created_at, updated_at) VALUES (5088, 13, 565, 3, 2, '2024-01-01 00:00:00', NULL);
INSERT INTO prediction (id, user_id, game_id, home_score, away_score, created_at, updated_at) VALUES (5089, 16, 565, 3, 4, '2024-01-01 00:00:00', NULL);
INSERT INTO prediction (id, user_id, game_id, home_score, away_score, created_at, updated_at) VALUES (5090, 9, 565, 3, 1, '2024-01-01 00:00:00', NULL);
INSERT INTO prediction (id, user_id, game_id, home_score, away_score, created_at, updated_at) VALUES (5091, 14, 565, 3, 1, '2024-01-01 00:00:00', NULL);
INSERT INTO prediction (id, user_id, game_id, home_score, away_score, created_at, updated_at) VALUES (5092, 18, 565, 4, 1, '2024-01-01 00:00:00', NULL);
INSERT INTO prediction (id, user_id, game_id, home_score, away_score, created_at, updated_at) VALUES (5093, 7, 565, 3, 2, '2024-01-01 00:00:00', NULL);
INSERT INTO prediction (id, user_id, game_id, home_score, away_score, created_at, updated_at) VALUES (5094, 12, 565, 2, 4, '2024-01-01 00:00:00', NULL);
INSERT INTO prediction (id, user_id, game_id, home_score, away_score, created_at, updated_at) VALUES (5095, 6, 565, 4, 2, '2024-01-01 00:00:00', NULL);
INSERT INTO prediction (id, user_id, game_id, home_score, away_score, created_at, updated_at) VALUES (5096, 10, 565, 2, 0, '2024-01-01 00:00:00', NULL);
INSERT INTO prediction (id, user_id, game_id, home_score, away_score, created_at, updated_at) VALUES (5097, 2, 565, 2, 5, '2024-01-01 00:00:00', NULL);
INSERT INTO prediction (id, user_id, game_id, home_score, away_score, created_at, updated_at) VALUES (5098, 13, 566, 3, 2, '2024-01-01 00:00:00', NULL);
INSERT INTO prediction (id, user_id, game_id, home_score, away_score, created_at, updated_at) VALUES (5099, 16, 566, 2, 3, '2024-01-01 00:00:00', NULL);
INSERT INTO prediction (id, user_id, game_id, home_score, away_score, created_at, updated_at) VALUES (5100, 9, 566, 3, 4, '2024-01-01 00:00:00', NULL);
INSERT INTO prediction (id, user_id, game_id, home_score, away_score, created_at, updated_at) VALUES (5101, 14, 566, 4, 2, '2024-01-01 00:00:00', NULL);
INSERT INTO prediction (id, user_id, game_id, home_score, away_score, created_at, updated_at) VALUES (5102, 18, 566, 4, 3, '2024-01-01 00:00:00', NULL);
INSERT INTO prediction (id, user_id, game_id, home_score, away_score, created_at, updated_at) VALUES (5103, 7, 566, 4, 3, '2024-01-01 00:00:00', NULL);
INSERT INTO prediction (id, user_id, game_id, home_score, away_score, created_at, updated_at) VALUES (5104, 12, 566, 5, 3, '2024-01-01 00:00:00', NULL);
INSERT INTO prediction (id, user_id, game_id, home_score, away_score, created_at, updated_at) VALUES (5105, 6, 566, 4, 3, '2024-01-01 00:00:00', NULL);
INSERT INTO prediction (id, user_id, game_id, home_score, away_score, created_at, updated_at) VALUES (5106, 10, 566, 4, 2, '2024-01-01 00:00:00', NULL);
INSERT INTO prediction (id, user_id, game_id, home_score, away_score, created_at, updated_at) VALUES (5107, 2, 566, 1, 3, '2024-01-01 00:00:00', NULL);
INSERT INTO prediction (id, user_id, game_id, home_score, away_score, created_at, updated_at) VALUES (5108, 13, 567, 3, 1, '2024-01-01 00:00:00', NULL);
INSERT INTO prediction (id, user_id, game_id, home_score, away_score, created_at, updated_at) VALUES (5109, 16, 567, 4, 1, '2024-01-01 00:00:00', NULL);
INSERT INTO prediction (id, user_id, game_id, home_score, away_score, created_at, updated_at) VALUES (5110, 9, 567, 4, 2, '2024-01-01 00:00:00', NULL);
INSERT INTO prediction (id, user_id, game_id, home_score, away_score, created_at, updated_at) VALUES (5111, 14, 567, 4, 2, '2024-01-01 00:00:00', NULL);
INSERT INTO prediction (id, user_id, game_id, home_score, away_score, created_at, updated_at) VALUES (5112, 18, 567, 4, 2, '2024-01-01 00:00:00', NULL);
INSERT INTO prediction (id, user_id, game_id, home_score, away_score, created_at, updated_at) VALUES (5113, 7, 567, 3, 1, '2024-01-01 00:00:00', NULL);
INSERT INTO prediction (id, user_id, game_id, home_score, away_score, created_at, updated_at) VALUES (5114, 12, 567, 3, 1, '2024-01-01 00:00:00', NULL);
INSERT INTO prediction (id, user_id, game_id, home_score, away_score, created_at, updated_at) VALUES (5115, 6, 567, 4, 3, '2024-01-01 00:00:00', NULL);
INSERT INTO prediction (id, user_id, game_id, home_score, away_score, created_at, updated_at) VALUES (5116, 10, 567, 4, 2, '2024-01-01 00:00:00', NULL);
INSERT INTO prediction (id, user_id, game_id, home_score, away_score, created_at, updated_at) VALUES (5117, 2, 567, 2, 3, '2024-01-01 00:00:00', NULL);
INSERT INTO prediction (id, user_id, game_id, home_score, away_score, created_at, updated_at) VALUES (5118, 13, 568, 3, 2, '2024-01-01 00:00:00', NULL);
INSERT INTO prediction (id, user_id, game_id, home_score, away_score, created_at, updated_at) VALUES (5119, 16, 568, 2, 3, '2024-01-01 00:00:00', NULL);
INSERT INTO prediction (id, user_id, game_id, home_score, away_score, created_at, updated_at) VALUES (5120, 9, 568, 4, 2, '2024-01-01 00:00:00', NULL);
INSERT INTO prediction (id, user_id, game_id, home_score, away_score, created_at, updated_at) VALUES (5121, 14, 568, 3, 1, '2024-01-01 00:00:00', NULL);
INSERT INTO prediction (id, user_id, game_id, home_score, away_score, created_at, updated_at) VALUES (5122, 18, 568, 2, 4, '2024-01-01 00:00:00', NULL);
INSERT INTO prediction (id, user_id, game_id, home_score, away_score, created_at, updated_at) VALUES (5123, 7, 568, 4, 3, '2024-01-01 00:00:00', NULL);
INSERT INTO prediction (id, user_id, game_id, home_score, away_score, created_at, updated_at) VALUES (5124, 12, 568, 3, 1, '2024-01-01 00:00:00', NULL);
INSERT INTO prediction (id, user_id, game_id, home_score, away_score, created_at, updated_at) VALUES (5125, 6, 568, 4, 3, '2024-01-01 00:00:00', NULL);
INSERT INTO prediction (id, user_id, game_id, home_score, away_score, created_at, updated_at) VALUES (5126, 10, 568, 1, 3, '2024-01-01 00:00:00', NULL);
INSERT INTO prediction (id, user_id, game_id, home_score, away_score, created_at, updated_at) VALUES (5127, 2, 568, 2, 3, '2024-01-01 00:00:00', NULL);
INSERT INTO prediction (id, user_id, game_id, home_score, away_score, created_at, updated_at) VALUES (5128, 13, 569, 1, 4, '2024-01-01 00:00:00', NULL);
INSERT INTO prediction (id, user_id, game_id, home_score, away_score, created_at, updated_at) VALUES (5129, 16, 569, 3, 2, '2024-01-01 00:00:00', NULL);
INSERT INTO prediction (id, user_id, game_id, home_score, away_score, created_at, updated_at) VALUES (5130, 9, 569, 2, 5, '2024-01-01 00:00:00', NULL);
INSERT INTO prediction (id, user_id, game_id, home_score, away_score, created_at, updated_at) VALUES (5131, 14, 569, 2, 4, '2024-01-01 00:00:00', NULL);
INSERT INTO prediction (id, user_id, game_id, home_score, away_score, created_at, updated_at) VALUES (5132, 18, 569, 3, 2, '2024-01-01 00:00:00', NULL);
INSERT INTO prediction (id, user_id, game_id, home_score, away_score, created_at, updated_at) VALUES (5133, 7, 569, 2, 4, '2024-01-01 00:00:00', NULL);
INSERT INTO prediction (id, user_id, game_id, home_score, away_score, created_at, updated_at) VALUES (5134, 12, 569, 4, 3, '2024-01-01 00:00:00', NULL);
INSERT INTO prediction (id, user_id, game_id, home_score, away_score, created_at, updated_at) VALUES (5135, 6, 569, 1, 4, '2024-01-01 00:00:00', NULL);
INSERT INTO prediction (id, user_id, game_id, home_score, away_score, created_at, updated_at) VALUES (5136, 10, 569, 2, 1, '2024-01-01 00:00:00', NULL);
INSERT INTO prediction (id, user_id, game_id, home_score, away_score, created_at, updated_at) VALUES (5137, 2, 569, 6, 1, '2024-01-01 00:00:00', NULL);
INSERT INTO prediction (id, user_id, game_id, home_score, away_score, created_at, updated_at) VALUES (5138, 13, 570, 2, 1, '2024-01-01 00:00:00', NULL);
INSERT INTO prediction (id, user_id, game_id, home_score, away_score, created_at, updated_at) VALUES (5139, 16, 570, 1, 3, '2024-01-01 00:00:00', NULL);
INSERT INTO prediction (id, user_id, game_id, home_score, away_score, created_at, updated_at) VALUES (5140, 9, 570, 2, 4, '2024-01-01 00:00:00', NULL);
INSERT INTO prediction (id, user_id, game_id, home_score, away_score, created_at, updated_at) VALUES (5141, 14, 570, 4, 3, '2024-01-01 00:00:00', NULL);
INSERT INTO prediction (id, user_id, game_id, home_score, away_score, created_at, updated_at) VALUES (5142, 18, 570, 4, 3, '2024-01-01 00:00:00', NULL);
INSERT INTO prediction (id, user_id, game_id, home_score, away_score, created_at, updated_at) VALUES (5143, 7, 570, 2, 3, '2024-01-01 00:00:00', NULL);
INSERT INTO prediction (id, user_id, game_id, home_score, away_score, created_at, updated_at) VALUES (5144, 12, 570, 6, 5, '2024-01-01 00:00:00', NULL);
INSERT INTO prediction (id, user_id, game_id, home_score, away_score, created_at, updated_at) VALUES (5145, 6, 570, 3, 2, '2024-01-01 00:00:00', NULL);
INSERT INTO prediction (id, user_id, game_id, home_score, away_score, created_at, updated_at) VALUES (5146, 10, 570, 3, 1, '2024-01-01 00:00:00', NULL);
INSERT INTO prediction (id, user_id, game_id, home_score, away_score, created_at, updated_at) VALUES (5147, 2, 570, 3, 4, '2024-01-01 00:00:00', NULL);
INSERT INTO special_bet_rule (id, tournament_id, name, value_type, scoring_type, points, sort_order, actual_team_value_id, actual_string_value, actual_int_value) VALUES (110, 10, 'Medaile - 1. místo', 'team', 'exact_match', 3.0, 0, NULL, NULL, NULL);
INSERT INTO special_bet (id, user_id, rule_id, team_value_id, string_value, int_value) VALUES (1078, 13, 110, 4, NULL, NULL);
INSERT INTO special_bet (id, user_id, rule_id, team_value_id, string_value, int_value) VALUES (1079, 16, 110, 6, NULL, NULL);
INSERT INTO special_bet (id, user_id, rule_id, team_value_id, string_value, int_value) VALUES (1080, 9, 110, 4, NULL, NULL);
INSERT INTO special_bet (id, user_id, rule_id, team_value_id, string_value, int_value) VALUES (1081, 14, 110, 4, NULL, NULL);
INSERT INTO special_bet (id, user_id, rule_id, team_value_id, string_value, int_value) VALUES (1082, 18, 110, 4, NULL, NULL);
INSERT INTO special_bet (id, user_id, rule_id, team_value_id, string_value, int_value) VALUES (1083, 7, 110, 4, NULL, NULL);
INSERT INTO special_bet (id, user_id, rule_id, team_value_id, string_value, int_value) VALUES (1084, 12, 110, 4, NULL, NULL);
INSERT INTO special_bet (id, user_id, rule_id, team_value_id, string_value, int_value) VALUES (1085, 6, 110, 4, NULL, NULL);
INSERT INTO special_bet (id, user_id, rule_id, team_value_id, string_value, int_value) VALUES (1086, 10, 110, 4, NULL, NULL);
INSERT INTO special_bet (id, user_id, rule_id, team_value_id, string_value, int_value) VALUES (1087, 2, 110, 6, NULL, NULL);
INSERT INTO special_bet_rule (id, tournament_id, name, value_type, scoring_type, points, sort_order, actual_team_value_id, actual_string_value, actual_int_value) VALUES (111, 10, 'Medaile - 2. místo', 'team', 'exact_match', 2.0, 1, NULL, NULL, NULL);
INSERT INTO special_bet (id, user_id, rule_id, team_value_id, string_value, int_value) VALUES (1088, 13, 111, 23, NULL, NULL);
INSERT INTO special_bet (id, user_id, rule_id, team_value_id, string_value, int_value) VALUES (1089, 16, 111, 4, NULL, NULL);
INSERT INTO special_bet (id, user_id, rule_id, team_value_id, string_value, int_value) VALUES (1090, 9, 111, 23, NULL, NULL);
INSERT INTO special_bet (id, user_id, rule_id, team_value_id, string_value, int_value) VALUES (1091, 14, 111, 6, NULL, NULL);
INSERT INTO special_bet (id, user_id, rule_id, team_value_id, string_value, int_value) VALUES (1092, 18, 111, 23, NULL, NULL);
INSERT INTO special_bet (id, user_id, rule_id, team_value_id, string_value, int_value) VALUES (1093, 7, 111, 24, NULL, NULL);
INSERT INTO special_bet (id, user_id, rule_id, team_value_id, string_value, int_value) VALUES (1094, 12, 111, 23, NULL, NULL);
INSERT INTO special_bet (id, user_id, rule_id, team_value_id, string_value, int_value) VALUES (1095, 6, 111, 24, NULL, NULL);
INSERT INTO special_bet (id, user_id, rule_id, team_value_id, string_value, int_value) VALUES (1096, 10, 111, 24, NULL, NULL);
INSERT INTO special_bet (id, user_id, rule_id, team_value_id, string_value, int_value) VALUES (1097, 2, 111, 4, NULL, NULL);
INSERT INTO special_bet_rule (id, tournament_id, name, value_type, scoring_type, points, sort_order, actual_team_value_id, actual_string_value, actual_int_value) VALUES (112, 10, 'Medaile - 3. místo', 'team', 'exact_match', 1.0, 2, NULL, NULL, NULL);
INSERT INTO special_bet (id, user_id, rule_id, team_value_id, string_value, int_value) VALUES (1098, 13, 112, 24, NULL, NULL);
INSERT INTO special_bet (id, user_id, rule_id, team_value_id, string_value, int_value) VALUES (1099, 16, 112, 23, NULL, NULL);
INSERT INTO special_bet (id, user_id, rule_id, team_value_id, string_value, int_value) VALUES (1100, 9, 112, 6, NULL, NULL);
INSERT INTO special_bet (id, user_id, rule_id, team_value_id, string_value, int_value) VALUES (1101, 14, 112, 24, NULL, NULL);
INSERT INTO special_bet (id, user_id, rule_id, team_value_id, string_value, int_value) VALUES (1102, 18, 112, 6, NULL, NULL);
INSERT INTO special_bet (id, user_id, rule_id, team_value_id, string_value, int_value) VALUES (1103, 7, 112, 6, NULL, NULL);
INSERT INTO special_bet (id, user_id, rule_id, team_value_id, string_value, int_value) VALUES (1104, 12, 112, 24, NULL, NULL);
INSERT INTO special_bet (id, user_id, rule_id, team_value_id, string_value, int_value) VALUES (1105, 6, 112, 6, NULL, NULL);
INSERT INTO special_bet (id, user_id, rule_id, team_value_id, string_value, int_value) VALUES (1106, 10, 112, 6, NULL, NULL);
INSERT INTO special_bet (id, user_id, rule_id, team_value_id, string_value, int_value) VALUES (1107, 2, 112, 24, NULL, NULL);
INSERT INTO special_bet_rule (id, tournament_id, name, value_type, scoring_type, points, sort_order, actual_team_value_id, actual_string_value, actual_int_value) VALUES (113, 10, 'Nejlepší Čech #1', 'string', 'exact_match', 2.0, 3, NULL, NULL, NULL);
INSERT INTO special_bet (id, user_id, rule_id, team_value_id, string_value, int_value) VALUES (1108, 13, 113, NULL, 'Pastrňák', NULL);
INSERT INTO special_bet (id, user_id, rule_id, team_value_id, string_value, int_value) VALUES (1109, 16, 113, NULL, 'Pastrňák', NULL);
INSERT INTO special_bet (id, user_id, rule_id, team_value_id, string_value, int_value) VALUES (1110, 9, 113, NULL, 'Pastrňák', NULL);
INSERT INTO special_bet (id, user_id, rule_id, team_value_id, string_value, int_value) VALUES (1111, 14, 113, NULL, 'Pastrňák', NULL);
INSERT INTO special_bet (id, user_id, rule_id, team_value_id, string_value, int_value) VALUES (1112, 18, 113, NULL, 'Pastrňák', NULL);
INSERT INTO special_bet (id, user_id, rule_id, team_value_id, string_value, int_value) VALUES (1113, 7, 113, NULL, 'Sedlák', NULL);
INSERT INTO special_bet (id, user_id, rule_id, team_value_id, string_value, int_value) VALUES (1114, 12, 113, NULL, 'Pastrňák', NULL);
INSERT INTO special_bet (id, user_id, rule_id, team_value_id, string_value, int_value) VALUES (1115, 6, 113, NULL, 'Pastrňák', NULL);
INSERT INTO special_bet (id, user_id, rule_id, team_value_id, string_value, int_value) VALUES (1116, 10, 113, NULL, 'Pastrňák', NULL);
INSERT INTO special_bet (id, user_id, rule_id, team_value_id, string_value, int_value) VALUES (1117, 2, 113, NULL, 'Pastrňák', NULL);
INSERT INTO special_bet_rule (id, tournament_id, name, value_type, scoring_type, points, sort_order, actual_team_value_id, actual_string_value, actual_int_value) VALUES (114, 10, 'Nejlepší Čech #2', 'string', 'exact_match', 2.0, 4, NULL, NULL, NULL);
INSERT INTO special_bet (id, user_id, rule_id, team_value_id, string_value, int_value) VALUES (1118, 13, 114, NULL, 'Nečas', NULL);
INSERT INTO special_bet (id, user_id, rule_id, team_value_id, string_value, int_value) VALUES (1119, 16, 114, NULL, 'Nečas', NULL);
INSERT INTO special_bet (id, user_id, rule_id, team_value_id, string_value, int_value) VALUES (1120, 9, 114, NULL, 'Nečas', NULL);
INSERT INTO special_bet (id, user_id, rule_id, team_value_id, string_value, int_value) VALUES (1121, 14, 114, NULL, 'Nečas', NULL);
INSERT INTO special_bet (id, user_id, rule_id, team_value_id, string_value, int_value) VALUES (1122, 18, 114, NULL, 'Nečas', NULL);
INSERT INTO special_bet (id, user_id, rule_id, team_value_id, string_value, int_value) VALUES (1123, 7, 114, NULL, 'Nečas', NULL);
INSERT INTO special_bet (id, user_id, rule_id, team_value_id, string_value, int_value) VALUES (1124, 12, 114, NULL, 'Nečas', NULL);
INSERT INTO special_bet (id, user_id, rule_id, team_value_id, string_value, int_value) VALUES (1125, 6, 114, NULL, 'Kubalík', NULL);
INSERT INTO special_bet (id, user_id, rule_id, team_value_id, string_value, int_value) VALUES (1126, 10, 114, NULL, 'Nečas', NULL);
INSERT INTO special_bet (id, user_id, rule_id, team_value_id, string_value, int_value) VALUES (1127, 2, 114, NULL, 'Nečas', NULL);
INSERT INTO special_bet_rule (id, tournament_id, name, value_type, scoring_type, points, sort_order, actual_team_value_id, actual_string_value, actual_int_value) VALUES (115, 10, 'Nejlepší Čech #3', 'string', 'exact_match', 2.0, 5, NULL, NULL, NULL);
INSERT INTO special_bet (id, user_id, rule_id, team_value_id, string_value, int_value) VALUES (1128, 13, 115, NULL, 'Hertl', NULL);
INSERT INTO special_bet (id, user_id, rule_id, team_value_id, string_value, int_value) VALUES (1129, 16, 115, NULL, 'Červenka', NULL);
INSERT INTO special_bet (id, user_id, rule_id, team_value_id, string_value, int_value) VALUES (1130, 9, 115, NULL, 'Červenka', NULL);
INSERT INTO special_bet (id, user_id, rule_id, team_value_id, string_value, int_value) VALUES (1131, 14, 115, NULL, 'Červenka', NULL);
INSERT INTO special_bet (id, user_id, rule_id, team_value_id, string_value, int_value) VALUES (1132, 18, 115, NULL, 'Červenka', NULL);
INSERT INTO special_bet (id, user_id, rule_id, team_value_id, string_value, int_value) VALUES (1133, 7, 115, NULL, 'Červenka', NULL);
INSERT INTO special_bet (id, user_id, rule_id, team_value_id, string_value, int_value) VALUES (1134, 12, 115, NULL, 'Palát', NULL);
INSERT INTO special_bet (id, user_id, rule_id, team_value_id, string_value, int_value) VALUES (1135, 6, 115, NULL, 'Červenka', NULL);
INSERT INTO special_bet (id, user_id, rule_id, team_value_id, string_value, int_value) VALUES (1136, 10, 115, NULL, 'Červenka', NULL);
INSERT INTO special_bet (id, user_id, rule_id, team_value_id, string_value, int_value) VALUES (1137, 2, 115, NULL, 'Červenka', NULL);
INSERT INTO special_bet_rule (id, tournament_id, name, value_type, scoring_type, points, sort_order, actual_team_value_id, actual_string_value, actual_int_value) VALUES (116, 10, 'Počet gólů české reprezentace', 'integer', 'closest', 2.0, 6, NULL, NULL, NULL);
INSERT INTO special_bet (id, user_id, rule_id, team_value_id, string_value, int_value) VALUES (1138, 13, 116, NULL, NULL, 16);
INSERT INTO special_bet (id, user_id, rule_id, team_value_id, string_value, int_value) VALUES (1139, 16, 116, NULL, NULL, 26);
INSERT INTO special_bet (id, user_id, rule_id, team_value_id, string_value, int_value) VALUES (1140, 9, 116, NULL, NULL, 15);
INSERT INTO special_bet (id, user_id, rule_id, team_value_id, string_value, int_value) VALUES (1141, 14, 116, NULL, NULL, 20);
INSERT INTO special_bet (id, user_id, rule_id, team_value_id, string_value, int_value) VALUES (1142, 18, 116, NULL, NULL, 30);
INSERT INTO special_bet (id, user_id, rule_id, team_value_id, string_value, int_value) VALUES (1143, 7, 116, NULL, NULL, 15);
INSERT INTO special_bet (id, user_id, rule_id, team_value_id, string_value, int_value) VALUES (1144, 12, 116, NULL, NULL, 24);
INSERT INTO special_bet (id, user_id, rule_id, team_value_id, string_value, int_value) VALUES (1145, 6, 116, NULL, NULL, 14);
INSERT INTO special_bet (id, user_id, rule_id, team_value_id, string_value, int_value) VALUES (1146, 10, 116, NULL, NULL, 28);
INSERT INTO special_bet (id, user_id, rule_id, team_value_id, string_value, int_value) VALUES (1147, 2, 116, NULL, NULL, 21);
INSERT INTO special_bet_rule (id, tournament_id, name, value_type, scoring_type, points, sort_order, actual_team_value_id, actual_string_value, actual_int_value) VALUES (117, 10, 'Počet remíz po základní hrací době', 'integer', 'closest', 2.0, 7, NULL, NULL, NULL);
INSERT INTO special_bet (id, user_id, rule_id, team_value_id, string_value, int_value) VALUES (1148, 13, 117, NULL, NULL, 5);
INSERT INTO special_bet (id, user_id, rule_id, team_value_id, string_value, int_value) VALUES (1149, 16, 117, NULL, NULL, 11);
INSERT INTO special_bet (id, user_id, rule_id, team_value_id, string_value, int_value) VALUES (1150, 9, 117, NULL, NULL, 5);
INSERT INTO special_bet (id, user_id, rule_id, team_value_id, string_value, int_value) VALUES (1151, 14, 117, NULL, NULL, 3);
INSERT INTO special_bet (id, user_id, rule_id, team_value_id, string_value, int_value) VALUES (1152, 18, 117, NULL, NULL, 6);
INSERT INTO special_bet (id, user_id, rule_id, team_value_id, string_value, int_value) VALUES (1153, 7, 117, NULL, NULL, 5);
INSERT INTO special_bet (id, user_id, rule_id, team_value_id, string_value, int_value) VALUES (1154, 12, 117, NULL, NULL, 6);
INSERT INTO special_bet (id, user_id, rule_id, team_value_id, string_value, int_value) VALUES (1155, 6, 117, NULL, NULL, 5);
INSERT INTO special_bet (id, user_id, rule_id, team_value_id, string_value, int_value) VALUES (1156, 10, 117, NULL, NULL, 7);
INSERT INTO special_bet (id, user_id, rule_id, team_value_id, string_value, int_value) VALUES (1157, 2, 117, NULL, NULL, 0);

-- Reset sequences
SELECT setval('tournament_id_seq', 10);
SELECT setval('rule_set_id_seq', 10);
SELECT setval('match_id_seq', 570);
SELECT setval('prediction_id_seq', 5147);
SELECT setval('special_bet_rule_id_seq', 117);
SELECT setval('special_bet_id_seq', 1157);
